{
  "losses": [
    0.0031313538680585863,
    0.0025447757191977135,
    0.0023782484309227093,
    0.00231619565488775,
    0.0022563493637412176,
    0.0022264952674255867,
    0.0022003992509643726,
    0.0021702962771617293,
    0.0021281714475583574,
    0.002077563301884017,
    0.0020044176368553676,
    0.0018692843314861865,
    0.0016765589330162056,
    0.0014274227792229627,
    0.001278175650666359,
    0.0011375004390974833,
    0.0010587573598992443,
    0.0009990211888814746,
    0.0009249484007290045,
    0.000913261503751332,
    0.0008857398767455803,
    0.0008526100445480191,
    0.0008166990251930627,
    0.0007794656945125115,
    0.0007839064667450506,
    0.0007603631616464531,
    0.0007595333174965222,
    0.0007483897801731215,
    0.0007367009856558572,
    0.0007164846921956623
  ],
  "metrics": {
    "both": {
      "optimistic": {
        "adjusted_arithmetic_mean_rank": 0.5123448594458446,
        "adjusted_arithmetic_mean_rank_index": 0.48786069248336594,
        "adjusted_hits_at_1": -0.00021078182213830787,
        "adjusted_hits_at_10": -0.002111824429194074,
        "adjusted_hits_at_3": -0.0006326121526994293,
        "adjusted_hits_at_5": -0.0010547984400402608,
        "adjusted_inverse_harmonic_mean_rank": 0.0021184972021260837,
        "arithmetic_mean_rank": 1216.0086206896551,
        "count": 232.0,
        "geometric_mean_rank": 568.8012987184417,
        "harmonic_mean_rank": 256.4913352322364,
        "hits_at_1": 0.0,
        "hits_at_10": 0.0,
        "hits_at_3": 0.0,
        "hits_at_5": 0.0,
        "inverse_arithmetic_mean_rank": 0.0008223625910093083,
        "inverse_geometric_mean_rank": 0.0017580831869636834,
        "inverse_harmonic_mean_rank": 0.0038987671809441998,
        "inverse_median_rank": 0.0017391304347826088,
        "median_absolute_deviation": 693.8578382606217,
        "median_rank": 575.0,
        "standard_deviation": 1355.1000376336242,
        "variance": 1836296.1119946495,
        "z_arithmetic_mean_rank": -1216.0086206896551,
        "z_hits_at_1": 0.0,
        "z_hits_at_10": 0.0,
        "z_hits_at_3": 0.0,
        "z_hits_at_5": 0.0,
        "z_inverse_harmonic_mean_rank": 0.0038987671809441998
      },
      "pessimistic": {
        "adjusted_arithmetic_mean_rank": 0.5123448594458446,
        "adjusted_arithmetic_mean_rank_index": 0.48786069248336594,
        "adjusted_hits_at_1": -0.00021078182213830787,
        "adjusted_hits_at_10": -0.002111824429194074,
        "adjusted_hits_at_3": -0.0006326121526994293,
        "adjusted_hits_at_5": -0.0010547984400402608,
        "adjusted_inverse_harmonic_mean_rank": 0.0021184972021260837,
        "arithmetic_mean_rank": 1216.0086206896551,
        "count": 232.0,
        "geometric_mean_rank": 568.8012987184417,
        "harmonic_mean_rank": 256.4913352322364,
        "hits_at_1": 0.0,
        "hits_at_10": 0.0,
        "hits_at_3": 0.0,
        "hits_at_5": 0.0,
        "inverse_arithmetic_mean_rank": 0.0008223625910093083,
        "inverse_geometric_mean_rank": 0.0017580831869636834,
        "inverse_harmonic_mean_rank": 0.0038987671809441998,
        "inverse_median_rank": 0.0017391304347826088,
        "median_absolute_deviation": 693.8578382606217,
        "median_rank": 575.0,
        "standard_deviation": 1355.1000376336242,
        "variance": 1836296.1119946495,
        "z_arithmetic_mean_rank": -1216.0086206896551,
        "z_hits_at_1": 0.0,
        "z_hits_at_10": 0.0,
        "z_hits_at_3": 0.0,
        "z_hits_at_5": 0.0,
        "z_inverse_harmonic_mean_rank": 0.0038987671809441998
      },
      "realistic": {
        "adjusted_arithmetic_mean_rank": 0.512344878954641,
        "adjusted_arithmetic_mean_rank_index": 0.4878606729663465,
        "adjusted_hits_at_1": -0.00021078182213830787,
        "adjusted_hits_at_10": -0.002111824429194074,
        "adjusted_hits_at_3": -0.0006326121526994293,
        "adjusted_hits_at_5": -0.0010547984400402608,
        "adjusted_inverse_harmonic_mean_rank": 0.002118497068859095,
        "arithmetic_mean_rank": 1216.0086669921875,
        "count": 232.0,
        "geometric_mean_rank": 568.80126953125,
        "harmonic_mean_rank": 256.491343983938,
        "hits_at_1": 0.0,
        "hits_at_10": 0.0,
        "hits_at_3": 0.0,
        "hits_at_5": 0.0,
        "inverse_arithmetic_mean_rank": 0.0008223625482060015,
        "inverse_geometric_mean_rank": 0.0017580832354724407,
        "inverse_harmonic_mean_rank": 0.003898767047914966,
        "inverse_median_rank": 0.0017391304718330503,
        "median_absolute_deviation": 693.8578382606217,
        "median_rank": 575.0,
        "standard_deviation": 1355.0999755859375,
        "variance": 1836296.0,
        "z_arithmetic_mean_rank": -1216.0086669921875,
        "z_hits_at_1": 0.0,
        "z_hits_at_10": 0.0,
        "z_hits_at_3": 0.0,
        "z_hits_at_5": 0.0,
        "z_inverse_harmonic_mean_rank": 0.003898767047914966
      }
    },
    "head": {
      "optimistic": {
        "adjusted_arithmetic_mean_rank": 0.8715512936072874,
        "adjusted_arithmetic_mean_rank_index": 0.12850342483296795,
        "adjusted_hits_at_1": -0.00021300333008983274,
        "adjusted_hits_at_10": -0.0021341244814907815,
        "adjusted_hits_at_3": -0.0006392823287993019,
        "adjusted_hits_at_5": -0.001065924832605045,
        "adjusted_inverse_harmonic_mean_rank": -0.00018106845116028068,
        "arithmetic_mean_rank": 2046.7931034482758,
        "count": 116.0,
        "geometric_mean_rank": 1318.2633246479309,
        "harmonic_mean_rank": 617.272165419357,
        "hits_at_1": 0.0,
        "hits_at_10": 0.0,
        "hits_at_3": 0.0,
        "hits_at_5": 0.0,
        "inverse_arithmetic_mean_rank": 0.000488569166231447,
        "inverse_geometric_mean_rank": 0.0007585737851480245,
        "inverse_harmonic_mean_rank": 0.0016200309296639493,
        "inverse_median_rank": 0.0005003752814610958,
        "median_absolute_deviation": 2135.6884957573197,
        "median_rank": 1998.5,
        "standard_deviation": 1465.4684523318895,
        "variance": 2147597.7847800236,
        "z_arithmetic_mean_rank": -2046.7931034482758,
        "z_hits_at_1": 0.0,
        "z_hits_at_10": 0.0,
        "z_hits_at_3": 0.0,
        "z_hits_at_5": 0.0,
        "z_inverse_harmonic_mean_rank": 0.0016200309296639493
      },
      "pessimistic": {
        "adjusted_arithmetic_mean_rank": 0.8715512936072874,
        "adjusted_arithmetic_mean_rank_index": 0.12850342483296795,
        "adjusted_hits_at_1": -0.00021300333008983274,
        "adjusted_hits_at_10": -0.0021341244814907815,
        "adjusted_hits_at_3": -0.0006392823287993019,
        "adjusted_hits_at_5": -0.001065924832605045,
        "adjusted_inverse_harmonic_mean_rank": -0.00018106845116028068,
        "arithmetic_mean_rank": 2046.7931034482758,
        "count": 116.0,
        "geometric_mean_rank": 1318.2633246479309,
        "harmonic_mean_rank": 617.272165419357,
        "hits_at_1": 0.0,
        "hits_at_10": 0.0,
        "hits_at_3": 0.0,
        "hits_at_5": 0.0,
        "inverse_arithmetic_mean_rank": 0.000488569166231447,
        "inverse_geometric_mean_rank": 0.0007585737851480245,
        "inverse_harmonic_mean_rank": 0.0016200309296639493,
        "inverse_median_rank": 0.0005003752814610958,
        "median_absolute_deviation": 2135.6884957573197,
        "median_rank": 1998.5,
        "standard_deviation": 1465.4684523318895,
        "variance": 2147597.7847800236,
        "z_arithmetic_mean_rank": -2046.7931034482758,
        "z_hits_at_1": 0.0,
        "z_hits_at_10": 0.0,
        "z_hits_at_3": 0.0,
        "z_hits_at_5": 0.0,
        "z_inverse_harmonic_mean_rank": 0.0016200309296639493
      },
      "realistic": {
        "adjusted_arithmetic_mean_rank": 0.8715512882301354,
        "adjusted_arithmetic_mean_rank_index": 0.12850343021241062,
        "adjusted_hits_at_1": -0.00021300333008983274,
        "adjusted_hits_at_10": -0.0021341244814907815,