{
  "losses": [
    0.003917619059096043,
    0.0038546164325472605,
    0.0037293825822525386,
    0.003523225658924118,
    0.003233385279224433,
    0.0030232816566567013,
    0.0029148242321511892,
    0.002811438738886875,
    0.002788184199101393,
    0.0027396593723776224,
    0.0026928165125405957,
    0.0026617013871702085,
    0.0026332102664356725,
    0.0025817078069408045,
    0.0025512457475569744,
    0.0025405579464642817,
    0.0025281469388637448,
    0.0025026465200471645,
    0.0024533465672498668,
    0.0024386945671866036,
    0.0024501023382445743,
    0.002408528383952524,
    0.002409844127493259,
    0.002394692695727514,
    0.002346006066502882,
    0.0023261767526353942,
    0.002315845617177465,
    0.0023261535082241976,
    0.002303539715677232,
    0.0022975679557227665
  ],
  "metrics": {
    "both": {
      "optimistic": {
        "adjusted_arithmetic_mean_rank": 0.9213476565661393,
        "adjusted_arithmetic_mean_rank_index": 0.07868546225273365,
        "adjusted_hits_at_1": -0.00021056216689364367,
        "adjusted_hits_at_10": 0.002209818491727263,
        "adjusted_hits_at_3": -0.0006319526313117773,
        "adjusted_hits_at_5": -0.0010536983104662341,
        "adjusted_inverse_harmonic_mean_rank": 0.002058162012529284,
        "arithmetic_mean_rank": 2188.987068965517,
        "count": 232.0,
        "geometric_mean_rank": 1039.0727873089058,
        "harmonic_mean_rank": 260.62506787887236,
        "hits_at_1": 0.0,
        "hits_at_10": 0.004310344827586207,
        "hits_at_3": 0.0,
        "hits_at_5": 0.0,
        "inverse_arithmetic_mean_rank": 0.00045683230119426203,
        "inverse_geometric_mean_rank": 0.0009623964867657631,
        "inverse_harmonic_mean_rank": 0.0038369294563205957,
        "inverse_median_rank": 0.0005564830272676684,
        "median_absolute_deviation": 2424.0546272566594,
        "median_rank": 1797.0,
        "standard_deviation": 1831.2186692167488,
        "variance": 3353361.8144879607,
        "z_arithmetic_mean_rank": -2188.987068965517,
        "z_hits_at_1": 0.0,
        "z_hits_at_10": 0.004310344827586207,
        "z_hits_at_3": 0.0,
        "z_hits_at_5": 0.0,
        "z_inverse_harmonic_mean_rank": 0.0038369294563205957
      },
      "pessimistic": {
        "adjusted_arithmetic_mean_rank": 0.9213476565661393,
        "adjusted_arithmetic_mean_rank_index": 0.07868546225273365,
        "adjusted_hits_at_1": -0.00021056216689364367,
        "adjusted_hits_at_10": 0.002209818491727263,
        "adjusted_hits_at_3": -0.0006319526313117773,
        "adjusted_hits_at_5": -0.0010536983104662341,
        "adjusted_inverse_harmonic_mean_rank": 0.002058162012529284,
        "arithmetic_mean_rank": 2188.987068965517,
        "count": 232.0,
        "geometric_mean_rank": 1039.0727873089058,
        "harmonic_mean_rank": 260.62506787887236,
        "hits_at_1": 0.0,
        "hits_at_10": 0.004310344827586207,
        "hits_at_3": 0.0,
        "hits_at_5": 0.0,
        "inverse_arithmetic_mean_rank": 0.00045683230119426203,
        "inverse_geometric_mean_rank": 0.0009623964867657631,
        "inverse_harmonic_mean_rank": 0.0038369294563205957,
        "inverse_median_rank": 0.0005564830272676684,
        "median_absolute_deviation": 2424.0546272566594,
        "median_rank": 1797.0,
        "standard_deviation": 1831.2186692167488,
        "variance": 3353361.8144879607,
        "z_arithmetic_mean_rank": -2188.987068965517,
        "z_hits_at_1": 0.0,
        "z_hits_at_10": 0.004310344827586207,
        "z_hits_at_3": 0.0,
        "z_hits_at_5": 0.0,
        "z_inverse_harmonic_mean_rank": 0.0038369294563205957
      },
      "realistic": {
        "adjusted_arithmetic_mean_rank": 0.9213476530227213,
        "adjusted_arithmetic_mean_rank_index": 0.0786854657976438,
        "adjusted_hits_at_1": -0.00021056216689364367,
        "adjusted_hits_at_10": 0.002209818491727263,
        "adjusted_hits_at_3": -0.0006319526313117773,
        "adjusted_hits_at_5": -0.0010536983104662341,
        "adjusted_inverse_harmonic_mean_rank": 0.0020581623549452434,
        "arithmetic_mean_rank": 2188.987060546875,
        "count": 232.0,
        "geometric_mean_rank": 1039.07275390625,
        "harmonic_mean_rank": 260.62504466158174,
        "hits_at_1": 0.0,
        "hits_at_10": 0.004310344827586207,
        "hits_at_3": 0.0,
        "hits_at_5": 0.0,
        "inverse_arithmetic_mean_rank": 0.0004568322910927236,
        "inverse_geometric_mean_rank": 0.0009623965015634894,
        "inverse_harmonic_mean_rank": 0.0038369297981262203,
        "inverse_median_rank": 0.0005564830498769879,
        "median_absolute_deviation": 2424.0546272566594,
        "median_rank": 1797.0,
        "standard_deviation": 1831.21875,
        "variance": 3353362.0,
        "z_arithmetic_mean_rank": -2188.987060546875,
        "z_hits_at_1": 0.0,
        "z_hits_at_10": 0.004310344827586207,
        "z_hits_at_3": 0.0,
        "z_hits_at_5": 0.0,
        "z_inverse_harmonic_mean_rank": 0.0038369297981262203
      }
    },
    "head": {
      "optimistic": {
        "adjusted_arithmetic_mean_rank": 1.2527291200833799,
        "adjusted_arithmetic_mean_rank_index": -0.2528365587660186,
        "adjusted_hits_at_1": -0.0002125647677931381,
        "adjusted_hits_at_10": -0.0021297220127172553,
        "adjusted_hits_at_3": -0.0006379655213652322,
        "adjusted_hits_at_5": -0.0010637282835880741,
        "adjusted_inverse_harmonic_mean_rank": -0.000845890213555897,
        "arithmetic_mean_rank": 2948.060344827586,
        "count": 116.0,
        "geometric_mean_rank": 2152.741821248216,
        "harmonic_mean_rank": 1049.1844962072178,
        "hits_at_1": 0.0,
        "hits_at_10": 0.0,
        "hits_at_3": 0.0,
        "hits_at_5": 0.0,
        "inverse_arithmetic_mean_rank": 0.0003392060823159588,
        "inverse_geometric_mean_rank": 0.00046452388769043087,
        "inverse_harmonic_mean_rank": 0.0009531212132994542,
        "inverse_median_rank": 0.0002971326697370376,
        "median_absolute_deviation": 1778.3813610974696,
        "median_rank": 3365.5,
        "standard_deviation": 1585.5552018402384,
        "variance": 2513985.2980826395,
        "z_arithmetic_mean_rank": -2948.060344827586,
        "z_hits_at_1": 0.0,
        "z_hits_at_10": 0.0,
        "z_hits_at_3": 0.0,
        "z_hits_at_5": 0.0,
        "z_inverse_harmonic_mean_rank": 0.0009531212132994542
      },
      "pessimistic": {
        "adjusted_arithmetic_mean_rank": 1.2527291200833799,
        "adjusted_arithmetic_mean_rank_index": -0.2528365587660186,
        "adjusted_hits_at_1": -0.0002125647677931381,
        "adjusted_hits_at_10": -0.0021297220127172553,
        "adjusted_hits_at_3": -0.0006379655213652322,
        "adjusted_hits_at_5": -0.0010637282835880741,
        "adjusted_inverse_harmonic_mean_rank": -0.000845890213555897,
        "arithmetic_mean_rank": 2948.060344827586,
        "count": 116.0,
        "geometric_mean_rank": 2152.741821248216,
        "harmonic_mean_rank": 1049.1844962072178,
        "hits_at_1": 0.0,
        "hits_at_10": 0.0,
        "hits_at_3": 0.0,
        "hits_at_5": 0.0,
        "inverse_arithmetic_mean_rank": 0.0003392060823159588,
        "inverse_geometric_mean_rank": 0.00046452388769043087,
        "inverse_harmonic_mean_rank": 0.0009531212132994542,
        "inverse_median_rank": 0.0002971326697370376,
        "median_absolute_deviation": 1778.3813610974696,
        "median_rank": 3365.5,
        "standard_deviation": 1585.5552018402384,
        "variance": 2513985.2980826395,
        "z_arithmetic_mean_rank": -2948.060344827586,
        "z_hits_at_1": 0.0,
        "z_hits_at_10": 0.0,
        "z_hits_at_3": 0.0,
        "z_hits_at_5": 0.0,
        "z_inverse_harmonic_mean_rank": 0.0009531212132994542
      },
      "realistic": {
        "adjusted_arithmetic_mean_rank": 1.2527291021965714,
        "adjusted_arithmetic_mean_rank_index": -0.25283654087160623,