{
  "losses": [
    0.003935778004337522,
    0.0039051980799368626,
    0.003839557949332156,
    0.003717252146632709,
    0.0034866901558483847,
    0.003269994626815427,
    0.0031190028819042272,
    0.00303938056888457,
    0.0029687896449361972,
    0.0028998854716422834,
    0.00282519791143893,
    0.002777599003400638,
    0.002766853328164709,
    0.002768493463147379,
    0.002749194642574213,
    0.0027512587727598252,
    0.0027243049373134646,
    0.002702335120598385,
    0.00270059255987523,
    0.0026866100834303003,
    0.0026551599177064345,
    0.002644975744369117,
    0.002654467453265872,
    0.0026254232593651066,
    0.0025930284587599964,
    0.002615529448578703,
    0.00258097129061686,
    0.00255376792702625,
    0.002573673546008289,
    0.0025750400185481715
  ],
  "metrics": {
    "both": {
      "optimistic": {
        "adjusted_arithmetic_mean_rank": 1.2218629648064991,
        "adjusted_arithmetic_mean_rank_index": -0.2219649776378061,
        "adjusted_hits_at_1": -0.0002299303187033594,
        "adjusted_hits_at_10": -0.0023040711693982485,
        "adjusted_hits_at_3": -0.0006901083097572828,
        "adjusted_hits_at_5": -0.0011507099259168018,
        "adjusted_inverse_harmonic_mean_rank": -0.00021541672735510826,
        "arithmetic_mean_rank": 2658.594827586207,
        "count": 232.0,
        "geometric_mean_rank": 1730.108493568425,
        "harmonic_mean_rank": 584.4103437285482,
        "hits_at_1": 0.0,
        "hits_at_10": 0.0,
        "hits_at_3": 0.0,
        "hits_at_5": 0.0,
        "inverse_arithmetic_mean_rank": 0.0003761385486888653,
        "inverse_geometric_mean_rank": 0.000577998434038929,
        "inverse_harmonic_mean_rank": 0.0017111264554627531,
        "inverse_median_rank": 0.00027839643652561246,
        "median_absolute_deviation": 1192.012183678504,
        "median_rank": 3592.0,
        "standard_deviation": 1727.9078688045536,
        "variance": 2985665.6030766945,
        "z_arithmetic_mean_rank": -2658.594827586207,
        "z_hits_at_1": 0.0,
        "z_hits_at_10": 0.0,
        "z_hits_at_3": 0.0,
        "z_hits_at_5": 0.0,
        "z_inverse_harmonic_mean_rank": 0.0017111264554627531
      },
      "pessimistic": {
        "adjusted_arithmetic_mean_rank": 1.2218629648064991,
        "adjusted_arithmetic_mean_rank_index": -0.2219649776378061,
        "adjusted_hits_at_1": -0.0002299303187033594,
        "adjusted_hits_at_10": -0.0023040711693982485,
        "adjusted_hits_at_3": -0.0006901083097572828,
        "adjusted_hits_at_5": -0.0011507099259168018,
        "adjusted_inverse_harmonic_mean_rank": -0.00021541672735510826,
        "arithmetic_mean_rank": 2658.594827586207,
        "count": 232.0,
        "geometric_mean_rank": 1730.108493568425,
        "harmonic_mean_rank": 584.4103437285482,
        "hits_at_1": 0.0,
        "hits_at_10": 0.0,
        "hits_at_3": 0.0,
        "hits_at_5": 0.0,
        "inverse_arithmetic_mean_rank": 0.0003761385486888653,
        "inverse_geometric_mean_rank": 0.000577998434038929,
        "inverse_harmonic_mean_rank": 0.0017111264554627531,
        "inverse_median_rank": 0.00027839643652561246,
        "median_absolute_deviation": 1192.012183678504,
        "median_rank": 3592.0,
        "standard_deviation": 1727.9078688045536,
        "variance": 2985665.6030766945,
        "z_arithmetic_mean_rank": -2658.594827586207,
        "z_hits_at_1": 0.0,
        "z_hits_at_10": 0.0,
        "z_hits_at_3": 0.0,
        "z_hits_at_5": 0.0,
        "z_inverse_harmonic_mean_rank": 0.0017111264554627531
      },
      "realistic": {
        "adjusted_arithmetic_mean_rank": 1.2218629183770378,
        "adjusted_arithmetic_mean_rank_index": -0.22196493118699623,
        "adjusted_hits_at_1": -0.0002299303187033594,
        "adjusted_hits_at_10": -0.0023040711693982485,
        "adjusted_hits_at_3": -0.0006901083097572828,
        "adjusted_hits_at_5": -0.0011507099259168018,
        "adjusted_inverse_harmonic_mean_rank": -0.00021541663726443348,
        "arithmetic_mean_rank": 2658.5947265625,
        "count": 232.0,
        "geometric_mean_rank": 1730.1082763671875,
        "harmonic_mean_rank": 584.4103130186561,
        "hits_at_1": 0.0,
        "hits_at_10": 0.0,
        "hits_at_3": 0.0,
        "hits_at_5": 0.0,
        "inverse_arithmetic_mean_rank": 0.0003761385742109269,
        "inverse_geometric_mean_rank": 0.0005779985222034156,
        "inverse_harmonic_mean_rank": 0.0017111265453799017,
        "inverse_median_rank": 0.00027839644462801516,
        "median_absolute_deviation": 1192.012183678504,
        "median_rank": 3592.0,
        "standard_deviation": 1727.907958984375,
        "variance": 2985665.75,
        "z_arithmetic_mean_rank": -2658.5947265625,
        "z_hits_at_1": 0.0,
        "z_hits_at_10": 0.0,
        "z_hits_at_3": 0.0,
        "z_hits_at_5": 0.0,
        "z_inverse_harmonic_mean_rank": 0.0017111265453799017
      }
    },
    "head": {
      "optimistic": {
        "adjusted_arithmetic_mean_rank": 0.49644093466366146,
        "adjusted_arithmetic_mean_rank_index": 0.5037930274489097,
        "adjusted_hits_at_1": -0.00023231864968828038,
        "adjusted_hits_at_10": -0.002328054150452513,
        "adjusted_hits_at_3": -0.0006972799313290434,
        "adjusted_hits_at_5": -0.0011626736915696162,
        "adjusted_inverse_harmonic_mean_rank": 0.0012446865133322982,
        "arithmetic_mean_rank": 1068.9913793103449,
        "count": 116.0,
        "geometric_mean_rank": 705.6202488635782,
        "harmonic_mean_rank": 313.8584710537284,
        "hits_at_1": 0.0,
        "hits_at_10": 0.0,
        "hits_at_3": 0.0,
        "hits_at_5": 0.0,
        "inverse_arithmetic_mean_rank": 0.0009354612388409958,
        "inverse_geometric_mean_rank": 0.0014171928903833596,
        "inverse_harmonic_mean_rank": 0.0031861494661675495,
        "inverse_median_rank": 0.0013596193065941536,
        "median_absolute_deviation": 582.6626718727016,
        "median_rank": 735.5,
        "standard_deviation": 932.2512471735922,
        "variance": 869092.387856718,
        "z_arithmetic_mean_rank": -1068.9913793103449,
        "z_hits_at_1": 0.0,
        "z_hits_at_10": 0.0,
        "z_hits_at_3": 0.0,
        "z_hits_at_5": 0.0,
        "z_inverse_harmonic_mean_rank": 0.0031861494661675495
      },
      "pessimistic": {
        "adjusted_arithmetic_mean_rank": 0.49644093466366146,
        "adjusted_arithmetic_mean_rank_index": 0.5037930274489097,
        "adjusted_hits_at_1": -0.00023231864968828038,
        "adjusted_hits_at_10": -0.002328054150452513,
        "adjusted_hits_at_3": -0.0006972799313290434,
        "adjusted_hits_at_5": -0.0011626736915696162,
        "adjusted_inverse_harmonic_mean_rank": 0.0012446865133322982,
        "arithmetic_mean_rank": 1068.9913793103449,
        "count": 116.0,
        "geometric_mean_rank": 705.6202488635782,
        "harmonic_mean_rank": 313.8584710537284,
        "hits_at_1": 0.0,
        "hits_at_10": 0.0,
        "hits_at_3": 0.0,
        "hits_at_5": 0.0,
        "inverse_arithmetic_mean_rank": 0.0009354612388409958,
        "inverse_geometric_mean_rank": 0.0014171928903833596,
        "inverse_harmonic_mean_rank": 0.0031861494661675495,
        "inverse_median_rank": 0.0013596193065941536,
        "median_absolute_deviation": 582.6626718727016,
        "median_rank": 735.5,
        "standard_deviation": 932.2512471735922,
        "variance": 869092.387856718,
        "z_arithmetic_mean_rank": -1068.9913793103449,
        "z_hits_at_1": 0.0,
        "z_hits_at_10": 0.0,
        "z_hits_at_3": 0.0,
        "z_hits_at_5": 0.0,
        "z_inverse_harmonic_mean_rank": 0.0031861494661675495
      },
      "realistic": {
        "adjusted_arithmetic_mean_rank": 0.49644091316070743,
        "adjusted_arithmetic_mean_rank_index": 0.5037930489618543,
        "adjusted_hits_at_1": -0.00023231864968828038,
        "adjusted_hits_at_10": -0.002328054150452513,