{
  "losses": [
    0.19232320547119774,
    0.16604825755960345,
    0.15079802785283064,
    0.14091690507986315,
    0.13325510075247912,
    0.12805809512804942,
    0.12421459741937614,
    0.12134226553678973,
    0.11912047698508739,
    0.11718728410252793,
    0.11530997166513769,
    0.11338685933816163,
    0.11153990478088407,
    0.10967697965948592,
    0.10774336693390363,
    0.10587937071691965,
    0.10401066124705456,
    0.10210315940078278,
    0.10026802974385855,
    0.09833488428754002,
    0.09647398438106242,
    0.0946036558073049,
    0.0927893079985667,
    0.0909307916103526,
    0.08906985711959209,
    0.08727225891137694,
    0.0854997618994183,
    0.0837547939766662,
    0.08208488488259312,
    0.08038028012386252
  ],
  "metrics": {
    "both": {
      "optimistic": {
        "adjusted_arithmetic_mean_rank": 0.6418954333118659,
        "adjusted_arithmetic_mean_rank_index": 0.35826934389853404,
        "adjusted_hits_at_1": -0.00023010141548593596,
        "adjusted_hits_at_10": 0.0063347779054707155,
        "adjusted_hits_at_3": 0.0036226995741742546,
        "adjusted_hits_at_5": 0.0031637414921849207,
        "adjusted_inverse_harmonic_mean_rank": 0.0035024797603768506,
        "arithmetic_mean_rank": 1395.6508620689656,
        "count": 232.0,
        "geometric_mean_rank": 923.2201424910115,
        "harmonic_mean_rank": 184.39647507273557,
        "hits_at_1": 0.0,
        "hits_at_10": 0.008620689655172414,
        "hits_at_3": 0.004310344827586207,
        "hits_at_5": 0.004310344827586207,
        "inverse_arithmetic_mean_rank": 0.0007165115769122675,
        "inverse_geometric_mean_rank": 0.001083165275512537,
        "inverse_harmonic_mean_rank": 0.00542309715847631,
        "inverse_median_rank": 0.0007399186089530152,
        "median_absolute_deviation": 628.6233406463753,
        "median_rank": 1351.5,
        "standard_deviation": 892.6786180768926,
        "variance": 796875.1151716706,
        "z_arithmetic_mean_rank": -1395.6508620689656,
        "z_hits_at_1": 0.0,
        "z_hits_at_10": 0.008620689655172414,
        "z_hits_at_3": 0.004310344827586207,
        "z_hits_at_5": 0.004310344827586207,
        "z_inverse_harmonic_mean_rank": 0.00542309715847631
      },
      "pessimistic": {
        "adjusted_arithmetic_mean_rank": 0.6418974157494053,
        "adjusted_arithmetic_mean_rank_index": 0.3582673605488016,
        "adjusted_hits_at_1": -0.00023010141548593596,
        "adjusted_hits_at_10": 0.0063347779054707155,
        "adjusted_hits_at_3": 0.0036226995741742546,
        "adjusted_hits_at_5": 0.0031637414921849207,
        "adjusted_inverse_harmonic_mean_rank": 0.0035024758618030748,
        "arithmetic_mean_rank": 1395.655172413793,
        "count": 232.0,
        "geometric_mean_rank": 923.2239233989576,
        "harmonic_mean_rank": 184.396607376879,
        "hits_at_1": 0.0,
        "hits_at_10": 0.008620689655172414,
        "hits_at_3": 0.004310344827586207,
        "hits_at_5": 0.004310344827586207,
        "inverse_arithmetic_mean_rank": 0.0007165093640361714,
        "inverse_geometric_mean_rank": 0.0010831608395917452,
        "inverse_harmonic_mean_rank": 0.005423093267416521,
        "inverse_median_rank": 0.0007399186089530152,
        "median_absolute_deviation": 628.6233406463753,
        "median_rank": 1351.5,
        "standard_deviation": 892.676961143282,
        "variance": 796872.1569560047,
        "z_arithmetic_mean_rank": -1395.655172413793,
        "z_hits_at_1": 0.0,
        "z_hits_at_10": 0.008620689655172414,
        "z_hits_at_3": 0.004310344827586207,
        "z_hits_at_5": 0.004310344827586207,
        "z_inverse_harmonic_mean_rank": 0.005423093267416521
      },
      "realistic": {
        "adjusted_arithmetic_mean_rank": 0.6418964516342739,
        "adjusted_arithmetic_mean_rank_index": 0.3582683251075581,
        "adjusted_hits_at_1": -0.00023010141548593596,
        "adjusted_hits_at_10": 0.0063347779054707155,
        "adjusted_hits_at_3": 0.0036226995741742546,
        "adjusted_hits_at_5": 0.0031637414921849207,
        "adjusted_inverse_harmonic_mean_rank": 0.0035024778038641358,
        "arithmetic_mean_rank": 1395.653076171875,
        "count": 232.0,
        "geometric_mean_rank": 923.22216796875,
        "harmonic_mean_rank": 184.39654147000317,
        "hits_at_1": 0.0,
        "hits_at_10": 0.008620689655172414,
        "hits_at_3": 0.004310344827586207,
        "hits_at_5": 0.004310344827586207,
        "inverse_arithmetic_mean_rank": 0.0007165104616433382,
        "inverse_geometric_mean_rank": 0.001083162846043706,
        "inverse_harmonic_mean_rank": 0.0054230952057345155,
        "inverse_median_rank": 0.0007399186142720282,
        "median_absolute_deviation": 628.6233406463753,
        "median_rank": 1351.5,
        "standard_deviation": 892.677734375,
        "variance": 796873.5625,
        "z_arithmetic_mean_rank": -1395.653076171875,
        "z_hits_at_1": 0.0,
        "z_hits_at_10": 0.008620689655172414,
        "z_hits_at_3": 0.004310344827586207,
        "z_hits_at_5": 0.004310344827586207,
        "z_inverse_harmonic_mean_rank": 0.0054230952057345155
      }
    },
    "head": {
      "optimistic": {
        "adjusted_arithmetic_mean_rank": 0.7008732371441827,
        "adjusted_arithmetic_mean_rank_index": 0.2992659473899343,
        "adjusted_hits_at_1": -0.00023266039854272065,
        "adjusted_hits_at_10": 0.014950091359023959,
        "adjusted_hits_at_3": 0.007928403403626529,
        "adjusted_hits_at_5": 0.007466341843825859,
        "adjusted_inverse_harmonic_mean_rank": 0.00417655332797472,
        "arithmetic_mean_rank": 1506.9741379310344,
        "count": 116.0,
        "geometric_mean_rank": 890.8798910570815,
        "harmonic_mean_rank": 163.53676854121045,
        "hits_at_1": 0.0,
        "hits_at_10": 0.017241379310344827,
        "hits_at_3": 0.008620689655172414,
        "hits_at_5": 0.008620689655172414,
        "inverse_arithmetic_mean_rank": 0.0006635813945506238,
        "inverse_geometric_mean_rank": 0.001122485769449169,
        "inverse_harmonic_mean_rank": 0.00611483282273616,
        "inverse_median_rank": 0.0007656967840735069,
        "median_absolute_deviation": 1292.0878334276322,
        "median_rank": 1306.0,
        "standard_deviation": 1151.9515634364004,
        "variance": 1326992.4045035671,
        "z_arithmetic_mean_rank": -1506.9741379310344,
        "z_hits_at_1": 0.0,
        "z_hits_at_10": 0.017241379310344827,
        "z_hits_at_3": 0.008620689655172414,
        "z_hits_at_5": 0.008620689655172414,
        "z_inverse_harmonic_mean_rank": 0.00611483282273616
      },
      "pessimistic": {
        "adjusted_arithmetic_mean_rank": 0.7008772465100458,
        "adjusted_arithmetic_mean_rank_index": 0.29926193615850183,
        "adjusted_hits_at_1": -0.00023266039854272065,
        "adjusted_hits_at_10": 0.014950091359023959,
        "adjusted_hits_at_3": 0.007928403403626529,
        "adjusted_hits_at_5": 0.007466341843825859,
        "adjusted_inverse_harmonic_mean_rank": 0.0041765455306784155,
        "arithmetic_mean_rank": 1506.9827586206898,
        "count": 116.0,
        "geometric_mean_rank": 890.8871879987347,
        "harmonic_mean_rank": 163.53697666861882,
        "hits_at_1": 0.0,
        "hits_at_10": 0.017241379310344827,
        "hits_at_3": 0.008620689655172414,
        "hits_at_5": 0.008620689655172414,
        "inverse_arithmetic_mean_rank": 0.0006635775985355529,
        "inverse_geometric_mean_rank": 0.0011224765755655027,
        "inverse_harmonic_mean_rank": 0.006114825040616581,
        "inverse_median_rank": 0.0007656967840735069,
        "median_absolute_deviation": 1292.0878334276322,
        "median_rank": 1306.0,
        "standard_deviation": 1151.948162318189,
        "variance": 1326984.5686682523,
        "z_arithmetic_mean_rank": -1506.9827586206898,
        "z_hits_at_1": 0.0,
        "z_hits_at_10": 0.017241379310344827,