{
  "losses": [
    0.0041189098761849514,
    0.0039443199566686704,
    0.003855680908396136,
    0.00378539140490991,
    0.003703077533516707,
    0.0035923453070594346,
    0.003468842853999807,
    0.0033543241889419082,
    0.0032077672465484416,
    0.0030931643180613214,
    0.00301823133023991,
    0.0029811475382003137,
    0.00293264839380759,
    0.0028957454937790627,
    0.0028728071264199962,
    0.0028424307581790486,
    0.0028311937509016326,
    0.00282422751317413,
    0.0028101643453668844,
    0.0028303488597306607,
    0.002782011237130802,
    0.00274271883493137,
    0.002793762097556737,
    0.002778434338597296,
    0.002753523256562406,
    0.002737972996376505,
    0.0027226721371867548,
    0.0026820554716429244,
    0.0027035053479942464,
    0.0027360153845108143
  ],
  "metrics": {
    "both": {
      "optimistic": {
        "adjusted_arithmetic_mean_rank": 0.8179973423721127,
        "adjusted_arithmetic_mean_rank_index": 0.18208640380986607,
        "adjusted_hits_at_1": -0.00023010141548593596,
        "adjusted_hits_at_10": -0.0023057892431773658,
        "adjusted_hits_at_3": -0.0006906220726907919,
        "adjusted_hits_at_5": -0.0011515669862038893,
        "adjusted_inverse_harmonic_mean_rank": 0.0003267012340641401,
        "arithmetic_mean_rank": 1778.5431034482758,
        "count": 232.0,
        "geometric_mean_rank": 1236.1061219663532,
        "harmonic_mean_rank": 443.76606892692786,
        "hits_at_1": 0.0,
        "hits_at_10": 0.0,
        "hits_at_3": 0.0,
        "hits_at_5": 0.0,
        "inverse_arithmetic_mean_rank": 0.0005622579503758888,
        "inverse_geometric_mean_rank": 0.0008089920292678722,
        "inverse_harmonic_mean_rank": 0.0022534395259603854,
        "inverse_median_rank": 0.0005670541536716756,
        "median_absolute_deviation": 1269.1074990407953,
        "median_rank": 1763.5,
        "standard_deviation": 1102.5742127828933,
        "variance": 1215669.8946938168,
        "z_arithmetic_mean_rank": -1778.5431034482758,
        "z_hits_at_1": 0.0,
        "z_hits_at_10": 0.0,
        "z_hits_at_3": 0.0,
        "z_hits_at_5": 0.0,
        "z_inverse_harmonic_mean_rank": 0.0022534395259603854
      },
      "pessimistic": {
        "adjusted_arithmetic_mean_rank": 0.8179973423721127,
        "adjusted_arithmetic_mean_rank_index": 0.18208640380986607,
        "adjusted_hits_at_1": -0.00023010141548593596,
        "adjusted_hits_at_10": -0.0023057892431773658,
        "adjusted_hits_at_3": -0.0006906220726907919,
        "adjusted_hits_at_5": -0.0011515669862038893,
        "adjusted_inverse_harmonic_mean_rank": 0.0003267012340641401,
        "arithmetic_mean_rank": 1778.5431034482758,
        "count": 232.0,
        "geometric_mean_rank": 1236.1061219663532,
        "harmonic_mean_rank": 443.76606892692786,
        "hits_at_1": 0.0,
        "hits_at_10": 0.0,
        "hits_at_3": 0.0,
        "hits_at_5": 0.0,
        "inverse_arithmetic_mean_rank": 0.0005622579503758888,
        "inverse_geometric_mean_rank": 0.0008089920292678722,
        "inverse_harmonic_mean_rank": 0.0022534395259603854,
        "inverse_median_rank": 0.0005670541536716756,
        "median_absolute_deviation": 1269.1074990407953,
        "median_rank": 1763.5,
        "standard_deviation": 1102.5742127828933,
        "variance": 1215669.8946938168,
        "z_arithmetic_mean_rank": -1778.5431034482758,
        "z_hits_at_1": 0.0,
        "z_hits_at_10": 0.0,
        "z_hits_at_3": 0.0,
        "z_hits_at_5": 0.0,
        "z_inverse_harmonic_mean_rank": 0.0022534395259603854
      },
      "realistic": {
        "adjusted_arithmetic_mean_rank": 0.8179973365641903,
        "adjusted_arithmetic_mean_rank_index": 0.18208640962046097,
        "adjusted_hits_at_1": -0.00023010141548593596,
        "adjusted_hits_at_10": -0.0023057892431773658,
        "adjusted_hits_at_3": -0.0006906220726907919,
        "adjusted_hits_at_5": -0.0011515669862038893,
        "adjusted_inverse_harmonic_mean_rank": 0.0003267011137406403,
        "arithmetic_mean_rank": 1778.5430908203125,
        "count": 232.0,
        "geometric_mean_rank": 1236.1060791015625,
        "harmonic_mean_rank": 443.76609257636505,
        "hits_at_1": 0.0,
        "hits_at_10": 0.0,
        "hits_at_3": 0.0,
        "hits_at_5": 0.0,
        "inverse_arithmetic_mean_rank": 0.0005622579483315349,
        "inverse_geometric_mean_rank": 0.0008089920738711953,
        "inverse_harmonic_mean_rank": 0.0022534394058687933,
        "inverse_median_rank": 0.0005670541431754827,
        "median_absolute_deviation": 1269.1074990407953,
        "median_rank": 1763.5,
        "standard_deviation": 1102.5740966796875,
        "variance": 1215669.75,
        "z_arithmetic_mean_rank": -1778.5430908203125,
        "z_hits_at_1": 0.0,
        "z_hits_at_10": 0.0,
        "z_hits_at_3": 0.0,
        "z_hits_at_5": 0.0,
        "z_inverse_harmonic_mean_rank": 0.0022534394058687933
      }
    },
    "head": {
      "optimistic": {
        "adjusted_arithmetic_mean_rank": 0.7958029926823004,
        "adjusted_arithmetic_mean_rank_index": 0.2042920207663802,
        "adjusted_hits_at_1": -0.00023266039854272065,
        "adjusted_hits_at_10": -0.0023314859855545693,
        "adjusted_hits_at_3": -0.0006983061319941112,
        "adjusted_hits_at_5": -0.0011643856184017421,
        "adjusted_inverse_harmonic_mean_rank": 0.0013968554361710676,
        "arithmetic_mean_rank": 1711.0862068965516,
        "count": 116.0,
        "geometric_mean_rank": 1054.663440477879,
        "harmonic_mean_rank": 299.3523189906389,
        "hits_at_1": 0.0,
        "hits_at_10": 0.0,
        "hits_at_3": 0.0,
        "hits_at_5": 0.0,
        "inverse_arithmetic_mean_rank": 0.0005844240903640559,
        "inverse_geometric_mean_rank": 0.0009481697777889121,
        "inverse_harmonic_mean_rank": 0.003340545359300428,
        "inverse_median_rank": 0.0006071645415907711,
        "median_absolute_deviation": 1517.4433706404836,
        "median_rank": 1647.0,
        "standard_deviation": 1200.7670577806211,
        "variance": 1441841.5270511294,
        "z_arithmetic_mean_rank": -1711.0862068965516,
        "z_hits_at_1": 0.0,
        "z_hits_at_10": 0.0,
        "z_hits_at_3": 0.0,
        "z_hits_at_5": 0.0,
        "z_inverse_harmonic_mean_rank": 0.003340545359300428
      },
      "pessimistic": {
        "adjusted_arithmetic_mean_rank": 0.7958029926823004,
        "adjusted_arithmetic_mean_rank_index": 0.2042920207663802,
        "adjusted_hits_at_1": -0.00023266039854272065,
        "adjusted_hits_at_10": -0.0023314859855545693,
        "adjusted_hits_at_3": -0.0006983061319941112,
        "adjusted_hits_at_5": -0.0011643856184017421,
        "adjusted_inverse_harmonic_mean_rank": 0.0013968554361710676,
        "arithmetic_mean_rank": 1711.0862068965516,
        "count": 116.0,
        "geometric_mean_rank": 1054.663440477879,
        "harmonic_mean_rank": 299.3523189906389,
        "hits_at_1": 0.0,
        "hits_at_10": 0.0,
        "hits_at_3": 0.0,
        "hits_at_5": 0.0,
        "inverse_arithmetic_mean_rank": 0.0005844240903640559,
        "inverse_geometric_mean_rank": 0.0009481697777889121,
        "inverse_harmonic_mean_rank": 0.003340545359300428,
        "inverse_median_rank": 0.0006071645415907711,
        "median_absolute_deviation": 1517.4433706404836,
        "median_rank": 1647.0,
        "standard_deviation": 1200.7670577806211,
        "variance": 1441841.5270511294,
        "z_arithmetic_mean_rank": -1711.0862068965516,
        "z_hits_at_1": 0.0,
        "z_hits_at_10": 0.0,
        "z_hits_at_3": 0.0,
        "z_hits_at_5": 0.0,
        "z_inverse_harmonic_mean_rank": 0.003340545359300428
      },
      "realistic": {
        "adjusted_arithmetic_mean_rank": 0.7958029809361113,
        "adjusted_arithmetic_mean_rank_index": 0.20429203251803474,
        "adjusted_hits_at_1": -0.00023266039854272065,
        "adjusted_hits_at_10": -0.0023314859855545693,