{
  "losses": [
    0.0040318407572775584,
    0.004000425227490531,
    0.003977493336737756,
    0.003960060784041298,
    0.003945967601335937,
    0.003937853971216473,
    0.003934894027046248,
    0.003933613363579665,
    0.003932711208083615,
    0.003931923640838393,
    0.003930623845556292,
    0.003928935982355967,
    0.0039260627611360024,
    0.003922220138969139,
    0.003916098180512382,
    0.003908582821932406,
    0.0038992728474028754,
    0.0038895534281809803,
    0.003876465386958466,
    0.0038631738452035327,
    0.003846223048707357,
    0.0038311645417410203,
    0.0038182284663370565,
    0.003801331294551626,
    0.003779697029616513,
    0.003762897833388103,
    0.0037470136068000945,
    0.0037211847141594675,
    0.0036957289932425933,
    0.003660986744700317
  ],
  "metrics": {
    "both": {
      "optimistic": {
        "adjusted_arithmetic_mean_rank": 0.8705363063995305,
        "adjusted_arithmetic_mean_rank_index": 0.12952322114688597,
        "adjusted_hits_at_1": -0.0002299303187033594,
        "adjusted_hits_at_10": -0.0023040711693982485,
        "adjusted_hits_at_3": -0.0006901083097572828,
        "adjusted_hits_at_5": -0.0011507099259168018,
        "adjusted_inverse_harmonic_mean_rank": 0.0002431715346157695,
        "arithmetic_mean_rank": 1894.1594827586207,
        "count": 232.0,
        "geometric_mean_rank": 1154.4208695999162,
        "harmonic_mean_rank": 461.07779142038413,
        "hits_at_1": 0.0,
        "hits_at_10": 0.0,
        "hits_at_3": 0.0,
        "hits_at_5": 0.0,
        "inverse_arithmetic_mean_rank": 0.0005279386498879268,
        "inverse_geometric_mean_rank": 0.0008662352061831373,
        "inverse_harmonic_mean_rank": 0.0021688314176213654,
        "inverse_median_rank": 0.0006404098623118795,
        "median_absolute_deviation": 1780.605264425228,
        "median_rank": 1561.5,
        "standard_deviation": 1421.7696463040195,
        "variance": 2021428.9271514567,
        "z_arithmetic_mean_rank": -1894.1594827586207,
        "z_hits_at_1": 0.0,
        "z_hits_at_10": 0.0,
        "z_hits_at_3": 0.0,
        "z_hits_at_5": 0.0,
        "z_inverse_harmonic_mean_rank": 0.0021688314176213654
      },
      "pessimistic": {
        "adjusted_arithmetic_mean_rank": 0.8705363063995305,
        "adjusted_arithmetic_mean_rank_index": 0.12952322114688597,
        "adjusted_hits_at_1": -0.0002299303187033594,
        "adjusted_hits_at_10": -0.0023040711693982485,
        "adjusted_hits_at_3": -0.0006901083097572828,
        "adjusted_hits_at_5": -0.0011507099259168018,
        "adjusted_inverse_harmonic_mean_rank": 0.0002431715346157695,
        "arithmetic_mean_rank": 1894.1594827586207,
        "count": 232.0,
        "geometric_mean_rank": 1154.4208695999162,
        "harmonic_mean_rank": 461.07779142038413,
        "hits_at_1": 0.0,
        "hits_at_10": 0.0,
        "hits_at_3": 0.0,
        "hits_at_5": 0.0,
        "inverse_arithmetic_mean_rank": 0.0005279386498879268,
        "inverse_geometric_mean_rank": 0.0008662352061831373,
        "inverse_harmonic_mean_rank": 0.0021688314176213654,
        "inverse_median_rank": 0.0006404098623118795,
        "median_absolute_deviation": 1780.605264425228,
        "median_rank": 1561.5,
        "standard_deviation": 1421.7696463040195,
        "variance": 2021428.9271514567,
        "z_arithmetic_mean_rank": -1894.1594827586207,
        "z_hits_at_1": 0.0,
        "z_hits_at_10": 0.0,
        "z_hits_at_3": 0.0,
        "z_hits_at_5": 0.0,
        "z_inverse_harmonic_mean_rank": 0.0021688314176213654
      },
      "realistic": {
        "adjusted_arithmetic_mean_rank": 0.870536279315678,
        "adjusted_arithmetic_mean_rank_index": 0.1295232482431916,
        "adjusted_hits_at_1": -0.0002299303187033594,
        "adjusted_hits_at_10": -0.0023040711693982485,
        "adjusted_hits_at_3": -0.0006901083097572828,
        "adjusted_hits_at_5": -0.0011507099259168018,
        "adjusted_inverse_harmonic_mean_rank": 0.00024317175770050955,
        "arithmetic_mean_rank": 1894.159423828125,
        "count": 232.0,
        "geometric_mean_rank": 1154.420654296875,
        "harmonic_mean_rank": 461.0777440855441,
        "hits_at_1": 0.0,
        "hits_at_10": 0.0,
        "hits_at_3": 0.0,
        "hits_at_5": 0.0,
        "inverse_arithmetic_mean_rank": 0.0005279386532492936,
        "inverse_geometric_mean_rank": 0.0008662353502586484,
        "inverse_harmonic_mean_rank": 0.0021688316402764156,
        "inverse_median_rank": 0.0006404098821803927,
        "median_absolute_deviation": 1780.605264425228,
        "median_rank": 1561.5,
        "standard_deviation": 1421.7696533203125,
        "variance": 2021429.0,
        "z_arithmetic_mean_rank": -1894.159423828125,
        "z_hits_at_1": 0.0,
        "z_hits_at_10": 0.0,
        "z_hits_at_3": 0.0,
        "z_hits_at_5": 0.0,
        "z_inverse_harmonic_mean_rank": 0.0021688316402764156
      }
    },
    "head": {
      "optimistic": {
        "adjusted_arithmetic_mean_rank": 0.8530250302868129,
        "adjusted_arithmetic_mean_rank_index": 0.14704325678570007,
        "adjusted_hits_at_1": -0.00023231864968828038,
        "adjusted_hits_at_10": -0.002328054150452513,
        "adjusted_hits_at_3": -0.0006972799313290434,
        "adjusted_hits_at_5": -0.0011626736915696162,
        "adjusted_inverse_harmonic_mean_rank": -0.00021148544714604008,
        "arithmetic_mean_rank": 1836.8275862068965,
        "count": 116.0,
        "geometric_mean_rank": 1218.0869451684166,
        "harmonic_mean_rank": 577.0979377601769,
        "hits_at_1": 0.0,
        "hits_at_10": 0.0,
        "hits_at_3": 0.0,
        "hits_at_5": 0.0,
        "inverse_arithmetic_mean_rank": 0.0005444169107156267,
        "inverse_geometric_mean_rank": 0.0008209594593937108,
        "inverse_harmonic_mean_rank": 0.001732808132846885,
        "inverse_median_rank": 0.0006480881399870382,
        "median_absolute_deviation": 1629.3798381376566,
        "median_rank": 1543.0,
        "standard_deviation": 1290.9851242222503,
        "variance": 1666642.5909631392,
        "z_arithmetic_mean_rank": -1836.8275862068965,
        "z_hits_at_1": 0.0,
        "z_hits_at_10": 0.0,
        "z_hits_at_3": 0.0,
        "z_hits_at_5": 0.0,
        "z_inverse_harmonic_mean_rank": 0.001732808132846885
      },
      "pessimistic": {
        "adjusted_arithmetic_mean_rank": 0.8530250302868129,
        "adjusted_arithmetic_mean_rank_index": 0.14704325678570007,
        "adjusted_hits_at_1": -0.00023231864968828038,
        "adjusted_hits_at_10": -0.002328054150452513,
        "adjusted_hits_at_3": -0.0006972799313290434,
        "adjusted_hits_at_5": -0.0011626736915696162,
        "adjusted_inverse_harmonic_mean_rank": -0.00021148544714604008,
        "arithmetic_mean_rank": 1836.8275862068965,
        "count": 116.0,
        "geometric_mean_rank": 1218.0869451684166,
        "harmonic_mean_rank": 577.0979377601769,
        "hits_at_1": 0.0,
        "hits_at_10": 0.0,
        "hits_at_3": 0.0,
        "hits_at_5": 0.0,
        "inverse_arithmetic_mean_rank": 0.0005444169107156267,
        "inverse_geometric_mean_rank": 0.0008209594593937108,
        "inverse_harmonic_mean_rank": 0.001732808132846885,
        "inverse_median_rank": 0.0006480881399870382,
        "median_absolute_deviation": 1629.3798381376566,
        "median_rank": 1543.0,
        "standard_deviation": 1290.9851242222503,
        "variance": 1666642.5909631392,
        "z_arithmetic_mean_rank": -1836.8275862068965,
        "z_hits_at_1": 0.0,
        "z_hits_at_10": 0.0,
        "z_hits_at_3": 0.0,
        "z_hits_at_5": 0.0,
        "z_inverse_harmonic_mean_rank": 0.001732808132846885
      },
      "realistic": {
        "adjusted_arithmetic_mean_rank": 0.8530250537445809,
        "adjusted_arithmetic_mean_rank_index": 0.14704323331703317,
        "adjusted_hits_at_1": -0.00023231864968828038,
        "adjusted_hits_at_10": -0.002328054150452513,