{
  "losses": [
    0.05947461331309299,
    0.05426807712628234,
    0.049793775537905725,
    0.046703686750651084,
    0.0433134442962413,
    0.040941986532988556,
    0.0393630885394264,
    0.036940152498190895,
    0.035974192350759944,
    0.03314391826048047,
    0.0318418260037443,
    0.03041844267161824,
    0.02841680979529071,
    0.026885869165377677,
    0.026299530853313765,
    0.02490115462997636,
    0.023683079092856323,
    0.02273692499333911,
    0.021069620080859063,
    0.01979615204191073,
    0.01903375103763626,
    0.018363845771310214,
    0.017445537442364222,
    0.016569179222171732,
    0.016123817840345465,
    0.015489525439099988,
    0.014540230794869505,
    0.013776547420054313,
    0.013444548134027953,
    0.01213261470917614
  ],
  "metrics": {
    "both": {
      "optimistic": {
        "adjusted_arithmetic_mean_rank": 0.9243270500147258,
        "adjusted_arithmetic_mean_rank_index": 0.07570484695418722,
        "adjusted_hits_at_1": -0.00021078182213830787,
        "adjusted_hits_at_10": -0.002111824429194074,
        "adjusted_hits_at_3": -0.0006326121526994293,
        "adjusted_hits_at_5": -0.0010547984400402608,
        "adjusted_inverse_harmonic_mean_rank": -0.0003925076626161186,
        "arithmetic_mean_rank": 2193.814655172414,
        "count": 232.0,
        "geometric_mean_rank": 1605.3587785792633,
        "harmonic_mean_rank": 718.2658959231658,
        "hits_at_1": 0.0,
        "hits_at_10": 0.0,
        "hits_at_3": 0.0,
        "hits_at_5": 0.0,
        "inverse_arithmetic_mean_rank": 0.00045582702150442564,
        "inverse_geometric_mean_rank": 0.0006229137145809838,
        "inverse_harmonic_mean_rank": 0.0013922420731318863,
        "inverse_median_rank": 0.0005177323323841574,
        "median_absolute_deviation": 1739.833703416324,
        "median_rank": 1931.5,
        "standard_deviation": 1372.2255598840225,
        "variance": 1883002.9871990192,
        "z_arithmetic_mean_rank": -2193.814655172414,
        "z_hits_at_1": 0.0,
        "z_hits_at_10": 0.0,
        "z_hits_at_3": 0.0,
        "z_hits_at_5": 0.0,
        "z_inverse_harmonic_mean_rank": 0.0013922420731318863
      },
      "pessimistic": {
        "adjusted_arithmetic_mean_rank": 0.9243270500147258,
        "adjusted_arithmetic_mean_rank_index": 0.07570484695418722,
        "adjusted_hits_at_1": -0.00021078182213830787,
        "adjusted_hits_at_10": -0.002111824429194074,
        "adjusted_hits_at_3": -0.0006326121526994293,
        "adjusted_hits_at_5": -0.0010547984400402608,
        "adjusted_inverse_harmonic_mean_rank": -0.0003925076626161186,
        "arithmetic_mean_rank": 2193.814655172414,
        "count": 232.0,
        "geometric_mean_rank": 1605.3587785792633,
        "harmonic_mean_rank": 718.2658959231658,
        "hits_at_1": 0.0,
        "hits_at_10": 0.0,
        "hits_at_3": 0.0,
        "hits_at_5": 0.0,
        "inverse_arithmetic_mean_rank": 0.00045582702150442564,
        "inverse_geometric_mean_rank": 0.0006229137145809838,
        "inverse_harmonic_mean_rank": 0.0013922420731318863,
        "inverse_median_rank": 0.0005177323323841574,
        "median_absolute_deviation": 1739.833703416324,
        "median_rank": 1931.5,
        "standard_deviation": 1372.2255598840225,
        "variance": 1883002.9871990192,
        "z_arithmetic_mean_rank": -2193.814655172414,
        "z_hits_at_1": 0.0,
        "z_hits_at_10": 0.0,
        "z_hits_at_3": 0.0,
        "z_hits_at_5": 0.0,
        "z_inverse_harmonic_mean_rank": 0.0013922420731318863
      },
      "realistic": {
        "adjusted_arithmetic_mean_rank": 0.9243270677499951,
        "adjusted_arithmetic_mean_rank_index": 0.07570482921144228,
        "adjusted_hits_at_1": -0.00021078182213830787,
        "adjusted_hits_at_10": -0.002111824429194074,
        "adjusted_hits_at_3": -0.0006326121526994293,
        "adjusted_hits_at_5": -0.0010547984400402608,
        "adjusted_inverse_harmonic_mean_rank": -0.0003925076545271534,
        "arithmetic_mean_rank": 2193.814697265625,
        "count": 232.0,
        "geometric_mean_rank": 1605.359375,
        "harmonic_mean_rank": 718.2658917574661,
        "hits_at_1": 0.0,
        "hits_at_10": 0.0,
        "hits_at_3": 0.0,
        "hits_at_5": 0.0,
        "inverse_arithmetic_mean_rank": 0.00045582701568491757,
        "inverse_geometric_mean_rank": 0.0006229134742170572,
        "inverse_harmonic_mean_rank": 0.0013922420812064204,
        "inverse_median_rank": 0.0005177323473617435,
        "median_absolute_deviation": 1739.833703416324,
        "median_rank": 1931.5,
        "standard_deviation": 1372.2255859375,
        "variance": 1883003.0,
        "z_arithmetic_mean_rank": -2193.814697265625,
        "z_hits_at_1": 0.0,
        "z_hits_at_10": 0.0,
        "z_hits_at_3": 0.0,
        "z_hits_at_5": 0.0,
        "z_inverse_harmonic_mean_rank": 0.0013922420812064204
      }
    },
    "head": {
      "optimistic": {
        "adjusted_arithmetic_mean_rank": 1.0958813753791448,
        "adjusted_arithmetic_mean_rank_index": -0.09592222031606656,
        "adjusted_hits_at_1": -0.00021300333008983274,
        "adjusted_hits_at_10": -0.0021341244814907815,
        "adjusted_hits_at_3": -0.0006392823287993019,
        "adjusted_hits_at_5": -0.001065924832605045,
        "adjusted_inverse_harmonic_mean_rank": -0.0009758405617843463,
        "arithmetic_mean_rank": 2573.6206896551726,
        "count": 116.0,
        "geometric_mean_rank": 2067.201657957064,
        "harmonic_mean_rank": 1209.6432418845668,
        "hits_at_1": 0.0,
        "hits_at_10": 0.0,
        "hits_at_3": 0.0,
        "hits_at_5": 0.0,
        "inverse_arithmetic_mean_rank": 0.0003885576472164534,
        "inverse_geometric_mean_rank": 0.0004837457420522106,
        "inverse_harmonic_mean_rank": 0.0008266900234502591,
        "inverse_median_rank": 0.0003502013657853266,
        "median_absolute_deviation": 1679.0470124575943,
        "median_rank": 2855.5,
        "standard_deviation": 1358.0530540089267,
        "variance": 1844308.0975029725,
        "z_arithmetic_mean_rank": -2573.6206896551726,
        "z_hits_at_1": 0.0,
        "z_hits_at_10": 0.0,
        "z_hits_at_3": 0.0,
        "z_hits_at_5": 0.0,
        "z_inverse_harmonic_mean_rank": 0.0008266900234502591
      },
      "pessimistic": {
        "adjusted_arithmetic_mean_rank": 1.0958813753791448,
        "adjusted_arithmetic_mean_rank_index": -0.09592222031606656,
        "adjusted_hits_at_1": -0.00021300333008983274,
        "adjusted_hits_at_10": -0.0021341244814907815,
        "adjusted_hits_at_3": -0.0006392823287993019,
        "adjusted_hits_at_5": -0.001065924832605045,
        "adjusted_inverse_harmonic_mean_rank": -0.0009758405617843463,
        "arithmetic_mean_rank": 2573.6206896551726,
        "count": 116.0,
        "geometric_mean_rank": 2067.201657957064,
        "harmonic_mean_rank": 1209.6432418845668,
        "hits_at_1": 0.0,
        "hits_at_10": 0.0,
        "hits_at_3": 0.0,
        "hits_at_5": 0.0,
        "inverse_arithmetic_mean_rank": 0.0003885576472164534,
        "inverse_geometric_mean_rank": 0.0004837457420522106,
        "inverse_harmonic_mean_rank": 0.0008266900234502591,
        "inverse_median_rank": 0.0003502013657853266,
        "median_absolute_deviation": 1679.0470124575943,
        "median_rank": 2855.5,
        "standard_deviation": 1358.0530540089267,
        "variance": 1844308.0975029725,
        "z_arithmetic_mean_rank": -2573.6206896551726,
        "z_hits_at_1": 0.0,
        "z_hits_at_10": 0.0,
        "z_hits_at_3": 0.0,
        "z_hits_at_5": 0.0,
        "z_inverse_harmonic_mean_rank": 0.0008266900234502591
      },
      "realistic": {
        "adjusted_arithmetic_mean_rank": 1.0958813395314642,
        "adjusted_arithmetic_mean_rank_index": -0.09592218445311507,
        "adjusted_hits_at_1": -0.00021300333008983274,
        "adjusted_hits_at_10": -0.0021341244814907815,