{
  "losses": [
    0.0039336753204642725,
    0.003908136536078361,
    0.003832150742130497,
    0.003656449711137625,
    0.003386128160144701,
    0.003145276645876298,
    0.0029845802666830876,
    0.0029049765172858817,
    0.0028162828191710537,
    0.002776698608111083,
    0.002697469794617503,
    0.0026352164165376543,
    0.0025864249825056423,
    0.0025507485570132626,
    0.0025330321183721824,
    0.0025051113693136096,
    0.002473389523862624,
    0.002435289115224248,
    0.0024190201742491256,
    0.0023995784551062178,
    0.002415416896458459,
    0.002366561391704695,
    0.00235189827161903,
    0.002350717780987554,
    0.0023172347555636694,
    0.0023520851316439946,
    0.0023106450709046767,
    0.0022818200167525047,
    0.0022832302322118143,
    0.002260151715860646
  ],
  "metrics": {
    "both": {
      "optimistic": {
        "adjusted_arithmetic_mean_rank": 1.0107963142659107,
        "adjusted_arithmetic_mean_rank_index": -0.010801279308532585,
        "adjusted_hits_at_1": -0.00022997208989089375,
        "adjusted_hits_at_10": -0.002304490615616002,
        "adjusted_hits_at_3": -0.0006902337386634684,
        "adjusted_hits_at_5": -0.0011509191665986212,
        "adjusted_inverse_harmonic_mean_rank": -0.00012027367260927098,
        "arithmetic_mean_rank": 2198.9525862068967,
        "count": 232.0,
        "geometric_mean_rank": 1607.822773669532,
        "harmonic_mean_rank": 553.5906430135975,
        "hits_at_1": 0.0,
        "hits_at_10": 0.0,
        "hits_at_3": 0.0,
        "hits_at_5": 0.0,
        "inverse_arithmetic_mean_rank": 0.00045476196543417025,
        "inverse_geometric_mean_rank": 0.0006219590967216501,
        "inverse_harmonic_mean_rank": 0.0018063889132162185,
        "inverse_median_rank": 0.00043001505052676843,
        "median_absolute_deviation": 1501.134746236922,
        "median_rank": 2325.5,
        "standard_deviation": 1215.548050225537,
        "variance": 1477557.0624071045,
        "z_arithmetic_mean_rank": -2198.9525862068967,
        "z_hits_at_1": 0.0,
        "z_hits_at_10": 0.0,
        "z_hits_at_3": 0.0,
        "z_hits_at_5": 0.0,
        "z_inverse_harmonic_mean_rank": 0.0018063889132162185
      },
      "pessimistic": {
        "adjusted_arithmetic_mean_rank": 1.0107963142659107,
        "adjusted_arithmetic_mean_rank_index": -0.010801279308532585,
        "adjusted_hits_at_1": -0.00022997208989089375,
        "adjusted_hits_at_10": -0.002304490615616002,
        "adjusted_hits_at_3": -0.0006902337386634684,
        "adjusted_hits_at_5": -0.0011509191665986212,
        "adjusted_inverse_harmonic_mean_rank": -0.00012027367260927098,
        "arithmetic_mean_rank": 2198.9525862068967,
        "count": 232.0,
        "geometric_mean_rank": 1607.822773669532,
        "harmonic_mean_rank": 553.5906430135975,
        "hits_at_1": 0.0,
        "hits_at_10": 0.0,
        "hits_at_3": 0.0,
        "hits_at_5": 0.0,
        "inverse_arithmetic_mean_rank": 0.00045476196543417025,
        "inverse_geometric_mean_rank": 0.0006219590967216501,
        "inverse_harmonic_mean_rank": 0.0018063889132162185,
        "inverse_median_rank": 0.00043001505052676843,
        "median_absolute_deviation": 1501.134746236922,
        "median_rank": 2325.5,
        "standard_deviation": 1215.548050225537,
        "variance": 1477557.0624071045,
        "z_arithmetic_mean_rank": -2198.9525862068967,
        "z_hits_at_1": 0.0,
        "z_hits_at_10": 0.0,
        "z_hits_at_3": 0.0,
        "z_hits_at_5": 0.0,
        "z_inverse_harmonic_mean_rank": 0.0018063889132162185
      },
      "realistic": {
        "adjusted_arithmetic_mean_rank": 1.010796337484781,
        "adjusted_arithmetic_mean_rank_index": -0.010801302538081092,
        "adjusted_hits_at_1": -0.00022997208989089375,
        "adjusted_hits_at_10": -0.002304490615616002,
        "adjusted_hits_at_3": -0.0006902337386634684,
        "adjusted_hits_at_5": -0.0011509191665986212,
        "adjusted_inverse_harmonic_mean_rank": -0.00012027368771213097,
        "arithmetic_mean_rank": 2198.95263671875,
        "count": 232.0,
        "geometric_mean_rank": 1607.822509765625,
        "harmonic_mean_rank": 553.5906476331429,
        "hits_at_1": 0.0,
        "hits_at_10": 0.0,
        "hits_at_3": 0.0,
        "hits_at_5": 0.0,
        "inverse_arithmetic_mean_rank": 0.0004547619610093534,
        "inverse_geometric_mean_rank": 0.0006219592178240418,
        "inverse_harmonic_mean_rank": 0.0018063888981424531,
        "inverse_median_rank": 0.0004300150612834841,
        "median_absolute_deviation": 1501.134746236922,
        "median_rank": 2325.5,
        "standard_deviation": 1215.5479736328125,
        "variance": 1477557.0,
        "z_arithmetic_mean_rank": -2198.95263671875,
        "z_hits_at_1": 0.0,
        "z_hits_at_10": 0.0,
        "z_hits_at_3": 0.0,
        "z_hits_at_5": 0.0,
        "z_inverse_harmonic_mean_rank": 0.0018063888981424531
      }
    },
    "head": {
      "optimistic": {
        "adjusted_arithmetic_mean_rank": 0.7122769416985588,
        "adjusted_arithmetic_mean_rank_index": 0.28785678699281847,
        "adjusted_hits_at_1": -0.0002324012996594279,
        "adjusted_hits_at_10": -0.002328884117855992,
        "adjusted_hits_at_3": -0.0006975281118577733,
        "adjusted_hits_at_5": -0.0011630877106794588,
        "adjusted_inverse_harmonic_mean_rank": 0.0009647400536980145,
        "arithmetic_mean_rank": 1533.2068965517242,
        "count": 116.0,
        "geometric_mean_rank": 1054.1300198919232,
        "harmonic_mean_rank": 343.95502770267706,
        "hits_at_1": 0.0,
        "hits_at_10": 0.0,
        "hits_at_3": 0.0,
        "hits_at_5": 0.0,
        "inverse_arithmetic_mean_rank": 0.0006522276949373636,
        "inverse_geometric_mean_rank": 0.0009486495793967874,
        "inverse_harmonic_mean_rank": 0.0029073568328950956,
        "inverse_median_rank": 0.0006412311638345624,
        "median_absolute_deviation": 1107.5038572236847,
        "median_rank": 1559.5,
        "standard_deviation": 942.1478992654861,
        "variance": 887642.6640903685,
        "z_arithmetic_mean_rank": -1533.2068965517242,
        "z_hits_at_1": 0.0,
        "z_hits_at_10": 0.0,
        "z_hits_at_3": 0.0,
        "z_hits_at_5": 0.0,
        "z_inverse_harmonic_mean_rank": 0.0029073568328950956
      },
      "pessimistic": {
        "adjusted_arithmetic_mean_rank": 0.7122769416985588,
        "adjusted_arithmetic_mean_rank_index": 0.28785678699281847,
        "adjusted_hits_at_1": -0.0002324012996594279,
        "adjusted_hits_at_10": -0.002328884117855992,
        "adjusted_hits_at_3": -0.0006975281118577733,
        "adjusted_hits_at_5": -0.0011630877106794588,
        "adjusted_inverse_harmonic_mean_rank": 0.0009647400536980145,
        "arithmetic_mean_rank": 1533.2068965517242,
        "count": 116.0,
        "geometric_mean_rank": 1054.1300198919232,
        "harmonic_mean_rank": 343.95502770267706,
        "hits_at_1": 0.0,
        "hits_at_10": 0.0,
        "hits_at_3": 0.0,
        "hits_at_5": 0.0,
        "inverse_arithmetic_mean_rank": 0.0006522276949373636,
        "inverse_geometric_mean_rank": 0.0009486495793967874,
        "inverse_harmonic_mean_rank": 0.0029073568328950956,
        "inverse_median_rank": 0.0006412311638345624,
        "median_absolute_deviation": 1107.5038572236847,
        "median_rank": 1559.5,
        "standard_deviation": 942.1478992654861,
        "variance": 887642.6640903685,
        "z_arithmetic_mean_rank": -1533.2068965517242,
        "z_hits_at_1": 0.0,
        "z_hits_at_10": 0.0,
        "z_hits_at_3": 0.0,
        "z_hits_at_5": 0.0,
        "z_inverse_harmonic_mean_rank": 0.0029073568328950956
      },
      "realistic": {
        "adjusted_arithmetic_mean_rank": 0.7122769475650906,
        "adjusted_arithmetic_mean_rank_index": 0.28785678112355995,
        "adjusted_hits_at_1": -0.0002324012996594279,
        "adjusted_hits_at_10": -0.002328884117855992,