{
  "losses": [
    0.0036505635647239403,
    0.0030463141653110375,
    0.0027797460818273227,
    0.0026742086737293076,
    0.0025938427867066758,
    0.002554127044911687,
    0.002498556888784522,
    0.0024694251256039616,
    0.0024297625555546156,
    0.002386653040275678,
    0.0023302375559059512,
    0.0022973009931445956,
    0.0022344647999660437,
    0.0021976165696466995,
    0.0021242648889586,
    0.002056988648403232,
    0.001983759147104808,
    0.0019204513715605808,
    0.001828537916042083,
    0.0017533236865591713,
    0.001675972546524115,
    0.0016085748894676655,
    0.001500683125714669,
    0.0014661206725311076,
    0.0013796257425185783,
    0.001339535813801734,
    0.0012712115709340283,
    0.0012134799964586406,
    0.0011871255033771622,
    0.001112931056282026
  ],
  "metrics": {
    "both": {
      "optimistic": {
        "adjusted_arithmetic_mean_rank": 0.7765145421870933,
        "adjusted_arithmetic_mean_rank_index": 0.22358821666825368,
        "adjusted_hits_at_1": -0.0002299303187033594,
        "adjusted_hits_at_10": 0.0020162049994353645,
        "adjusted_hits_at_3": -0.0006901083097572828,
        "adjusted_hits_at_5": -0.0011507099259168018,
        "adjusted_inverse_harmonic_mean_rank": 0.0010923831149337435,
        "arithmetic_mean_rank": 1689.5818965517242,
        "count": 232.0,
        "geometric_mean_rank": 1058.744996957235,
        "harmonic_mean_rank": 331.5202152935694,
        "hits_at_1": 0.0,
        "hits_at_10": 0.004310344827586207,
        "hits_at_3": 0.0,
        "hits_at_5": 0.0,
        "inverse_arithmetic_mean_rank": 0.0005918624021960135,
        "inverse_geometric_mean_rank": 0.0009445144986507004,
        "inverse_harmonic_mean_rank": 0.0030164073075135862,
        "inverse_median_rank": 0.0006934812760055479,
        "median_absolute_deviation": 1425.5220330931363,
        "median_rank": 1442.0,
        "standard_deviation": 1247.3575802263467,
        "variance": 1555900.9329481272,
        "z_arithmetic_mean_rank": -1689.5818965517242,
        "z_hits_at_1": 0.0,
        "z_hits_at_10": 0.004310344827586207,
        "z_hits_at_3": 0.0,
        "z_hits_at_5": 0.0,
        "z_inverse_harmonic_mean_rank": 0.0030164073075135862
      },
      "pessimistic": {
        "adjusted_arithmetic_mean_rank": 0.7765145421870933,
        "adjusted_arithmetic_mean_rank_index": 0.22358821666825368,
        "adjusted_hits_at_1": -0.0002299303187033594,
        "adjusted_hits_at_10": 0.0020162049994353645,
        "adjusted_hits_at_3": -0.0006901083097572828,
        "adjusted_hits_at_5": -0.0011507099259168018,
        "adjusted_inverse_harmonic_mean_rank": 0.0010923831149337435,
        "arithmetic_mean_rank": 1689.5818965517242,
        "count": 232.0,
        "geometric_mean_rank": 1058.744996957235,
        "harmonic_mean_rank": 331.5202152935694,
        "hits_at_1": 0.0,
        "hits_at_10": 0.004310344827586207,
        "hits_at_3": 0.0,
        "hits_at_5": 0.0,
        "inverse_arithmetic_mean_rank": 0.0005918624021960135,
        "inverse_geometric_mean_rank": 0.0009445144986507004,
        "inverse_harmonic_mean_rank": 0.0030164073075135862,
        "inverse_median_rank": 0.0006934812760055479,
        "median_absolute_deviation": 1425.5220330931363,
        "median_rank": 1442.0,
        "standard_deviation": 1247.3575802263467,
        "variance": 1555900.9329481272,
        "z_arithmetic_mean_rank": -1689.5818965517242,
        "z_hits_at_1": 0.0,
        "z_hits_at_10": 0.004310344827586207,
        "z_hits_at_3": 0.0,
        "z_hits_at_5": 0.0,
        "z_inverse_harmonic_mean_rank": 0.0030164073075135862
      },
      "realistic": {
        "adjusted_arithmetic_mean_rank": 0.7765145479907759,
        "adjusted_arithmetic_mean_rank_index": 0.2235882108619025,
        "adjusted_hits_at_1": -0.0002299303187033594,
        "adjusted_hits_at_10": 0.0020162049994353645,
        "adjusted_hits_at_3": -0.0006901083097572828,
        "adjusted_hits_at_5": -0.0011507099259168018,
        "adjusted_inverse_harmonic_mean_rank": 0.001092383441699442,
        "arithmetic_mean_rank": 1689.5819091796875,
        "count": 232.0,
        "geometric_mean_rank": 1058.744873046875,
        "harmonic_mean_rank": 331.52017944934954,
        "hits_at_1": 0.0,
        "hits_at_10": 0.004310344827586207,
        "hits_at_3": 0.0,
        "hits_at_5": 0.0,
        "inverse_arithmetic_mean_rank": 0.0005918624228797853,
        "inverse_geometric_mean_rank": 0.000944514584261924,
        "inverse_harmonic_mean_rank": 0.003016407633649892,
        "inverse_median_rank": 0.0006934812990948558,
        "median_absolute_deviation": 1425.5220330931363,
        "median_rank": 1442.0,
        "standard_deviation": 1247.357666015625,
        "variance": 1555901.0,
        "z_arithmetic_mean_rank": -1689.5819091796875,
        "z_hits_at_1": 0.0,
        "z_hits_at_10": 0.004310344827586207,
        "z_hits_at_3": 0.0,
        "z_hits_at_5": 0.0,
        "z_inverse_harmonic_mean_rank": 0.003016407633649892
      }
    },
    "head": {
      "optimistic": {
        "adjusted_arithmetic_mean_rank": 1.0171148070588225,
        "adjusted_arithmetic_mean_rank_index": -0.017122758889484224,
        "adjusted_hits_at_1": -0.00023231864968828038,
        "adjusted_hits_at_10": -0.002328054150452513,
        "adjusted_hits_at_3": -0.0006972799313290434,
        "adjusted_hits_at_5": -0.0011626736915696162,
        "adjusted_inverse_harmonic_mean_rank": -0.000830057417857128,
        "arithmetic_mean_rank": 2190.1637931034484,
        "count": 116.0,
        "geometric_mean_rank": 1615.7512530597148,
        "harmonic_mean_rank": 896.5083384789823,
        "hits_at_1": 0.0,
        "hits_at_10": 0.0,
        "hits_at_3": 0.0,
        "hits_at_5": 0.0,
        "inverse_arithmetic_mean_rank": 0.0004565868558090837,
        "inverse_geometric_mean_rank": 0.0006189071480565592,
        "inverse_harmonic_mean_rank": 0.0011154385933505111,
        "inverse_median_rank": 0.0004278990158322636,
        "median_absolute_deviation": 1646.429763650471,
        "median_rank": 2337.0,
        "standard_deviation": 1280.8798898168932,
        "variance": 1640653.2921373367,
        "z_arithmetic_mean_rank": -2190.1637931034484,
        "z_hits_at_1": 0.0,
        "z_hits_at_10": 0.0,
        "z_hits_at_3": 0.0,
        "z_hits_at_5": 0.0,
        "z_inverse_harmonic_mean_rank": 0.0011154385933505111
      },
      "pessimistic": {
        "adjusted_arithmetic_mean_rank": 1.0171148070588225,
        "adjusted_arithmetic_mean_rank_index": -0.017122758889484224,
        "adjusted_hits_at_1": -0.00023231864968828038,
        "adjusted_hits_at_10": -0.002328054150452513,
        "adjusted_hits_at_3": -0.0006972799313290434,
        "adjusted_hits_at_5": -0.0011626736915696162,
        "adjusted_inverse_harmonic_mean_rank": -0.000830057417857128,
        "arithmetic_mean_rank": 2190.1637931034484,
        "count": 116.0,
        "geometric_mean_rank": 1615.7512530597148,
        "harmonic_mean_rank": 896.5083384789823,
        "hits_at_1": 0.0,
        "hits_at_10": 0.0,
        "hits_at_3": 0.0,
        "hits_at_5": 0.0,
        "inverse_arithmetic_mean_rank": 0.0004565868558090837,
        "inverse_geometric_mean_rank": 0.0006189071480565592,
        "inverse_harmonic_mean_rank": 0.0011154385933505111,
        "inverse_median_rank": 0.0004278990158322636,
        "median_absolute_deviation": 1646.429763650471,
        "median_rank": 2337.0,
        "standard_deviation": 1280.8798898168932,
        "variance": 1640653.2921373367,
        "z_arithmetic_mean_rank": -2190.1637931034484,
        "z_hits_at_1": 0.0,
        "z_hits_at_10": 0.0,
        "z_hits_at_3": 0.0,
        "z_hits_at_5": 0.0,
        "z_inverse_harmonic_mean_rank": 0.0011154385933505111
      },
      "realistic": {
        "adjusted_arithmetic_mean_rank": 1.0171148187877064,
        "adjusted_arithmetic_mean_rank_index": -0.017122770623817507,