{
  "losses": [
    0.0031024456485081783,
    0.0026027699699640895,
    0.0024333555224291302,
    0.0023448958364170984,
    0.0023050456394808154,
    0.002263391306381068,
    0.0022280183277736624,
    0.002194248039033777,
    0.002180259872711418,
    0.002130748295687046,
    0.002064971371608038,
    0.0019803190261520917,
    0.0018202491255094508,
    0.0016012279941720825,
    0.0013746426098506122,
    0.0012525051730877955,
    0.001134227292035931,
    0.0010526939838157161,
    0.001017195017335733,
    0.0009369315163198054,
    0.0008969290446348249,
    0.0008776478440068132,
    0.0008640755205088938,
    0.0008117069346405221,
    0.0008022217788375876,
    0.0007849866712453342,
    0.0007571962797818967,
    0.0007278091744115913,
    0.0007434042860894082,
    0.000728129256837297
  ],
  "metrics": {
    "both": {
      "optimistic": {
        "adjusted_arithmetic_mean_rank": 0.14372521503100147,
        "adjusted_arithmetic_mean_rank_index": 0.856668942401434,
        "adjusted_hits_at_1": 0.008392481424377858,
        "adjusted_hits_at_10": 0.08841933260557067,
        "adjusted_hits_at_3": 0.03812900942044495,
        "adjusted_hits_at_5": 0.05063170137855631,
        "adjusted_inverse_harmonic_mean_rank": 0.03301474330079486,
        "arithmetic_mean_rank": 312.375,
        "count": 232.0,
        "geometric_mean_rank": 171.72033520248738,
        "harmonic_mean_rank": 28.67044846753507,
        "hits_at_1": 0.008620689655172414,
        "hits_at_10": 0.09051724137931035,
        "hits_at_3": 0.03879310344827586,
        "hits_at_5": 0.05172413793103448,
        "inverse_arithmetic_mean_rank": 0.003201280512204882,
        "inverse_geometric_mean_rank": 0.005823422128898308,
        "inverse_harmonic_mean_rank": 0.03487911956216339,
        "inverse_median_rank": 0.00261437908496732,
        "median_absolute_deviation": 243.14676383491872,
        "median_rank": 382.5,
        "standard_deviation": 209.17123383643167,
        "variance": 43752.605064655174,
        "z_arithmetic_mean_rank": -312.375,
        "z_hits_at_1": 0.008620689655172414,
        "z_hits_at_10": 0.09051724137931035,
        "z_hits_at_3": 0.03879310344827586,
        "z_hits_at_5": 0.05172413793103448,
        "z_inverse_harmonic_mean_rank": 0.03487911956216339
      },
      "pessimistic": {
        "adjusted_arithmetic_mean_rank": 0.14372521503100147,
        "adjusted_arithmetic_mean_rank_index": 0.856668942401434,
        "adjusted_hits_at_1": 0.008392481424377858,
        "adjusted_hits_at_10": 0.08841933260557067,
        "adjusted_hits_at_3": 0.03812900942044495,
        "adjusted_hits_at_5": 0.05063170137855631,
        "adjusted_inverse_harmonic_mean_rank": 0.03301474330079486,
        "arithmetic_mean_rank": 312.375,
        "count": 232.0,
        "geometric_mean_rank": 171.72033520248738,
        "harmonic_mean_rank": 28.67044846753507,
        "hits_at_1": 0.008620689655172414,
        "hits_at_10": 0.09051724137931035,
        "hits_at_3": 0.03879310344827586,
        "hits_at_5": 0.05172413793103448,
        "inverse_arithmetic_mean_rank": 0.003201280512204882,
        "inverse_geometric_mean_rank": 0.005823422128898308,
        "inverse_harmonic_mean_rank": 0.03487911956216339,
        "inverse_median_rank": 0.00261437908496732,
        "median_absolute_deviation": 243.14676383491872,
        "median_rank": 382.5,
        "standard_deviation": 209.17123383643167,
        "variance": 43752.605064655174,
        "z_arithmetic_mean_rank": -312.375,
        "z_hits_at_1": 0.008620689655172414,
        "z_hits_at_10": 0.09051724137931035,
        "z_hits_at_3": 0.03879310344827586,
        "z_hits_at_5": 0.05172413793103448,
        "z_inverse_harmonic_mean_rank": 0.03487911956216339
      },
      "realistic": {
        "adjusted_arithmetic_mean_rank": 0.14372521503100147,
        "adjusted_arithmetic_mean_rank_index": 0.856668942401434,
        "adjusted_hits_at_1": 0.008392481424377858,
        "adjusted_hits_at_10": 0.08841933260557067,
        "adjusted_hits_at_3": 0.03812900942044495,
        "adjusted_hits_at_5": 0.05063170137855631,
        "adjusted_inverse_harmonic_mean_rank": 0.03301474091047339,
        "arithmetic_mean_rank": 312.375,
        "count": 232.0,
        "geometric_mean_rank": 171.72035217285156,
        "harmonic_mean_rank": 28.67045042857833,
        "hits_at_1": 0.008620689655172414,
        "hits_at_10": 0.09051724137931035,
        "hits_at_3": 0.03879310344827586,
        "hits_at_5": 0.05172413793103448,
        "inverse_arithmetic_mean_rank": 0.003201280487701297,
        "inverse_geometric_mean_rank": 0.005823421757668257,
        "inverse_harmonic_mean_rank": 0.034879117176450536,
        "inverse_median_rank": 0.0026143791619688272,
        "median_absolute_deviation": 243.14676383491872,
        "median_rank": 382.5,
        "standard_deviation": 209.17120361328125,
        "variance": 43752.59375,
        "z_arithmetic_mean_rank": -312.375,
        "z_hits_at_1": 0.008620689655172414,
        "z_hits_at_10": 0.09051724137931035,
        "z_hits_at_3": 0.03879310344827586,
        "z_hits_at_5": 0.05172413793103448,
        "z_inverse_harmonic_mean_rank": 0.034879117176450536
      }
    },
    "head": {
      "optimistic": {
        "adjusted_arithmetic_mean_rank": 0.07289944741498863,
        "adjusted_arithmetic_mean_rank_index": 0.9275322745396418,
        "adjusted_hits_at_1": 0.01701255141236763,
        "adjusted_hits_at_10": 0.1791235791539905,
        "adjusted_hits_at_3": 0.07694157551507728,
        "adjusted_hits_at_5": 0.10240352643738307,
        "adjusted_inverse_harmonic_mean_rank": 0.06540968739994374,
        "arithmetic_mean_rank": 156.6206896551724,
        "count": 116.0,
        "geometric_mean_rank": 66.21225016948081,
        "harmonic_mean_rank": 14.874302680496962,
        "hits_at_1": 0.017241379310344827,
        "hits_at_10": 0.1810344827586207,
        "hits_at_3": 0.07758620689655173,
        "hits_at_5": 0.10344827586206896,
        "inverse_arithmetic_mean_rank": 0.006384852487890797,
        "inverse_geometric_mean_rank": 0.015102945413278368,
        "inverse_harmonic_mean_rank": 0.06723004240805118,
        "inverse_median_rank": 0.010869565217391304,
        "median_absolute_deviation": 123.05598413596496,
        "median_rank": 92.0,
        "standard_deviation": 166.37958549200044,
        "variance": 27682.166468489886,
        "z_arithmetic_mean_rank": -156.6206896551724,
        "z_hits_at_1": 0.017241379310344827,
        "z_hits_at_10": 0.1810344827586207,
        "z_hits_at_3": 0.07758620689655173,
        "z_hits_at_5": 0.10344827586206896,
        "z_inverse_harmonic_mean_rank": 0.06723004240805118
      },
      "pessimistic": {
        "adjusted_arithmetic_mean_rank": 0.07289944741498863,
        "adjusted_arithmetic_mean_rank_index": 0.9275322745396418,
        "adjusted_hits_at_1": 0.01701255141236763,
        "adjusted_hits_at_10": 0.1791235791539905,
        "adjusted_hits_at_3": 0.07694157551507728,
        "adjusted_hits_at_5": 0.10240352643738307,
        "adjusted_inverse_harmonic_mean_rank": 0.06540968739994374,
        "arithmetic_mean_rank": 156.6206896551724,
        "count": 116.0,
        "geometric_mean_rank": 66.21225016948081,
        "harmonic_mean_rank": 14.874302680496962,
        "hits_at_1": 0.017241379310344827,
        "hits_at_10": 0.1810344827586207,
        "hits_at_3": 0.07758620689655173,
        "hits_at_5": 0.10344827586206896,
        "inverse_arithmetic_mean_rank": 0.006384852487890797,
        "inverse_geometric_mean_rank": 0.015102945413278368,
        "inverse_harmonic_mean_rank": 0.06723004240805118,
        "inverse_median_rank": 0.010869565217391304,
        "median_absolute_deviation": 123.05598413596496,
        "median_rank": 92.0,
        "standard_deviation": 166.37958549200044,
        "variance": 27682.166468489886,
        "z_arithmetic_mean_rank": -156.6206896551724,