{
  "losses": [
    0.0036690510373839965,
    0.002787634306180939,
    0.002404449196801441,
    0.0021716754926489907,
    0.0019465560027340492,
    0.0017440519975142578,
    0.0016307058465313128,
    0.001461591154613079,
    0.001340410437760977,
    0.0012482268183591023,
    0.0011230645203747739,
    0.0010424206021801407,
    0.0009627243863146398,
    0.000901071414471658,
    0.0008274955021509385,
    0.0007936717575688766,
    0.0007438406573717661,
    0.0006906058581922302,
    0.0006255900873342249,
    0.0005914097653453442,
    0.0005640009691672169,
    0.000533754588003898,
    0.0005053921800900694,
    0.00047941713766307565,
    0.00047497266791644204,
    0.00043872306773395714,
    0.0004280775578830506,
    0.00041145737276785483,
    0.00040402302491045834,
    0.0003737516497089167
  ],
  "metrics": {
    "both": {
      "optimistic": {
        "adjusted_arithmetic_mean_rank": 0.9040566441905771,
        "adjusted_arithmetic_mean_rank_index": 0.09598747066824909,
        "adjusted_hits_at_1": -0.0002299303187033594,
        "adjusted_hits_at_10": 0.01065675733710259,
        "adjusted_hits_at_3": 0.0036232111226123602,
        "adjusted_hits_at_5": 0.003164594858246633,
        "adjusted_inverse_harmonic_mean_rank": 0.0032457905174455796,
        "arithmetic_mean_rank": 1967.094827586207,
        "count": 232.0,
        "geometric_mean_rank": 1384.9742038960671,
        "harmonic_mean_rank": 193.5858439155554,
        "hits_at_1": 0.0,
        "hits_at_10": 0.01293103448275862,
        "hits_at_3": 0.004310344827586207,
        "hits_at_5": 0.004310344827586207,
        "inverse_arithmetic_mean_rank": 0.0005083639009040989,
        "inverse_geometric_mean_rank": 0.0007220351088034006,
        "inverse_harmonic_mean_rank": 0.005165666971166614,
        "inverse_median_rank": 0.000550357732526142,
        "median_absolute_deviation": 1463.3283896650291,
        "median_rank": 1817.0,
        "standard_deviation": 1166.8434909562804,
        "variance": 1361523.7323870393,
        "z_arithmetic_mean_rank": -1967.094827586207,
        "z_hits_at_1": 0.0,
        "z_hits_at_10": 0.01293103448275862,
        "z_hits_at_3": 0.004310344827586207,
        "z_hits_at_5": 0.004310344827586207,
        "z_inverse_harmonic_mean_rank": 0.005165666971166614
      },
      "pessimistic": {
        "adjusted_arithmetic_mean_rank": 0.9040566441905771,
        "adjusted_arithmetic_mean_rank_index": 0.09598747066824909,
        "adjusted_hits_at_1": -0.0002299303187033594,
        "adjusted_hits_at_10": 0.01065675733710259,
        "adjusted_hits_at_3": 0.0036232111226123602,
        "adjusted_hits_at_5": 0.003164594858246633,
        "adjusted_inverse_harmonic_mean_rank": 0.0032457905174455796,
        "arithmetic_mean_rank": 1967.094827586207,
        "count": 232.0,
        "geometric_mean_rank": 1384.9742038960671,
        "harmonic_mean_rank": 193.5858439155554,
        "hits_at_1": 0.0,
        "hits_at_10": 0.01293103448275862,
        "hits_at_3": 0.004310344827586207,
        "hits_at_5": 0.004310344827586207,
        "inverse_arithmetic_mean_rank": 0.0005083639009040989,
        "inverse_geometric_mean_rank": 0.0007220351088034006,
        "inverse_harmonic_mean_rank": 0.005165666971166614,
        "inverse_median_rank": 0.000550357732526142,
        "median_absolute_deviation": 1463.3283896650291,
        "median_rank": 1817.0,
        "standard_deviation": 1166.8434909562804,
        "variance": 1361523.7323870393,
        "z_arithmetic_mean_rank": -1967.094827586207,
        "z_hits_at_1": 0.0,
        "z_hits_at_10": 0.01293103448275862,
        "z_hits_at_3": 0.004310344827586207,
        "z_hits_at_5": 0.004310344827586207,
        "z_inverse_harmonic_mean_rank": 0.005165666971166614
      },
      "realistic": {
        "adjusted_arithmetic_mean_rank": 0.9040566538633815,
        "adjusted_arithmetic_mean_rank_index": 0.09598746099099709,
        "adjusted_hits_at_1": -0.0002299303187033594,
        "adjusted_hits_at_10": 0.01065675733710259,
        "adjusted_hits_at_3": 0.0036232111226123602,
        "adjusted_hits_at_5": 0.003164594858246633,
        "adjusted_inverse_harmonic_mean_rank": 0.0032457904016707294,
        "arithmetic_mean_rank": 1967.0948486328125,
        "count": 232.0,
        "geometric_mean_rank": 1384.9732666015625,
        "harmonic_mean_rank": 193.58584824591654,
        "hits_at_1": 0.0,
        "hits_at_10": 0.01293103448275862,
        "hits_at_3": 0.004310344827586207,
        "hits_at_5": 0.004310344827586207,
        "inverse_arithmetic_mean_rank": 0.0005083638825453818,
        "inverse_geometric_mean_rank": 0.0007220355910249054,
        "inverse_harmonic_mean_rank": 0.0051656668556147615,
        "inverse_median_rank": 0.0005503577413037419,
        "median_absolute_deviation": 1463.3283896650291,
        "median_rank": 1817.0,
        "standard_deviation": 1166.843505859375,
        "variance": 1361523.875,
        "z_arithmetic_mean_rank": -1967.0948486328125,
        "z_hits_at_1": 0.0,
        "z_hits_at_10": 0.01293103448275862,
        "z_hits_at_3": 0.004310344827586207,
        "z_hits_at_5": 0.004310344827586207,
        "z_inverse_harmonic_mean_rank": 0.0051656668556147615
      }
    },
    "head": {
      "optimistic": {
        "adjusted_arithmetic_mean_rank": 0.7776198787631396,
        "adjusted_arithmetic_mean_rank_index": 0.22248344282620292,
        "adjusted_hits_at_1": -0.00023231864968828038,
        "adjusted_hits_at_10": 0.0063127049370513885,
        "adjusted_hits_at_3": 0.007929420757734137,
        "adjusted_hits_at_5": 0.007468039012668053,
        "adjusted_inverse_harmonic_mean_rank": 0.004443663535482482,
        "arithmetic_mean_rank": 1674.4568965517242,
        "count": 116.0,
        "geometric_mean_rank": 1166.3788990661287,
        "harmonic_mean_rank": 156.76664277033552,
        "hits_at_1": 0.0,
        "hits_at_10": 0.008620689655172414,
        "hits_at_3": 0.008620689655172414,
        "hits_at_5": 0.008620689655172414,
        "inverse_arithmetic_mean_rank": 0.0005972085647945551,
        "inverse_geometric_mean_rank": 0.0008573543303986883,
        "inverse_harmonic_mean_rank": 0.0063789080529396075,
        "inverse_median_rank": 0.0006718172657037286,
        "median_absolute_deviation": 1191.2708825692512,
        "median_rank": 1488.5,
        "standard_deviation": 1047.1365750286743,
        "variance": 1096495.0067627823,
        "z_arithmetic_mean_rank": -1674.4568965517242,
        "z_hits_at_1": 0.0,
        "z_hits_at_10": 0.008620689655172414,
        "z_hits_at_3": 0.008620689655172414,
        "z_hits_at_5": 0.008620689655172414,
        "z_inverse_harmonic_mean_rank": 0.0063789080529396075
      },
      "pessimistic": {
        "adjusted_arithmetic_mean_rank": 0.7776198787631396,
        "adjusted_arithmetic_mean_rank_index": 0.22248344282620292,
        "adjusted_hits_at_1": -0.00023231864968828038,
        "adjusted_hits_at_10": 0.0063127049370513885,
        "adjusted_hits_at_3": 0.007929420757734137,
        "adjusted_hits_at_5": 0.007468039012668053,
        "adjusted_inverse_harmonic_mean_rank": 0.004443663535482482,
        "arithmetic_mean_rank": 1674.4568965517242,
        "count": 116.0,
        "geometric_mean_rank": 1166.3788990661287,
        "harmonic_mean_rank": 156.76664277033552,
        "hits_at_1": 0.0,
        "hits_at_10": 0.008620689655172414,
        "hits_at_3": 0.008620689655172414,
        "hits_at_5": 0.008620689655172414,
        "inverse_arithmetic_mean_rank": 0.0005972085647945551,
        "inverse_geometric_mean_rank": 0.0008573543303986883,
        "inverse_harmonic_mean_rank": 0.0063789080529396075,
        "inverse_median_rank": 0.0006718172657037286,
        "median_absolute_deviation": 1191.2708825692512,
        "median_rank": 1488.5,
        "standard_deviation": 1047.1365750286743,
        "variance": 1096495.0067627823,
        "z_arithmetic_mean_rank": -1674.4568965517242,