{
  "losses": [
    0.003914136716697771,
    0.0038563570203023405,
    0.0037641334616989267,
    0.003611624050582721,
    0.0033468405609137753,
    0.0031496806680692993,
    0.00306249215627146,
    0.002996551664498447,
    0.0029457071719202073,
    0.0028767220392750515,
    0.0028327192127629223,
    0.002796924223376214,
    0.0027959672530496935,
    0.0027745621914275044,
    0.0027495493271876355,
    0.002731216725050186,
    0.002700589279921383,
    0.0026934818470092446,
    0.0026648468076805776,
    0.0026805815327046153,
    0.002649307767997757,
    0.0026567159959418425,
    0.0026507308365214225,
    0.0026717054564567525,
    0.0026481658477006524,
    0.0026048867503287356,
    0.002632117807832829,
    0.0025959882806003915,
    0.002606624742206569,
    0.0025900203085442593
  ],
  "metrics": {
    "both": {
      "optimistic": {
        "adjusted_arithmetic_mean_rank": 1.4109781672300856,
        "adjusted_arithmetic_mean_rank_index": -0.4111513076154325,
        "adjusted_hits_at_1": -0.00021066886899837758,
        "adjusted_hits_at_10": 0.0022087520307021045,
        "adjusted_hits_at_3": -0.0006322730074738982,
        "adjusted_hits_at_5": 0.0032606562130905567,
        "adjusted_inverse_harmonic_mean_rank": 0.0005226557891838046,
        "arithmetic_mean_rank": 3350.6077586206898,
        "count": 232.0,
        "geometric_mean_rank": 2433.9976380490857,
        "harmonic_mean_rank": 433.85013251527135,
        "hits_at_1": 0.0,
        "hits_at_10": 0.004310344827586207,
        "hits_at_3": 0.0,
        "hits_at_5": 0.004310344827586207,
        "inverse_arithmetic_mean_rank": 0.00029845331714138326,
        "inverse_geometric_mean_rank": 0.0004108467421527684,
        "inverse_harmonic_mean_rank": 0.002304943401082862,
        "inverse_median_rank": 0.00023416461772626156,
        "median_absolute_deviation": 629.364641755628,
        "median_rank": 4270.5,
        "standard_deviation": 1545.7096814805045,
        "variance": 2389218.4194225627,
        "z_arithmetic_mean_rank": -3350.6077586206898,
        "z_hits_at_1": 0.0,
        "z_hits_at_10": 0.004310344827586207,
        "z_hits_at_3": 0.0,
        "z_hits_at_5": 0.004310344827586207,
        "z_inverse_harmonic_mean_rank": 0.002304943401082862
      },
      "pessimistic": {
        "adjusted_arithmetic_mean_rank": 1.4109799823641995,
        "adjusted_arithmetic_mean_rank_index": -0.4111531235142414,
        "adjusted_hits_at_1": -0.00021066886899837758,
        "adjusted_hits_at_10": 0.0022087520307021045,
        "adjusted_hits_at_3": -0.0006322730074738982,
        "adjusted_hits_at_5": 0.0032606562130905567,
        "adjusted_inverse_harmonic_mean_rank": 0.0005226555931669073,
        "arithmetic_mean_rank": 3350.612068965517,
        "count": 232.0,
        "geometric_mean_rank": 2433.999873347685,
        "harmonic_mean_rank": 433.850169344946,
        "hits_at_1": 0.0,
        "hits_at_10": 0.004310344827586207,
        "hits_at_3": 0.0,
        "hits_at_5": 0.004310344827586207,
        "inverse_arithmetic_mean_rank": 0.00029845293320057323,
        "inverse_geometric_mean_rank": 0.00041084636484578605,
        "inverse_harmonic_mean_rank": 0.002304943205415506,
        "inverse_median_rank": 0.00023416461772626156,
        "median_absolute_deviation": 629.364641755628,
        "median_rank": 4270.5,
        "standard_deviation": 1545.7134262408529,
        "variance": 2389229.9960612366,
        "z_arithmetic_mean_rank": -3350.612068965517,
        "z_hits_at_1": 0.0,
        "z_hits_at_10": 0.004310344827586207,
        "z_hits_at_3": 0.0,
        "z_hits_at_5": 0.004310344827586207,
        "z_inverse_harmonic_mean_rank": 0.002304943205415506
      },
      "realistic": {
        "adjusted_arithmetic_mean_rank": 1.4109790535260396,
        "adjusted_arithmetic_mean_rank_index": -0.4111521942847727,
        "adjusted_hits_at_1": -0.00021066886899837758,
        "adjusted_hits_at_10": 0.0022087520307021045,
        "adjusted_hits_at_3": -0.0006322730074738982,
        "adjusted_hits_at_5": 0.0032606562130905567,
        "adjusted_inverse_harmonic_mean_rank": 0.000522655601969848,
        "arithmetic_mean_rank": 3350.60986328125,
        "count": 232.0,
        "geometric_mean_rank": 2433.998779296875,
        "harmonic_mean_rank": 433.85016769095864,
        "hits_at_1": 0.0,
        "hits_at_10": 0.004310344827586207,
        "hits_at_3": 0.0,
        "hits_at_5": 0.004310344827586207,
        "inverse_arithmetic_mean_rank": 0.00029845311655662954,
        "inverse_geometric_mean_rank": 0.00041084655094891787,
        "inverse_harmonic_mean_rank": 0.002304943214202749,
        "inverse_median_rank": 0.00023416461772285402,
        "median_absolute_deviation": 629.364641755628,
        "median_rank": 4270.5,
        "standard_deviation": 1545.7115478515625,
        "variance": 2389224.25,
        "z_arithmetic_mean_rank": -3350.60986328125,
        "z_hits_at_1": 0.0,
        "z_hits_at_10": 0.004310344827586207,
        "z_hits_at_3": 0.0,
        "z_hits_at_5": 0.004310344827586207,
        "z_inverse_harmonic_mean_rank": 0.002304943214202749
      }
    },
    "head": {
      "optimistic": {
        "adjusted_arithmetic_mean_rank": 1.056220737003833,
        "adjusted_arithmetic_mean_rank_index": -0.05624466116163562,
        "adjusted_hits_at_1": -0.00021277704780802407,
        "adjusted_hits_at_10": 0.006507214735454836,
        "adjusted_hits_at_3": -0.0006386029035051311,
        "adjusted_hits_at_5": 0.007565077400369949,
        "adjusted_inverse_harmonic_mean_rank": 0.0025655608689497526,
        "arithmetic_mean_rank": 2483.1293103448274,
        "count": 116.0,
        "geometric_mean_rank": 1437.3378676112852,
        "harmonic_mean_rank": 229.356564896723,
        "hits_at_1": 0.0,
        "hits_at_10": 0.008620689655172414,
        "hits_at_3": 0.0,
        "hits_at_5": 0.008620689655172414,
        "inverse_arithmetic_mean_rank": 0.0004027176497953431,
        "inverse_geometric_mean_rank": 0.0006957306438060399,
        "inverse_harmonic_mean_rank": 0.004360023444065314,
        "inverse_median_rank": 0.00035714285714285714,
        "median_absolute_deviation": 2270.6052976413293,
        "median_rank": 2800.0,
        "standard_deviation": 1623.3344224379457,
        "variance": 2635214.6470719385,
        "z_arithmetic_mean_rank": -2483.1293103448274,
        "z_hits_at_1": 0.0,
        "z_hits_at_10": 0.008620689655172414,
        "z_hits_at_3": 0.0,
        "z_hits_at_5": 0.008620689655172414,
        "z_inverse_harmonic_mean_rank": 0.004360023444065314
      },
      "pessimistic": {
        "adjusted_arithmetic_mean_rank": 1.056220737003833,
        "adjusted_arithmetic_mean_rank_index": -0.05624466116163562,
        "adjusted_hits_at_1": -0.00021277704780802407,
        "adjusted_hits_at_10": 0.006507214735454836,
        "adjusted_hits_at_3": -0.0006386029035051311,
        "adjusted_hits_at_5": 0.007565077400369949,
        "adjusted_inverse_harmonic_mean_rank": 0.0025655608689497526,
        "arithmetic_mean_rank": 2483.1293103448274,
        "count": 116.0,
        "geometric_mean_rank": 1437.3378676112852,
        "harmonic_mean_rank": 229.356564896723,
        "hits_at_1": 0.0,
        "hits_at_10": 0.008620689655172414,
        "hits_at_3": 0.0,
        "hits_at_5": 0.008620689655172414,
        "inverse_arithmetic_mean_rank": 0.0004027176497953431,
        "inverse_geometric_mean_rank": 0.0006957306438060399,
        "inverse_harmonic_mean_rank": 0.004360023444065314,
        "inverse_median_rank": 0.00035714285714285714,
        "median_absolute_deviation": 2270.6052976413293,
        "median_rank": 2800.0,
        "standard_deviation": 1623.3344224379457,
        "variance": 2635214.6470719385,
        "z_arithmetic_mean_rank": -2483.1293103448274,
        "z_hits_at_1": 0.0,
        "z_hits_at_10": 0.008620689655172414,
        "z_hits_at_3": 0.0,
        "z_hits_at_5": 0.008620689655172414,