{
  "losses": [
    0.06457784870260358,
    0.04043366440009549,
    0.030788555390659503,
    0.024592374676140567,
    0.020824628657924678,
    0.0176914726827202,
    0.015623227412458595,
    0.013838961111546422,
    0.012491862906288221,
    0.011039374534404005,
    0.009975417503777539,
    0.0093130226747472,
    0.008504629826499624,
    0.007683196796368666,
    0.007118251615981644,
    0.006455778098171548,
    0.005972089278571614,
    0.005440105613760372,
    0.005127247313914017,
    0.0047084234784534875,
    0.004284477148061752,
    0.004009918096613689,
    0.0036580007272230437,
    0.0034132753520892084,
    0.0031455575080801905,
    0.0029704594848934916,
    0.002702761162091045,
    0.00246832816332676,
    0.002268622942061736,
    0.002134445782272301
  ],
  "metrics": {
    "both": {
      "optimistic": {
        "adjusted_arithmetic_mean_rank": 1.3789358589936729,
        "adjusted_arithmetic_mean_rank_index": -0.37911028943102854,
        "adjusted_hits_at_1": -0.00023019265019276925,
        "adjusted_hits_at_10": -0.002306705381552634,
        "adjusted_hits_at_3": -0.000690896028954133,
        "adjusted_hits_at_5": -0.0011520240007951612,
        "adjusted_inverse_harmonic_mean_rank": -0.0003671641555321786,
        "arithmetic_mean_rank": 2997.0043103448274,
        "count": 232.0,
        "geometric_mean_rank": 2279.7592248247875,
        "harmonic_mean_rank": 640.3797549426934,
        "hits_at_1": 0.0,
        "hits_at_10": 0.0,
        "hits_at_3": 0.0,
        "hits_at_5": 0.0,
        "inverse_arithmetic_mean_rank": 0.000333666520447861,
        "inverse_geometric_mean_rank": 0.0004386428132895726,
        "inverse_harmonic_mean_rank": 0.0015615734137152549,
        "inverse_median_rank": 0.00026048450117218026,
        "median_absolute_deviation": 599.712597385516,
        "median_rank": 3839.0,
        "standard_deviation": 1403.9484790682216,
        "variance": 1971071.3318779725,
        "z_arithmetic_mean_rank": -2997.0043103448274,
        "z_hits_at_1": 0.0,
        "z_hits_at_10": 0.0,
        "z_hits_at_3": 0.0,
        "z_hits_at_5": 0.0,
        "z_inverse_harmonic_mean_rank": 0.0015615734137152549
      },
      "pessimistic": {
        "adjusted_arithmetic_mean_rank": 1.3789378422037162,
        "adjusted_arithmetic_mean_rank_index": -0.37911227355397603,
        "adjusted_hits_at_1": -0.00023019265019276925,
        "adjusted_hits_at_10": -0.002306705381552634,
        "adjusted_hits_at_3": -0.000690896028954133,
        "adjusted_hits_at_5": -0.0011520240007951612,
        "adjusted_inverse_harmonic_mean_rank": -0.00036716441414327535,
        "arithmetic_mean_rank": 2997.0086206896553,
        "count": 232.0,
        "geometric_mean_rank": 2279.7616294628897,
        "harmonic_mean_rank": 640.3798607910876,
        "hits_at_1": 0.0,
        "hits_at_10": 0.0,
        "hits_at_3": 0.0,
        "hits_at_5": 0.0,
        "inverse_arithmetic_mean_rank": 0.00033366604056343536,
        "inverse_geometric_mean_rank": 0.0004386423506196125,
        "inverse_harmonic_mean_rank": 0.001561573155602768,
        "inverse_median_rank": 0.00026048450117218026,
        "median_absolute_deviation": 599.712597385516,
        "median_rank": 3839.0,
        "standard_deviation": 1403.951823982438,
        "variance": 1971080.7240636148,
        "z_arithmetic_mean_rank": -2997.0086206896553,
        "z_hits_at_1": 0.0,
        "z_hits_at_10": 0.0,
        "z_hits_at_3": 0.0,
        "z_hits_at_5": 0.0,
        "z_inverse_harmonic_mean_rank": 0.001561573155602768
      },
      "realistic": {
        "adjusted_arithmetic_mean_rank": 1.378936796370295,
        "adjusted_arithmetic_mean_rank_index": -0.37911122723914037,
        "adjusted_hits_at_1": -0.00023019265019276925,
        "adjusted_hits_at_10": -0.002306705381552634,
        "adjusted_hits_at_3": -0.000690896028954133,
        "adjusted_hits_at_5": -0.0011520240007951612,
        "adjusted_inverse_harmonic_mean_rank": -0.0003671643447635628,
        "arithmetic_mean_rank": 2997.00634765625,
        "count": 232.0,
        "geometric_mean_rank": 2279.760986328125,
        "harmonic_mean_rank": 640.3798323942704,
        "hits_at_1": 0.0,
        "hits_at_10": 0.0,
        "hits_at_3": 0.0,
        "hits_at_5": 0.0,
        "inverse_arithmetic_mean_rank": 0.00033366630668751895,
        "inverse_geometric_mean_rank": 0.0004386424843687564,
        "inverse_harmonic_mean_rank": 0.0015615732248487144,
        "inverse_median_rank": 0.0002604844921734184,
        "median_absolute_deviation": 599.712597385516,
        "median_rank": 3839.0,
        "standard_deviation": 1403.9501953125,
        "variance": 1971076.0,
        "z_arithmetic_mean_rank": -2997.00634765625,
        "z_hits_at_1": 0.0,
        "z_hits_at_10": 0.0,
        "z_hits_at_3": 0.0,
        "z_hits_at_5": 0.0,
        "z_inverse_harmonic_mean_rank": 0.0015615732248487144
      }
    },
    "head": {
      "optimistic": {
        "adjusted_arithmetic_mean_rank": 0.903880120097832,
        "adjusted_arithmetic_mean_rank_index": 0.09616463994714308,
        "adjusted_hits_at_1": -0.0002328424225031101,
        "adjusted_hits_at_10": -0.002333313875127404,
        "adjusted_hits_at_3": -0.000698852712626492,
        "adjusted_hits_at_5": -0.0011652974352265699,
        "adjusted_inverse_harmonic_mean_rank": 0.0009288471020369543,
        "arithmetic_mean_rank": 1941.9396551724137,
        "count": 116.0,
        "geometric_mean_rank": 1286.3797039210274,
        "harmonic_mean_rank": 347.8508743939404,
        "hits_at_1": 0.0,
        "hits_at_10": 0.0,
        "hits_at_3": 0.0,
        "hits_at_5": 0.0,
        "inverse_arithmetic_mean_rank": 0.0005149490599960047,
        "inverse_geometric_mean_rank": 0.0007773754490621156,
        "inverse_harmonic_mean_rank": 0.002874795130937351,
        "inverse_median_rank": 0.0005506607929515419,
        "median_absolute_deviation": 1663.4796891632855,
        "median_rank": 1816.0,
        "standard_deviation": 1277.8411838667935,
        "variance": 1632878.091186088,
        "z_arithmetic_mean_rank": -1941.9396551724137,
        "z_hits_at_1": 0.0,
        "z_hits_at_10": 0.0,
        "z_hits_at_3": 0.0,
        "z_hits_at_5": 0.0,
        "z_inverse_harmonic_mean_rank": 0.002874795130937351
      },
      "pessimistic": {
        "adjusted_arithmetic_mean_rank": 0.903880120097832,
        "adjusted_arithmetic_mean_rank_index": 0.09616463994714308,
        "adjusted_hits_at_1": -0.0002328424225031101,
        "adjusted_hits_at_10": -0.002333313875127404,
        "adjusted_hits_at_3": -0.000698852712626492,
        "adjusted_hits_at_5": -0.0011652974352265699,
        "adjusted_inverse_harmonic_mean_rank": 0.0009288471020369543,
        "arithmetic_mean_rank": 1941.9396551724137,
        "count": 116.0,
        "geometric_mean_rank": 1286.3797039210274,
        "harmonic_mean_rank": 347.8508743939404,
        "hits_at_1": 0.0,
        "hits_at_10": 0.0,
        "hits_at_3": 0.0,
        "hits_at_5": 0.0,
        "inverse_arithmetic_mean_rank": 0.0005149490599960047,
        "inverse_geometric_mean_rank": 0.0007773754490621156,
        "inverse_harmonic_mean_rank": 0.002874795130937351,
        "inverse_median_rank": 0.0005506607929515419,
        "median_absolute_deviation": 1663.4796891632855,
        "median_rank": 1816.0,
        "standard_deviation": 1277.8411838667935,
        "variance": 1632878.091186088,
        "z_arithmetic_mean_rank": -1941.9396551724137,
        "z_hits_at_1": 0.0,
        "z_hits_at_10": 0.0,
        "z_hits_at_3": 0.0,
        "z_hits_at_5": 0.0,
        "z_inverse_harmonic_mean_rank": 0.002874795130937351
      },
      "realistic": {
        "adjusted_arithmetic_mean_rank": 0.9038801396902106,
        "adjusted_arithmetic_mean_rank_index": 0.096164620345641,
        "adjusted_hits_at_1": -0.0002328424225031101,
        "adjusted_hits_at_10": -0.002333313875127404,