{
  "losses": [
    0.004124879571344686,
    0.003930586184028344,
    0.0038479785446402293,
    0.0037936985323956326,
    0.0036923607949226507,
    0.003605240185241672,
    0.003461384628201226,
    0.0033578089824405593,
    0.003238997472480768,
    0.0031126257339361726,
    0.003036330844341908,
    0.0029591137971815436,
    0.002929235260843204,
    0.0028478471559685733,
    0.0028473652491303254,
    0.002837576350421261,
    0.0028064516852917523,
    0.0027932064101377327,
    0.0027826348634148483,
    0.002772912208046312,
    0.0027457709578417645,
    0.0027682327425671617,
    0.002755097959150888,
    0.00272764435274602,
    0.002707772323592773,
    0.0027294105689544706,
    0.002699353556181751,
    0.0027191190861498085,
    0.0026832945080709977,
    0.0027074556265686747
  ],
  "metrics": {
    "both": {
      "optimistic": {
        "adjusted_arithmetic_mean_rank": 0.6203823313315854,
        "adjusted_arithmetic_mean_rank_index": 0.37977768163181447,
        "adjusted_hits_at_1": -0.00021078182213830787,
        "adjusted_hits_at_10": 0.0022076230898972794,
        "adjusted_hits_at_3": -0.0006326121526994293,
        "adjusted_hits_at_5": -0.0010547984400402608,
        "adjusted_inverse_harmonic_mean_rank": 0.0015569825938546993,
        "arithmetic_mean_rank": 1472.426724137931,
        "count": 232.0,
        "geometric_mean_rank": 919.081611099976,
        "harmonic_mean_rank": 299.55776205037523,
        "hits_at_1": 0.0,
        "hits_at_10": 0.004310344827586207,
        "hits_at_3": 0.0,
        "hits_at_5": 0.0,
        "inverse_arithmetic_mean_rank": 0.0006791509442247288,
        "inverse_geometric_mean_rank": 0.0010880426590226075,
        "inverse_harmonic_mean_rank": 0.0033382543425192054,
        "inverse_median_rank": 0.0008865248226950354,
        "median_absolute_deviation": 1198.6838936617792,
        "median_rank": 1128.0,
        "standard_deviation": 1144.7306089401302,
        "variance": 1310408.1670444412,
        "z_arithmetic_mean_rank": -1472.426724137931,
        "z_hits_at_1": 0.0,
        "z_hits_at_10": 0.004310344827586207,
        "z_hits_at_3": 0.0,
        "z_hits_at_5": 0.0,
        "z_inverse_harmonic_mean_rank": 0.0033382543425192054
      },
      "pessimistic": {
        "adjusted_arithmetic_mean_rank": 0.6203823313315854,
        "adjusted_arithmetic_mean_rank_index": 0.37977768163181447,
        "adjusted_hits_at_1": -0.00021078182213830787,
        "adjusted_hits_at_10": 0.0022076230898972794,
        "adjusted_hits_at_3": -0.0006326121526994293,
        "adjusted_hits_at_5": -0.0010547984400402608,
        "adjusted_inverse_harmonic_mean_rank": 0.0015569825938546993,
        "arithmetic_mean_rank": 1472.426724137931,
        "count": 232.0,
        "geometric_mean_rank": 919.081611099976,
        "harmonic_mean_rank": 299.55776205037523,
        "hits_at_1": 0.0,
        "hits_at_10": 0.004310344827586207,
        "hits_at_3": 0.0,
        "hits_at_5": 0.0,
        "inverse_arithmetic_mean_rank": 0.0006791509442247288,
        "inverse_geometric_mean_rank": 0.0010880426590226075,
        "inverse_harmonic_mean_rank": 0.0033382543425192054,
        "inverse_median_rank": 0.0008865248226950354,
        "median_absolute_deviation": 1198.6838936617792,
        "median_rank": 1128.0,
        "standard_deviation": 1144.7306089401302,
        "variance": 1310408.1670444412,
        "z_arithmetic_mean_rank": -1472.426724137931,
        "z_hits_at_1": 0.0,
        "z_hits_at_10": 0.004310344827586207,
        "z_hits_at_3": 0.0,
        "z_hits_at_5": 0.0,
        "z_inverse_harmonic_mean_rank": 0.0033382543425192054
      },
      "realistic": {
        "adjusted_arithmetic_mean_rank": 0.6203823455198009,
        "adjusted_arithmetic_mean_rank_index": 0.37977766743761854,
        "adjusted_hits_at_1": -0.00021078182213830787,
        "adjusted_hits_at_10": 0.0022076230898972794,
        "adjusted_hits_at_3": -0.0006326121526994293,
        "adjusted_hits_at_5": -0.0010547984400402608,
        "adjusted_inverse_harmonic_mean_rank": 0.0015569824685557493,
        "arithmetic_mean_rank": 1472.4267578125,
        "count": 232.0,
        "geometric_mean_rank": 919.0814208984375,
        "harmonic_mean_rank": 299.5577732739992,
        "hits_at_1": 0.0,
        "hits_at_10": 0.004310344827586207,
        "hits_at_3": 0.0,
        "hits_at_5": 0.0,
        "inverse_arithmetic_mean_rank": 0.0006791509222239256,
        "inverse_geometric_mean_rank": 0.0010880428599193692,
        "inverse_harmonic_mean_rank": 0.003338254217443795,
        "inverse_median_rank": 0.0008865247946232557,
        "median_absolute_deviation": 1198.6838936617792,
        "median_rank": 1128.0,
        "standard_deviation": 1144.7305908203125,
        "variance": 1310408.0,
        "z_arithmetic_mean_rank": -1472.4267578125,
        "z_hits_at_1": 0.0,
        "z_hits_at_10": 0.004310344827586207,
        "z_hits_at_3": 0.0,
        "z_hits_at_5": 0.0,
        "z_inverse_harmonic_mean_rank": 0.003338254217443795
      }
    },
    "head": {
      "optimistic": {
        "adjusted_arithmetic_mean_rank": 0.5502202560358926,
        "adjusted_arithmetic_mean_rank_index": 0.44997134765354374,
        "adjusted_hits_at_1": -0.00021300333008983274,
        "adjusted_hits_at_10": 0.00650496279852207,
        "adjusted_hits_at_3": -0.0006392823287993019,
        "adjusted_hits_at_5": -0.001065924832605045,
        "adjusted_inverse_harmonic_mean_rank": 0.003640514277138219,
        "arithmetic_mean_rank": 1292.1637931034484,
        "count": 116.0,
        "geometric_mean_rank": 665.6809715090292,
        "harmonic_mean_rank": 184.00171837533978,
        "hits_at_1": 0.0,
        "hits_at_10": 0.008620689655172414,
        "hits_at_3": 0.0,
        "hits_at_5": 0.0,
        "inverse_arithmetic_mean_rank": 0.0007738956975402125,
        "inverse_geometric_mean_rank": 0.001502221098093137,
        "inverse_harmonic_mean_rank": 0.005434731853754371,
        "inverse_median_rank": 0.0012399256044637321,
        "median_absolute_deviation": 934.780698767782,
        "median_rank": 806.5,
        "standard_deviation": 1270.8000734262234,
        "variance": 1614932.826620095,
        "z_arithmetic_mean_rank": -1292.1637931034484,
        "z_hits_at_1": 0.0,
        "z_hits_at_10": 0.008620689655172414,
        "z_hits_at_3": 0.0,
        "z_hits_at_5": 0.0,
        "z_inverse_harmonic_mean_rank": 0.005434731853754371
      },
      "pessimistic": {
        "adjusted_arithmetic_mean_rank": 0.5502202560358926,
        "adjusted_arithmetic_mean_rank_index": 0.44997134765354374,
        "adjusted_hits_at_1": -0.00021300333008983274,
        "adjusted_hits_at_10": 0.00650496279852207,
        "adjusted_hits_at_3": -0.0006392823287993019,
        "adjusted_hits_at_5": -0.001065924832605045,
        "adjusted_inverse_harmonic_mean_rank": 0.003640514277138219,
        "arithmetic_mean_rank": 1292.1637931034484,
        "count": 116.0,
        "geometric_mean_rank": 665.6809715090292,
        "harmonic_mean_rank": 184.00171837533978,
        "hits_at_1": 0.0,
        "hits_at_10": 0.008620689655172414,
        "hits_at_3": 0.0,
        "hits_at_5": 0.0,
        "inverse_arithmetic_mean_rank": 0.0007738956975402125,
        "inverse_geometric_mean_rank": 0.001502221098093137,
        "inverse_harmonic_mean_rank": 0.005434731853754371,
        "inverse_median_rank": 0.0012399256044637321,
        "median_absolute_deviation": 934.780698767782,
        "median_rank": 806.5,
        "standard_deviation": 1270.8000734262234,
        "variance": 1614932.826620095,
        "z_arithmetic_mean_rank": -1292.1637931034484,
        "z_hits_at_1": 0.0,
        "z_hits_at_10": 0.008620689655172414,
        "z_hits_at_3": 0.0,
        "z_hits_at_5": 0.0,
        "z_inverse_harmonic_mean_rank": 0.005434731853754371
      },
      "realistic": {
        "adjusted_arithmetic_mean_rank": 0.5502202667901969,