{
  "losses": [
    0.18983811621536412,
    0.16298501243520075,
    0.1483568129830458,
    0.13802452769870321,
    0.13085512462620794,
    0.12583429837369048,
    0.12217760106165951,
    0.11940649809388394,
    0.11720813764778147,
    0.11502677674365613,
    0.11298284179639705,
    0.11095186765133189,
    0.10886157106889327,
    0.10683158006835261,
    0.10483708211323071,
    0.1028399453968264,
    0.10076061311051628,
    0.09874307140586792,
    0.0967236654376863,
    0.09469137196942673,
    0.0926762698005606,
    0.09070264456552322,
    0.08875676912181701,
    0.08678595073739705,
    0.08489166964293172,
    0.08297750816439428,
    0.08111972129816722,
    0.07929251841856524,
    0.07750931025111497,
    0.07573002524048757
  ],
  "metrics": {
    "both": {
      "optimistic": {
        "adjusted_arithmetic_mean_rank": 1.0724540114415737,
        "adjusted_arithmetic_mean_rank_index": -0.07248452525999616,
        "adjusted_hits_at_1": -0.00021059714390775285,
        "adjusted_hits_at_10": -0.0021099706231602297,
        "adjusted_hits_at_3": -0.0006320576507953436,
        "adjusted_hits_at_5": -0.0010538734905273447,
        "adjusted_inverse_harmonic_mean_rank": -0.000287618523129722,
        "arithmetic_mean_rank": 2547.5775862068967,
        "count": 232.0,
        "geometric_mean_rank": 1914.66990313001,
        "harmonic_mean_rank": 668.6337789547533,
        "hits_at_1": 0.0,
        "hits_at_10": 0.0,
        "hits_at_3": 0.0,
        "hits_at_5": 0.0,
        "inverse_arithmetic_mean_rank": 0.0003925297527400945,
        "inverse_geometric_mean_rank": 0.0005222832397194149,
        "inverse_harmonic_mean_rank": 0.0014955870185967232,
        "inverse_median_rank": 0.0003589375448671931,
        "median_absolute_deviation": 1028.9259396428877,
        "median_rank": 2786.0,
        "standard_deviation": 1193.2469116893799,
        "variance": 1423838.1922562425,
        "z_arithmetic_mean_rank": -2547.5775862068967,
        "z_hits_at_1": 0.0,
        "z_hits_at_10": 0.0,
        "z_hits_at_3": 0.0,
        "z_hits_at_5": 0.0,
        "z_inverse_harmonic_mean_rank": 0.0014955870185967232
      },
      "pessimistic": {
        "adjusted_arithmetic_mean_rank": 1.0724540114415737,
        "adjusted_arithmetic_mean_rank_index": -0.07248452525999616,
        "adjusted_hits_at_1": -0.00021059714390775285,
        "adjusted_hits_at_10": -0.0021099706231602297,
        "adjusted_hits_at_3": -0.0006320576507953436,
        "adjusted_hits_at_5": -0.0010538734905273447,
        "adjusted_inverse_harmonic_mean_rank": -0.000287618523129722,
        "arithmetic_mean_rank": 2547.5775862068967,
        "count": 232.0,
        "geometric_mean_rank": 1914.66990313001,
        "harmonic_mean_rank": 668.6337789547533,
        "hits_at_1": 0.0,
        "hits_at_10": 0.0,
        "hits_at_3": 0.0,
        "hits_at_5": 0.0,
        "inverse_arithmetic_mean_rank": 0.0003925297527400945,
        "inverse_geometric_mean_rank": 0.0005222832397194149,
        "inverse_harmonic_mean_rank": 0.0014955870185967232,
        "inverse_median_rank": 0.0003589375448671931,
        "median_absolute_deviation": 1028.9259396428877,
        "median_rank": 2786.0,
        "standard_deviation": 1193.2469116893799,
        "variance": 1423838.1922562425,
        "z_arithmetic_mean_rank": -2547.5775862068967,
        "z_hits_at_1": 0.0,
        "z_hits_at_10": 0.0,
        "z_hits_at_3": 0.0,
        "z_hits_at_5": 0.0,
        "z_inverse_harmonic_mean_rank": 0.0014955870185967232
      },
      "realistic": {
        "adjusted_arithmetic_mean_rank": 1.072454032705554,
        "adjusted_arithmetic_mean_rank_index": -0.07248454653293179,
        "adjusted_hits_at_1": -0.00021059714390775285,
        "adjusted_hits_at_10": -0.0021099706231602297,
        "adjusted_hits_at_3": -0.0006320576507953436,
        "adjusted_hits_at_5": -0.0010538734905273447,
        "adjusted_inverse_harmonic_mean_rank": -0.0002876186410611947,
        "arithmetic_mean_rank": 2547.57763671875,
        "count": 232.0,
        "geometric_mean_rank": 1914.6700439453125,
        "harmonic_mean_rank": 668.633831584524,
        "hits_at_1": 0.0,
        "hits_at_10": 0.0,
        "hits_at_3": 0.0,
        "hits_at_5": 0.0,
        "inverse_arithmetic_mean_rank": 0.0003925297351088375,
        "inverse_geometric_mean_rank": 0.0005222831969149411,
        "inverse_harmonic_mean_rank": 0.0014955869008754861,
        "inverse_median_rank": 0.00035893754102289677,
        "median_absolute_deviation": 1028.9259396428877,
        "median_rank": 2786.0,
        "standard_deviation": 1193.2469482421875,
        "variance": 1423838.25,
        "z_arithmetic_mean_rank": -2547.57763671875,
        "z_hits_at_1": 0.0,
        "z_hits_at_10": 0.0,
        "z_hits_at_3": 0.0,
        "z_hits_at_5": 0.0,
        "z_inverse_harmonic_mean_rank": 0.0014955869008754861
      }
    },
    "head": {
      "optimistic": {
        "adjusted_arithmetic_mean_rank": 0.8568423354114908,
        "adjusted_arithmetic_mean_rank_index": 0.14321854276578605,
        "adjusted_hits_at_1": -0.0002126339720562082,
        "adjusted_hits_at_10": -0.0021304167112691503,
        "adjusted_hits_at_3": -0.0006381733108205046,
        "adjusted_hits_at_5": -0.0010640748941662885,
        "adjusted_inverse_harmonic_mean_rank": 0.0008554872309158543,
        "arithmetic_mean_rank": 2015.7586206896551,
        "count": 116.0,
        "geometric_mean_rank": 1215.0262991101422,
        "harmonic_mean_rank": 377.0800169894881,
        "hits_at_1": 0.0,
        "hits_at_10": 0.0,
        "hits_at_3": 0.0,
        "hits_at_5": 0.0,
        "inverse_arithmetic_mean_rank": 0.0004960911439177516,
        "inverse_geometric_mean_rank": 0.0008230274527657363,
        "inverse_harmonic_mean_rank": 0.002651957024887577,
        "inverse_median_rank": 0.00045998160073597056,
        "median_absolute_deviation": 1926.6415829480297,
        "median_rank": 2174.0,
        "standard_deviation": 1390.3980490634603,
        "variance": 1933206.7348394769,
        "z_arithmetic_mean_rank": -2015.7586206896551,
        "z_hits_at_1": 0.0,
        "z_hits_at_10": 0.0,
        "z_hits_at_3": 0.0,
        "z_hits_at_5": 0.0,
        "z_inverse_harmonic_mean_rank": 0.002651957024887577
      },
      "pessimistic": {
        "adjusted_arithmetic_mean_rank": 0.8568423354114908,
        "adjusted_arithmetic_mean_rank_index": 0.14321854276578605,
        "adjusted_hits_at_1": -0.0002126339720562082,
        "adjusted_hits_at_10": -0.0021304167112691503,
        "adjusted_hits_at_3": -0.0006381733108205046,
        "adjusted_hits_at_5": -0.0010640748941662885,
        "adjusted_inverse_harmonic_mean_rank": 0.0008554872309158543,
        "arithmetic_mean_rank": 2015.7586206896551,
        "count": 116.0,
        "geometric_mean_rank": 1215.0262991101422,
        "harmonic_mean_rank": 377.0800169894881,
        "hits_at_1": 0.0,
        "hits_at_10": 0.0,
        "hits_at_3": 0.0,
        "hits_at_5": 0.0,
        "inverse_arithmetic_mean_rank": 0.0004960911439177516,
        "inverse_geometric_mean_rank": 0.0008230274527657363,
        "inverse_harmonic_mean_rank": 0.002651957024887577,
        "inverse_median_rank": 0.00045998160073597056,
        "median_absolute_deviation": 1926.6415829480297,
        "median_rank": 2174.0,
        "standard_deviation": 1390.3980490634603,
        "variance": 1933206.7348394769,
        "z_arithmetic_mean_rank": -2015.7586206896551,
        "z_hits_at_1": 0.0,
        "z_hits_at_10": 0.0,
        "z_hits_at_3": 0.0,
        "z_hits_at_5": 0.0,
        "z_inverse_harmonic_mean_rank": 0.002651957024887577
      },
      "realistic": {
        "adjusted_arithmetic_mean_rank": 0.8568423550933959,
        "adjusted_arithmetic_mean_rank_index": 0.14321852307551108,
        "adjusted_hits_at_1": -0.0002126339720562082,
        "adjusted_hits_at_10": -0.0021304167112691503,
        "adjusted_hits_at_3": -0.0006381733108205046,