{
  "losses": [
    0.003652956833657277,
    0.003042766856524191,
    0.002777714346593304,
    0.0026747144768138097,
    0.002582390660739296,
    0.002557758458192631,
    0.0025076443461940793,
    0.0024792639607310683,
    0.002424930756938083,
    0.002388220283637229,
    0.0023427595814723397,
    0.00230483135917363,
    0.002240434677376285,
    0.0022033340620538425,
    0.0021282877932229955,
    0.002070390141476759,
    0.001995497137759099,
    0.0019276203071981277,
    0.001843694374725172,
    0.0017762878530621965,
    0.0017026681958353604,
    0.0016364405138652631,
    0.0015258483827594884,
    0.0014860308688447108,
    0.0013991754938384611,
    0.0013612507581790283,
    0.0012851089237133795,
    0.0012209790800819477,
    0.001190325582625826,
    0.0011184960971251463
  ],
  "metrics": {
    "both": {
      "optimistic": {
        "adjusted_arithmetic_mean_rank": 0.8706766551059325,
        "adjusted_arithmetic_mean_rank_index": 0.1293828513678562,
        "adjusted_hits_at_1": -0.00023010141548593596,
        "adjusted_hits_at_10": -0.0023057892431773658,
        "adjusted_hits_at_3": -0.0006906220726907919,
        "adjusted_hits_at_5": -0.0011515669862038893,
        "adjusted_inverse_harmonic_mean_rank": -0.0003225532647144066,
        "arithmetic_mean_rank": 1893.0818965517242,
        "count": 232.0,
        "geometric_mean_rank": 1310.9246469627794,
        "harmonic_mean_rank": 622.8836052094726,
        "hits_at_1": 0.0,
        "hits_at_10": 0.0,
        "hits_at_3": 0.0,
        "hits_at_5": 0.0,
        "inverse_arithmetic_mean_rank": 0.0005282391648356652,
        "inverse_geometric_mean_rank": 0.0007628203515105568,
        "inverse_harmonic_mean_rank": 0.0016054363795041692,
        "inverse_median_rank": 0.0005755395683453237,
        "median_absolute_deviation": 1576.7474593807076,
        "median_rank": 1737.5,
        "standard_deviation": 1257.8141745119983,
        "variance": 1582096.4976032996,
        "z_arithmetic_mean_rank": -1893.0818965517242,
        "z_hits_at_1": 0.0,
        "z_hits_at_10": 0.0,
        "z_hits_at_3": 0.0,
        "z_hits_at_5": 0.0,
        "z_inverse_harmonic_mean_rank": 0.0016054363795041692
      },
      "pessimistic": {
        "adjusted_arithmetic_mean_rank": 0.8706766551059325,
        "adjusted_arithmetic_mean_rank_index": 0.1293828513678562,
        "adjusted_hits_at_1": -0.00023010141548593596,
        "adjusted_hits_at_10": -0.0023057892431773658,
        "adjusted_hits_at_3": -0.0006906220726907919,
        "adjusted_hits_at_5": -0.0011515669862038893,
        "adjusted_inverse_harmonic_mean_rank": -0.0003225532647144066,
        "arithmetic_mean_rank": 1893.0818965517242,
        "count": 232.0,
        "geometric_mean_rank": 1310.9246469627794,
        "harmonic_mean_rank": 622.8836052094726,
        "hits_at_1": 0.0,
        "hits_at_10": 0.0,
        "hits_at_3": 0.0,
        "hits_at_5": 0.0,
        "inverse_arithmetic_mean_rank": 0.0005282391648356652,
        "inverse_geometric_mean_rank": 0.0007628203515105568,
        "inverse_harmonic_mean_rank": 0.0016054363795041692,
        "inverse_median_rank": 0.0005755395683453237,
        "median_absolute_deviation": 1576.7474593807076,
        "median_rank": 1737.5,
        "standard_deviation": 1257.8141745119983,
        "variance": 1582096.4976032996,
        "z_arithmetic_mean_rank": -1893.0818965517242,
        "z_hits_at_1": 0.0,
        "z_hits_at_10": 0.0,
        "z_hits_at_3": 0.0,
        "z_hits_at_5": 0.0,
        "z_inverse_harmonic_mean_rank": 0.0016054363795041692
      },
      "realistic": {
        "adjusted_arithmetic_mean_rank": 0.8706766609138549,
        "adjusted_arithmetic_mean_rank_index": 0.12938284555726132,
        "adjusted_hits_at_1": -0.00023010141548593596,
        "adjusted_hits_at_10": -0.0023057892431773658,
        "adjusted_hits_at_3": -0.0006906220726907919,
        "adjusted_hits_at_5": -0.0011515669862038893,
        "adjusted_inverse_harmonic_mean_rank": -0.0003225531812772366,
        "arithmetic_mean_rank": 1893.0819091796875,
        "count": 232.0,
        "geometric_mean_rank": 1310.92431640625,
        "harmonic_mean_rank": 622.8835728995818,
        "hits_at_1": 0.0,
        "hits_at_10": 0.0,
        "hits_at_3": 0.0,
        "hits_at_5": 0.0,
        "inverse_arithmetic_mean_rank": 0.0005282391794025898,
        "inverse_geometric_mean_rank": 0.0007628205348737538,
        "inverse_harmonic_mean_rank": 0.001605436462780525,
        "inverse_median_rank": 0.0005755395395681262,
        "median_absolute_deviation": 1576.7474593807076,
        "median_rank": 1737.5,
        "standard_deviation": 1257.8140869140625,
        "variance": 1582096.375,
        "z_arithmetic_mean_rank": -1893.0819091796875,
        "z_hits_at_1": 0.0,
        "z_hits_at_10": 0.0,
        "z_hits_at_3": 0.0,
        "z_hits_at_5": 0.0,
        "z_inverse_harmonic_mean_rank": 0.001605436462780525
      }
    },
    "head": {
      "optimistic": {
        "adjusted_arithmetic_mean_rank": 1.1177590808466111,
        "adjusted_arithmetic_mean_rank_index": -0.11781387448208935,
        "adjusted_hits_at_1": -0.00023266039854272065,
        "adjusted_hits_at_10": -0.0023314859855545693,
        "adjusted_hits_at_3": -0.0006983061319941112,
        "adjusted_hits_at_5": -0.0011643856184017421,
        "adjusted_inverse_harmonic_mean_rank": -0.0011147397781451607,
        "arithmetic_mean_rank": 2403.3362068965516,
        "count": 116.0,
        "geometric_mean_rank": 1896.1984614446194,
        "harmonic_mean_rank": 1199.2726613533478,
        "hits_at_1": 0.0,
        "hits_at_10": 0.0,
        "hits_at_3": 0.0,
        "hits_at_5": 0.0,
        "inverse_arithmetic_mean_rank": 0.0004160882681043234,
        "inverse_geometric_mean_rank": 0.0005273709584376256,
        "inverse_harmonic_mean_rank": 0.0008338387359481089,
        "inverse_median_rank": 0.00041152263374485596,
        "median_absolute_deviation": 1620.484224826623,
        "median_rank": 2430.0,
        "standard_deviation": 1257.959938126187,
        "variance": 1582463.2059304398,
        "z_arithmetic_mean_rank": -2403.3362068965516,
        "z_hits_at_1": 0.0,
        "z_hits_at_10": 0.0,
        "z_hits_at_3": 0.0,
        "z_hits_at_5": 0.0,
        "z_inverse_harmonic_mean_rank": 0.0008338387359481089
      },
      "pessimistic": {
        "adjusted_arithmetic_mean_rank": 1.1177590808466111,
        "adjusted_arithmetic_mean_rank_index": -0.11781387448208935,
        "adjusted_hits_at_1": -0.00023266039854272065,
        "adjusted_hits_at_10": -0.0023314859855545693,
        "adjusted_hits_at_3": -0.0006983061319941112,
        "adjusted_hits_at_5": -0.0011643856184017421,
        "adjusted_inverse_harmonic_mean_rank": -0.0011147397781451607,
        "arithmetic_mean_rank": 2403.3362068965516,
        "count": 116.0,
        "geometric_mean_rank": 1896.1984614446194,
        "harmonic_mean_rank": 1199.2726613533478,
        "hits_at_1": 0.0,
        "hits_at_10": 0.0,
        "hits_at_3": 0.0,
        "hits_at_5": 0.0,
        "inverse_arithmetic_mean_rank": 0.0004160882681043234,
        "inverse_geometric_mean_rank": 0.0005273709584376256,
        "inverse_harmonic_mean_rank": 0.0008338387359481089,
        "inverse_median_rank": 0.00041152263374485596,
        "median_absolute_deviation": 1620.484224826623,
        "median_rank": 2430.0,
        "standard_deviation": 1257.959938126187,
        "variance": 1582463.2059304398,
        "z_arithmetic_mean_rank": -2403.3362068965516,
        "z_hits_at_1": 0.0,
        "z_hits_at_10": 0.0,
        "z_hits_at_3": 0.0,
        "z_hits_at_5": 0.0,
        "z_inverse_harmonic_mean_rank": 0.0008338387359481089
      },
      "realistic": {
        "adjusted_arithmetic_mean_rank": 1.1177590691004222,
        "adjusted_arithmetic_mean_rank_index": -0.11781386273043482,
        "adjusted_hits_at_1": -0.00023266039854272065,