{
  "losses": [
    0.06536936836065739,
    0.05389055054802886,
    0.04681799726438525,
    0.04278107297240263,
    0.03933699585846997,
    0.036415676806075166,
    0.03420194247624765,
    0.03191675909182644,
    0.03006247800270137,
    0.02786049154334582,
    0.025560964468652733,
    0.024085227311874655,
    0.022333797622348852,
    0.02137950471880694,
    0.02024182882102726,
    0.018534907647826775,
    0.01782118092889592,
    0.016649749507229628,
    0.01590997982754721,
    0.015039167952217271,
    0.014182376025721335,
    0.013688963527069359,
    0.012935627785714792,
    0.012050646183383184,
    0.01166672146784944,
    0.010798953913843824,
    0.010344818294583282,
    0.009835683468644657,
    0.008987405638932881,
    0.009171116123012185
  ],
  "metrics": {
    "both": {
      "optimistic": {
        "adjusted_arithmetic_mean_rank": 0.7762815807187978,
        "adjusted_arithmetic_mean_rank_index": 0.2238126377114571,
        "adjusted_hits_at_1": -0.00021059714390775285,
        "adjusted_hits_at_10": -0.0021099706231602297,
        "adjusted_hits_at_3": -0.0006320576507953436,
        "adjusted_hits_at_5": -0.0010538734905273447,
        "adjusted_inverse_harmonic_mean_rank": -0.000283823160163877,
        "arithmetic_mean_rank": 1844.030172413793,
        "count": 232.0,
        "geometric_mean_rank": 1331.6854906941467,
        "harmonic_mean_rank": 666.944286407041,
        "hits_at_1": 0.0,
        "hits_at_10": 0.0,
        "hits_at_3": 0.0,
        "hits_at_5": 0.0,
        "inverse_arithmetic_mean_rank": 0.0005422904760235148,
        "inverse_geometric_mean_rank": 0.0007509280584552632,
        "inverse_harmonic_mean_rank": 0.0014993756155963118,
        "inverse_median_rank": 0.0006297229219143577,
        "median_absolute_deviation": 1283.1922201165985,
        "median_rank": 1588.0,
        "standard_deviation": 1235.5516895451608,
        "variance": 1526587.9775379011,
        "z_arithmetic_mean_rank": -1844.030172413793,
        "z_hits_at_1": 0.0,
        "z_hits_at_10": 0.0,
        "z_hits_at_3": 0.0,
        "z_hits_at_5": 0.0,
        "z_inverse_harmonic_mean_rank": 0.0014993756155963118
      },
      "pessimistic": {
        "adjusted_arithmetic_mean_rank": 0.7762815807187978,
        "adjusted_arithmetic_mean_rank_index": 0.2238126377114571,
        "adjusted_hits_at_1": -0.00021059714390775285,
        "adjusted_hits_at_10": -0.0021099706231602297,
        "adjusted_hits_at_3": -0.0006320576507953436,
        "adjusted_hits_at_5": -0.0010538734905273447,
        "adjusted_inverse_harmonic_mean_rank": -0.000283823160163877,
        "arithmetic_mean_rank": 1844.030172413793,
        "count": 232.0,
        "geometric_mean_rank": 1331.6854906941467,
        "harmonic_mean_rank": 666.944286407041,
        "hits_at_1": 0.0,
        "hits_at_10": 0.0,
        "hits_at_3": 0.0,
        "hits_at_5": 0.0,
        "inverse_arithmetic_mean_rank": 0.0005422904760235148,
        "inverse_geometric_mean_rank": 0.0007509280584552632,
        "inverse_harmonic_mean_rank": 0.0014993756155963118,
        "inverse_median_rank": 0.0006297229219143577,
        "median_absolute_deviation": 1283.1922201165985,
        "median_rank": 1588.0,
        "standard_deviation": 1235.5516895451608,
        "variance": 1526587.9775379011,
        "z_arithmetic_mean_rank": -1844.030172413793,
        "z_hits_at_1": 0.0,
        "z_hits_at_10": 0.0,
        "z_hits_at_3": 0.0,
        "z_hits_at_5": 0.0,
        "z_inverse_harmonic_mean_rank": 0.0014993756155963118
      },
      "realistic": {
        "adjusted_arithmetic_mean_rank": 0.7762815718588061,
        "adjusted_arithmetic_mean_rank_index": 0.22381264657518019,
        "adjusted_hits_at_1": -0.00021059714390775285,
        "adjusted_hits_at_10": -0.0021099706231602297,
        "adjusted_hits_at_3": -0.0006320576507953436,
        "adjusted_hits_at_5": -0.0010538734905273447,
        "adjusted_inverse_harmonic_mean_rank": -0.00028382312613221264,
        "arithmetic_mean_rank": 1844.0301513671875,
        "count": 232.0,
        "geometric_mean_rank": 1331.685302734375,
        "harmonic_mean_rank": 666.9442712962434,
        "hits_at_1": 0.0,
        "hits_at_10": 0.0,
        "hits_at_3": 0.0,
        "hits_at_5": 0.0,
        "inverse_arithmetic_mean_rank": 0.0005422905087471008,
        "inverse_geometric_mean_rank": 0.0007509281858801842,
        "inverse_harmonic_mean_rank": 0.0014993756495673082,
        "inverse_median_rank": 0.0006297228974290192,
        "median_absolute_deviation": 1283.1922201165985,
        "median_rank": 1588.0,
        "standard_deviation": 1235.5517578125,
        "variance": 1526588.0,
        "z_arithmetic_mean_rank": -1844.0301513671875,
        "z_hits_at_1": 0.0,
        "z_hits_at_10": 0.0,
        "z_hits_at_3": 0.0,
        "z_hits_at_5": 0.0,
        "z_inverse_harmonic_mean_rank": 0.0014993756495673082
      }
    },
    "head": {
      "optimistic": {
        "adjusted_arithmetic_mean_rank": 0.8847505039220794,
        "adjusted_arithmetic_mean_rank_index": 0.11529850623237825,
        "adjusted_hits_at_1": -0.0002126339720562082,
        "adjusted_hits_at_10": -0.0021304167112691503,
        "adjusted_hits_at_3": -0.0006381733108205046,
        "adjusted_hits_at_5": -0.0010640748941662885,
        "adjusted_inverse_harmonic_mean_rank": -0.0008564278498158219,
        "arithmetic_mean_rank": 2081.4137931034484,
        "count": 116.0,
        "geometric_mean_rank": 1569.3134084464293,
        "harmonic_mean_rank": 1060.3104801400666,
        "hits_at_1": 0.0,
        "hits_at_10": 0.0,
        "hits_at_3": 0.0,
        "hits_at_5": 0.0,
        "inverse_arithmetic_mean_rank": 0.0004804426699358857,
        "inverse_geometric_mean_rank": 0.0006372213444540491,
        "inverse_harmonic_mean_rank": 0.0009431199811095901,
        "inverse_median_rank": 0.0005665722379603399,
        "median_absolute_deviation": 1633.8276447931732,
        "median_rank": 1765.0,
        "standard_deviation": 1336.822455321248,
        "variance": 1787094.27705113,
        "z_arithmetic_mean_rank": -2081.4137931034484,
        "z_hits_at_1": 0.0,
        "z_hits_at_10": 0.0,
        "z_hits_at_3": 0.0,
        "z_hits_at_5": 0.0,
        "z_inverse_harmonic_mean_rank": 0.0009431199811095901
      },
      "pessimistic": {
        "adjusted_arithmetic_mean_rank": 0.8847505039220794,
        "adjusted_arithmetic_mean_rank_index": 0.11529850623237825,
        "adjusted_hits_at_1": -0.0002126339720562082,
        "adjusted_hits_at_10": -0.0021304167112691503,
        "adjusted_hits_at_3": -0.0006381733108205046,
        "adjusted_hits_at_5": -0.0010640748941662885,
        "adjusted_inverse_harmonic_mean_rank": -0.0008564278498158219,
        "arithmetic_mean_rank": 2081.4137931034484,
        "count": 116.0,
        "geometric_mean_rank": 1569.3134084464293,
        "harmonic_mean_rank": 1060.3104801400666,
        "hits_at_1": 0.0,
        "hits_at_10": 0.0,
        "hits_at_3": 0.0,
        "hits_at_5": 0.0,
        "inverse_arithmetic_mean_rank": 0.0004804426699358857,
        "inverse_geometric_mean_rank": 0.0006372213444540491,
        "inverse_harmonic_mean_rank": 0.0009431199811095901,
        "inverse_median_rank": 0.0005665722379603399,
        "median_absolute_deviation": 1633.8276447931732,
        "median_rank": 1765.0,
        "standard_deviation": 1336.822455321248,
        "variance": 1787094.27705113,
        "z_arithmetic_mean_rank": -2081.4137931034484,
        "z_hits_at_1": 0.0,
        "z_hits_at_10": 0.0,
        "z_hits_at_3": 0.0,
        "z_hits_at_5": 0.0,
        "z_inverse_harmonic_mean_rank": 0.0009431199811095901
      },
      "realistic": {
        "adjusted_arithmetic_mean_rank": 0.8847505146576641,
        "adjusted_arithmetic_mean_rank_index": 0.11529849549222837,
        "adjusted_hits_at_1": -0.0002126339720562082,
        "adjusted_hits_at_10": -0.0021304167112691503,