{
  "losses": [
    0.00394323030540716,
    0.003901095865059039,
    0.003814615255101157,
    0.003637843724529184,
    0.003400182999751463,
    0.0031351452151597895,
    0.0029808786001040786,
    0.0029142024826823883,
    0.0028256249383293575,
    0.0028063771399042857,
    0.002730574578287188,
    0.0027221045401261477,
    0.0026639159477024857,
    0.002642403975398324,
    0.0026247416064863354,
    0.0026012673496238455,
    0.00256882182090062,
    0.002549597501166701,
    0.0025092438295454783,
    0.002494350404518778,
    0.0024457962765200014,
    0.0024601268645930503,
    0.0024290933115356295,
    0.002421765067276816,
    0.002387413270679619,
    0.002398518290283537,
    0.0023722436044877485,
    0.0023511079508227893,
    0.0023618469666770343,
    0.0023132145154492853
  ],
  "metrics": {
    "both": {
      "optimistic": {
        "adjusted_arithmetic_mean_rank": 1.0923104443095852,
        "adjusted_arithmetic_mean_rank_index": -0.09235293633242025,
        "adjusted_hits_at_1": -0.00023019265019276925,
        "adjusted_hits_at_10": -0.002306705381552634,
        "adjusted_hits_at_3": -0.000690896028954133,
        "adjusted_hits_at_5": -0.0011520240007951612,
        "adjusted_inverse_harmonic_mean_rank": 0.0010256179724075518,
        "arithmetic_mean_rank": 2374.0474137931033,
        "count": 232.0,
        "geometric_mean_rank": 1231.7701488367347,
        "harmonic_mean_rank": 338.7912357030191,
        "hits_at_1": 0.0,
        "hits_at_10": 0.0,
        "hits_at_3": 0.0,
        "hits_at_5": 0.0,
        "inverse_arithmetic_mean_rank": 0.00042122157889098896,
        "inverse_geometric_mean_rank": 0.0008118397746076125,
        "inverse_harmonic_mean_rank": 0.0029516702163942332,
        "inverse_median_rank": 0.00035198873636043646,
        "median_absolute_deviation": 2071.9366003615787,
        "median_rank": 2841.0,
        "standard_deviation": 1736.0133536730766,
        "variance": 3013742.3641312425,
        "z_arithmetic_mean_rank": -2374.0474137931033,
        "z_hits_at_1": 0.0,
        "z_hits_at_10": 0.0,
        "z_hits_at_3": 0.0,
        "z_hits_at_5": 0.0,
        "z_inverse_harmonic_mean_rank": 0.0029516702163942332
      },
      "pessimistic": {
        "adjusted_arithmetic_mean_rank": 1.0923104443095852,
        "adjusted_arithmetic_mean_rank_index": -0.09235293633242025,
        "adjusted_hits_at_1": -0.00023019265019276925,
        "adjusted_hits_at_10": -0.002306705381552634,
        "adjusted_hits_at_3": -0.000690896028954133,
        "adjusted_hits_at_5": -0.0011520240007951612,
        "adjusted_inverse_harmonic_mean_rank": 0.0010256179724075518,
        "arithmetic_mean_rank": 2374.0474137931033,
        "count": 232.0,
        "geometric_mean_rank": 1231.7701488367347,
        "harmonic_mean_rank": 338.7912357030191,
        "hits_at_1": 0.0,
        "hits_at_10": 0.0,
        "hits_at_3": 0.0,
        "hits_at_5": 0.0,
        "inverse_arithmetic_mean_rank": 0.00042122157889098896,
        "inverse_geometric_mean_rank": 0.0008118397746076125,
        "inverse_harmonic_mean_rank": 0.0029516702163942332,
        "inverse_median_rank": 0.00035198873636043646,
        "median_absolute_deviation": 2071.9366003615787,
        "median_rank": 2841.0,
        "standard_deviation": 1736.0133536730766,
        "variance": 3013742.3641312425,
        "z_arithmetic_mean_rank": -2374.0474137931033,
        "z_hits_at_1": 0.0,
        "z_hits_at_10": 0.0,
        "z_hits_at_3": 0.0,
        "z_hits_at_5": 0.0,
        "z_inverse_harmonic_mean_rank": 0.0029516702163942332
      },
      "realistic": {
        "adjusted_arithmetic_mean_rank": 1.0923104210688426,
        "adjusted_arithmetic_mean_rank_index": -0.0923529130809797,
        "adjusted_hits_at_1": -0.00023019265019276925,
        "adjusted_hits_at_10": -0.002306705381552634,
        "adjusted_hits_at_3": -0.000690896028954133,
        "adjusted_hits_at_5": -0.0011520240007951612,
        "adjusted_inverse_harmonic_mean_rank": 0.0010256180657862931,
        "arithmetic_mean_rank": 2374.04736328125,
        "count": 232.0,
        "geometric_mean_rank": 1231.7701416015625,
        "harmonic_mean_rank": 338.7912250057186,
        "hits_at_1": 0.0,
        "hits_at_10": 0.0,
        "hits_at_3": 0.0,
        "hits_at_5": 0.0,
        "inverse_arithmetic_mean_rank": 0.0004212216008454561,
        "inverse_geometric_mean_rank": 0.0008118397672660649,
        "inverse_harmonic_mean_rank": 0.0029516703095929376,
        "inverse_median_rank": 0.0003519887395668775,
        "median_absolute_deviation": 2071.9366003615787,
        "median_rank": 2841.0,
        "standard_deviation": 1736.0133056640625,
        "variance": 3013742.0,
        "z_arithmetic_mean_rank": -2374.04736328125,
        "z_hits_at_1": 0.0,
        "z_hits_at_10": 0.0,
        "z_hits_at_3": 0.0,
        "z_hits_at_5": 0.0,
        "z_inverse_harmonic_mean_rank": 0.0029516703095929376
      }
    },
    "head": {
      "optimistic": {
        "adjusted_arithmetic_mean_rank": 1.5388091084622948,
        "adjusted_arithmetic_mean_rank_index": -0.5390600151420821,
        "adjusted_hits_at_1": -0.0002328424225031101,
        "adjusted_hits_at_10": -0.002333313875127404,
        "adjusted_hits_at_3": -0.000698852712626492,
        "adjusted_hits_at_5": -0.0011652974352265699,
        "adjusted_inverse_harmonic_mean_rank": -0.0014081034474100892,
        "arithmetic_mean_rank": 3306.051724137931,
        "count": 116.0,
        "geometric_mean_rank": 2841.53193005414,
        "harmonic_mean_rank": 1843.6700751246883,
        "hits_at_1": 0.0,
        "hits_at_10": 0.0,
        "hits_at_3": 0.0,
        "hits_at_5": 0.0,
        "inverse_arithmetic_mean_rank": 0.00030247560638536436,
        "inverse_geometric_mean_rank": 0.000351922844654062,
        "inverse_harmonic_mean_rank": 0.0005423963937432621,
        "inverse_median_rank": 0.00024850894632206757,
        "median_absolute_deviation": 378.0635657189285,
        "median_rank": 4024.0,
        "standard_deviation": 1228.5230047445928,
        "variance": 1509268.7731866827,
        "z_arithmetic_mean_rank": -3306.051724137931,
        "z_hits_at_1": 0.0,
        "z_hits_at_10": 0.0,
        "z_hits_at_3": 0.0,
        "z_hits_at_5": 0.0,
        "z_inverse_harmonic_mean_rank": 0.0005423963937432621
      },
      "pessimistic": {
        "adjusted_arithmetic_mean_rank": 1.5388091084622948,
        "adjusted_arithmetic_mean_rank_index": -0.5390600151420821,
        "adjusted_hits_at_1": -0.0002328424225031101,
        "adjusted_hits_at_10": -0.002333313875127404,
        "adjusted_hits_at_3": -0.000698852712626492,
        "adjusted_hits_at_5": -0.0011652974352265699,
        "adjusted_inverse_harmonic_mean_rank": -0.0014081034474100892,
        "arithmetic_mean_rank": 3306.051724137931,
        "count": 116.0,
        "geometric_mean_rank": 2841.53193005414,
        "harmonic_mean_rank": 1843.6700751246883,
        "hits_at_1": 0.0,
        "hits_at_10": 0.0,
        "hits_at_3": 0.0,
        "hits_at_5": 0.0,
        "inverse_arithmetic_mean_rank": 0.00030247560638536436,
        "inverse_geometric_mean_rank": 0.000351922844654062,
        "inverse_harmonic_mean_rank": 0.0005423963937432621,
        "inverse_median_rank": 0.00024850894632206757,
        "median_absolute_deviation": 378.0635657189285,
        "median_rank": 4024.0,
        "standard_deviation": 1228.5230047445928,
        "variance": 1509268.7731866827,
        "z_arithmetic_mean_rank": -3306.051724137931,
        "z_hits_at_1": 0.0,
        "z_hits_at_10": 0.0,
        "z_hits_at_3": 0.0,
        "z_hits_at_5": 0.0,
        "z_inverse_harmonic_mean_rank": 0.0005423963937432621
      },
      "realistic": {
        "adjusted_arithmetic_mean_rank": 1.5388091241361974,
        "adjusted_arithmetic_mean_rank_index": -0.5390600308232836,
        "adjusted_hits_at_1": -0.0002328424225031101,
        "adjusted_hits_at_10": -0.002333313875127404,