{
  "losses": [
    0.003648589084065253,
    0.002737002123997058,
    0.0023716350153522112,
    0.0021163352669940558,
    0.0019137320152413924,
    0.0017428074329849123,
    0.0015842208147235652,
    0.0014473310285832148,
    0.001344028639295045,
    0.0012060876646915635,
    0.0011016197489597777,
    0.0010281295287997583,
    0.0009387234475740316,
    0.0008680086366800392,
    0.0007897533400504965,
    0.0007559590009772399,
    0.0006977546865642376,
    0.0006648721834829245,
    0.0006217991127737186,
    0.0005779314181882354,
    0.0005625954152417394,
    0.0005222815726508678,
    0.0005120100880644349,
    0.0004749662918783399,
    0.0004477154708800492,
    0.0004357099362535869,
    0.00041014005931972933,
    0.00040382404942001523,
    0.0003931070711876813,
    0.00036586453554379093
  ],
  "metrics": {
    "both": {
      "optimistic": {
        "adjusted_arithmetic_mean_rank": 0.9993783555630126,
        "adjusted_arithmetic_mean_rank_index": 0.0006219063286545534,
        "adjusted_hits_at_1": -0.00021066886899837758,
        "adjusted_hits_at_10": 0.0022087520307021045,
        "adjusted_hits_at_3": -0.0006322730074738982,
        "adjusted_hits_at_5": -0.0010542327210519083,
        "adjusted_inverse_harmonic_mean_rank": -0.00022681847846069283,
        "arithmetic_mean_rank": 2373.1939655172414,
        "count": 232.0,
        "geometric_mean_rank": 1824.5485218967913,
        "harmonic_mean_rank": 642.3409532658137,
        "hits_at_1": 0.0,
        "hits_at_10": 0.004310344827586207,
        "hits_at_3": 0.0,
        "hits_at_5": 0.0,
        "inverse_arithmetic_mean_rank": 0.00042137305864168944,
        "inverse_geometric_mean_rank": 0.0005480807925899418,
        "inverse_harmonic_mean_rank": 0.0015568056106585809,
        "inverse_median_rank": 0.0004137360364087712,
        "median_absolute_deviation": 1610.8473104063364,
        "median_rank": 2417.0,
        "standard_deviation": 1305.1161665028264,
        "variance": 1703328.2080670332,
        "z_arithmetic_mean_rank": -2373.1939655172414,
        "z_hits_at_1": 0.0,
        "z_hits_at_10": 0.004310344827586207,
        "z_hits_at_3": 0.0,
        "z_hits_at_5": 0.0,
        "z_inverse_harmonic_mean_rank": 0.0015568056106585809
      },
      "pessimistic": {
        "adjusted_arithmetic_mean_rank": 0.9993783555630126,
        "adjusted_arithmetic_mean_rank_index": 0.0006219063286545534,
        "adjusted_hits_at_1": -0.00021066886899837758,
        "adjusted_hits_at_10": 0.0022087520307021045,
        "adjusted_hits_at_3": -0.0006322730074738982,
        "adjusted_hits_at_5": -0.0010542327210519083,
        "adjusted_inverse_harmonic_mean_rank": -0.00022681847846069283,
        "arithmetic_mean_rank": 2373.1939655172414,
        "count": 232.0,
        "geometric_mean_rank": 1824.5485218967913,
        "harmonic_mean_rank": 642.3409532658137,
        "hits_at_1": 0.0,
        "hits_at_10": 0.004310344827586207,
        "hits_at_3": 0.0,
        "hits_at_5": 0.0,
        "inverse_arithmetic_mean_rank": 0.00042137305864168944,
        "inverse_geometric_mean_rank": 0.0005480807925899418,
        "inverse_harmonic_mean_rank": 0.0015568056106585809,
        "inverse_median_rank": 0.0004137360364087712,
        "median_absolute_deviation": 1610.8473104063364,
        "median_rank": 2417.0,
        "standard_deviation": 1305.1161665028264,
        "variance": 1703328.2080670332,
        "z_arithmetic_mean_rank": -2373.1939655172414,
        "z_hits_at_1": 0.0,
        "z_hits_at_10": 0.004310344827586207,
        "z_hits_at_3": 0.0,
        "z_hits_at_5": 0.0,
        "z_inverse_harmonic_mean_rank": 0.0015568056106585809
      },
      "realistic": {
        "adjusted_arithmetic_mean_rank": 0.9993783059304392,
        "adjusted_arithmetic_mean_rank_index": 0.0006219559821376563,
        "adjusted_hits_at_1": -0.00021066886899837758,
        "adjusted_hits_at_10": 0.0022087520307021045,
        "adjusted_hits_at_3": -0.0006322730074738982,
        "adjusted_hits_at_5": -0.0010542327210519083,
        "adjusted_inverse_harmonic_mean_rank": -0.00022681859376677603,
        "arithmetic_mean_rank": 2373.19384765625,
        "count": 232.0,
        "geometric_mean_rank": 1824.548828125,
        "harmonic_mean_rank": 642.3410007564886,
        "hits_at_1": 0.0,
        "hits_at_10": 0.004310344827586207,
        "hits_at_3": 0.0,
        "hits_at_5": 0.0,
        "inverse_arithmetic_mean_rank": 0.0004213730862829834,
        "inverse_geometric_mean_rank": 0.000548080715816468,
        "inverse_harmonic_mean_rank": 0.0015568054955581137,
        "inverse_median_rank": 0.0004137360374443233,
        "median_absolute_deviation": 1610.8473104063364,
        "median_rank": 2417.0,
        "standard_deviation": 1305.1162109375,
        "variance": 1703328.25,
        "z_arithmetic_mean_rank": -2373.19384765625,
        "z_hits_at_1": 0.0,
        "z_hits_at_10": 0.004310344827586207,
        "z_hits_at_3": 0.0,
        "z_hits_at_5": 0.0,
        "z_inverse_harmonic_mean_rank": 0.0015568054955581137
      }
    },
    "head": {
      "optimistic": {
        "adjusted_arithmetic_mean_rank": 0.7921719698027242,
        "adjusted_arithmetic_mean_rank_index": 0.20791646928319318,
        "adjusted_hits_at_1": -0.00021277704780802407,
        "adjusted_hits_at_10": 0.006507214735454836,
        "adjusted_hits_at_3": -0.0006386029035051311,
        "adjusted_hits_at_5": -0.0010647914918007462,
        "adjusted_inverse_harmonic_mean_rank": 0.0006331253157149007,
        "arithmetic_mean_rank": 1862.3620689655172,
        "count": 116.0,
        "geometric_mean_rank": 1398.082196207279,
        "harmonic_mean_rank": 411.3424397645687,
        "hits_at_1": 0.0,
        "hits_at_10": 0.008620689655172414,
        "hits_at_3": 0.0,
        "hits_at_5": 0.0,
        "inverse_arithmetic_mean_rank": 0.0005369525167334771,
        "inverse_geometric_mean_rank": 0.0007152655278157483,
        "inverse_harmonic_mean_rank": 0.0024310644935454473,
        "inverse_median_rank": 0.0005694760820045558,
        "median_absolute_deviation": 1320.9985766884913,
        "median_rank": 1756.0,
        "standard_deviation": 1117.671813503037,
        "variance": 1249190.2826991675,
        "z_arithmetic_mean_rank": -1862.3620689655172,
        "z_hits_at_1": 0.0,
        "z_hits_at_10": 0.008620689655172414,
        "z_hits_at_3": 0.0,
        "z_hits_at_5": 0.0,
        "z_inverse_harmonic_mean_rank": 0.0024310644935454473
      },
      "pessimistic": {
        "adjusted_arithmetic_mean_rank": 0.7921719698027242,
        "adjusted_arithmetic_mean_rank_index": 0.20791646928319318,
        "adjusted_hits_at_1": -0.00021277704780802407,
        "adjusted_hits_at_10": 0.006507214735454836,
        "adjusted_hits_at_3": -0.0006386029035051311,
        "adjusted_hits_at_5": -0.0010647914918007462,
        "adjusted_inverse_harmonic_mean_rank": 0.0006331253157149007,
        "arithmetic_mean_rank": 1862.3620689655172,
        "count": 116.0,
        "geometric_mean_rank": 1398.082196207279,
        "harmonic_mean_rank": 411.3424397645687,
        "hits_at_1": 0.0,
        "hits_at_10": 0.008620689655172414,
        "hits_at_3": 0.0,
        "hits_at_5": 0.0,
        "inverse_arithmetic_mean_rank": 0.0005369525167334771,
        "inverse_geometric_mean_rank": 0.0007152655278157483,
        "inverse_harmonic_mean_rank": 0.0024310644935454473,
        "inverse_median_rank": 0.0005694760820045558,
        "median_absolute_deviation": 1320.9985766884913,
        "median_rank": 1756.0,
        "standard_deviation": 1117.671813503037,
        "variance": 1249190.2826991675,
        "z_arithmetic_mean_rank": -1862.3620689655172,
        "z_hits_at_1": 0.0,
        "z_hits_at_10": 0.008620689655172414,
        "z_hits_at_3": 0.0,
        "z_hits_at_5": 0.0,
        "z_inverse_harmonic_mean_rank": 0.0024310644935454473
      },
      "realistic": {
        "adjusted_arithmetic_mean_rank": 0.7921719662217812,