{
  "losses": [
    13.28068859862546,
    10.706785918158168,
    8.571370874095498,
    6.799541274163172,
    5.331126094331196,
    4.117213522940542,
    3.117069102606065,
    2.2964203026084884,
    1.6262678407515454,
    1.0820803261113436,
    0.6447110309075766,
    0.30927808384860567,
    0.09708588273114063,
    0.01607974695373778,
    0.004285541738876987,
    0.003917978090820855,
    0.003911443370184649,
    0.00390944126305627,
    0.0039071284872273,
    0.003908459752175142,
    0.003905456397599624,
    0.003903884017663536,
    0.003903903003830729,
    0.003899220134628716,
    0.0038974354528646914,
    0.0038983473059111535,
    0.0038965022798748117,
    0.0038962414426822545,
    0.003892819440965875,
    0.003891767292064067
  ],
  "metrics": {
    "both": {
      "optimistic": {
        "adjusted_arithmetic_mean_rank": 1.2799078208430745,
        "adjusted_arithmetic_mean_rank_index": -0.28002576292064196,
        "adjusted_hits_at_1": 0.0041005476110426604,
        "adjusted_hits_at_10": 0.0065278308298622936,
        "adjusted_hits_at_3": 0.003680687833660752,
        "adjusted_hits_at_5": 0.003260473890841458,
        "adjusted_inverse_harmonic_mean_rank": 0.003640772336892435,
        "arithmetic_mean_rank": 3038.8405172413795,
        "count": 232.0,
        "geometric_mean_rank": 2572.374619234733,
        "harmonic_mean_rank": 184.57788734566262,
        "hits_at_1": 0.004310344827586207,
        "hits_at_10": 0.008620689655172414,
        "hits_at_3": 0.004310344827586207,
        "hits_at_5": 0.004310344827586207,
        "inverse_arithmetic_mean_rank": 0.0003290728797139335,
        "inverse_geometric_mean_rank": 0.0003887458663767622,
        "inverse_harmonic_mean_rank": 0.005417767070479469,
        "inverse_median_rank": 0.0002991772625280479,
        "median_absolute_deviation": 735.3707003787786,
        "median_rank": 3342.5,
        "standard_deviation": 1061.421978671362,
        "variance": 1126616.616806629,
        "z_arithmetic_mean_rank": -3038.8405172413795,
        "z_hits_at_1": 0.004310344827586207,
        "z_hits_at_10": 0.008620689655172414,
        "z_hits_at_3": 0.004310344827586207,
        "z_hits_at_5": 0.004310344827586207,
        "z_inverse_harmonic_mean_rank": 0.005417767070479469
      },
      "pessimistic": {
        "adjusted_arithmetic_mean_rank": 1.2799114517305947,
        "adjusted_arithmetic_mean_rank_index": -0.2800293953380746,
        "adjusted_hits_at_1": 0.0041005476110426604,
        "adjusted_hits_at_10": 0.0065278308298622936,
        "adjusted_hits_at_3": 0.003680687833660752,
        "adjusted_hits_at_5": 0.003260473890841458,
        "adjusted_inverse_harmonic_mean_rank": 0.003640771655066975,
        "arithmetic_mean_rank": 3038.8491379310344,
        "count": 232.0,
        "geometric_mean_rank": 2572.3808236984296,
        "harmonic_mean_rank": 184.5779105333459,
        "hits_at_1": 0.004310344827586207,
        "hits_at_10": 0.008620689655172414,
        "hits_at_3": 0.004310344827586207,
        "hits_at_5": 0.004310344827586207,
        "inverse_arithmetic_mean_rank": 0.00032907194619106317,
        "inverse_geometric_mean_rank": 0.00038874492873969344,
        "inverse_harmonic_mean_rank": 0.0054177663898700365,
        "inverse_median_rank": 0.0002991772625280479,
        "median_absolute_deviation": 735.3707003787786,
        "median_rank": 3342.5,
        "standard_deviation": 1061.4265768778853,
        "variance": 1126626.378102705,
        "z_arithmetic_mean_rank": -3038.8491379310344,
        "z_hits_at_1": 0.004310344827586207,
        "z_hits_at_10": 0.008620689655172414,
        "z_hits_at_3": 0.004310344827586207,
        "z_hits_at_5": 0.004310344827586207,
        "z_inverse_harmonic_mean_rank": 0.0054177663898700365
      },
      "realistic": {
        "adjusted_arithmetic_mean_rank": 1.2799095937373715,
        "adjusted_arithmetic_mean_rank_index": -0.28002753656196644,
        "adjusted_hits_at_1": 0.0041005476110426604,
        "adjusted_hits_at_10": 0.0065278308298622936,
        "adjusted_hits_at_3": 0.003680687833660752,
        "adjusted_hits_at_5": 0.003260473890841458,
        "adjusted_inverse_harmonic_mean_rank": 0.003640772536627189,
        "arithmetic_mean_rank": 3038.8447265625,
        "count": 232.0,
        "geometric_mean_rank": 2572.37744140625,
        "harmonic_mean_rank": 184.57788055303644,
        "hits_at_1": 0.004310344827586207,
        "hits_at_10": 0.008620689655172414,
        "hits_at_3": 0.004310344827586207,
        "hits_at_5": 0.004310344827586207,
        "inverse_arithmetic_mean_rank": 0.0003290724125690758,
        "inverse_geometric_mean_rank": 0.00038874545134603977,
        "inverse_harmonic_mean_rank": 0.005417767269857998,
        "inverse_median_rank": 0.00029917724896222353,
        "median_absolute_deviation": 735.3707003787786,
        "median_rank": 3342.5,
        "standard_deviation": 1061.42431640625,
        "variance": 1126621.5,
        "z_arithmetic_mean_rank": -3038.8447265625,
        "z_hits_at_1": 0.004310344827586207,
        "z_hits_at_10": 0.008620689655172414,
        "z_hits_at_3": 0.004310344827586207,
        "z_hits_at_5": 0.004310344827586207,
        "z_inverse_harmonic_mean_rank": 0.005417767269857998
      }
    },
    "head": {
      "optimistic": {
        "adjusted_arithmetic_mean_rank": 1.1500682237171937,
        "adjusted_arithmetic_mean_rank_index": -0.1501321059699967,
        "adjusted_hits_at_1": 0.008409673657516584,
        "adjusted_hits_at_10": 0.015145553665235303,
        "adjusted_hits_at_3": 0.007987372057739186,
        "adjusted_hits_at_5": 0.007564710602444413,
        "adjusted_inverse_harmonic_mean_rank": 0.008750015420007926,
        "arithmetic_mean_rank": 2702.8189655172414,
        "count": 116.0,
        "geometric_mean_rank": 1977.810006962429,
        "harmonic_mean_rank": 94.93160369569023,
        "hits_at_1": 0.008620689655172414,
        "hits_at_10": 0.017241379310344827,
        "hits_at_3": 0.008620689655172414,
        "hits_at_5": 0.008620689655172414,
        "inverse_arithmetic_mean_rank": 0.00036998408430533893,
        "inverse_geometric_mean_rank": 0.0005056097382861489,
        "inverse_harmonic_mean_rank": 0.010533899787530911,
        "inverse_median_rank": 0.00032462262619704593,
        "median_absolute_deviation": 1495.9456384721523,
        "median_rank": 3080.5,
        "standard_deviation": 1355.9326450514313,
        "variance": 1838553.3379161712,
        "z_arithmetic_mean_rank": -2702.8189655172414,
        "z_hits_at_1": 0.008620689655172414,
        "z_hits_at_10": 0.017241379310344827,
        "z_hits_at_3": 0.008620689655172414,
        "z_hits_at_5": 0.008620689655172414,
        "z_inverse_harmonic_mean_rank": 0.010533899787530911
      },
      "pessimistic": {
        "adjusted_arithmetic_mean_rank": 1.150071891880458,
        "adjusted_arithmetic_mean_rank_index": -0.15013577569475434,
        "adjusted_hits_at_1": 0.008409673657516584,
        "adjusted_hits_at_10": 0.015145553665235303,
        "adjusted_hits_at_3": 0.007987372057739186,
        "adjusted_hits_at_5": 0.007564710602444413,
        "adjusted_inverse_harmonic_mean_rank": 0.00875001461308799,
        "arithmetic_mean_rank": 2702.8275862068967,
        "count": 116.0,
        "geometric_mean_rank": 1977.8152186723078,
        "harmonic_mean_rank": 94.93161095457396,
        "hits_at_1": 0.008620689655172414,
        "hits_at_10": 0.017241379310344827,
        "hits_at_3": 0.008620689655172414,
        "hits_at_5": 0.008620689655172414,
        "inverse_arithmetic_mean_rank": 0.0003699829042382179,
        "inverse_geometric_mean_rank": 0.0005056084059618534,
        "inverse_harmonic_mean_rank": 0.010533898982063134,
        "inverse_median_rank": 0.00032462262619704593,
        "median_absolute_deviation": 1495.9456384721523,
        "median_rank": 3080.5,
        "standard_deviation": 1355.9362605547788,