{
  "losses": [
    0.0035382734566637925,
    0.0029935072677752016,
    0.0027546753230478943,
    0.002642063992288154,
    0.002561422286496939,
    0.002516849329224423,
    0.0024792055187221893,
    0.0024559410657733903,
    0.0023991054285363213,
    0.002358920882533928,
    0.002325544877336956,
    0.0022840773396503207,
    0.0022338617674507767,
    0.0021778181097420013,
    0.0021161969009921263,
    0.002050135553719717,
    0.001964709366109671,
    0.0019044011811536231,
    0.00182437242014524,
    0.001746348868392403,
    0.0016587814231441937,
    0.0015675560583314884,
    0.001502290442581457,
    0.0014359289698913566,
    0.0013474374982608557,
    0.0012904789877055632,
    0.0012188457281544557,
    0.001165246660648631,
    0.0011379666225672213,
    0.0010783574762965361
  ],
  "metrics": {
    "both": {
      "optimistic": {
        "adjusted_arithmetic_mean_rank": 0.7691184154810967,
        "adjusted_arithmetic_mean_rank_index": 0.23097890361014295,
        "adjusted_hits_at_1": -0.00021078182213830787,
        "adjusted_hits_at_10": 0.006527070608988633,
        "adjusted_hits_at_3": 0.003680459451407034,
        "adjusted_hits_at_5": 0.007574984305132501,
        "adjusted_inverse_harmonic_mean_rank": 0.004400900133996247,
        "arithmetic_mean_rank": 1825.4396551724137,
        "count": 232.0,
        "geometric_mean_rank": 955.5925146410915,
        "harmonic_mean_rank": 161.8883120760499,
        "hits_at_1": 0.0,
        "hits_at_10": 0.008620689655172414,
        "hits_at_3": 0.004310344827586207,
        "hits_at_5": 0.008620689655172414,
        "inverse_arithmetic_mean_rank": 0.0005478132334676106,
        "inverse_geometric_mean_rank": 0.0010464711523777343,
        "inverse_harmonic_mean_rank": 0.006177098193044549,
        "inverse_median_rank": 0.0007173601147776184,
        "median_absolute_deviation": 1646.429763650471,
        "median_rank": 1394.0,
        "standard_deviation": 1520.087680597185,
        "variance": 2310666.5567033296,
        "z_arithmetic_mean_rank": -1825.4396551724137,
        "z_hits_at_1": 0.0,
        "z_hits_at_10": 0.008620689655172414,
        "z_hits_at_3": 0.004310344827586207,
        "z_hits_at_5": 0.008620689655172414,
        "z_inverse_harmonic_mean_rank": 0.006177098193044549
      },
      "pessimistic": {
        "adjusted_arithmetic_mean_rank": 0.7691184154810967,
        "adjusted_arithmetic_mean_rank_index": 0.23097890361014295,
        "adjusted_hits_at_1": -0.00021078182213830787,
        "adjusted_hits_at_10": 0.006527070608988633,
        "adjusted_hits_at_3": 0.003680459451407034,
        "adjusted_hits_at_5": 0.007574984305132501,
        "adjusted_inverse_harmonic_mean_rank": 0.004400900133996247,
        "arithmetic_mean_rank": 1825.4396551724137,
        "count": 232.0,
        "geometric_mean_rank": 955.5925146410915,
        "harmonic_mean_rank": 161.8883120760499,
        "hits_at_1": 0.0,
        "hits_at_10": 0.008620689655172414,
        "hits_at_3": 0.004310344827586207,
        "hits_at_5": 0.008620689655172414,
        "inverse_arithmetic_mean_rank": 0.0005478132334676106,
        "inverse_geometric_mean_rank": 0.0010464711523777343,
        "inverse_harmonic_mean_rank": 0.006177098193044549,
        "inverse_median_rank": 0.0007173601147776184,
        "median_absolute_deviation": 1646.429763650471,
        "median_rank": 1394.0,
        "standard_deviation": 1520.087680597185,
        "variance": 2310666.5567033296,
        "z_arithmetic_mean_rank": -1825.4396551724137,
        "z_hits_at_1": 0.0,
        "z_hits_at_10": 0.008620689655172414,
        "z_hits_at_3": 0.004310344827586207,
        "z_hits_at_5": 0.008620689655172414,
        "z_inverse_harmonic_mean_rank": 0.006177098193044549
      },
      "realistic": {
        "adjusted_arithmetic_mean_rank": 0.7691184332163661,
        "adjusted_arithmetic_mean_rank_index": 0.230978885867398,
        "adjusted_hits_at_1": -0.00021078182213830787,
        "adjusted_hits_at_10": 0.006527070608988633,
        "adjusted_hits_at_3": 0.003680459451407034,
        "adjusted_hits_at_5": 0.007574984305132501,
        "adjusted_inverse_harmonic_mean_rank": 0.004400900013545172,
        "arithmetic_mean_rank": 1825.439697265625,
        "count": 232.0,
        "geometric_mean_rank": 955.5924072265625,
        "harmonic_mean_rank": 161.88831522717894,
        "hits_at_1": 0.0,
        "hits_at_10": 0.008620689655172414,
        "hits_at_3": 0.004310344827586207,
        "hits_at_5": 0.008620689655172414,
        "inverse_arithmetic_mean_rank": 0.0005478131934069097,
        "inverse_geometric_mean_rank": 0.0010464712977409363,
        "inverse_harmonic_mean_rank": 0.006177098072808364,
        "inverse_median_rank": 0.0007173601188696921,
        "median_absolute_deviation": 1646.429763650471,
        "median_rank": 1394.0,
        "standard_deviation": 1520.087646484375,
        "variance": 2310666.5,
        "z_arithmetic_mean_rank": -1825.439697265625,
        "z_hits_at_1": 0.0,
        "z_hits_at_10": 0.008620689655172414,
        "z_hits_at_3": 0.004310344827586207,
        "z_hits_at_5": 0.008620689655172414,
        "z_inverse_harmonic_mean_rank": 0.006177098072808364
      }
    },
    "head": {
      "optimistic": {
        "adjusted_arithmetic_mean_rank": 1.2131231361088108,
        "adjusted_arithmetic_mean_rank_index": -0.21321392538896555,
        "adjusted_hits_at_1": -0.00021300333008983274,
        "adjusted_hits_at_10": -0.0021341244814907815,
        "adjusted_hits_at_3": -0.0006392823287993019,
        "adjusted_hits_at_5": -0.001065924832605045,
        "adjusted_inverse_harmonic_mean_rank": -0.0010626266844371084,
        "arithmetic_mean_rank": 2848.956896551724,
        "count": 116.0,
        "geometric_mean_rank": 2305.35946461585,
        "harmonic_mean_rank": 1351.2414571999082,
        "hits_at_1": 0.0,
        "hits_at_10": 0.0,
        "hits_at_3": 0.0,
        "hits_at_5": 0.0,
        "inverse_arithmetic_mean_rank": 0.0003510056614792468,
        "inverse_geometric_mean_rank": 0.0004337718327005604,
        "inverse_harmonic_mean_rank": 0.0007400601829315069,
        "inverse_median_rank": 0.0003183699458771092,
        "median_absolute_deviation": 1704.2512501721894,
        "median_rank": 3141.0,
        "standard_deviation": 1376.9449716813829,
        "variance": 1895977.4550386444,
        "z_arithmetic_mean_rank": -2848.956896551724,
        "z_hits_at_1": 0.0,
        "z_hits_at_10": 0.0,
        "z_hits_at_3": 0.0,
        "z_hits_at_5": 0.0,
        "z_inverse_harmonic_mean_rank": 0.0007400601829315069
      },
      "pessimistic": {
        "adjusted_arithmetic_mean_rank": 1.2131231361088108,
        "adjusted_arithmetic_mean_rank_index": -0.21321392538896555,
        "adjusted_hits_at_1": -0.00021300333008983274,
        "adjusted_hits_at_10": -0.0021341244814907815,
        "adjusted_hits_at_3": -0.0006392823287993019,
        "adjusted_hits_at_5": -0.001065924832605045,
        "adjusted_inverse_harmonic_mean_rank": -0.0010626266844371084,
        "arithmetic_mean_rank": 2848.956896551724,
        "count": 116.0,
        "geometric_mean_rank": 2305.35946461585,
        "harmonic_mean_rank": 1351.2414571999082,
        "hits_at_1": 0.0,
        "hits_at_10": 0.0,
        "hits_at_3": 0.0,
        "hits_at_5": 0.0,
        "inverse_arithmetic_mean_rank": 0.0003510056614792468,
        "inverse_geometric_mean_rank": 0.0004337718327005604,
        "inverse_harmonic_mean_rank": 0.0007400601829315069,
        "inverse_median_rank": 0.0003183699458771092,
        "median_absolute_deviation": 1704.2512501721894,
        "median_rank": 3141.0,
        "standard_deviation": 1376.9449716813829,
        "variance": 1895977.4550386444,
        "z_arithmetic_mean_rank": -2848.956896551724,
        "z_hits_at_1": 0.0,
        "z_hits_at_10": 0.0,
        "z_hits_at_3": 0.0,
        "z_hits_at_5": 0.0,