{
  "losses": [
    0.003101676458136637,
    0.0026040302023205165,
    0.002430143006507035,
    0.002346628948447148,
    0.002287186524779167,
    0.0022641247323763928,
    0.0022183096366726186,
    0.002201754362151969,
    0.002163740676463854,
    0.0021218273863936416,
    0.002061804613108063,
    0.001976108945979173,
    0.0018213681142081118,
    0.0015870518135584226,
    0.0013621293038624492,
    0.0012288864501579055,
    0.001084687346085319,
    0.0010146760485997303,
    0.0009783465437837922,
    0.0008999342197545743,
    0.0008695914384786482,
    0.0008398023345265243,
    0.0008461050220858485,
    0.0007927186723057727,
    0.0008008480091888375,
    0.000767075828127635,
    0.0007416830206861433,
    0.0007174635349087028,
    0.0007367680493326761,
    0.000716749231788796
  ],
  "metrics": {
    "both": {
      "optimistic": {
        "adjusted_arithmetic_mean_rank": 0.13472517302944775,
        "adjusted_arithmetic_mean_rank_index": 0.8656726812723496,
        "adjusted_hits_at_1": 0.012704077400935045,
        "adjusted_hits_at_10": 0.09274200454494123,
        "adjusted_hits_at_3": 0.020876488852090935,
        "adjusted_hits_at_5": 0.05063294748404441,
        "adjusted_inverse_harmonic_mean_rank": 0.03903100056597769,
        "arithmetic_mean_rank": 293.14224137931035,
        "count": 232.0,
        "geometric_mean_rank": 138.96248087694428,
        "harmonic_mean_rank": 24.460672672930183,
        "hits_at_1": 0.01293103448275862,
        "hits_at_10": 0.09482758620689655,
        "hits_at_3": 0.021551724137931036,
        "hits_at_5": 0.05172413793103448,
        "inverse_arithmetic_mean_rank": 0.0034113132085459275,
        "inverse_geometric_mean_rank": 0.007196187011698013,
        "inverse_harmonic_mean_rank": 0.040881950115242205,
        "inverse_median_rank": 0.004158004158004158,
        "median_absolute_deviation": 312.829068104682,
        "median_rank": 240.5,
        "standard_deviation": 243.30632305050258,
        "variance": 59197.96683635553,
        "z_arithmetic_mean_rank": -293.14224137931035,
        "z_hits_at_1": 0.01293103448275862,
        "z_hits_at_10": 0.09482758620689655,
        "z_hits_at_3": 0.021551724137931036,
        "z_hits_at_5": 0.05172413793103448,
        "z_inverse_harmonic_mean_rank": 0.040881950115242205
      },
      "pessimistic": {
        "adjusted_arithmetic_mean_rank": 0.13472517302944775,
        "adjusted_arithmetic_mean_rank_index": 0.8656726812723496,
        "adjusted_hits_at_1": 0.012704077400935045,
        "adjusted_hits_at_10": 0.09274200454494123,
        "adjusted_hits_at_3": 0.020876488852090935,
        "adjusted_hits_at_5": 0.05063294748404441,
        "adjusted_inverse_harmonic_mean_rank": 0.03903100056597769,
        "arithmetic_mean_rank": 293.14224137931035,
        "count": 232.0,
        "geometric_mean_rank": 138.96248087694428,
        "harmonic_mean_rank": 24.460672672930183,
        "hits_at_1": 0.01293103448275862,
        "hits_at_10": 0.09482758620689655,
        "hits_at_3": 0.021551724137931036,
        "hits_at_5": 0.05172413793103448,
        "inverse_arithmetic_mean_rank": 0.0034113132085459275,
        "inverse_geometric_mean_rank": 0.007196187011698013,
        "inverse_harmonic_mean_rank": 0.040881950115242205,
        "inverse_median_rank": 0.004158004158004158,
        "median_absolute_deviation": 312.829068104682,
        "median_rank": 240.5,
        "standard_deviation": 243.30632305050258,
        "variance": 59197.96683635553,
        "z_arithmetic_mean_rank": -293.14224137931035,
        "z_hits_at_1": 0.01293103448275862,
        "z_hits_at_10": 0.09482758620689655,
        "z_hits_at_3": 0.021551724137931036,
        "z_hits_at_5": 0.05172413793103448,
        "z_inverse_harmonic_mean_rank": 0.040881950115242205
      },
      "realistic": {
        "adjusted_arithmetic_mean_rank": 0.134725173513088,
        "adjusted_arithmetic_mean_rank_index": 0.865672680788487,
        "adjusted_hits_at_1": 0.012704077400935045,
        "adjusted_hits_at_10": 0.09274200454494123,
        "adjusted_hits_at_3": 0.020876488852090935,
        "adjusted_hits_at_5": 0.05063294748404441,
        "adjusted_inverse_harmonic_mean_rank": 0.03903100484941309,
        "arithmetic_mean_rank": 293.1422424316406,
        "count": 232.0,
        "geometric_mean_rank": 138.96250915527344,
        "harmonic_mean_rank": 24.460670114982516,
        "hits_at_1": 0.01293103448275862,
        "hits_at_10": 0.09482758620689655,
        "hits_at_3": 0.021551724137931036,
        "hits_at_5": 0.05172413793103448,
        "inverse_arithmetic_mean_rank": 0.003411313286051154,
        "inverse_geometric_mean_rank": 0.007196185644716024,
        "inverse_harmonic_mean_rank": 0.04088195439042716,
        "inverse_median_rank": 0.0041580041870474815,
        "median_absolute_deviation": 312.829068104682,
        "median_rank": 240.5,
        "standard_deviation": 243.3063201904297,
        "variance": 59197.96484375,
        "z_arithmetic_mean_rank": -293.1422424316406,
        "z_hits_at_1": 0.01293103448275862,
        "z_hits_at_10": 0.09482758620689655,
        "z_hits_at_3": 0.021551724137931036,
        "z_hits_at_5": 0.05172413793103448,
        "z_inverse_harmonic_mean_rank": 0.04088195439042716
      }
    },
    "head": {
      "optimistic": {
        "adjusted_arithmetic_mean_rank": 0.08571405862075103,
        "adjusted_arithmetic_mean_rank_index": 0.9147107341891972,
        "adjusted_hits_at_1": 0.025635758556769174,
        "adjusted_hits_at_10": 0.1877686457746333,
        "adjusted_hits_at_3": 0.04243622351398687,
        "adjusted_hits_at_5": 0.10240587875928242,
        "adjusted_inverse_harmonic_mean_rank": 0.07620509638784935,
        "arithmetic_mean_rank": 184.56896551724137,
        "count": 116.0,
        "geometric_mean_rank": 56.38993927924535,
        "harmonic_mean_rank": 12.820373914481605,
        "hits_at_1": 0.02586206896551724,
        "hits_at_10": 0.1896551724137931,
        "hits_at_3": 0.04310344827586207,
        "hits_at_5": 0.10344827586206896,
        "inverse_arithmetic_mean_rank": 0.0054180289584306405,
        "inverse_geometric_mean_rank": 0.017733659812044805,
        "inverse_harmonic_mean_rank": 0.07800084511345044,
        "inverse_median_rank": 0.019230769230769232,
        "median_absolute_deviation": 71.1649064882689,
        "median_rank": 52.0,
        "standard_deviation": 245.1005502370732,
        "variance": 60074.27972651605,
        "z_arithmetic_mean_rank": -184.56896551724137,
        "z_hits_at_1": 0.02586206896551724,
        "z_hits_at_10": 0.1896551724137931,
        "z_hits_at_3": 0.04310344827586207,
        "z_hits_at_5": 0.10344827586206896,
        "z_inverse_harmonic_mean_rank": 0.07800084511345044
      },
      "pessimistic": {
        "adjusted_arithmetic_mean_rank": 0.08571405862075103,
        "adjusted_arithmetic_mean_rank_index": 0.9147107341891972,
        "adjusted_hits_at_1": 0.025635758556769174,
        "adjusted_hits_at_10": 0.1877686457746333,
        "adjusted_hits_at_3": 0.04243622351398687,
        "adjusted_hits_at_5": 0.10240587875928242,
        "adjusted_inverse_harmonic_mean_rank": 0.07620509638784935,
        "arithmetic_mean_rank": 184.56896551724137,
        "count": 116.0,
        "geometric_mean_rank": 56.38993927924535,
        "harmonic_mean_rank": 12.820373914481605,
        "hits_at_1": 0.02586206896551724,
        "hits_at_10": 0.1896551724137931,
        "hits_at_3": 0.04310344827586207,
        "hits_at_5": 0.10344827586206896,
        "inverse_arithmetic_mean_rank": 0.0054180289584306405,
        "inverse_geometric_mean_rank": 0.017733659812044805,
        "inverse_harmonic_mean_rank": 0.07800084511345044,
        "inverse_median_rank": 0.019230769230769232,
        "median_absolute_deviation": 71.1649064882689,
        "median_rank": 52.0,
        "standard_deviation": 245.1005502370732,
        "variance": 60074.27972651605,