{
  "losses": [
    0.004127607990221917,
    0.003943921661275235,
    0.003853997896690463,
    0.0037825445947341305,
    0.003703472570740106,
    0.0035990080780350727,
    0.003458371155103535,
    0.003354959818182226,
    0.003209918898333312,
    0.0030995996489015295,
    0.0030326216421590773,
    0.0029837728842013155,
    0.002931745777399681,
    0.0028984942290633687,
    0.0028749997794934095,
    0.0028393562972788,
    0.002825236393605762,
    0.0028245027768882894,
    0.002809004353392991,
    0.0028377200005793683,
    0.002780625247357726,
    0.0027464263900567132,
    0.002797585123022845,
    0.0027781022237893796,
    0.0027578890136890147,
    0.002744062873778538,
    0.0027314871837676234,
    0.002676903001547384,
    0.0026990044761455805,
    0.002733197921705631
  ],
  "metrics": {
    "both": {
      "optimistic": {
        "adjusted_arithmetic_mean_rank": 0.7038641710883276,
        "adjusted_arithmetic_mean_rank_index": 0.2962720666139429,
        "adjusted_hits_at_1": -0.00023005774985504658,
        "adjusted_hits_at_10": 0.0020149309115124183,
        "adjusted_hits_at_3": -0.0006904909551560167,
        "adjusted_hits_at_5": -0.001151348255631193,
        "adjusted_inverse_harmonic_mean_rank": 0.0008104117281133937,
        "arithmetic_mean_rank": 1530.6724137931035,
        "count": 232.0,
        "geometric_mean_rank": 1026.7248647425674,
        "harmonic_mean_rank": 365.51020696738397,
        "hits_at_1": 0.0,
        "hits_at_10": 0.004310344827586207,
        "hits_at_3": 0.0,
        "hits_at_5": 0.0,
        "inverse_arithmetic_mean_rank": 0.000653307651584271,
        "inverse_geometric_mean_rank": 0.0009739707630931211,
        "inverse_harmonic_mean_rank": 0.0027359017092763002,
        "inverse_median_rank": 0.0007168458781362007,
        "median_absolute_deviation": 1263.9183912760257,
        "median_rank": 1395.0,
        "standard_deviation": 1046.0038469621854,
        "variance": 1094124.0478596909,
        "z_arithmetic_mean_rank": -1530.6724137931035,
        "z_hits_at_1": 0.0,
        "z_hits_at_10": 0.004310344827586207,
        "z_hits_at_3": 0.0,
        "z_hits_at_5": 0.0,
        "z_inverse_harmonic_mean_rank": 0.0027359017092763002
      },
      "pessimistic": {
        "adjusted_arithmetic_mean_rank": 0.7038641710883276,
        "adjusted_arithmetic_mean_rank_index": 0.2962720666139429,
        "adjusted_hits_at_1": -0.00023005774985504658,
        "adjusted_hits_at_10": 0.0020149309115124183,
        "adjusted_hits_at_3": -0.0006904909551560167,
        "adjusted_hits_at_5": -0.001151348255631193,
        "adjusted_inverse_harmonic_mean_rank": 0.0008104117281133937,
        "arithmetic_mean_rank": 1530.6724137931035,
        "count": 232.0,
        "geometric_mean_rank": 1026.7248647425674,
        "harmonic_mean_rank": 365.51020696738397,
        "hits_at_1": 0.0,
        "hits_at_10": 0.004310344827586207,
        "hits_at_3": 0.0,
        "hits_at_5": 0.0,
        "inverse_arithmetic_mean_rank": 0.000653307651584271,
        "inverse_geometric_mean_rank": 0.0009739707630931211,
        "inverse_harmonic_mean_rank": 0.0027359017092763002,
        "inverse_median_rank": 0.0007168458781362007,
        "median_absolute_deviation": 1263.9183912760257,
        "median_rank": 1395.0,
        "standard_deviation": 1046.0038469621854,
        "variance": 1094124.0478596909,
        "z_arithmetic_mean_rank": -1530.6724137931035,
        "z_hits_at_1": 0.0,
        "z_hits_at_10": 0.004310344827586207,
        "z_hits_at_3": 0.0,
        "z_hits_at_5": 0.0,
        "z_inverse_harmonic_mean_rank": 0.0027359017092763002
      },
      "realistic": {
        "adjusted_arithmetic_mean_rank": 0.7038641478609644,
        "adjusted_arithmetic_mean_rank_index": 0.2962720898519917,
        "adjusted_hits_at_1": -0.00023005774985504658,
        "adjusted_hits_at_10": 0.0020149309115124183,
        "adjusted_hits_at_3": -0.0006904909551560167,
        "adjusted_hits_at_5": -0.001151348255631193,
        "adjusted_inverse_harmonic_mean_rank": 0.0008104115139303753,
        "arithmetic_mean_rank": 1530.67236328125,
        "count": 232.0,
        "geometric_mean_rank": 1026.724853515625,
        "harmonic_mean_rank": 365.5102355266059,
        "hits_at_1": 0.0,
        "hits_at_10": 0.004310344827586207,
        "hits_at_3": 0.0,
        "hits_at_5": 0.0,
        "inverse_arithmetic_mean_rank": 0.0006533076521009207,
        "inverse_geometric_mean_rank": 0.000973970745690167,
        "inverse_harmonic_mean_rank": 0.0027359014955060236,
        "inverse_median_rank": 0.0007168458541855216,
        "median_absolute_deviation": 1263.9183912760257,
        "median_rank": 1395.0,
        "standard_deviation": 1046.00390625,
        "variance": 1094124.125,
        "z_arithmetic_mean_rank": -1530.67236328125,
        "z_hits_at_1": 0.0,
        "z_hits_at_10": 0.004310344827586207,
        "z_hits_at_3": 0.0,
        "z_hits_at_5": 0.0,
        "z_inverse_harmonic_mean_rank": 0.0027359014955060236
      }
    },
    "head": {
      "optimistic": {
        "adjusted_arithmetic_mean_rank": 0.6469534738479527,
        "adjusted_arithmetic_mean_rank_index": 0.35321073713910933,
        "adjusted_hits_at_1": -0.00023257217403122084,
        "adjusted_hits_at_10": 0.006310181000018299,
        "adjusted_hits_at_3": -0.0006980412120181476,
        "adjusted_hits_at_5": -0.0011639436737987652,
        "adjusted_inverse_harmonic_mean_rank": 0.0020526174406392903,
        "arithmetic_mean_rank": 1391.5689655172414,
        "count": 116.0,
        "geometric_mean_rank": 860.3081634135268,
        "harmonic_mean_rank": 250.3517710543959,
        "hits_at_1": 0.0,
        "hits_at_10": 0.008620689655172414,
        "hits_at_3": 0.0,
        "hits_at_5": 0.0,
        "inverse_arithmetic_mean_rank": 0.0007186133240822193,
        "inverse_geometric_mean_rank": 0.0011623741846551875,
        "inverse_harmonic_mean_rank": 0.0039943795715458395,
        "inverse_median_rank": 0.0008136696501220504,
        "median_absolute_deviation": 1163.1014404176447,
        "median_rank": 1229.0,
        "standard_deviation": 1070.0022335147323,
        "variance": 1144904.7797265158,
        "z_arithmetic_mean_rank": -1391.5689655172414,
        "z_hits_at_1": 0.0,
        "z_hits_at_10": 0.008620689655172414,
        "z_hits_at_3": 0.0,
        "z_hits_at_5": 0.0,
        "z_inverse_harmonic_mean_rank": 0.0039943795715458395
      },
      "pessimistic": {
        "adjusted_arithmetic_mean_rank": 0.6469534738479527,
        "adjusted_arithmetic_mean_rank_index": 0.35321073713910933,
        "adjusted_hits_at_1": -0.00023257217403122084,
        "adjusted_hits_at_10": 0.006310181000018299,
        "adjusted_hits_at_3": -0.0006980412120181476,
        "adjusted_hits_at_5": -0.0011639436737987652,
        "adjusted_inverse_harmonic_mean_rank": 0.0020526174406392903,
        "arithmetic_mean_rank": 1391.5689655172414,
        "count": 116.0,
        "geometric_mean_rank": 860.3081634135268,
        "harmonic_mean_rank": 250.3517710543959,
        "hits_at_1": 0.0,
        "hits_at_10": 0.008620689655172414,
        "hits_at_3": 0.0,
        "hits_at_5": 0.0,
        "inverse_arithmetic_mean_rank": 0.0007186133240822193,
        "inverse_geometric_mean_rank": 0.0011623741846551875,
        "inverse_harmonic_mean_rank": 0.0039943795715458395,
        "inverse_median_rank": 0.0008136696501220504,
        "median_absolute_deviation": 1163.1014404176447,
        "median_rank": 1229.0,
        "standard_deviation": 1070.0022335147323,
        "variance": 1144904.7797265158,
        "z_arithmetic_mean_rank": -1391.5689655172414,
        "z_hits_at_1": 0.0,
        "z_hits_at_10": 0.008620689655172414,
        "z_hits_at_3": 0.0,
        "z_hits_at_5": 0.0,
        "z_inverse_harmonic_mean_rank": 0.0039943795715458395
      },
      "realistic": {
        "adjusted_arithmetic_mean_rank": 0.6469534758049056,