{
  "losses": [
    0.1896771254665011,
    0.16307422547633085,
    0.14828653164954295,
    0.138025777051696,
    0.1308824235750576,
    0.1258580517060828,
    0.122181702992922,
    0.11942464025270062,
    0.11720411097182616,
    0.11504423264300749,
    0.11300134069983783,
    0.11091724032917968,
    0.10886446638758172,
    0.1068337455829018,
    0.10485503320399267,
    0.10284218053689642,
    0.10078773615726627,
    0.09876783465299324,
    0.09674159182632452,
    0.09471319164255212,
    0.0926907566195331,
    0.09071266914690757,
    0.08875204940767405,
    0.08677825206202575,
    0.0848770187559002,
    0.08295669231664114,
    0.0811057128961399,
    0.07926674675032372,
    0.07747963300477122,
    0.0756953116332427
  ],
  "metrics": {
    "both": {
      "optimistic": {
        "adjusted_arithmetic_mean_rank": 1.0088932885880557,
        "adjusted_arithmetic_mean_rank_index": -0.008897035228475847,
        "adjusted_hits_at_1": -0.00021066886899837758,
        "adjusted_hits_at_10": -0.002110690601199618,
        "adjusted_hits_at_3": -0.0006322730074738982,
        "adjusted_hits_at_5": -0.0010542327210519083,
        "adjusted_inverse_harmonic_mean_rank": -0.0004087194074888777,
        "arithmetic_mean_rank": 2395.7887931034484,
        "count": 232.0,
        "geometric_mean_rank": 1815.8699005000371,
        "harmonic_mean_rank": 727.1515965425353,
        "hits_at_1": 0.0,
        "hits_at_10": 0.0,
        "hits_at_3": 0.0,
        "hits_at_5": 0.0,
        "inverse_arithmetic_mean_rank": 0.0004173990640905468,
        "inverse_geometric_mean_rank": 0.0005507002454992119,
        "inverse_harmonic_mean_rank": 0.0013752290509362914,
        "inverse_median_rank": 0.0003835091083413231,
        "median_absolute_deviation": 1050.423671811219,
        "median_rank": 2607.5,
        "standard_deviation": 1154.1534116541986,
        "variance": 1332070.0976330263,
        "z_arithmetic_mean_rank": -2395.7887931034484,
        "z_hits_at_1": 0.0,
        "z_hits_at_10": 0.0,
        "z_hits_at_3": 0.0,
        "z_hits_at_5": 0.0,
        "z_inverse_harmonic_mean_rank": 0.0013752290509362914
      },
      "pessimistic": {
        "adjusted_arithmetic_mean_rank": 1.0088932885880557,
        "adjusted_arithmetic_mean_rank_index": -0.008897035228475847,
        "adjusted_hits_at_1": -0.00021066886899837758,
        "adjusted_hits_at_10": -0.002110690601199618,
        "adjusted_hits_at_3": -0.0006322730074738982,
        "adjusted_hits_at_5": -0.0010542327210519083,
        "adjusted_inverse_harmonic_mean_rank": -0.0004087194074888777,
        "arithmetic_mean_rank": 2395.7887931034484,
        "count": 232.0,
        "geometric_mean_rank": 1815.8699005000371,
        "harmonic_mean_rank": 727.1515965425353,
        "hits_at_1": 0.0,
        "hits_at_10": 0.0,
        "hits_at_3": 0.0,
        "hits_at_5": 0.0,
        "inverse_arithmetic_mean_rank": 0.0004173990640905468,
        "inverse_geometric_mean_rank": 0.0005507002454992119,
        "inverse_harmonic_mean_rank": 0.0013752290509362914,
        "inverse_median_rank": 0.0003835091083413231,
        "median_absolute_deviation": 1050.423671811219,
        "median_rank": 2607.5,
        "standard_deviation": 1154.1534116541986,
        "variance": 1332070.0976330263,
        "z_arithmetic_mean_rank": -2395.7887931034484,
        "z_hits_at_1": 0.0,
        "z_hits_at_10": 0.0,
        "z_hits_at_3": 0.0,
        "z_hits_at_5": 0.0,
        "z_inverse_harmonic_mean_rank": 0.0013752290509362914
      },
      "realistic": {
        "adjusted_arithmetic_mean_rank": 1.0088932992236073,
        "adjusted_arithmetic_mean_rank_index": -0.008897045868508036,
        "adjusted_hits_at_1": -0.00021066886899837758,
        "adjusted_hits_at_10": -0.002110690601199618,
        "adjusted_hits_at_3": -0.0006322730074738982,
        "adjusted_hits_at_5": -0.0010542327210519083,
        "adjusted_inverse_harmonic_mean_rank": -0.0004087193926104344,
        "arithmetic_mean_rank": 2395.788818359375,
        "count": 232.0,
        "geometric_mean_rank": 1815.869384765625,
        "harmonic_mean_rank": 727.1515886895953,
        "hits_at_1": 0.0,
        "hits_at_10": 0.0,
        "hits_at_3": 0.0,
        "hits_at_5": 0.0,
        "inverse_arithmetic_mean_rank": 0.0004173990455456078,
        "inverse_geometric_mean_rank": 0.0005507004098035395,
        "inverse_harmonic_mean_rank": 0.0013752290657882032,
        "inverse_median_rank": 0.0003835091192740947,
        "median_absolute_deviation": 1050.423671811219,
        "median_rank": 2607.5,
        "standard_deviation": 1154.1534423828125,
        "variance": 1332070.125,
        "z_arithmetic_mean_rank": -2395.788818359375,
        "z_hits_at_1": 0.0,
        "z_hits_at_10": 0.0,
        "z_hits_at_3": 0.0,
        "z_hits_at_5": 0.0,
        "z_inverse_harmonic_mean_rank": 0.0013752290657882032
      }
    },
    "head": {
      "optimistic": {
        "adjusted_arithmetic_mean_rank": 0.851036484792231,
        "adjusted_arithmetic_mean_rank_index": 0.14902690510328742,
        "adjusted_hits_at_1": -0.00021277704780802407,
        "adjusted_hits_at_10": -0.00213185296249773,
        "adjusted_hits_at_3": -0.0006386029035051311,
        "adjusted_hits_at_5": -0.0010647914918007462,
        "adjusted_inverse_harmonic_mean_rank": 0.0005695120696982024,
        "arithmetic_mean_rank": 2000.75,
        "count": 116.0,
        "geometric_mean_rank": 1218.3829784910474,
        "harmonic_mean_rank": 422.3747636945883,
        "hits_at_1": 0.0,
        "hits_at_10": 0.0,
        "hits_at_3": 0.0,
        "hits_at_5": 0.0,
        "inverse_arithmetic_mean_rank": 0.0004998125702861427,
        "inverse_geometric_mean_rank": 0.0008207599889802202,
        "inverse_harmonic_mean_rank": 0.002367565692734148,
        "inverse_median_rank": 0.00047025628967787447,
        "median_absolute_deviation": 1762.072736693908,
        "median_rank": 2126.5,
        "standard_deviation": 1386.5646451161977,
        "variance": 1922561.5150862068,
        "z_arithmetic_mean_rank": -2000.75,
        "z_hits_at_1": 0.0,
        "z_hits_at_10": 0.0,
        "z_hits_at_3": 0.0,
        "z_hits_at_5": 0.0,
        "z_inverse_harmonic_mean_rank": 0.002367565692734148
      },
      "pessimistic": {
        "adjusted_arithmetic_mean_rank": 0.851036484792231,
        "adjusted_arithmetic_mean_rank_index": 0.14902690510328742,
        "adjusted_hits_at_1": -0.00021277704780802407,
        "adjusted_hits_at_10": -0.00213185296249773,
        "adjusted_hits_at_3": -0.0006386029035051311,
        "adjusted_hits_at_5": -0.0010647914918007462,
        "adjusted_inverse_harmonic_mean_rank": 0.0005695120696982024,
        "arithmetic_mean_rank": 2000.75,
        "count": 116.0,
        "geometric_mean_rank": 1218.3829784910474,
        "harmonic_mean_rank": 422.3747636945883,
        "hits_at_1": 0.0,
        "hits_at_10": 0.0,
        "hits_at_3": 0.0,
        "hits_at_5": 0.0,
        "inverse_arithmetic_mean_rank": 0.0004998125702861427,
        "inverse_geometric_mean_rank": 0.0008207599889802202,
        "inverse_harmonic_mean_rank": 0.002367565692734148,
        "inverse_median_rank": 0.00047025628967787447,
        "median_absolute_deviation": 1762.072736693908,
        "median_rank": 2126.5,
        "standard_deviation": 1386.5646451161977,
        "variance": 1922561.5150862068,
        "z_arithmetic_mean_rank": -2000.75,
        "z_hits_at_1": 0.0,
        "z_hits_at_10": 0.0,
        "z_hits_at_3": 0.0,
        "z_hits_at_5": 0.0,
        "z_inverse_harmonic_mean_rank": 0.002367565692734148
      },
      "realistic": {
        "adjusted_arithmetic_mean_rank": 0.851036484792231,
        "adjusted_arithmetic_mean_rank_index": 0.14902690510328742,
        "adjusted_hits_at_1": -0.00021277704780802407,
        "adjusted_hits_at_10": -0.00213185296249773,
        "adjusted_hits_at_3": -0.0006386029035051311,
        "adjusted_hits_at_5": -0.0010647914918007462,