{
  "losses": [
    0.05881777356011445,
    0.0363797153107309,
    0.02727625147562904,
    0.022033275204188536,
    0.01846508988127149,
    0.015856747109949873,
    0.013877695723115934,
    0.012278390773756878,
    0.010932383110175527,
    0.009749639753074317,
    0.008907302245556048,
    0.008297941661887798,
    0.007361403890894333,
    0.006822656575516544,
    0.006120406226302965,
    0.005599089533684807,
    0.00510681668618136,
    0.004783254891632192,
    0.004253562031995172,
    0.003962999395229509,
    0.003609348546955271,
    0.0033322945968708817,
    0.003132545968134944,
    0.0028700554064257835,
    0.002640881852050638,
    0.002396732877517391,
    0.0022952742378694897,
    0.0020950990522865015,
    0.0019522728844440368,
    0.0017663147638206143
  ],
  "metrics": {
    "both": {
      "optimistic": {
        "adjusted_arithmetic_mean_rank": 1.1241808705343583,
        "adjusted_arithmetic_mean_rank_index": -0.12423319543839595,
        "adjusted_hits_at_1": -0.00021070542960217688,
        "adjusted_hits_at_10": -0.0021110575977041214,
        "adjusted_hits_at_3": -0.0006323827817779457,
        "adjusted_hits_at_5": -0.0010544158325748122,
        "adjusted_inverse_harmonic_mean_rank": -0.000560777813600381,
        "arithmetic_mean_rank": 2669.103448275862,
        "count": 232.0,
        "geometric_mean_rank": 2078.6165282319935,
        "harmonic_mean_rank": 817.1868553992109,
        "hits_at_1": 0.0,
        "hits_at_10": 0.0,
        "hits_at_3": 0.0,
        "hits_at_5": 0.0,
        "inverse_arithmetic_mean_rank": 0.000374657640432019,
        "inverse_geometric_mean_rank": 0.0004810892179571808,
        "inverse_harmonic_mean_rank": 0.0012237103342924937,
        "inverse_median_rank": 0.00032690421706440013,
        "median_absolute_deviation": 1028.184638533635,
        "median_rank": 3059.0,
        "standard_deviation": 1217.3946947258848,
        "variance": 1482049.8427467302,
        "z_arithmetic_mean_rank": -2669.103448275862,
        "z_hits_at_1": 0.0,
        "z_hits_at_10": 0.0,
        "z_hits_at_3": 0.0,
        "z_hits_at_5": 0.0,
        "z_inverse_harmonic_mean_rank": 0.0012237103342924937
      },
      "pessimistic": {
        "adjusted_arithmetic_mean_rank": 1.1241808705343583,
        "adjusted_arithmetic_mean_rank_index": -0.12423319543839595,
        "adjusted_hits_at_1": -0.00021070542960217688,
        "adjusted_hits_at_10": -0.0021110575977041214,
        "adjusted_hits_at_3": -0.0006323827817779457,
        "adjusted_hits_at_5": -0.0010544158325748122,
        "adjusted_inverse_harmonic_mean_rank": -0.000560777813600381,
        "arithmetic_mean_rank": 2669.103448275862,
        "count": 232.0,
        "geometric_mean_rank": 2078.6165282319935,
        "harmonic_mean_rank": 817.1868553992109,
        "hits_at_1": 0.0,
        "hits_at_10": 0.0,
        "hits_at_3": 0.0,
        "hits_at_5": 0.0,
        "inverse_arithmetic_mean_rank": 0.000374657640432019,
        "inverse_geometric_mean_rank": 0.0004810892179571808,
        "inverse_harmonic_mean_rank": 0.0012237103342924937,
        "inverse_median_rank": 0.00032690421706440013,
        "median_absolute_deviation": 1028.184638533635,
        "median_rank": 3059.0,
        "standard_deviation": 1217.3946947258848,
        "variance": 1482049.8427467302,
        "z_arithmetic_mean_rank": -2669.103448275862,
        "z_hits_at_1": 0.0,
        "z_hits_at_10": 0.0,
        "z_hits_at_3": 0.0,
        "z_hits_at_5": 0.0,
        "z_inverse_harmonic_mean_rank": 0.0012237103342924937
      },
      "realistic": {
        "adjusted_arithmetic_mean_rank": 1.1241808989006672,
        "adjusted_arithmetic_mean_rank_index": -0.12423322381665725,
        "adjusted_hits_at_1": -0.00021070542960217688,
        "adjusted_hits_at_10": -0.0021110575977041214,
        "adjusted_hits_at_3": -0.0006323827817779457,
        "adjusted_hits_at_5": -0.0010544158325748122,
        "adjusted_inverse_harmonic_mean_rank": -0.0005607778144154666,
        "arithmetic_mean_rank": 2669.103515625,
        "count": 232.0,
        "geometric_mean_rank": 2078.6171875,
        "harmonic_mean_rank": 817.1868559425496,
        "hits_at_1": 0.0,
        "hits_at_10": 0.0,
        "hits_at_3": 0.0,
        "hits_at_5": 0.0,
        "inverse_arithmetic_mean_rank": 0.000374657625798136,
        "inverse_geometric_mean_rank": 0.00048108905320987105,
        "inverse_harmonic_mean_rank": 0.0012237103334788617,
        "inverse_median_rank": 0.0003269042063038796,
        "median_absolute_deviation": 1028.184638533635,
        "median_rank": 3059.0,
        "standard_deviation": 1217.3946533203125,
        "variance": 1482049.75,
        "z_arithmetic_mean_rank": -2669.103515625,
        "z_hits_at_1": 0.0,
        "z_hits_at_10": 0.0,
        "z_hits_at_3": 0.0,
        "z_hits_at_5": 0.0,
        "z_inverse_harmonic_mean_rank": 0.0012237103334788617
      }
    },
    "head": {
      "optimistic": {
        "adjusted_arithmetic_mean_rank": 0.8607968687068186,
        "adjusted_arithmetic_mean_rank_index": 0.13926238840573968,
        "adjusted_hits_at_1": -0.00021285091937457584,
        "adjusted_hits_at_10": -0.0021325945160763585,
        "adjusted_hits_at_3": -0.0006388247069761256,
        "adjusted_hits_at_5": -0.001065161479273462,
        "adjusted_inverse_harmonic_mean_rank": 0.00033276937983885146,
        "arithmetic_mean_rank": 2022.9913793103449,
        "count": 116.0,
        "geometric_mean_rank": 1329.1596426491428,
        "harmonic_mean_rank": 469.0867854713042,
        "hits_at_1": 0.0,
        "hits_at_10": 0.0,
        "hits_at_3": 0.0,
        "hits_at_5": 0.0,
        "inverse_arithmetic_mean_rank": 0.0004943174796626709,
        "inverse_geometric_mean_rank": 0.0007523550730195991,
        "inverse_harmonic_mean_rank": 0.002131801685684394,
        "inverse_median_rank": 0.0005045408678102926,
        "median_absolute_deviation": 1704.9925512814423,
        "median_rank": 1982.0,
        "standard_deviation": 1334.1811869385867,
        "variance": 1780039.4395808561,
        "z_arithmetic_mean_rank": -2022.9913793103449,
        "z_hits_at_1": 0.0,
        "z_hits_at_10": 0.0,
        "z_hits_at_3": 0.0,
        "z_hits_at_5": 0.0,
        "z_inverse_harmonic_mean_rank": 0.002131801685684394
      },
      "pessimistic": {
        "adjusted_arithmetic_mean_rank": 0.8607968687068186,
        "adjusted_arithmetic_mean_rank_index": 0.13926238840573968,
        "adjusted_hits_at_1": -0.00021285091937457584,
        "adjusted_hits_at_10": -0.0021325945160763585,
        "adjusted_hits_at_3": -0.0006388247069761256,
        "adjusted_hits_at_5": -0.001065161479273462,
        "adjusted_inverse_harmonic_mean_rank": 0.00033276937983885146,
        "arithmetic_mean_rank": 2022.9913793103449,
        "count": 116.0,
        "geometric_mean_rank": 1329.1596426491428,
        "harmonic_mean_rank": 469.0867854713042,
        "hits_at_1": 0.0,
        "hits_at_10": 0.0,
        "hits_at_3": 0.0,
        "hits_at_5": 0.0,
        "inverse_arithmetic_mean_rank": 0.0004943174796626709,
        "inverse_geometric_mean_rank": 0.0007523550730195991,
        "inverse_harmonic_mean_rank": 0.002131801685684394,
        "inverse_median_rank": 0.0005045408678102926,
        "median_absolute_deviation": 1704.9925512814423,
        "median_rank": 1982.0,
        "standard_deviation": 1334.1811869385867,
        "variance": 1780039.4395808561,
        "z_arithmetic_mean_rank": -2022.9913793103449,
        "z_hits_at_1": 0.0,
        "z_hits_at_10": 0.0,
        "z_hits_at_3": 0.0,
        "z_hits_at_5": 0.0,
        "z_inverse_harmonic_mean_rank": 0.002131801685684394
      },
      "realistic": {
        "adjusted_arithmetic_mean_rank": 0.8607968490047698,
        "adjusted_arithmetic_mean_rank_index": 0.1392624081161754,
        "adjusted_hits_at_1": -0.00021285091937457584,
        "adjusted_hits_at_10": -0.0021325945160763585,