{
  "losses": [
    0.0039340694358639535,
    0.003908684842388325,
    0.0038297857914628302,
    0.003650887434772313,
    0.0033850708442341127,
    0.0031514407976350263,
    0.0029880622054535453,
    0.0029138653216842936,
    0.0028156076309784404,
    0.002780225020902537,
    0.002701663432951872,
    0.0026334437813157123,
    0.0025868650579697274,
    0.0025512827419374843,
    0.0025317565050691567,
    0.0025081560259047815,
    0.0024734150051363354,
    0.0024334695067264886,
    0.002420357116643019,
    0.002399143266897187,
    0.0024186050953066245,
    0.002372945970586519,
    0.0023518683838690134,
    0.002352912249894756,
    0.00231291801005584,
    0.0023511645992742637,
    0.0023137617012666278,
    0.0022830235450301646,
    0.0022838245482534087,
    0.0022666398330288213
  ],
  "metrics": {
    "both": {
      "optimistic": {
        "adjusted_arithmetic_mean_rank": 0.9906173829313145,
        "adjusted_arithmetic_mean_rank_index": 0.009386936042358629,
        "adjusted_hits_at_1": -0.00023019265019276925,
        "adjusted_hits_at_10": 0.014974444711232755,
        "adjusted_hits_at_3": -0.000690896028954133,
        "adjusted_hits_at_5": 0.003163286447484128,
        "adjusted_inverse_harmonic_mean_rank": 0.0027529297138876715,
        "arithmetic_mean_rank": 2153.0258620689656,
        "count": 232.0,
        "geometric_mean_rank": 1325.5337812999728,
        "harmonic_mean_rank": 213.87393136670215,
        "hits_at_1": 0.0,
        "hits_at_10": 0.017241379310344827,
        "hits_at_3": 0.0,
        "hits_at_5": 0.004310344827586207,
        "inverse_arithmetic_mean_rank": 0.0004644626047543353,
        "inverse_geometric_mean_rank": 0.0007544130629543696,
        "inverse_harmonic_mean_rank": 0.004675651649594585,
        "inverse_median_rank": 0.00041999160016799666,
        "median_absolute_deviation": 1693.1317335333974,
        "median_rank": 2381.0,
        "standard_deviation": 1320.6604569057868,
        "variance": 1744144.0424346013,
        "z_arithmetic_mean_rank": -2153.0258620689656,
        "z_hits_at_1": 0.0,
        "z_hits_at_10": 0.017241379310344827,
        "z_hits_at_3": 0.0,
        "z_hits_at_5": 0.004310344827586207,
        "z_inverse_harmonic_mean_rank": 0.004675651649594585
      },
      "pessimistic": {
        "adjusted_arithmetic_mean_rank": 0.9906173829313145,
        "adjusted_arithmetic_mean_rank_index": 0.009386936042358629,
        "adjusted_hits_at_1": -0.00023019265019276925,
        "adjusted_hits_at_10": 0.014974444711232755,
        "adjusted_hits_at_3": -0.000690896028954133,
        "adjusted_hits_at_5": 0.003163286447484128,
        "adjusted_inverse_harmonic_mean_rank": 0.0027529297138876715,
        "arithmetic_mean_rank": 2153.0258620689656,
        "count": 232.0,
        "geometric_mean_rank": 1325.5337812999728,
        "harmonic_mean_rank": 213.87393136670215,
        "hits_at_1": 0.0,
        "hits_at_10": 0.017241379310344827,
        "hits_at_3": 0.0,
        "hits_at_5": 0.004310344827586207,
        "inverse_arithmetic_mean_rank": 0.0004644626047543353,
        "inverse_geometric_mean_rank": 0.0007544130629543696,
        "inverse_harmonic_mean_rank": 0.004675651649594585,
        "inverse_median_rank": 0.00041999160016799666,
        "median_absolute_deviation": 1693.1317335333974,
        "median_rank": 2381.0,
        "standard_deviation": 1320.6604569057868,
        "variance": 1744144.0424346013,
        "z_arithmetic_mean_rank": -2153.0258620689656,
        "z_hits_at_1": 0.0,
        "z_hits_at_10": 0.017241379310344827,
        "z_hits_at_3": 0.0,
        "z_hits_at_5": 0.004310344827586207,
        "z_inverse_harmonic_mean_rank": 0.004675651649594585
      },
      "realistic": {
        "adjusted_arithmetic_mean_rank": 0.9906173906782287,
        "adjusted_arithmetic_mean_rank_index": 0.009386928291878482,
        "adjusted_hits_at_1": -0.00023019265019276925,
        "adjusted_hits_at_10": 0.014974444711232755,
        "adjusted_hits_at_3": -0.000690896028954133,
        "adjusted_hits_at_5": 0.003163286447484128,
        "adjusted_inverse_harmonic_mean_rank": 0.0027529294825988384,
        "arithmetic_mean_rank": 2153.02587890625,
        "count": 232.0,
        "geometric_mean_rank": 1325.53369140625,
        "harmonic_mean_rank": 213.87394192593217,
        "hits_at_1": 0.0,
        "hits_at_10": 0.017241379310344827,
        "hits_at_3": 0.0,
        "hits_at_5": 0.004310344827586207,
        "inverse_arithmetic_mean_rank": 0.00046446258784271777,
        "inverse_geometric_mean_rank": 0.0007544131367467344,
        "inverse_harmonic_mean_rank": 0.004675651418751684,
        "inverse_median_rank": 0.0004199915856588632,
        "median_absolute_deviation": 1693.1317335333974,
        "median_rank": 2381.0,
        "standard_deviation": 1320.660400390625,
        "variance": 1744144.0,
        "z_arithmetic_mean_rank": -2153.02587890625,
        "z_hits_at_1": 0.0,
        "z_hits_at_10": 0.017241379310344827,
        "z_hits_at_3": 0.0,
        "z_hits_at_5": 0.004310344827586207,
        "z_inverse_harmonic_mean_rank": 0.004675651418751684
      }
    },
    "head": {
      "optimistic": {
        "adjusted_arithmetic_mean_rank": 0.9411804978592662,
        "adjusted_arithmetic_mean_rank_index": 0.05884689255740849,
        "adjusted_hits_at_1": -0.0002328424225031101,
        "adjusted_hits_at_10": 0.006307490554830591,
        "adjusted_hits_at_3": -0.000698852712626492,
        "adjusted_hits_at_5": 0.0074654378874909,
        "adjusted_inverse_harmonic_mean_rank": 0.00151658950549255,
        "arithmetic_mean_rank": 2022.0775862068965,
        "count": 116.0,
        "geometric_mean_rank": 1311.18216869644,
        "harmonic_mean_rank": 288.901049609423,
        "hits_at_1": 0.0,
        "hits_at_10": 0.008620689655172414,
        "hits_at_3": 0.0,
        "hits_at_5": 0.008620689655172414,
        "inverse_arithmetic_mean_rank": 0.0004945408657023119,
        "inverse_geometric_mean_rank": 0.000762670530361305,
        "inverse_harmonic_mean_rank": 0.003461392754896323,
        "inverse_median_rank": 0.00042589437819420784,
        "median_absolute_deviation": 1420.3329253283666,
        "median_rank": 2348.0,
        "standard_deviation": 1254.603008723326,
        "variance": 1574028.7094976217,
        "z_arithmetic_mean_rank": -2022.0775862068965,
        "z_hits_at_1": 0.0,
        "z_hits_at_10": 0.008620689655172414,
        "z_hits_at_3": 0.0,
        "z_hits_at_5": 0.008620689655172414,
        "z_inverse_harmonic_mean_rank": 0.003461392754896323
      },
      "pessimistic": {
        "adjusted_arithmetic_mean_rank": 0.9411804978592662,
        "adjusted_arithmetic_mean_rank_index": 0.05884689255740849,
        "adjusted_hits_at_1": -0.0002328424225031101,
        "adjusted_hits_at_10": 0.006307490554830591,
        "adjusted_hits_at_3": -0.000698852712626492,
        "adjusted_hits_at_5": 0.0074654378874909,
        "adjusted_inverse_harmonic_mean_rank": 0.00151658950549255,
        "arithmetic_mean_rank": 2022.0775862068965,
        "count": 116.0,
        "geometric_mean_rank": 1311.18216869644,
        "harmonic_mean_rank": 288.901049609423,
        "hits_at_1": 0.0,
        "hits_at_10": 0.008620689655172414,
        "hits_at_3": 0.0,
        "hits_at_5": 0.008620689655172414,
        "inverse_arithmetic_mean_rank": 0.0004945408657023119,
        "inverse_geometric_mean_rank": 0.000762670530361305,
        "inverse_harmonic_mean_rank": 0.003461392754896323,
        "inverse_median_rank": 0.00042589437819420784,
        "median_absolute_deviation": 1420.3329253283666,
        "median_rank": 2348.0,
        "standard_deviation": 1254.603008723326,
        "variance": 1574028.7094976217,
        "z_arithmetic_mean_rank": -2022.0775862068965,
        "z_hits_at_1": 0.0,
        "z_hits_at_10": 0.008620689655172414,
        "z_hits_at_3": 0.0,
        "z_hits_at_5": 0.008620689655172414,