{
  "losses": [
    0.003914275594335257,
    0.0038568359147740463,
    0.0037622999393841596,
    0.003616278131757398,
    0.0033534346169128842,
    0.003157338103819494,
    0.0030634245537295482,
    0.0030027858701558523,
    0.002950736366333096,
    0.002890032818142057,
    0.0028328234930654855,
    0.002798411090161009,
    0.0027955534493921035,
    0.0027706832686401795,
    0.0027448514643709856,
    0.0027261002474064985,
    0.002692016113465769,
    0.002689255144888935,
    0.0026671288387006063,
    0.0026727507548277353,
    0.0026469262498924873,
    0.0026505486870823077,
    0.002645261075423285,
    0.0026616594294641156,
    0.002637640068124744,
    0.0025931063757396004,
    0.002622732397490442,
    0.0025821795923710875,
    0.0025961685055717275,
    0.002579260907196997
  ],
  "metrics": {
    "both": {
      "optimistic": {
        "adjusted_arithmetic_mean_rank": 1.4482222518968748,
        "adjusted_arithmetic_mean_rank_index": -0.44841118243596,
        "adjusted_hits_at_1": -0.00021078182213830787,
        "adjusted_hits_at_10": 0.0022076230898972794,
        "adjusted_hits_at_3": 0.003680459451407034,
        "adjusted_hits_at_5": 0.0032600929325461198,
        "adjusted_inverse_harmonic_mean_rank": 0.000560439031674217,
        "arithmetic_mean_rank": 3437.237068965517,
        "count": 232.0,
        "geometric_mean_rank": 2564.0835781610394,
        "harmonic_mean_rank": 426.7142468545119,
        "hits_at_1": 0.0,
        "hits_at_10": 0.004310344827586207,
        "hits_at_3": 0.004310344827586207,
        "hits_at_5": 0.004310344827586207,
        "inverse_arithmetic_mean_rank": 0.0002909313439648675,
        "inverse_geometric_mean_rank": 0.00039000288778308855,
        "inverse_harmonic_mean_rank": 0.002343488663365275,
        "inverse_median_rank": 0.00023767082590612002,
        "median_absolute_deviation": 670.8775038737849,
        "median_rank": 4207.5,
        "standard_deviation": 1492.9376675344263,
        "variance": 2228862.8791431333,
        "z_arithmetic_mean_rank": -3437.237068965517,
        "z_hits_at_1": 0.0,
        "z_hits_at_10": 0.004310344827586207,
        "z_hits_at_3": 0.004310344827586207,
        "z_hits_at_5": 0.004310344827586207,
        "z_inverse_harmonic_mean_rank": 0.002343488663365275
      },
      "pessimistic": {
        "adjusted_arithmetic_mean_rank": 1.448225884080031,
        "adjusted_arithmetic_mean_rank_index": -0.4484148161501207,
        "adjusted_hits_at_1": -0.00021078182213830787,
        "adjusted_hits_at_10": 0.0022076230898972794,
        "adjusted_hits_at_3": 0.003680459451407034,
        "adjusted_hits_at_5": 0.0032600929325461198,
        "adjusted_inverse_harmonic_mean_rank": 0.0005604386059562348,
        "arithmetic_mean_rank": 3437.2456896551726,
        "count": 232.0,
        "geometric_mean_rank": 2564.088485664002,
        "harmonic_mean_rank": 426.71432423311137,
        "hits_at_1": 0.0,
        "hits_at_10": 0.004310344827586207,
        "hits_at_3": 0.004310344827586207,
        "hits_at_5": 0.004310344827586207,
        "inverse_arithmetic_mean_rank": 0.0002909306143025001,
        "inverse_geometric_mean_rank": 0.00039000214134226257,
        "inverse_harmonic_mean_rank": 0.0023434882384067946,
        "inverse_median_rank": 0.00023767082590612002,
        "median_absolute_deviation": 670.8775038737849,
        "median_rank": 4207.5,
        "standard_deviation": 1492.9438302072301,
        "variance": 2228881.2801538347,
        "z_arithmetic_mean_rank": -3437.2456896551726,
        "z_hits_at_1": 0.0,
        "z_hits_at_10": 0.004310344827586207,
        "z_hits_at_3": 0.004310344827586207,
        "z_hits_at_5": 0.004310344827586207,
        "z_inverse_harmonic_mean_rank": 0.0023434882384067946
      },
      "realistic": {
        "adjusted_arithmetic_mean_rank": 1.4482240999119376,
        "adjusted_arithmetic_mean_rank_index": -0.4484130312299812,
        "adjusted_hits_at_1": -0.00021078182213830787,
        "adjusted_hits_at_10": 0.0022076230898972794,
        "adjusted_hits_at_3": 0.003680459451407034,
        "adjusted_hits_at_5": 0.0032600929325461198,
        "adjusted_inverse_harmonic_mean_rank": 0.0005604390327735521,
        "arithmetic_mean_rank": 3437.241455078125,
        "count": 232.0,
        "geometric_mean_rank": 2564.087890625,
        "harmonic_mean_rank": 426.7142466546965,
        "hits_at_1": 0.0,
        "hits_at_10": 0.004310344827586207,
        "hits_at_3": 0.004310344827586207,
        "hits_at_5": 0.004310344827586207,
        "inverse_arithmetic_mean_rank": 0.0002909309696406126,
        "inverse_geometric_mean_rank": 0.0003900022420566529,
        "inverse_harmonic_mean_rank": 0.002343488664462649,
        "inverse_median_rank": 0.00023767082893755287,
        "median_absolute_deviation": 670.8775038737849,
        "median_rank": 4207.5,
        "standard_deviation": 1492.940673828125,
        "variance": 2228872.0,
        "z_arithmetic_mean_rank": -3437.241455078125,
        "z_hits_at_1": 0.0,
        "z_hits_at_10": 0.004310344827586207,
        "z_hits_at_3": 0.004310344827586207,
        "z_hits_at_5": 0.004310344827586207,
        "z_inverse_harmonic_mean_rank": 0.002343488664462649
      }
    },
    "head": {
      "optimistic": {
        "adjusted_arithmetic_mean_rank": 1.1041737182041649,
        "adjusted_arithmetic_mean_rank_index": -0.10421809563338025,
        "adjusted_hits_at_1": -0.00021300333008983274,
        "adjusted_hits_at_10": 0.00650496279852207,
        "adjusted_hits_at_3": 0.007986918380931726,
        "adjusted_hits_at_5": 0.007563953829744999,
        "adjusted_inverse_harmonic_mean_rank": 0.002653692860440299,
        "arithmetic_mean_rank": 2593.094827586207,
        "count": 116.0,
        "geometric_mean_rank": 1547.0540762022285,
        "harmonic_mean_rank": 224.73488414174412,
        "hits_at_1": 0.0,
        "hits_at_10": 0.008620689655172414,
        "hits_at_3": 0.008620689655172414,
        "hits_at_5": 0.008620689655172414,
        "inverse_arithmetic_mean_rank": 0.0003856395799188162,
        "inverse_geometric_mean_rank": 0.0006463898162208013,
        "inverse_harmonic_mean_rank": 0.004449687478732866,
        "inverse_median_rank": 0.00032976092333058534,
        "median_absolute_deviation": 2005.2195005288265,
        "median_rank": 3032.5,
        "standard_deviation": 1670.8559440703784,
        "variance": 2791759.5858353158,
        "z_arithmetic_mean_rank": -2593.094827586207,
        "z_hits_at_1": 0.0,
        "z_hits_at_10": 0.008620689655172414,
        "z_hits_at_3": 0.008620689655172414,
        "z_hits_at_5": 0.008620689655172414,
        "z_inverse_harmonic_mean_rank": 0.004449687478732866
      },
      "pessimistic": {
        "adjusted_arithmetic_mean_rank": 1.1041737182041649,
        "adjusted_arithmetic_mean_rank_index": -0.10421809563338025,
        "adjusted_hits_at_1": -0.00021300333008983274,
        "adjusted_hits_at_10": 0.00650496279852207,
        "adjusted_hits_at_3": 0.007986918380931726,
        "adjusted_hits_at_5": 0.007563953829744999,
        "adjusted_inverse_harmonic_mean_rank": 0.002653692860440299,
        "arithmetic_mean_rank": 2593.094827586207,
        "count": 116.0,
        "geometric_mean_rank": 1547.0540762022285,
        "harmonic_mean_rank": 224.73488414174412,
        "hits_at_1": 0.0,
        "hits_at_10": 0.008620689655172414,
        "hits_at_3": 0.008620689655172414,
        "hits_at_5": 0.008620689655172414,
        "inverse_arithmetic_mean_rank": 0.0003856395799188162,
        "inverse_geometric_mean_rank": 0.0006463898162208013,
        "inverse_harmonic_mean_rank": 0.004449687478732866,
        "inverse_median_rank": 0.00032976092333058534,
        "median_absolute_deviation": 2005.2195005288265,
        "median_rank": 3032.5,
        "standard_deviation": 1670.8559440703784,
        "variance": 2791759.5858353158,
        "z_arithmetic_mean_rank": -2593.094827586207,