{
  "losses": [
    0.003917772937529015,
    0.0037275296070153337,
    0.0035101339929211996,
    0.0032749992847069223,
    0.0030245209636404445,
    0.002776664327795294,
    0.0026105815089974703,
    0.002518584359001664,
    0.0024513861952212323,
    0.0023874984571110964,
    0.002366385505282874,
    0.0023699928878208334,
    0.0023210503295145657,
    0.0023121141603241325,
    0.002325760335148433,
    0.002328647844662588,
    0.0022833438409637897,
    0.002285078342948561,
    0.002321988733753613,
    0.002270366840567634,
    0.0022860509926608853,
    0.0022743948503658215,
    0.002284120141106279,
    0.0022580674682551928,
    0.002270711616510139,
    0.0022699518897692688,
    0.002256081492906162,
    0.002287428796697069,
    0.002259258803571034,
    0.0022712570451467943
  ],
  "metrics": {
    "both": {
      "optimistic": {
        "adjusted_arithmetic_mean_rank": 0.7326713604766527,
        "adjusted_arithmetic_mean_rank_index": 0.2674412058933421,
        "adjusted_hits_at_1": -0.00021056216689364367,
        "adjusted_hits_at_10": 0.006529256506914592,
        "adjusted_hits_at_3": -0.0006319526313117773,
        "adjusted_hits_at_5": -0.0010536983104662341,
        "adjusted_inverse_harmonic_mean_rank": 0.0011668950099891545,
        "arithmetic_mean_rank": 1740.719827586207,
        "count": 232.0,
        "geometric_mean_rank": 1076.372232034075,
        "harmonic_mean_rank": 339.2992224965537,
        "hits_at_1": 0.0,
        "hits_at_10": 0.008620689655172414,
        "hits_at_3": 0.0,
        "hits_at_5": 0.0,
        "inverse_arithmetic_mean_rank": 0.0005744749868143133,
        "inverse_geometric_mean_rank": 0.0009290466348339825,
        "inverse_harmonic_mean_rank": 0.002947251080158774,
        "inverse_median_rank": 0.0006720430107526882,
        "median_absolute_deviation": 1602.6929982045558,
        "median_rank": 1488.0,
        "standard_deviation": 1330.6750147121875,
        "variance": 1770695.9947792806,
        "z_arithmetic_mean_rank": -1740.719827586207,
        "z_hits_at_1": 0.0,
        "z_hits_at_10": 0.008620689655172414,
        "z_hits_at_3": 0.0,
        "z_hits_at_5": 0.0,
        "z_inverse_harmonic_mean_rank": 0.002947251080158774
      },
      "pessimistic": {
        "adjusted_arithmetic_mean_rank": 0.7326713604766527,
        "adjusted_arithmetic_mean_rank_index": 0.2674412058933421,
        "adjusted_hits_at_1": -0.00021056216689364367,
        "adjusted_hits_at_10": 0.006529256506914592,
        "adjusted_hits_at_3": -0.0006319526313117773,
        "adjusted_hits_at_5": -0.0010536983104662341,
        "adjusted_inverse_harmonic_mean_rank": 0.0011668950099891545,
        "arithmetic_mean_rank": 1740.719827586207,
        "count": 232.0,
        "geometric_mean_rank": 1076.372232034075,
        "harmonic_mean_rank": 339.2992224965537,
        "hits_at_1": 0.0,
        "hits_at_10": 0.008620689655172414,
        "hits_at_3": 0.0,
        "hits_at_5": 0.0,
        "inverse_arithmetic_mean_rank": 0.0005744749868143133,
        "inverse_geometric_mean_rank": 0.0009290466348339825,
        "inverse_harmonic_mean_rank": 0.002947251080158774,
        "inverse_median_rank": 0.0006720430107526882,
        "median_absolute_deviation": 1602.6929982045558,
        "median_rank": 1488.0,
        "standard_deviation": 1330.6750147121875,
        "variance": 1770695.9947792806,
        "z_arithmetic_mean_rank": -1740.719827586207,
        "z_hits_at_1": 0.0,
        "z_hits_at_10": 0.008620689655172414,
        "z_hits_at_3": 0.0,
        "z_hits_at_5": 0.0,
        "z_inverse_harmonic_mean_rank": 0.002947251080158774
      },
      "realistic": {
        "adjusted_arithmetic_mean_rank": 0.7326713693351978,
        "adjusted_arithmetic_mean_rank_index": 0.26744119703106684,
        "adjusted_hits_at_1": -0.00021056216689364367,
        "adjusted_hits_at_10": 0.006529256506914592,
        "adjusted_hits_at_3": -0.0006319526313117773,
        "adjusted_hits_at_5": -0.0010536983104662341,
        "adjusted_inverse_harmonic_mean_rank": 0.001166895017476399,
        "arithmetic_mean_rank": 1740.7198486328125,
        "count": 232.0,
        "geometric_mean_rank": 1076.3724365234375,
        "harmonic_mean_rank": 339.29922163612883,
        "hits_at_1": 0.0,
        "hits_at_10": 0.008620689655172414,
        "hits_at_3": 0.0,
        "hits_at_5": 0.0,
        "inverse_arithmetic_mean_rank": 0.0005744749796576798,
        "inverse_geometric_mean_rank": 0.0009290464804507792,
        "inverse_harmonic_mean_rank": 0.002947251087632673,
        "inverse_median_rank": 0.0006720430101267993,
        "median_absolute_deviation": 1602.6929982045558,
        "median_rank": 1488.0,
        "standard_deviation": 1330.675048828125,
        "variance": 1770696.0,
        "z_arithmetic_mean_rank": -1740.7198486328125,
        "z_hits_at_1": 0.0,
        "z_hits_at_10": 0.008620689655172414,
        "z_hits_at_3": 0.0,
        "z_hits_at_5": 0.0,
        "z_inverse_harmonic_mean_rank": 0.002947251087632673
      }
    },
    "head": {
      "optimistic": {
        "adjusted_arithmetic_mean_rank": 0.6773657185309387,
        "adjusted_arithmetic_mean_rank_index": 0.32277143781322815,
        "adjusted_hits_at_1": -0.0002125647677931381,
        "adjusted_hits_at_10": 0.006509327314978582,
        "adjusted_hits_at_3": -0.0006379655213652322,
        "adjusted_hits_at_5": -0.0010637282835880741,
        "adjusted_inverse_harmonic_mean_rank": 0.0020474780778156404,
        "arithmetic_mean_rank": 1594.051724137931,
        "count": 116.0,
        "geometric_mean_rank": 883.3747298728892,
        "harmonic_mean_rank": 260.32930033236096,
        "hits_at_1": 0.0,
        "hits_at_10": 0.008620689655172414,
        "hits_at_3": 0.0,
        "hits_at_5": 0.0,
        "inverse_arithmetic_mean_rank": 0.0006273322156724894,
        "inverse_geometric_mean_rank": 0.00113202242059142,
        "inverse_harmonic_mean_rank": 0.0038412887013613358,
        "inverse_median_rank": 0.0007730962504831851,
        "median_absolute_deviation": 1453.6914752447426,
        "median_rank": 1293.5,
        "standard_deviation": 1345.531178567419,
        "variance": 1810454.1524970273,
        "z_arithmetic_mean_rank": -1594.051724137931,
        "z_hits_at_1": 0.0,
        "z_hits_at_10": 0.008620689655172414,
        "z_hits_at_3": 0.0,
        "z_hits_at_5": 0.0,
        "z_inverse_harmonic_mean_rank": 0.0038412887013613358
      },
      "pessimistic": {
        "adjusted_arithmetic_mean_rank": 0.6773657185309387,
        "adjusted_arithmetic_mean_rank_index": 0.32277143781322815,
        "adjusted_hits_at_1": -0.0002125647677931381,
        "adjusted_hits_at_10": 0.006509327314978582,
        "adjusted_hits_at_3": -0.0006379655213652322,
        "adjusted_hits_at_5": -0.0010637282835880741,
        "adjusted_inverse_harmonic_mean_rank": 0.0020474780778156404,
        "arithmetic_mean_rank": 1594.051724137931,
        "count": 116.0,
        "geometric_mean_rank": 883.3747298728892,
        "harmonic_mean_rank": 260.32930033236096,
        "hits_at_1": 0.0,
        "hits_at_10": 0.008620689655172414,
        "hits_at_3": 0.0,
        "hits_at_5": 0.0,
        "inverse_arithmetic_mean_rank": 0.0006273322156724894,
        "inverse_geometric_mean_rank": 0.00113202242059142,
        "inverse_harmonic_mean_rank": 0.0038412887013613358,
        "inverse_median_rank": 0.0007730962504831851,
        "median_absolute_deviation": 1453.6914752447426,
        "median_rank": 1293.5,
        "standard_deviation": 1345.531178567419,
        "variance": 1810454.1524970273,
        "z_arithmetic_mean_rank": -1594.051724137931,
        "z_hits_at_1": 0.0,
        "z_hits_at_10": 0.008620689655172414,
        "z_hits_at_3": 0.0,
        "z_hits_at_5": 0.0,
        "z_inverse_harmonic_mean_rank": 0.0038412887013613358
      },
      "realistic": {
        "adjusted_arithmetic_mean_rank": 0.6773657328403858,