{
  "losses": [
    0.004404012959130262,
    0.004222252197879157,
    0.004054669690889003,
    0.003920316943906314,
    0.003763995621694254,
    0.0036605734306964146,
    0.003563482271936326,
    0.0034570544428526944,
    0.003346850147348421,
    0.0032554150496568388,
    0.0031955520235395643,
    0.003102194005542114,
    0.003008528751290338,
    0.002972427053441772,
    0.0029239158308381782,
    0.0028897870643247604,
    0.0028202746059656013,
    0.002762688914592507,
    0.002730937145839333,
    0.002693717895907872,
    0.00265136918176564,
    0.0025946905107270104,
    0.0026104774225778546,
    0.0025547356872944638,
    0.0025836076695375733,
    0.0025533085723618673,
    0.002523426147593295,
    0.0025078365403653252,
    0.0025125897783061465,
    0.002495618421164961
  ],
  "metrics": {
    "both": {
      "optimistic": {
        "adjusted_arithmetic_mean_rank": 1.1056710584478606,
        "adjusted_arithmetic_mean_rank_index": -0.10571559994474922,
        "adjusted_hits_at_1": -0.00021078182213830787,
        "adjusted_hits_at_10": -0.002111824429194074,
        "adjusted_hits_at_3": -0.0006326121526994293,
        "adjusted_hits_at_5": -0.0010547984400402608,
        "adjusted_inverse_harmonic_mean_rank": -0.0010824022933864036,
        "arithmetic_mean_rank": 2624.219827586207,
        "count": 232.0,
        "geometric_mean_rank": 2155.1326778822336,
        "harmonic_mean_rank": 1421.3060197675502,
        "hits_at_1": 0.0,
        "hits_at_10": 0.0,
        "hits_at_3": 0.0,
        "hits_at_5": 0.0,
        "inverse_arithmetic_mean_rank": 0.00038106563691343403,
        "inverse_geometric_mean_rank": 0.0004640085551404017,
        "inverse_harmonic_mean_rank": 0.0007035782485207138,
        "inverse_median_rank": 0.0003711952487008166,
        "median_absolute_deviation": 1530.786790607034,
        "median_rank": 2694.0,
        "standard_deviation": 1279.3481499360516,
        "variance": 1636731.6887447978,
        "z_arithmetic_mean_rank": -2624.219827586207,
        "z_hits_at_1": 0.0,
        "z_hits_at_10": 0.0,
        "z_hits_at_3": 0.0,
        "z_hits_at_5": 0.0,
        "z_inverse_harmonic_mean_rank": 0.0007035782485207138
      },
      "pessimistic": {
        "adjusted_arithmetic_mean_rank": 1.1056710584478606,
        "adjusted_arithmetic_mean_rank_index": -0.10571559994474922,
        "adjusted_hits_at_1": -0.00021078182213830787,
        "adjusted_hits_at_10": -0.002111824429194074,
        "adjusted_hits_at_3": -0.0006326121526994293,
        "adjusted_hits_at_5": -0.0010547984400402608,
        "adjusted_inverse_harmonic_mean_rank": -0.0010824022933864036,
        "arithmetic_mean_rank": 2624.219827586207,
        "count": 232.0,
        "geometric_mean_rank": 2155.1326778822336,
        "harmonic_mean_rank": 1421.3060197675502,
        "hits_at_1": 0.0,
        "hits_at_10": 0.0,
        "hits_at_3": 0.0,
        "hits_at_5": 0.0,
        "inverse_arithmetic_mean_rank": 0.00038106563691343403,
        "inverse_geometric_mean_rank": 0.0004640085551404017,
        "inverse_harmonic_mean_rank": 0.0007035782485207138,
        "inverse_median_rank": 0.0003711952487008166,
        "median_absolute_deviation": 1530.786790607034,
        "median_rank": 2694.0,
        "standard_deviation": 1279.3481499360516,
        "variance": 1636731.6887447978,
        "z_arithmetic_mean_rank": -2624.219827586207,
        "z_hits_at_1": 0.0,
        "z_hits_at_10": 0.0,
        "z_hits_at_3": 0.0,
        "z_hits_at_5": 0.0,
        "z_inverse_harmonic_mean_rank": 0.0007035782485207138
      },
      "realistic": {
        "adjusted_arithmetic_mean_rank": 1.1056710158832141,
        "adjusted_arithmetic_mean_rank_index": -0.10571555736216132,
        "adjusted_hits_at_1": -0.00021078182213830787,
        "adjusted_hits_at_10": -0.002111824429194074,
        "adjusted_hits_at_3": -0.0006326121526994293,
        "adjusted_hits_at_5": -0.0010547984400402608,
        "adjusted_inverse_harmonic_mean_rank": -0.001082402305126191,
        "arithmetic_mean_rank": 2624.2197265625,
        "count": 232.0,
        "geometric_mean_rank": 2155.1328125,
        "harmonic_mean_rank": 1421.3060434409117,
        "hits_at_1": 0.0,
        "hits_at_10": 0.0,
        "hits_at_3": 0.0,
        "hits_at_5": 0.0,
        "inverse_arithmetic_mean_rank": 0.0003810656489804387,
        "inverse_geometric_mean_rank": 0.00046400853898376226,
        "inverse_harmonic_mean_rank": 0.0007035782368018709,
        "inverse_median_rank": 0.0003711952595040202,
        "median_absolute_deviation": 1530.786790607034,
        "median_rank": 2694.0,
        "standard_deviation": 1279.34814453125,
        "variance": 1636731.75,
        "z_arithmetic_mean_rank": -2624.2197265625,
        "z_hits_at_1": 0.0,
        "z_hits_at_10": 0.0,
        "z_hits_at_3": 0.0,
        "z_hits_at_5": 0.0,
        "z_inverse_harmonic_mean_rank": 0.0007035782368018709
      }
    },
    "head": {
      "optimistic": {
        "adjusted_arithmetic_mean_rank": 0.9409000942492878,
        "adjusted_arithmetic_mean_rank_index": 0.05912508198450028,
        "adjusted_hits_at_1": -0.00021300333008983274,
        "adjusted_hits_at_10": -0.0021341244814907815,
        "adjusted_hits_at_3": -0.0006392823287993019,
        "adjusted_hits_at_5": -0.001065924832605045,
        "adjusted_inverse_harmonic_mean_rank": -0.0008529334938853863,
        "arithmetic_mean_rank": 2209.655172413793,
        "count": 116.0,
        "geometric_mean_rank": 1715.9805938655838,
        "harmonic_mean_rank": 1053.3237084421185,
        "hits_at_1": 0.0,
        "hits_at_10": 0.0,
        "hits_at_3": 0.0,
        "hits_at_5": 0.0,
        "inverse_arithmetic_mean_rank": 0.00045255930087390766,
        "inverse_geometric_mean_rank": 0.0005827571731142386,
        "inverse_harmonic_mean_rank": 0.0009493757635808036,
        "inverse_median_rank": 0.0004608294930875576,
        "median_absolute_deviation": 1435.1589475134226,
        "median_rank": 2170.0,
        "standard_deviation": 1229.4047557691197,
        "variance": 1511436.0535077287,
        "z_arithmetic_mean_rank": -2209.655172413793,
        "z_hits_at_1": 0.0,
        "z_hits_at_10": 0.0,
        "z_hits_at_3": 0.0,
        "z_hits_at_5": 0.0,
        "z_inverse_harmonic_mean_rank": 0.0009493757635808036
      },
      "pessimistic": {
        "adjusted_arithmetic_mean_rank": 0.9409000942492878,
        "adjusted_arithmetic_mean_rank_index": 0.05912508198450028,
        "adjusted_hits_at_1": -0.00021300333008983274,
        "adjusted_hits_at_10": -0.0021341244814907815,
        "adjusted_hits_at_3": -0.0006392823287993019,
        "adjusted_hits_at_5": -0.001065924832605045,
        "adjusted_inverse_harmonic_mean_rank": -0.0008529334938853863,
        "arithmetic_mean_rank": 2209.655172413793,
        "count": 116.0,
        "geometric_mean_rank": 1715.9805938655838,
        "harmonic_mean_rank": 1053.3237084421185,
        "hits_at_1": 0.0,
        "hits_at_10": 0.0,
        "hits_at_3": 0.0,
        "hits_at_5": 0.0,
        "inverse_arithmetic_mean_rank": 0.00045255930087390766,
        "inverse_geometric_mean_rank": 0.0005827571731142386,
        "inverse_harmonic_mean_rank": 0.0009493757635808036,
        "inverse_median_rank": 0.0004608294930875576,
        "median_absolute_deviation": 1435.1589475134226,
        "median_rank": 2170.0,
        "standard_deviation": 1229.4047557691197,
        "variance": 1511436.0535077287,
        "z_arithmetic_mean_rank": -2209.655172413793,
        "z_hits_at_1": 0.0,
        "z_hits_at_10": 0.0,
        "z_hits_at_3": 0.0,
        "z_hits_at_5": 0.0,
        "z_inverse_harmonic_mean_rank": 0.0009493757635808036
      },
      "realistic": {
        "adjusted_arithmetic_mean_rank": 0.9409001372665046,
        "adjusted_arithmetic_mean_rank_index": 0.059125038948958486,
        "adjusted_hits_at_1": -0.00021300333008983274,
        "adjusted_hits_at_10": -0.0021341244814907815,