{
  "losses": [
    0.003940726016316523,
    0.0037614642743324963,
    0.003588853267961864,
    0.0034280685446801307,
    0.003273801440898915,
    0.0031275725008670383,
    0.00298835552419776,
    0.002864120634513953,
    0.0027221988283882984,
    0.002597585422787203,
    0.002471228943897179,
    0.0023578834942154674,
    0.0022334856841097067,
    0.0021297417635218665,
    0.002016019711104419,
    0.0019200724126116355,
    0.0018370812650156311,
    0.0017509902765668079,
    0.0016573573655187667,
    0.0015793392462902375,
    0.0015030799488347099,
    0.001434952457716732,
    0.0013595529476266473,
    0.001291175236996631,
    0.001234169455657251,
    0.0011665949991691686,
    0.0011151468195157738,
    0.0010765367854031695,
    0.0010029094436631012,
    0.000969313538540968
  ],
  "metrics": {
    "both": {
      "optimistic": {
        "adjusted_arithmetic_mean_rank": 1.0190442629903187,
        "adjusted_arithmetic_mean_rank_index": -0.019053025962985304,
        "adjusted_hits_at_1": -0.00023010141548593596,
        "adjusted_hits_at_10": 0.0020144943311466747,
        "adjusted_hits_at_3": -0.0006906220726907919,
        "adjusted_hits_at_5": 0.0031637414921849207,
        "adjusted_inverse_harmonic_mean_rank": 0.001155815029100257,
        "arithmetic_mean_rank": 2215.6724137931033,
        "count": 232.0,
        "geometric_mean_rank": 1547.7282612836125,
        "harmonic_mean_rank": 324.57465240622065,
        "hits_at_1": 0.0,
        "hits_at_10": 0.004310344827586207,
        "hits_at_3": 0.0,
        "hits_at_5": 0.004310344827586207,
        "inverse_arithmetic_mean_rank": 0.0004513302570247999,
        "inverse_geometric_mean_rank": 0.0006461082510508966,
        "inverse_harmonic_mean_rank": 0.0030809553136282876,
        "inverse_median_rank": 0.0004588208304657031,
        "median_absolute_deviation": 1795.431286610284,
        "median_rank": 2179.5,
        "standard_deviation": 1333.5019735181993,
        "variance": 1778227.5133769321,
        "z_arithmetic_mean_rank": -2215.6724137931033,
        "z_hits_at_1": 0.0,
        "z_hits_at_10": 0.004310344827586207,
        "z_hits_at_3": 0.0,
        "z_hits_at_5": 0.004310344827586207,
        "z_inverse_harmonic_mean_rank": 0.0030809553136282876
      },
      "pessimistic": {
        "adjusted_arithmetic_mean_rank": 1.0190462454278584,
        "adjusted_arithmetic_mean_rank_index": -0.019055009312717974,
        "adjusted_hits_at_1": -0.00023010141548593596,
        "adjusted_hits_at_10": 0.0020144943311466747,
        "adjusted_hits_at_3": -0.0006906220726907919,
        "adjusted_hits_at_5": 0.0031637414921849207,
        "adjusted_inverse_harmonic_mean_rank": 0.0011558146150249806,
        "arithmetic_mean_rank": 2215.676724137931,
        "count": 232.0,
        "geometric_mean_rank": 1547.7303270049347,
        "harmonic_mean_rank": 324.57469594444444,
        "hits_at_1": 0.0,
        "hits_at_10": 0.004310344827586207,
        "hits_at_3": 0.0,
        "hits_at_5": 0.004310344827586207,
        "inverse_arithmetic_mean_rank": 0.0004513293790135729,
        "inverse_geometric_mean_rank": 0.0006461073887045516,
        "inverse_harmonic_mean_rank": 0.0030809549003510866,
        "inverse_median_rank": 0.0004588208304657031,
        "median_absolute_deviation": 1795.431286610284,
        "median_rank": 2179.5,
        "standard_deviation": 1333.5052505525946,
        "variance": 1778236.253251338,
        "z_arithmetic_mean_rank": -2215.676724137931,
        "z_hits_at_1": 0.0,
        "z_hits_at_10": 0.004310344827586207,
        "z_hits_at_3": 0.0,
        "z_hits_at_5": 0.004310344827586207,
        "z_inverse_harmonic_mean_rank": 0.0030809549003510866
      },
      "realistic": {
        "adjusted_arithmetic_mean_rank": 1.0190452503371403,
        "adjusted_arithmetic_mean_rank_index": -0.019054013764121747,
        "adjusted_hits_at_1": -0.00023010141548593596,
        "adjusted_hits_at_10": 0.0020144943311466747,
        "adjusted_hits_at_3": -0.0006906220726907919,
        "adjusted_hits_at_5": 0.0031637414921849207,
        "adjusted_inverse_harmonic_mean_rank": 0.0011558150688250166,
        "arithmetic_mean_rank": 2215.674560546875,
        "count": 232.0,
        "geometric_mean_rank": 1547.7296142578125,
        "harmonic_mean_rank": 324.5746482293347,
        "hits_at_1": 0.0,
        "hits_at_10": 0.004310344827586207,
        "hits_at_3": 0.0,
        "hits_at_5": 0.004310344827586207,
        "inverse_arithmetic_mean_rank": 0.00045132983359508216,
        "inverse_geometric_mean_rank": 0.0006461077136918902,
        "inverse_harmonic_mean_rank": 0.003080955353276483,
        "inverse_median_rank": 0.0004588208394125104,
        "median_absolute_deviation": 1795.431286610284,
        "median_rank": 2179.5,
        "standard_deviation": 1333.503662109375,
        "variance": 1778231.875,
        "z_arithmetic_mean_rank": -2215.674560546875,
        "z_hits_at_1": 0.0,
        "z_hits_at_10": 0.004310344827586207,
        "z_hits_at_3": 0.0,
        "z_hits_at_5": 0.004310344827586207,
        "z_inverse_harmonic_mean_rank": 0.003080955353276483
      }
    },
    "head": {
      "optimistic": {
        "adjusted_arithmetic_mean_rank": 1.0185272757375006,
        "adjusted_arithmetic_mean_rank_index": -0.01853589653163268,
        "adjusted_hits_at_1": -0.00023266039854272065,
        "adjusted_hits_at_10": 0.006309302686734694,
        "adjusted_hits_at_3": -0.0006983061319941112,
        "adjusted_hits_at_5": 0.007466341843825859,
        "adjusted_inverse_harmonic_mean_rank": 0.0019321668728931776,
        "arithmetic_mean_rank": 2189.9741379310344,
        "count": 116.0,
        "geometric_mean_rank": 1529.9725968604612,
        "harmonic_mean_rank": 258.0768464650054,
        "hits_at_1": 0.0,
        "hits_at_10": 0.008620689655172414,
        "hits_at_3": 0.0,
        "hits_at_5": 0.008620689655172414,
        "inverse_arithmetic_mean_rank": 0.0004566263969421777,
        "inverse_geometric_mean_rank": 0.0006536064776924913,
        "inverse_harmonic_mean_rank": 0.003874814861144847,
        "inverse_median_rank": 0.0004714757190004715,
        "median_absolute_deviation": 1721.301175685004,
        "median_rank": 2121.0,
        "standard_deviation": 1316.9989557061742,
        "variance": 1734486.2493311535,
        "z_arithmetic_mean_rank": -2189.9741379310344,
        "z_hits_at_1": 0.0,
        "z_hits_at_10": 0.008620689655172414,
        "z_hits_at_3": 0.0,
        "z_hits_at_5": 0.008620689655172414,
        "z_inverse_harmonic_mean_rank": 0.003874814861144847
      },
      "pessimistic": {
        "adjusted_arithmetic_mean_rank": 1.0185312851033637,
        "adjusted_arithmetic_mean_rank_index": -0.018539907763065022,
        "adjusted_hits_at_1": -0.00023266039854272065,
        "adjusted_hits_at_10": 0.006309302686734694,
        "adjusted_hits_at_3": -0.0006983061319941112,
        "adjusted_hits_at_5": 0.007466341843825859,
        "adjusted_inverse_harmonic_mean_rank": 0.0019321660447268246,
        "arithmetic_mean_rank": 2189.9827586206898,
        "count": 116.0,
        "geometric_mean_rank": 1529.9766809095865,
        "harmonic_mean_rank": 258.0769015165645,
        "hits_at_1": 0.0,
        "hits_at_10": 0.008620689655172414,
        "hits_at_3": 0.0,
        "hits_at_5": 0.008620689655172414,
        "inverse_arithmetic_mean_rank": 0.0004566245994693707,
        "inverse_geometric_mean_rank": 0.0006536047329855314,
        "inverse_harmonic_mean_rank": 0.0038748140345904445,
        "inverse_median_rank": 0.0004714757190004715,
        "median_absolute_deviation": 1721.301175685004,
        "median_rank": 2121.0,
        "standard_deviation": 1317.0057600923878,
        "variance": 1734504.172116528,
        "z_arithmetic_mean_rank": -2189.9827586206898,
        "z_hits_at_1": 0.0,
        "z_hits_at_10": 0.008620689655172414,
        "z_hits_at_3": 0.0,
        "z_hits_at_5": 0.008620689655172414,