{
  "losses": [
    0.003935640465854828,
    0.0038839302995301718,
    0.0038233272282809116,
    0.0037641655714557485,
    0.003709132993517697,
    0.003646665509959299,
    0.003588691567366985,
    0.0035408922580311866,
    0.003475257415992722,
    0.0034099135642989098,
    0.003370650060478349,
    0.0033004742313659905,
    0.0032666951813274093,
    0.0032007255265573036,
    0.003133414236833776,
    0.0030855099150883534,
    0.003035293440923366,
    0.002975469851094908,
    0.0029361907636854664,
    0.002860295650172445,
    0.0028266426158200884,
    0.0027477122546752195,
    0.0027121492293936183,
    0.002680109652763414,
    0.0026279317959969255,
    0.002624948830074028,
    0.0025700465749640537,
    0.0025220971474305175,
    0.002515838167030218,
    0.0024783486771937984
  ],
  "metrics": {
    "both": {
      "optimistic": {
        "adjusted_arithmetic_mean_rank": 1.4048246828958504,
        "adjusted_arithmetic_mean_rank_index": -0.4050110303866299,
        "adjusted_hits_at_1": -0.00023019265019276925,
        "adjusted_hits_at_10": -0.002306705381552634,
        "adjusted_hits_at_3": -0.000690896028954133,
        "adjusted_hits_at_5": -0.0011520240007951612,
        "adjusted_inverse_harmonic_mean_rank": -0.0012429509988875105,
        "arithmetic_mean_rank": 3053.271551724138,
        "count": 232.0,
        "geometric_mean_rank": 2638.534801505258,
        "harmonic_mean_rank": 1454.5981091459428,
        "hits_at_1": 0.0,
        "hits_at_10": 0.0,
        "hits_at_3": 0.0,
        "hits_at_5": 0.0,
        "inverse_arithmetic_mean_rank": 0.0003275175440701678,
        "inverse_geometric_mean_rank": 0.00037899822258531885,
        "inverse_harmonic_mean_rank": 0.0006874751133748848,
        "inverse_median_rank": 0.00029994001199760045,
        "median_absolute_deviation": 1031.1498429706462,
        "median_rank": 3334.0,
        "standard_deviation": 1111.9595779450794,
        "variance": 1236454.102983799,
        "z_arithmetic_mean_rank": -3053.271551724138,
        "z_hits_at_1": 0.0,
        "z_hits_at_10": 0.0,
        "z_hits_at_3": 0.0,
        "z_hits_at_5": 0.0,
        "z_inverse_harmonic_mean_rank": 0.0006874751133748848
      },
      "pessimistic": {
        "adjusted_arithmetic_mean_rank": 1.4048306325259794,
        "adjusted_arithmetic_mean_rank_index": -0.40501698275547193,
        "adjusted_hits_at_1": -0.00023019265019276925,
        "adjusted_hits_at_10": -0.002306705381552634,
        "adjusted_hits_at_3": -0.000690896028954133,
        "adjusted_hits_at_5": -0.0011520240007951612,
        "adjusted_inverse_harmonic_mean_rank": -0.0012429521772566352,
        "arithmetic_mean_rank": 3053.2844827586205,
        "count": 232.0,
        "geometric_mean_rank": 2638.5450898194213,
        "harmonic_mean_rank": 1454.6005976021033,
        "hits_at_1": 0.0,
        "hits_at_10": 0.0,
        "hits_at_3": 0.0,
        "hits_at_5": 0.0,
        "inverse_arithmetic_mean_rank": 0.0003275161569931758,
        "inverse_geometric_mean_rank": 0.0003789967447812077,
        "inverse_harmonic_mean_rank": 0.0006874739372776909,
        "inverse_median_rank": 0.000299895036737142,
        "median_absolute_deviation": 1031.1498429706462,
        "median_rank": 3334.5,
        "standard_deviation": 1111.9626467153696,
        "variance": 1236460.9276902496,
        "z_arithmetic_mean_rank": -3053.2844827586205,
        "z_hits_at_1": 0.0,
        "z_hits_at_10": 0.0,
        "z_hits_at_3": 0.0,
        "z_hits_at_5": 0.0,
        "z_inverse_harmonic_mean_rank": 0.0006874739372776909
      },
      "realistic": {
        "adjusted_arithmetic_mean_rank": 1.4048276848251147,
        "adjusted_arithmetic_mean_rank_index": -0.4050140336977319,
        "adjusted_hits_at_1": -0.00023019265019276925,
        "adjusted_hits_at_10": -0.002306705381552634,
        "adjusted_hits_at_3": -0.000690896028954133,
        "adjusted_hits_at_5": -0.0011520240007951612,
        "adjusted_inverse_harmonic_mean_rank": -0.0012429516000592785,
        "arithmetic_mean_rank": 3053.278076171875,
        "count": 232.0,
        "geometric_mean_rank": 2638.54052734375,
        "harmonic_mean_rank": 1454.5993786872982,
        "hits_at_1": 0.0,
        "hits_at_10": 0.0,
        "hits_at_3": 0.0,
        "hits_at_5": 0.0,
        "inverse_arithmetic_mean_rank": 0.00032751684193499386,
        "inverse_geometric_mean_rank": 0.0003789974143728614,
        "inverse_harmonic_mean_rank": 0.000687474513362194,
        "inverse_median_rank": 0.000299917533993721,
        "median_absolute_deviation": 1031.1498429706462,
        "median_rank": 3334.25,
        "standard_deviation": 1111.9610595703125,
        "variance": 1236457.5,
        "z_arithmetic_mean_rank": -3053.278076171875,
        "z_hits_at_1": 0.0,
        "z_hits_at_10": 0.0,
        "z_hits_at_3": 0.0,
        "z_hits_at_5": 0.0,
        "z_inverse_harmonic_mean_rank": 0.000687474513362194
      }
    },
    "head": {
      "optimistic": {
        "adjusted_arithmetic_mean_rank": 1.4236738847653725,
        "adjusted_arithmetic_mean_rank_index": -0.4238711765447234,
        "adjusted_hits_at_1": -0.0002328424225031101,
        "adjusted_hits_at_10": -0.002333313875127404,
        "adjusted_hits_at_3": -0.000698852712626492,
        "adjusted_hits_at_5": -0.0011652974352265699,
        "adjusted_inverse_harmonic_mean_rank": -0.0012521617323620726,
        "arithmetic_mean_rank": 3058.689655172414,
        "count": 116.0,
        "geometric_mean_rank": 2627.850165150558,
        "harmonic_mean_rank": 1432.5942100211332,
        "hits_at_1": 0.0,
        "hits_at_10": 0.0,
        "hits_at_3": 0.0,
        "hits_at_5": 0.0,
        "inverse_arithmetic_mean_rank": 0.0003269373858537575,
        "inverse_geometric_mean_rank": 0.0003805392001650546,
        "inverse_harmonic_mean_rank": 0.0006980343721933989,
        "inverse_median_rank": 0.0002928686484111876,
        "median_absolute_deviation": 1096.3843405848927,
        "median_rank": 3414.5,
        "standard_deviation": 1136.5401779523154,
        "variance": 1291723.5760998807,
        "z_arithmetic_mean_rank": -3058.689655172414,
        "z_hits_at_1": 0.0,
        "z_hits_at_10": 0.0,
        "z_hits_at_3": 0.0,
        "z_hits_at_5": 0.0,
        "z_inverse_harmonic_mean_rank": 0.0006980343721933989
      },
      "pessimistic": {
        "adjusted_arithmetic_mean_rank": 1.423681909803617,
        "adjusted_arithmetic_mean_rank_index": -0.42387920531997936,
        "adjusted_hits_at_1": -0.0002328424225031101,
        "adjusted_hits_at_10": -0.002333313875127404,
        "adjusted_hits_at_3": -0.000698852712626492,
        "adjusted_hits_at_5": -0.0011652974352265699,
        "adjusted_inverse_harmonic_mean_rank": -0.0012521633297220122,
        "arithmetic_mean_rank": 3058.706896551724,
        "count": 116.0,
        "geometric_mean_rank": 2627.8639412141083,
        "harmonic_mean_rank": 1432.5974819468747,
        "hits_at_1": 0.0,
        "hits_at_10": 0.0,
        "hits_at_3": 0.0,
        "hits_at_5": 0.0,
        "inverse_arithmetic_mean_rank": 0.0003269355429666582,
        "inverse_geometric_mean_rank": 0.0003805372052626083,
        "inverse_harmonic_mean_rank": 0.0006980327779447285,
        "inverse_median_rank": 0.0002928686484111876,
        "median_absolute_deviation": 1096.3843405848927,
        "median_rank": 3414.5,
        "standard_deviation": 1136.543679222239,
        "variance": 1291731.5347800236,
        "z_arithmetic_mean_rank": -3058.706896551724,
        "z_hits_at_1": 0.0,
        "z_hits_at_10": 0.0,
        "z_hits_at_3": 0.0,
        "z_hits_at_5": 0.0,
        "z_inverse_harmonic_mean_rank": 0.0006980327779447285
      },
      "realistic": {
        "adjusted_arithmetic_mean_rank": 1.423677881610592,
        "adjusted_arithmetic_mean_rank_index": -0.4238751752511498,
        "adjusted_hits_at_1": -0.0002328424225031101,
        "adjusted_hits_at_10": -0.002333313875127404,