{
  "losses": [
    0.004404912730396731,
    0.004206807607915357,
    0.004049065296035683,
    0.003915469460900696,
    0.003761893036523344,
    0.0036538476886810163,
    0.0035731109551123616,
    0.0034688454594614133,
    0.0033451588704897536,
    0.0032571419973874923,
    0.0031920857770163917,
    0.003110866752434018,
    0.0030146974281017825,
    0.002975443390993948,
    0.0029149653681659763,
    0.002889235208827425,
    0.0028159977312468883,
    0.0027538439888716046,
    0.00271793807330573,
    0.0026961025628158323,
    0.00265297812658953,
    0.0026034933710290713,
    0.002615249743627343,
    0.0025537012571398374,
    0.002587122824829563,
    0.002552525561715126,
    0.002520053349060579,
    0.002509653668799721,
    0.0025061696245400173,
    0.002487984563735485
  ],
  "metrics": {
    "both": {
      "optimistic": {
        "adjusted_arithmetic_mean_rank": 1.170163864375759,
        "adjusted_arithmetic_mean_rank_index": -0.17023551673800208,
        "adjusted_hits_at_1": -0.00021056216689364367,
        "adjusted_hits_at_10": -0.002109619523460065,
        "adjusted_hits_at_3": -0.0006319526313117773,
        "adjusted_hits_at_5": -0.0010536983104662341,
        "adjusted_inverse_harmonic_mean_rank": -0.0011689455024580023,
        "arithmetic_mean_rank": 2780.137931034483,
        "count": 232.0,
        "geometric_mean_rank": 2327.6698333039753,
        "harmonic_mean_rank": 1624.4999178692576,
        "hits_at_1": 0.0,
        "hits_at_10": 0.0,
        "hits_at_3": 0.0,
        "hits_at_5": 0.0,
        "inverse_arithmetic_mean_rank": 0.00035969438380631076,
        "inverse_geometric_mean_rank": 0.00042961419428655194,
        "inverse_harmonic_mean_rank": 0.0006155740538981557,
        "inverse_median_rank": 0.0003531696980399082,
        "median_absolute_deviation": 1599.7277937675444,
        "median_rank": 2831.5,
        "standard_deviation": 1292.0484397383104,
        "variance": 1669389.1706302022,
        "z_arithmetic_mean_rank": -2780.137931034483,
        "z_hits_at_1": 0.0,
        "z_hits_at_10": 0.0,
        "z_hits_at_3": 0.0,
        "z_hits_at_5": 0.0,
        "z_inverse_harmonic_mean_rank": 0.0006155740538981557
      },
      "pessimistic": {
        "adjusted_arithmetic_mean_rank": 1.170163864375759,
        "adjusted_arithmetic_mean_rank_index": -0.17023551673800208,
        "adjusted_hits_at_1": -0.00021056216689364367,
        "adjusted_hits_at_10": -0.002109619523460065,
        "adjusted_hits_at_3": -0.0006319526313117773,
        "adjusted_hits_at_5": -0.0010536983104662341,
        "adjusted_inverse_harmonic_mean_rank": -0.0011689455024580023,
        "arithmetic_mean_rank": 2780.137931034483,
        "count": 232.0,
        "geometric_mean_rank": 2327.6698333039753,
        "harmonic_mean_rank": 1624.4999178692576,
        "hits_at_1": 0.0,
        "hits_at_10": 0.0,
        "hits_at_3": 0.0,
        "hits_at_5": 0.0,
        "inverse_arithmetic_mean_rank": 0.00035969438380631076,
        "inverse_geometric_mean_rank": 0.00042961419428655194,
        "inverse_harmonic_mean_rank": 0.0006155740538981557,
        "inverse_median_rank": 0.0003531696980399082,
        "median_absolute_deviation": 1599.7277937675444,
        "median_rank": 2831.5,
        "standard_deviation": 1292.0484397383104,
        "variance": 1669389.1706302022,
        "z_arithmetic_mean_rank": -2780.137931034483,
        "z_hits_at_1": 0.0,
        "z_hits_at_10": 0.0,
        "z_hits_at_3": 0.0,
        "z_hits_at_5": 0.0,
        "z_inverse_harmonic_mean_rank": 0.0006155740538981557
      },
      "realistic": {
        "adjusted_arithmetic_mean_rank": 1.170163867919177,
        "adjusted_arithmetic_mean_rank_index": -0.17023552028291222,
        "adjusted_hits_at_1": -0.00021056216689364367,
        "adjusted_hits_at_10": -0.002109619523460065,
        "adjusted_hits_at_3": -0.0006319526313117773,
        "adjusted_hits_at_5": -0.0010536983104662341,
        "adjusted_inverse_harmonic_mean_rank": -0.0011689455222678828,
        "arithmetic_mean_rank": 2780.137939453125,
        "count": 232.0,
        "geometric_mean_rank": 2327.671142578125,
        "harmonic_mean_rank": 1624.4999700543508,
        "hits_at_1": 0.0,
        "hits_at_10": 0.0,
        "hits_at_3": 0.0,
        "hits_at_5": 0.0,
        "inverse_arithmetic_mean_rank": 0.0003596943861339241,
        "inverse_geometric_mean_rank": 0.0004296139522921294,
        "inverse_harmonic_mean_rank": 0.0006155740341235852,
        "inverse_median_rank": 0.00035316968569532037,
        "median_absolute_deviation": 1599.7277937675444,
        "median_rank": 2831.5,
        "standard_deviation": 1292.0484619140625,
        "variance": 1669389.25,
        "z_arithmetic_mean_rank": -2780.137939453125,
        "z_hits_at_1": 0.0,
        "z_hits_at_10": 0.0,
        "z_hits_at_3": 0.0,
        "z_hits_at_5": 0.0,
        "z_inverse_harmonic_mean_rank": 0.0006155740341235852
      }
    },
    "head": {
      "optimistic": {
        "adjusted_arithmetic_mean_rank": 0.931974051778326,
        "adjusted_arithmetic_mean_rank_index": 0.06805486700341068,
        "adjusted_hits_at_1": -0.0002125647677931381,
        "adjusted_hits_at_10": -0.0021297220127172553,
        "adjusted_hits_at_3": -0.0006379655213652322,
        "adjusted_hits_at_5": -0.0010637282835880741,
        "adjusted_inverse_harmonic_mean_rank": -0.000927736350157495,
        "arithmetic_mean_rank": 2193.2241379310344,
        "count": 116.0,
        "geometric_mean_rank": 1733.0713269794526,
        "harmonic_mean_rank": 1147.5493812766053,
        "hits_at_1": 0.0,
        "hits_at_10": 0.0,
        "hits_at_3": 0.0,
        "hits_at_5": 0.0,
        "inverse_arithmetic_mean_rank": 0.00045594975119293753,
        "inverse_geometric_mean_rank": 0.0005770102963637896,
        "inverse_harmonic_mean_rank": 0.0008714221943874326,
        "inverse_median_rank": 0.00046061722708429296,
        "median_absolute_deviation": 1562.6627383049045,
        "median_rank": 2171.0,
        "standard_deviation": 1213.1729635206023,
        "variance": 1471788.6394173605,
        "z_arithmetic_mean_rank": -2193.2241379310344,
        "z_hits_at_1": 0.0,
        "z_hits_at_10": 0.0,
        "z_hits_at_3": 0.0,
        "z_hits_at_5": 0.0,
        "z_inverse_harmonic_mean_rank": 0.0008714221943874326
      },
      "pessimistic": {
        "adjusted_arithmetic_mean_rank": 0.931974051778326,
        "adjusted_arithmetic_mean_rank_index": 0.06805486700341068,
        "adjusted_hits_at_1": -0.0002125647677931381,
        "adjusted_hits_at_10": -0.0021297220127172553,
        "adjusted_hits_at_3": -0.0006379655213652322,
        "adjusted_hits_at_5": -0.0010637282835880741,
        "adjusted_inverse_harmonic_mean_rank": -0.000927736350157495,
        "arithmetic_mean_rank": 2193.2241379310344,
        "count": 116.0,
        "geometric_mean_rank": 1733.0713269794526,
        "harmonic_mean_rank": 1147.5493812766053,
        "hits_at_1": 0.0,
        "hits_at_10": 0.0,
        "hits_at_3": 0.0,
        "hits_at_5": 0.0,
        "inverse_arithmetic_mean_rank": 0.00045594975119293753,
        "inverse_geometric_mean_rank": 0.0005770102963637896,
        "inverse_harmonic_mean_rank": 0.0008714221943874326,
        "inverse_median_rank": 0.00046061722708429296,
        "median_absolute_deviation": 1562.6627383049045,
        "median_rank": 2171.0,
        "standard_deviation": 1213.1729635206023,
        "variance": 1471788.6394173605,
        "z_arithmetic_mean_rank": -2193.2241379310344,
        "z_hits_at_1": 0.0,
        "z_hits_at_10": 0.0,
        "z_hits_at_3": 0.0,
        "z_hits_at_5": 0.0,
        "z_inverse_harmonic_mean_rank": 0.0008714221943874326
      },
      "realistic": {
        "adjusted_arithmetic_mean_rank": 0.9319740446236026,
        "adjusted_arithmetic_mean_rank_index": 0.06805487416117573,
        "adjusted_hits_at_1": -0.0002125647677931381,
        "adjusted_hits_at_10": -0.0021297220127172553,