{
  "losses": [
    0.023941627805990295,
    0.022099807186160027,
    0.020457735464347572,
    0.01910037135842349,
    0.017971839684189448,
    0.016824717809188712,
    0.01572746677891575,
    0.014774013058219097,
    0.01375844363569962,
    0.01267288864452389,
    0.012139942192053279,
    0.011626496773715134,
    0.010760755971514829,
    0.01009777853068268,
    0.009584605812301162,
    0.009002872967057957,
    0.008488467253659778,
    0.00803615177160975,
    0.007281061770161852,
    0.006902280338384553,
    0.006663484570779152,
    0.0062252170931437695,
    0.005886297808749928,
    0.005593524313958235,
    0.005468945813160346,
    0.005055256004355326,
    0.004715542169688919,
    0.004643995340642681,
    0.004268228799476299,
    0.003980754911953423
  ],
  "metrics": {
    "both": {
      "optimistic": {
        "adjusted_arithmetic_mean_rank": 1.088131153196075,
        "adjusted_arithmetic_mean_rank_index": -0.0881682818394971,
        "adjusted_hits_at_1": -0.00021066886899837758,
        "adjusted_hits_at_10": -0.002110690601199618,
        "adjusted_hits_at_3": -0.0006322730074738982,
        "adjusted_hits_at_5": -0.0010542327210519083,
        "adjusted_inverse_harmonic_mean_rank": -0.0006588906721321258,
        "arithmetic_mean_rank": 2583.9525862068967,
        "count": 232.0,
        "geometric_mean_rank": 1937.6283319429842,
        "harmonic_mean_rank": 888.4909266151597,
        "hits_at_1": 0.0,
        "hits_at_10": 0.0,
        "hits_at_3": 0.0,
        "hits_at_5": 0.0,
        "inverse_arithmetic_mean_rank": 0.0003870040051578292,
        "inverse_geometric_mean_rank": 0.000516094848281474,
        "inverse_harmonic_mean_rank": 0.0011255038966010052,
        "inverse_median_rank": 0.00037474236462432077,
        "median_absolute_deviation": 1769.485747786436,
        "median_rank": 2668.5,
        "standard_deviation": 1405.842366939824,
        "variance": 1976392.7606829668,
        "z_arithmetic_mean_rank": -2583.9525862068967,
        "z_hits_at_1": 0.0,
        "z_hits_at_10": 0.0,
        "z_hits_at_3": 0.0,
        "z_hits_at_5": 0.0,
        "z_inverse_harmonic_mean_rank": 0.0011255038966010052
      },
      "pessimistic": {
        "adjusted_arithmetic_mean_rank": 1.088131153196075,
        "adjusted_arithmetic_mean_rank_index": -0.0881682818394971,
        "adjusted_hits_at_1": -0.00021066886899837758,
        "adjusted_hits_at_10": -0.002110690601199618,
        "adjusted_hits_at_3": -0.0006322730074738982,
        "adjusted_hits_at_5": -0.0010542327210519083,
        "adjusted_inverse_harmonic_mean_rank": -0.0006588906721321258,
        "arithmetic_mean_rank": 2583.9525862068967,
        "count": 232.0,
        "geometric_mean_rank": 1937.6283319429842,
        "harmonic_mean_rank": 888.4909266151597,
        "hits_at_1": 0.0,
        "hits_at_10": 0.0,
        "hits_at_3": 0.0,
        "hits_at_5": 0.0,
        "inverse_arithmetic_mean_rank": 0.0003870040051578292,
        "inverse_geometric_mean_rank": 0.000516094848281474,
        "inverse_harmonic_mean_rank": 0.0011255038966010052,
        "inverse_median_rank": 0.00037474236462432077,
        "median_absolute_deviation": 1769.485747786436,
        "median_rank": 2668.5,
        "standard_deviation": 1405.842366939824,
        "variance": 1976392.7606829668,
        "z_arithmetic_mean_rank": -2583.9525862068967,
        "z_hits_at_1": 0.0,
        "z_hits_at_10": 0.0,
        "z_hits_at_3": 0.0,
        "z_hits_at_5": 0.0,
        "z_inverse_harmonic_mean_rank": 0.0011255038966010052
      },
      "realistic": {
        "adjusted_arithmetic_mean_rank": 1.0881311744671778,
        "adjusted_arithmetic_mean_rank_index": -0.08816830311956125,
        "adjusted_hits_at_1": -0.00021066886899837758,
        "adjusted_hits_at_10": -0.002110690601199618,
        "adjusted_hits_at_3": -0.0006322730074738982,
        "adjusted_hits_at_5": -0.0010542327210519083,
        "adjusted_inverse_harmonic_mean_rank": -0.0006588905948811389,
        "arithmetic_mean_rank": 2583.95263671875,
        "count": 232.0,
        "geometric_mean_rank": 1937.62841796875,
        "harmonic_mean_rank": 888.4908657407354,
        "hits_at_1": 0.0,
        "hits_at_10": 0.0,
        "hits_at_3": 0.0,
        "hits_at_5": 0.0,
        "inverse_arithmetic_mean_rank": 0.00038700399454683065,
        "inverse_geometric_mean_rank": 0.0005160948494449258,
        "inverse_harmonic_mean_rank": 0.0011255039737142365,
        "inverse_median_rank": 0.000374742376152426,
        "median_absolute_deviation": 1769.485747786436,
        "median_rank": 2668.5,
        "standard_deviation": 1405.8424072265625,
        "variance": 1976392.875,
        "z_arithmetic_mean_rank": -2583.95263671875,
        "z_hits_at_1": 0.0,
        "z_hits_at_10": 0.0,
        "z_hits_at_3": 0.0,
        "z_hits_at_5": 0.0,
        "z_inverse_harmonic_mean_rank": 0.0011255039737142365
      }
    },
    "head": {
      "optimistic": {
        "adjusted_arithmetic_mean_rank": 1.0870629120226298,
        "adjusted_arithmetic_mean_rank_index": -0.08709996075156812,
        "adjusted_hits_at_1": -0.00021277704780802407,
        "adjusted_hits_at_10": -0.00213185296249773,
        "adjusted_hits_at_3": -0.0006386029035051311,
        "adjusted_hits_at_5": -0.0010647914918007462,
        "adjusted_inverse_harmonic_mean_rank": -0.0006350846445882544,
        "arithmetic_mean_rank": 2555.637931034483,
        "count": 116.0,
        "geometric_mean_rank": 1908.0589735810515,
        "harmonic_mean_rank": 858.268801228788,
        "hits_at_1": 0.0,
        "hits_at_10": 0.0,
        "hits_at_3": 0.0,
        "hits_at_5": 0.0,
        "inverse_arithmetic_mean_rank": 0.00039129173497406007,
        "inverse_geometric_mean_rank": 0.0005240928157074708,
        "inverse_harmonic_mean_rank": 0.0011651361421600025,
        "inverse_median_rank": 0.0003787878787878788,
        "median_absolute_deviation": 1718.3359712479926,
        "median_rank": 2640.0,
        "standard_deviation": 1394.508728206459,
        "variance": 1944654.5930439953,
        "z_arithmetic_mean_rank": -2555.637931034483,
        "z_hits_at_1": 0.0,
        "z_hits_at_10": 0.0,
        "z_hits_at_3": 0.0,
        "z_hits_at_5": 0.0,
        "z_inverse_harmonic_mean_rank": 0.0011651361421600025
      },
      "pessimistic": {
        "adjusted_arithmetic_mean_rank": 1.0870629120226298,
        "adjusted_arithmetic_mean_rank_index": -0.08709996075156812,
        "adjusted_hits_at_1": -0.00021277704780802407,
        "adjusted_hits_at_10": -0.00213185296249773,
        "adjusted_hits_at_3": -0.0006386029035051311,
        "adjusted_hits_at_5": -0.0010647914918007462,
        "adjusted_inverse_harmonic_mean_rank": -0.0006350846445882544,
        "arithmetic_mean_rank": 2555.637931034483,
        "count": 116.0,
        "geometric_mean_rank": 1908.0589735810515,
        "harmonic_mean_rank": 858.268801228788,
        "hits_at_1": 0.0,
        "hits_at_10": 0.0,
        "hits_at_3": 0.0,
        "hits_at_5": 0.0,
        "inverse_arithmetic_mean_rank": 0.00039129173497406007,
        "inverse_geometric_mean_rank": 0.0005240928157074708,
        "inverse_harmonic_mean_rank": 0.0011651361421600025,
        "inverse_median_rank": 0.0003787878787878788,
        "median_absolute_deviation": 1718.3359712479926,
        "median_rank": 2640.0,
        "standard_deviation": 1394.508728206459,
        "variance": 1944654.5930439953,
        "z_arithmetic_mean_rank": -2555.637931034483,
        "z_hits_at_1": 0.0,
        "z_hits_at_10": 0.0,
        "z_hits_at_3": 0.0,
        "z_hits_at_5": 0.0,
        "z_inverse_harmonic_mean_rank": 0.0011651361421600025
      },
      "realistic": {
        "adjusted_arithmetic_mean_rank": 1.0870629156035727,
        "adjusted_arithmetic_mean_rank_index": -0.08709996433403489,
        "adjusted_hits_at_1": -0.00021277704780802407,
        "adjusted_hits_at_10": -0.00213185296249773,