{
  "losses": [
    0.0036475389888865222,
    0.0027466273280513064,
    0.002370021377842898,
    0.0021188752754331603,
    0.0019268101848368832,
    0.0017354179955298597,
    0.0015826258061341612,
    0.0014472624353095498,
    0.0013511325356385972,
    0.0012016838899930337,
    0.0011071258209231502,
    0.0010308195281392098,
    0.0009365813793974334,
    0.0008698642140777346,
    0.0007865004285000425,
    0.0007540797420341088,
    0.0006913412280430543,
    0.0006612042457351813,
    0.0006172721541852063,
    0.0005818817518352134,
    0.000558806659694063,
    0.0005286207380987609,
    0.0005134373165442207,
    0.0004739382504361285,
    0.00044367599236693026,
    0.00043287252124609213,
    0.0004088307628358145,
    0.00040265900274693455,
    0.0003945425446295866,
    0.00037004015601497766
  ],
  "metrics": {
    "both": {
      "optimistic": {
        "adjusted_arithmetic_mean_rank": 1.0749671304049002,
        "adjusted_arithmetic_mean_rank_index": -0.07499870261683594,
        "adjusted_hits_at_1": -0.00021059714390775285,
        "adjusted_hits_at_10": -0.0021099706231602297,
        "adjusted_hits_at_3": -0.0006320576507953436,
        "adjusted_hits_at_5": -0.0010538734905273447,
        "adjusted_inverse_harmonic_mean_rank": -0.0005804361926814312,
        "arithmetic_mean_rank": 2553.5474137931033,
        "count": 232.0,
        "geometric_mean_rank": 1973.6603336797405,
        "harmonic_mean_rank": 831.0539234811617,
        "hits_at_1": 0.0,
        "hits_at_10": 0.0,
        "hits_at_3": 0.0,
        "hits_at_5": 0.0,
        "inverse_arithmetic_mean_rank": 0.00039161207448056544,
        "inverse_geometric_mean_rank": 0.0005066727961926334,
        "inverse_harmonic_mean_rank": 0.001203291352998068,
        "inverse_median_rank": 0.0003904724716907458,
        "median_absolute_deviation": 1916.2633674184906,
        "median_rank": 2561.0,
        "standard_deviation": 1386.4181173180746,
        "variance": 1922155.1960277944,
        "z_arithmetic_mean_rank": -2553.5474137931033,
        "z_hits_at_1": 0.0,
        "z_hits_at_10": 0.0,
        "z_hits_at_3": 0.0,
        "z_hits_at_5": 0.0,
        "z_inverse_harmonic_mean_rank": 0.001203291352998068
      },
      "pessimistic": {
        "adjusted_arithmetic_mean_rank": 1.0749671304049002,
        "adjusted_arithmetic_mean_rank_index": -0.07499870261683594,
        "adjusted_hits_at_1": -0.00021059714390775285,
        "adjusted_hits_at_10": -0.0021099706231602297,
        "adjusted_hits_at_3": -0.0006320576507953436,
        "adjusted_hits_at_5": -0.0010538734905273447,
        "adjusted_inverse_harmonic_mean_rank": -0.0005804361926814312,
        "arithmetic_mean_rank": 2553.5474137931033,
        "count": 232.0,
        "geometric_mean_rank": 1973.6603336797405,
        "harmonic_mean_rank": 831.0539234811617,
        "hits_at_1": 0.0,
        "hits_at_10": 0.0,
        "hits_at_3": 0.0,
        "hits_at_5": 0.0,
        "inverse_arithmetic_mean_rank": 0.00039161207448056544,
        "inverse_geometric_mean_rank": 0.0005066727961926334,
        "inverse_harmonic_mean_rank": 0.001203291352998068,
        "inverse_median_rank": 0.0003904724716907458,
        "median_absolute_deviation": 1916.2633674184906,
        "median_rank": 2561.0,
        "standard_deviation": 1386.4181173180746,
        "variance": 1922155.1960277944,
        "z_arithmetic_mean_rank": -2553.5474137931033,
        "z_hits_at_1": 0.0,
        "z_hits_at_10": 0.0,
        "z_hits_at_3": 0.0,
        "z_hits_at_5": 0.0,
        "z_inverse_harmonic_mean_rank": 0.001203291352998068
      },
      "realistic": {
        "adjusted_arithmetic_mean_rank": 1.0749671091409199,
        "adjusted_arithmetic_mean_rank_index": -0.07499868134390031,
        "adjusted_hits_at_1": -0.00021059714390775285,
        "adjusted_hits_at_10": -0.0021099706231602297,
        "adjusted_hits_at_3": -0.0006320576507953436,
        "adjusted_hits_at_5": -0.0010538734905273447,
        "adjusted_inverse_harmonic_mean_rank": -0.0005804361705785353,
        "arithmetic_mean_rank": 2553.54736328125,
        "count": 232.0,
        "geometric_mean_rank": 1973.6611328125,
        "harmonic_mean_rank": 831.0539082429966,
        "hits_at_1": 0.0,
        "hits_at_10": 0.0,
        "hits_at_3": 0.0,
        "hits_at_5": 0.0,
        "inverse_arithmetic_mean_rank": 0.00039161209133453667,
        "inverse_geometric_mean_rank": 0.0005066726007498801,
        "inverse_harmonic_mean_rank": 0.0012032913750615612,
        "inverse_median_rank": 0.00039047247264534235,
        "median_absolute_deviation": 1916.2633674184906,
        "median_rank": 2561.0,
        "standard_deviation": 1386.4180908203125,
        "variance": 1922155.125,
        "z_arithmetic_mean_rank": -2553.54736328125,
        "z_hits_at_1": 0.0,
        "z_hits_at_10": 0.0,
        "z_hits_at_3": 0.0,
        "z_hits_at_5": 0.0,
        "z_inverse_harmonic_mean_rank": 0.0012032913750615612
      }
    },
    "head": {
      "optimistic": {
        "adjusted_arithmetic_mean_rank": 0.8097033280952866,
        "adjusted_arithmetic_mean_rank_index": 0.1903775960701133,
        "adjusted_hits_at_1": -0.0002126339720562082,
        "adjusted_hits_at_10": -0.0021304167112691503,
        "adjusted_hits_at_3": -0.0006381733108205046,
        "adjusted_hits_at_5": -0.0010640748941662885,
        "adjusted_inverse_harmonic_mean_rank": 0.00012270160201464234,
        "arithmetic_mean_rank": 1904.8620689655172,
        "count": 116.0,
        "geometric_mean_rank": 1406.737716256283,
        "harmonic_mean_rank": 520.7007308214268,
        "hits_at_1": 0.0,
        "hits_at_10": 0.0,
        "hits_at_3": 0.0,
        "hits_at_5": 0.0,
        "inverse_arithmetic_mean_rank": 0.0005249723936930902,
        "inverse_geometric_mean_rank": 0.0007108645687422641,
        "inverse_harmonic_mean_rank": 0.001920488950385107,
        "inverse_median_rank": 0.0005380683346785041,
        "median_absolute_deviation": 1276.5205101333233,
        "median_rank": 1858.5,
        "standard_deviation": 1152.0572969508887,
        "variance": 1327236.0154577882,
        "z_arithmetic_mean_rank": -1904.8620689655172,
        "z_hits_at_1": 0.0,
        "z_hits_at_10": 0.0,
        "z_hits_at_3": 0.0,
        "z_hits_at_5": 0.0,
        "z_inverse_harmonic_mean_rank": 0.001920488950385107
      },
      "pessimistic": {
        "adjusted_arithmetic_mean_rank": 0.8097033280952866,
        "adjusted_arithmetic_mean_rank_index": 0.1903775960701133,
        "adjusted_hits_at_1": -0.0002126339720562082,
        "adjusted_hits_at_10": -0.0021304167112691503,
        "adjusted_hits_at_3": -0.0006381733108205046,
        "adjusted_hits_at_5": -0.0010640748941662885,
        "adjusted_inverse_harmonic_mean_rank": 0.00012270160201464234,
        "arithmetic_mean_rank": 1904.8620689655172,
        "count": 116.0,
        "geometric_mean_rank": 1406.737716256283,
        "harmonic_mean_rank": 520.7007308214268,
        "hits_at_1": 0.0,
        "hits_at_10": 0.0,
        "hits_at_3": 0.0,
        "hits_at_5": 0.0,
        "inverse_arithmetic_mean_rank": 0.0005249723936930902,
        "inverse_geometric_mean_rank": 0.0007108645687422641,
        "inverse_harmonic_mean_rank": 0.001920488950385107,
        "inverse_median_rank": 0.0005380683346785041,
        "median_absolute_deviation": 1276.5205101333233,
        "median_rank": 1858.5,
        "standard_deviation": 1152.0572969508887,
        "variance": 1327236.0154577882,
        "z_arithmetic_mean_rank": -1904.8620689655172,
        "z_hits_at_1": 0.0,
        "z_hits_at_10": 0.0,
        "z_hits_at_3": 0.0,
        "z_hits_at_5": 0.0,
        "z_inverse_harmonic_mean_rank": 0.001920488950385107
      },
      "realistic": {
        "adjusted_arithmetic_mean_rank": 0.8097033245167583,
        "adjusted_arithmetic_mean_rank_index": 0.1903775996501632,
        "adjusted_hits_at_1": -0.0002126339720562082,