{
  "losses": [
    0.005462865004818968,
    0.004512919639149428,
    0.0038572293894455077,
    0.0034639917937440115,
    0.0031077171454881444,
    0.0028810994782064933,
    0.0026818856719918772,
    0.0025077908342555737,
    0.0023417584627236625,
    0.0022025684798081934,
    0.002091899405587948,
    0.0019549089690646696,
    0.0019052461230405144,
    0.0017686144310080512,
    0.0017151142680410176,
    0.001611026164516111,
    0.0015558507002862733,
    0.0014580095897172706,
    0.0014062438371791716,
    0.0013532566849018218,
    0.0013093298506315957,
    0.0012936411108728503,
    0.0011889751149863983,
    0.0011703930016519306,
    0.0011133312206010949,
    0.0010644455480903008,
    0.0010495879728602657,
    0.0010160058117452842,
    0.0009481696447086121,
    0.0009492905655077269
  ],
  "metrics": {
    "both": {
      "optimistic": {
        "adjusted_arithmetic_mean_rank": 0.6399852238248982,
        "adjusted_arithmetic_mean_rank_index": 0.3601665263067687,
        "adjusted_hits_at_1": -0.00021078182213830787,
        "adjusted_hits_at_10": -0.002111824429194074,
        "adjusted_hits_at_3": -0.0006326121526994293,
        "adjusted_hits_at_5": -0.0010547984400402608,
        "adjusted_inverse_harmonic_mean_rank": 0.001217597169907237,
        "arithmetic_mean_rank": 1518.9525862068965,
        "count": 232.0,
        "geometric_mean_rank": 901.7996636617628,
        "harmonic_mean_rank": 333.39174368220694,
        "hits_at_1": 0.0,
        "hits_at_10": 0.0,
        "hits_at_3": 0.0,
        "hits_at_5": 0.0,
        "inverse_arithmetic_mean_rank": 0.0006583483968365224,
        "inverse_geometric_mean_rank": 0.0011088937380387726,
        "inverse_harmonic_mean_rank": 0.0029994743989617575,
        "inverse_median_rank": 0.0008463817181548879,
        "median_absolute_deviation": 1378.8200632102098,
        "median_rank": 1181.5,
        "standard_deviation": 1227.9622496416719,
        "variance": 1507891.2865450357,
        "z_arithmetic_mean_rank": -1518.9525862068965,
        "z_hits_at_1": 0.0,
        "z_hits_at_10": 0.0,
        "z_hits_at_3": 0.0,
        "z_hits_at_5": 0.0,
        "z_inverse_harmonic_mean_rank": 0.0029994743989617575
      },
      "pessimistic": {
        "adjusted_arithmetic_mean_rank": 0.6399852238248982,
        "adjusted_arithmetic_mean_rank_index": 0.3601665263067687,
        "adjusted_hits_at_1": -0.00021078182213830787,
        "adjusted_hits_at_10": -0.002111824429194074,
        "adjusted_hits_at_3": -0.0006326121526994293,
        "adjusted_hits_at_5": -0.0010547984400402608,
        "adjusted_inverse_harmonic_mean_rank": 0.001217597169907237,
        "arithmetic_mean_rank": 1518.9525862068965,
        "count": 232.0,
        "geometric_mean_rank": 901.7996636617628,
        "harmonic_mean_rank": 333.39174368220694,
        "hits_at_1": 0.0,
        "hits_at_10": 0.0,
        "hits_at_3": 0.0,
        "hits_at_5": 0.0,
        "inverse_arithmetic_mean_rank": 0.0006583483968365224,
        "inverse_geometric_mean_rank": 0.0011088937380387726,
        "inverse_harmonic_mean_rank": 0.0029994743989617575,
        "inverse_median_rank": 0.0008463817181548879,
        "median_absolute_deviation": 1378.8200632102098,
        "median_rank": 1181.5,
        "standard_deviation": 1227.9622496416719,
        "variance": 1507891.2865450357,
        "z_arithmetic_mean_rank": -1518.9525862068965,
        "z_hits_at_1": 0.0,
        "z_hits_at_10": 0.0,
        "z_hits_at_3": 0.0,
        "z_hits_at_5": 0.0,
        "z_inverse_harmonic_mean_rank": 0.0029994743989617575
      },
      "realistic": {
        "adjusted_arithmetic_mean_rank": 0.6399852451072214,
        "adjusted_arithmetic_mean_rank_index": 0.36016650501547476,
        "adjusted_hits_at_1": -0.00021078182213830787,
        "adjusted_hits_at_10": -0.002111824429194074,
        "adjusted_hits_at_3": -0.0006326121526994293,
        "adjusted_hits_at_5": -0.0010547984400402608,
        "adjusted_inverse_harmonic_mean_rank": 0.0012175972904461894,
        "arithmetic_mean_rank": 1518.95263671875,
        "count": 232.0,
        "geometric_mean_rank": 901.7999877929688,
        "harmonic_mean_rank": 333.3917303081989,
        "hits_at_1": 0.0,
        "hits_at_10": 0.0,
        "hits_at_3": 0.0,
        "hits_at_5": 0.0,
        "inverse_arithmetic_mean_rank": 0.000658348377328366,
        "inverse_geometric_mean_rank": 0.0011088933097198606,
        "inverse_harmonic_mean_rank": 0.0029994745192856625,
        "inverse_median_rank": 0.0008463817066513002,
        "median_absolute_deviation": 1378.8200632102098,
        "median_rank": 1181.5,
        "standard_deviation": 1227.9622802734375,
        "variance": 1507891.25,
        "z_arithmetic_mean_rank": -1518.95263671875,
        "z_hits_at_1": 0.0,
        "z_hits_at_10": 0.0,
        "z_hits_at_3": 0.0,
        "z_hits_at_5": 0.0,
        "z_inverse_harmonic_mean_rank": 0.0029994745192856625
      }
    },
    "head": {
      "optimistic": {
        "adjusted_arithmetic_mean_rank": 0.6268812952380701,
        "adjusted_arithmetic_mean_rank_index": 0.37327765127161483,
        "adjusted_hits_at_1": -0.00021300333008983274,
        "adjusted_hits_at_10": -0.0021341244814907815,
        "adjusted_hits_at_3": -0.0006392823287993019,
        "adjusted_hits_at_5": -0.001065924832605045,
        "adjusted_inverse_harmonic_mean_rank": 0.002003435323466985,
        "arithmetic_mean_rank": 1472.198275862069,
        "count": 116.0,
        "geometric_mean_rank": 778.5488632296893,
        "harmonic_mean_rank": 263.1162871763944,
        "hits_at_1": 0.0,
        "hits_at_10": 0.0,
        "hits_at_3": 0.0,
        "hits_at_5": 0.0,
        "inverse_arithmetic_mean_rank": 0.0006792563314302444,
        "inverse_geometric_mean_rank": 0.0012844408966852189,
        "inverse_harmonic_mean_rank": 0.0038006009081816942,
        "inverse_median_rank": 0.0011198208286674132,
        "median_absolute_deviation": 1126.0363849550047,
        "median_rank": 893.0,
        "standard_deviation": 1329.27509555103,
        "variance": 1766972.2796522002,
        "z_arithmetic_mean_rank": -1472.198275862069,
        "z_hits_at_1": 0.0,
        "z_hits_at_10": 0.0,
        "z_hits_at_3": 0.0,
        "z_hits_at_5": 0.0,
        "z_inverse_harmonic_mean_rank": 0.0038006009081816942
      },
      "pessimistic": {
        "adjusted_arithmetic_mean_rank": 0.6268812952380701,
        "adjusted_arithmetic_mean_rank_index": 0.37327765127161483,
        "adjusted_hits_at_1": -0.00021300333008983274,
        "adjusted_hits_at_10": -0.0021341244814907815,
        "adjusted_hits_at_3": -0.0006392823287993019,
        "adjusted_hits_at_5": -0.001065924832605045,
        "adjusted_inverse_harmonic_mean_rank": 0.002003435323466985,
        "arithmetic_mean_rank": 1472.198275862069,
        "count": 116.0,
        "geometric_mean_rank": 778.5488632296893,
        "harmonic_mean_rank": 263.1162871763944,
        "hits_at_1": 0.0,
        "hits_at_10": 0.0,
        "hits_at_3": 0.0,
        "hits_at_5": 0.0,
        "inverse_arithmetic_mean_rank": 0.0006792563314302444,
        "inverse_geometric_mean_rank": 0.0012844408966852189,
        "inverse_harmonic_mean_rank": 0.0038006009081816942,
        "inverse_median_rank": 0.0011198208286674132,
        "median_absolute_deviation": 1126.0363849550047,
        "median_rank": 893.0,
        "standard_deviation": 1329.27509555103,
        "variance": 1766972.2796522002,
        "z_arithmetic_mean_rank": -1472.198275862069,
        "z_hits_at_1": 0.0,
        "z_hits_at_10": 0.0,
        "z_hits_at_3": 0.0,
        "z_hits_at_5": 0.0,
        "z_inverse_harmonic_mean_rank": 0.0038006009081816942
      },
      "realistic": {
        "adjusted_arithmetic_mean_rank": 0.6268812808989979,
        "adjusted_arithmetic_mean_rank_index": 0.37327766561679554,
        "adjusted_hits_at_1": -0.00021300333008983274,
        "adjusted_hits_at_10": -0.0021341244814907815,