{
  "losses": [
    0.003908424935824296,
    0.0035064140792841164,
    0.001924760127583151,
    0.0011716484718312414,
    0.0009143031919500166,
    0.0007758173963893042,
    0.0006592083271530247,
    0.0005548947983481469,
    0.00048617175864667806,
    0.00043855200355422477,
    0.0003924804531689918,
    0.00036311999764918393,
    0.00033877703377650624,
    0.00030113303051333234,
    0.0002790206513590256,
    0.000280324262853818,
    0.00025581962438916793,
    0.00024319762546580554,
    0.00023594477035688224,
    0.00020949013910895477,
    0.00022712721702607453,
    0.0002076190506266252,
    0.00019896249722449954,
    0.0001903848318542086,
    0.00018806704424079745,
    0.00018829112961905368,
    0.00017790841804316343,
    0.0001822187910901589,
    0.0001683187217209671,
    0.00017339885640999588
  ],
  "metrics": {
    "both": {
      "optimistic": {
        "adjusted_arithmetic_mean_rank": 0.8268607488418744,
        "adjusted_arithmetic_mean_rank_index": 0.1732121927376411,
        "adjusted_hits_at_1": -0.00021066886899837758,
        "adjusted_hits_at_10": 0.032444850454014164,
        "adjusted_hits_at_3": 0.012306937419346884,
        "adjusted_hits_at_5": 0.011890434081375486,
        "adjusted_inverse_harmonic_mean_rank": 0.008529178281744891,
        "arithmetic_mean_rank": 1963.521551724138,
        "count": 232.0,
        "geometric_mean_rank": 892.8602785302545,
        "harmonic_mean_rank": 97.11388690739193,
        "hits_at_1": 0.0,
        "hits_at_10": 0.034482758620689655,
        "hits_at_3": 0.01293103448275862,
        "hits_at_5": 0.01293103448275862,
        "inverse_arithmetic_mean_rank": 0.0005092890368949175,
        "inverse_geometric_mean_rank": 0.0011199960666254626,
        "inverse_harmonic_mean_rank": 0.010297188505631567,
        "inverse_median_rank": 0.0006435006435006435,
        "median_absolute_deviation": 2080.0909125633593,
        "median_rank": 1554.0,
        "standard_deviation": 1672.8431222336685,
        "variance": 2798404.1116044885,
        "z_arithmetic_mean_rank": -1963.521551724138,
        "z_hits_at_1": 0.0,
        "z_hits_at_10": 0.034482758620689655,
        "z_hits_at_3": 0.01293103448275862,
        "z_hits_at_5": 0.01293103448275862,
        "z_inverse_harmonic_mean_rank": 0.010297188505631567
      },
      "pessimistic": {
        "adjusted_arithmetic_mean_rank": 0.8268607488418744,
        "adjusted_arithmetic_mean_rank_index": 0.1732121927376411,
        "adjusted_hits_at_1": -0.00021066886899837758,
        "adjusted_hits_at_10": 0.032444850454014164,
        "adjusted_hits_at_3": 0.012306937419346884,
        "adjusted_hits_at_5": 0.011890434081375486,
        "adjusted_inverse_harmonic_mean_rank": 0.008529178281744891,
        "arithmetic_mean_rank": 1963.521551724138,
        "count": 232.0,
        "geometric_mean_rank": 892.8602785302545,
        "harmonic_mean_rank": 97.11388690739193,
        "hits_at_1": 0.0,
        "hits_at_10": 0.034482758620689655,
        "hits_at_3": 0.01293103448275862,
        "hits_at_5": 0.01293103448275862,
        "inverse_arithmetic_mean_rank": 0.0005092890368949175,
        "inverse_geometric_mean_rank": 0.0011199960666254626,
        "inverse_harmonic_mean_rank": 0.010297188505631567,
        "inverse_median_rank": 0.0006435006435006435,
        "median_absolute_deviation": 2080.0909125633593,
        "median_rank": 1554.0,
        "standard_deviation": 1672.8431222336685,
        "variance": 2798404.1116044885,
        "z_arithmetic_mean_rank": -1963.521551724138,
        "z_hits_at_1": 0.0,
        "z_hits_at_10": 0.034482758620689655,
        "z_hits_at_3": 0.01293103448275862,
        "z_hits_at_5": 0.01293103448275862,
        "z_inverse_harmonic_mean_rank": 0.010297188505631567
      },
      "realistic": {
        "adjusted_arithmetic_mean_rank": 0.8268607718855692,
        "adjusted_arithmetic_mean_rank_index": 0.17321216968423825,
        "adjusted_hits_at_1": -0.00021066886899837758,
        "adjusted_hits_at_10": 0.032444850454014164,
        "adjusted_hits_at_3": 0.012306937419346884,
        "adjusted_hits_at_5": 0.011890434081375486,
        "adjusted_inverse_harmonic_mean_rank": 0.008529179276657297,
        "arithmetic_mean_rank": 1963.5216064453125,
        "count": 232.0,
        "geometric_mean_rank": 892.8599243164062,
        "harmonic_mean_rank": 97.11387754099961,
        "hits_at_1": 0.0,
        "hits_at_10": 0.034482758620689655,
        "hits_at_3": 0.01293103448275862,
        "hits_at_5": 0.01293103448275862,
        "inverse_arithmetic_mean_rank": 0.0005092890351079404,
        "inverse_geometric_mean_rank": 0.0011199965374544263,
        "inverse_harmonic_mean_rank": 0.010297189498769826,
        "inverse_median_rank": 0.000643500650767237,
        "median_absolute_deviation": 2080.0909125633593,
        "median_rank": 1554.0,
        "standard_deviation": 1672.84326171875,
        "variance": 2798404.5,
        "z_arithmetic_mean_rank": -1963.5216064453125,
        "z_hits_at_1": 0.0,
        "z_hits_at_10": 0.034482758620689655,
        "z_hits_at_3": 0.01293103448275862,
        "z_hits_at_5": 0.01293103448275862,
        "z_inverse_harmonic_mean_rank": 0.010297189498769826
      }
    },
    "head": {
      "optimistic": {
        "adjusted_arithmetic_mean_rank": 0.8073968789310138,
        "adjusted_arithmetic_mean_rank_index": 0.19268508135103302,
        "adjusted_hits_at_1": -0.00021277704780802407,
        "adjusted_hits_at_10": 0.0410634855272651,
        "adjusted_hits_at_3": 0.02523998165434414,
        "adjusted_hits_at_5": 0.02482481518471134,
        "adjusted_inverse_harmonic_mean_rank": 0.012670032252974155,
        "arithmetic_mean_rank": 1898.155172413793,
        "count": 116.0,
        "geometric_mean_rank": 779.6351026808674,
        "harmonic_mean_rank": 69.22179976638377,
        "hits_at_1": 0.0,
        "hits_at_10": 0.04310344827586207,
        "hits_at_3": 0.02586206896551724,
        "hits_at_5": 0.02586206896551724,
        "inverse_arithmetic_mean_rank": 0.0005268273187214446,
        "inverse_geometric_mean_rank": 0.0012826513282449467,
        "inverse_harmonic_mean_rank": 0.014446316093700163,
        "inverse_median_rank": 0.0007627765064836003,
        "median_absolute_deviation": 1794.689985501031,
        "median_rank": 1311.0,
        "standard_deviation": 1715.6047169692206,
        "variance": 2943299.5448870393,
        "z_arithmetic_mean_rank": -1898.155172413793,
        "z_hits_at_1": 0.0,
        "z_hits_at_10": 0.04310344827586207,
        "z_hits_at_3": 0.02586206896551724,
        "z_hits_at_5": 0.02586206896551724,
        "z_inverse_harmonic_mean_rank": 0.014446316093700163
      },
      "pessimistic": {
        "adjusted_arithmetic_mean_rank": 0.8073968789310138,
        "adjusted_arithmetic_mean_rank_index": 0.19268508135103302,
        "adjusted_hits_at_1": -0.00021277704780802407,
        "adjusted_hits_at_10": 0.0410634855272651,
        "adjusted_hits_at_3": 0.02523998165434414,
        "adjusted_hits_at_5": 0.02482481518471134,
        "adjusted_inverse_harmonic_mean_rank": 0.012670032252974155,
        "arithmetic_mean_rank": 1898.155172413793,
        "count": 116.0,
        "geometric_mean_rank": 779.6351026808674,
        "harmonic_mean_rank": 69.22179976638377,
        "hits_at_1": 0.0,
        "hits_at_10": 0.04310344827586207,
        "hits_at_3": 0.02586206896551724,
        "hits_at_5": 0.02586206896551724,
        "inverse_arithmetic_mean_rank": 0.0005268273187214446,
        "inverse_geometric_mean_rank": 0.0012826513282449467,
        "inverse_harmonic_mean_rank": 0.014446316093700163,
        "inverse_median_rank": 0.0007627765064836003,
        "median_absolute_deviation": 1794.689985501031,
        "median_rank": 1311.0,
        "standard_deviation": 1715.6047169692206,
        "variance": 2943299.5448870393,
        "z_arithmetic_mean_rank": -1898.155172413793,
        "z_hits_at_1": 0.0,