{
  "losses": [
    0.0035372503004435438,
    0.002992366719020432,
    0.0027499938002552415,
    0.002643949274169157,
    0.0025616617929748037,
    0.0025113445902063174,
    0.0024797239150493146,
    0.0024459527943566737,
    0.0023988277630219725,
    0.0023644216577228773,
    0.0023195949292141274,
    0.002287126565495138,
    0.0022295204374231667,
    0.0021668437029768073,
    0.002113460711733159,
    0.00203664396643732,
    0.0019581549322452182,
    0.001892520630117655,
    0.0018146435120516345,
    0.001728238700262129,
    0.0016586429566103652,
    0.0015616364852038286,
    0.0014853154196163866,
    0.0014214556796400958,
    0.0013418765188261627,
    0.001289514391316426,
    0.001206218904597552,
    0.001158554341001587,
    0.0011235050837768573,
    0.0010632720105109908
  ],
  "metrics": {
    "both": {
      "optimistic": {
        "adjusted_arithmetic_mean_rank": 0.7547922674000465,
        "adjusted_arithmetic_mean_rank_index": 0.24531098432937037,
        "adjusted_hits_at_1": -0.00021056216689364367,
        "adjusted_hits_at_10": 0.01084869452210192,
        "adjusted_hits_at_3": 0.003681116130030084,
        "adjusted_hits_at_5": 0.007576074950830888,
        "adjusted_inverse_harmonic_mean_rank": 0.004088925957498609,
        "arithmetic_mean_rank": 1793.2758620689656,
        "count": 232.0,
        "geometric_mean_rank": 942.1346349357582,
        "harmonic_mean_rank": 170.52991692932136,
        "hits_at_1": 0.0,
        "hits_at_10": 0.01293103448275862,
        "hits_at_3": 0.004310344827586207,
        "hits_at_5": 0.008620689655172414,
        "inverse_arithmetic_mean_rank": 0.0005576386885876358,
        "inverse_geometric_mean_rank": 0.001061419422361208,
        "inverse_harmonic_mean_rank": 0.005864073694555687,
        "inverse_median_rank": 0.0007716049382716049,
        "median_absolute_deviation": 1598.9864926582918,
        "median_rank": 1296.0,
        "standard_deviation": 1506.681450362231,
        "variance": 2270088.992865636,
        "z_arithmetic_mean_rank": -1793.2758620689656,
        "z_hits_at_1": 0.0,
        "z_hits_at_10": 0.01293103448275862,
        "z_hits_at_3": 0.004310344827586207,
        "z_hits_at_5": 0.008620689655172414,
        "z_inverse_harmonic_mean_rank": 0.005864073694555687
      },
      "pessimistic": {
        "adjusted_arithmetic_mean_rank": 0.7547922674000465,
        "adjusted_arithmetic_mean_rank_index": 0.24531098432937037,
        "adjusted_hits_at_1": -0.00021056216689364367,
        "adjusted_hits_at_10": 0.01084869452210192,
        "adjusted_hits_at_3": 0.003681116130030084,
        "adjusted_hits_at_5": 0.007576074950830888,
        "adjusted_inverse_harmonic_mean_rank": 0.004088925957498609,
        "arithmetic_mean_rank": 1793.2758620689656,
        "count": 232.0,
        "geometric_mean_rank": 942.1346349357582,
        "harmonic_mean_rank": 170.52991692932136,
        "hits_at_1": 0.0,
        "hits_at_10": 0.01293103448275862,
        "hits_at_3": 0.004310344827586207,
        "hits_at_5": 0.008620689655172414,
        "inverse_arithmetic_mean_rank": 0.0005576386885876358,
        "inverse_geometric_mean_rank": 0.001061419422361208,
        "inverse_harmonic_mean_rank": 0.005864073694555687,
        "inverse_median_rank": 0.0007716049382716049,
        "median_absolute_deviation": 1598.9864926582918,
        "median_rank": 1296.0,
        "standard_deviation": 1506.681450362231,
        "variance": 2270088.992865636,
        "z_arithmetic_mean_rank": -1793.2758620689656,
        "z_hits_at_1": 0.0,
        "z_hits_at_10": 0.01293103448275862,
        "z_hits_at_3": 0.004310344827586207,
        "z_hits_at_5": 0.008620689655172414,
        "z_inverse_harmonic_mean_rank": 0.005864073694555687
      },
      "realistic": {
        "adjusted_arithmetic_mean_rank": 0.7547922744868826,
        "adjusted_arithmetic_mean_rank_index": 0.2453109772395501,
        "adjusted_hits_at_1": -0.00021056216689364367,
        "adjusted_hits_at_10": 0.01084869452210192,
        "adjusted_hits_at_3": 0.003681116130030084,
        "adjusted_hits_at_5": 0.007576074950830888,
        "adjusted_inverse_harmonic_mean_rank": 0.004088926267603171,
        "arithmetic_mean_rank": 1793.27587890625,
        "count": 232.0,
        "geometric_mean_rank": 942.1343994140625,
        "harmonic_mean_rank": 170.5299079274148,
        "hits_at_1": 0.0,
        "hits_at_10": 0.01293103448275862,
        "hits_at_3": 0.004310344827586207,
        "hits_at_5": 0.008620689655172414,
        "inverse_arithmetic_mean_rank": 0.0005576387047767639,
        "inverse_geometric_mean_rank": 0.0010614197235554457,
        "inverse_harmonic_mean_rank": 0.005864074004107508,
        "inverse_median_rank": 0.0007716049440205097,
        "median_absolute_deviation": 1598.9864926582918,
        "median_rank": 1296.0,
        "standard_deviation": 1506.681396484375,
        "variance": 2270089.0,
        "z_arithmetic_mean_rank": -1793.27587890625,
        "z_hits_at_1": 0.0,
        "z_hits_at_10": 0.01293103448275862,
        "z_hits_at_3": 0.004310344827586207,
        "z_hits_at_5": 0.008620689655172414,
        "z_inverse_harmonic_mean_rank": 0.005864074004107508
      }
    },
    "head": {
      "optimistic": {
        "adjusted_arithmetic_mean_rank": 1.1846152367327538,
        "adjusted_arithmetic_mean_rank_index": -0.18469371925120304,
        "adjusted_hits_at_1": -0.0002125647677931381,
        "adjusted_hits_at_10": -0.0021297220127172553,
        "adjusted_hits_at_3": -0.0006379655213652322,
        "adjusted_hits_at_5": -0.0010637282835880741,
        "adjusted_inverse_harmonic_mean_rank": -0.0009541081537114406,
        "arithmetic_mean_rank": 2787.7672413793102,
        "count": 116.0,
        "geometric_mean_rank": 2248.3189278472337,
        "harmonic_mean_rank": 1183.2950070445584,
        "hits_at_1": 0.0,
        "hits_at_10": 0.0,
        "hits_at_3": 0.0,
        "hits_at_5": 0.0,
        "inverse_arithmetic_mean_rank": 0.00035871000460756816,
        "inverse_geometric_mean_rank": 0.0004447767563641429,
        "inverse_harmonic_mean_rank": 0.0008450977939116275,
        "inverse_median_rank": 0.00034094783498124785,
        "median_absolute_deviation": 1731.679391214543,
        "median_rank": 2933.0,
        "standard_deviation": 1374.6911587808809,
        "variance": 1889775.7820303207,
        "z_arithmetic_mean_rank": -2787.7672413793102,
        "z_hits_at_1": 0.0,
        "z_hits_at_10": 0.0,
        "z_hits_at_3": 0.0,
        "z_hits_at_5": 0.0,
        "z_inverse_harmonic_mean_rank": 0.0008450977939116275
      },
      "pessimistic": {
        "adjusted_arithmetic_mean_rank": 1.1846152367327538,
        "adjusted_arithmetic_mean_rank_index": -0.18469371925120304,
        "adjusted_hits_at_1": -0.0002125647677931381,
        "adjusted_hits_at_10": -0.0021297220127172553,
        "adjusted_hits_at_3": -0.0006379655213652322,
        "adjusted_hits_at_5": -0.0010637282835880741,
        "adjusted_inverse_harmonic_mean_rank": -0.0009541081537114406,
        "arithmetic_mean_rank": 2787.7672413793102,
        "count": 116.0,
        "geometric_mean_rank": 2248.3189278472337,
        "harmonic_mean_rank": 1183.2950070445584,
        "hits_at_1": 0.0,
        "hits_at_10": 0.0,
        "hits_at_3": 0.0,
        "hits_at_5": 0.0,
        "inverse_arithmetic_mean_rank": 0.00035871000460756816,
        "inverse_geometric_mean_rank": 0.0004447767563641429,
        "inverse_harmonic_mean_rank": 0.0008450977939116275,
        "inverse_median_rank": 0.00034094783498124785,
        "median_absolute_deviation": 1731.679391214543,
        "median_rank": 2933.0,
        "standard_deviation": 1374.6911587808809,
        "variance": 1889775.7820303207,
        "z_arithmetic_mean_rank": -2787.7672413793102,
        "z_hits_at_1": 0.0,
        "z_hits_at_10": 0.0,
        "z_hits_at_3": 0.0,
        "z_hits_at_5": 0.0,