{
  "losses": [
    13.280686995629969,
    10.706784859298763,
    8.571369852002045,
    6.7995387005465595,
    5.331126675233231,
    4.117210787553743,
    3.1170679003594475,
    2.2964199478170553,
    1.6262685889386606,
    1.0820814502303138,
    0.6447092256993531,
    0.30927742573807204,
    0.09708595976729859,
    0.01608011950341257,
    0.004285064528314588,
    0.003918701999482315,
    0.003910687072299617,
    0.003908404951518964,
    0.003906364620726451,
    0.00390839109606904,
    0.003903847485089559,
    0.0039031554558113263,
    0.0039038438049039744,
    0.0038982543785323165,
    0.0038981622482278204,
    0.0038982339920993884,
    0.00389650934224071,
    0.0038959135219897283,
    0.0038933105357015973,
    0.0038925333630858427
  ],
  "metrics": {
    "both": {
      "optimistic": {
        "adjusted_arithmetic_mean_rank": 1.2354271695153252,
        "adjusted_arithmetic_mean_rank_index": -0.2355264046199268,
        "adjusted_hits_at_1": 0.004100471547784703,
        "adjusted_hits_at_10": 0.006527070608988633,
        "adjusted_hits_at_3": 0.003680459451407034,
        "adjusted_hits_at_5": 0.0032600929325461198,
        "adjusted_inverse_harmonic_mean_rank": 0.003713575558733569,
        "arithmetic_mean_rank": 2932.185344827586,
        "count": 232.0,
        "geometric_mean_rank": 2440.9350558053766,
        "harmonic_mean_rank": 182.11619547455763,
        "hits_at_1": 0.004310344827586207,
        "hits_at_10": 0.008620689655172414,
        "hits_at_3": 0.004310344827586207,
        "hits_at_5": 0.004310344827586207,
        "inverse_arithmetic_mean_rank": 0.0003410425612296349,
        "inverse_geometric_mean_rank": 0.00040967906852812765,
        "inverse_harmonic_mean_rank": 0.0054909998388347845,
        "inverse_median_rank": 0.00031289111389236547,
        "median_absolute_deviation": 814.6899190688283,
        "median_rank": 3196.0,
        "standard_deviation": 1093.533159845543,
        "variance": 1195814.7716817777,
        "z_arithmetic_mean_rank": -2932.185344827586,
        "z_hits_at_1": 0.004310344827586207,
        "z_hits_at_10": 0.008620689655172414,
        "z_hits_at_3": 0.004310344827586207,
        "z_hits_at_5": 0.004310344827586207,
        "z_inverse_harmonic_mean_rank": 0.0054909998388347845
      },
      "pessimistic": {
        "adjusted_arithmetic_mean_rank": 1.2354344338816374,
        "adjusted_arithmetic_mean_rank_index": -0.23553367204824838,
        "adjusted_hits_at_1": 0.004100471547784703,
        "adjusted_hits_at_10": 0.006527070608988633,
        "adjusted_hits_at_3": 0.003680459451407034,
        "adjusted_hits_at_5": 0.0032600929325461198,
        "adjusted_inverse_harmonic_mean_rank": 0.0037135739934590576,
        "arithmetic_mean_rank": 2932.2025862068967,
        "count": 232.0,
        "geometric_mean_rank": 2440.947703692026,
        "harmonic_mean_rank": 182.11624729633212,
        "hits_at_1": 0.004310344827586207,
        "hits_at_10": 0.008620689655172414,
        "hits_at_3": 0.004310344827586207,
        "hits_at_5": 0.004310344827586207,
        "inverse_arithmetic_mean_rank": 0.0003410405558961061,
        "inverse_geometric_mean_rank": 0.00040967694575654446,
        "inverse_harmonic_mean_rank": 0.0054909982763528,
        "inverse_median_rank": 0.00031289111389236547,
        "median_absolute_deviation": 814.6899190688283,
        "median_rank": 3196.0,
        "standard_deviation": 1093.539573804291,
        "variance": 1195828.79947607,
        "z_arithmetic_mean_rank": -2932.2025862068967,
        "z_hits_at_1": 0.004310344827586207,
        "z_hits_at_10": 0.008620689655172414,
        "z_hits_at_3": 0.004310344827586207,
        "z_hits_at_5": 0.004310344827586207,
        "z_inverse_harmonic_mean_rank": 0.0054909982763528
      },
      "realistic": {
        "adjusted_arithmetic_mean_rank": 1.2354307520397272,
        "adjusted_arithmetic_mean_rank_index": -0.23552998865440178,
        "adjusted_hits_at_1": 0.004100471547784703,
        "adjusted_hits_at_10": 0.006527070608988633,
        "adjusted_hits_at_3": 0.003680459451407034,
        "adjusted_hits_at_5": 0.0032600929325461198,
        "adjusted_inverse_harmonic_mean_rank": 0.003713575517119422,
        "arithmetic_mean_rank": 2932.19384765625,
        "count": 232.0,
        "geometric_mean_rank": 2440.9423828125,
        "harmonic_mean_rank": 182.11619685228294,
        "hits_at_1": 0.004310344827586207,
        "hits_at_10": 0.008620689655172414,
        "hits_at_3": 0.004310344827586207,
        "hits_at_5": 0.004310344827586207,
        "inverse_arithmetic_mean_rank": 0.00034104156657122076,
        "inverse_geometric_mean_rank": 0.0004096778284292668,
        "inverse_harmonic_mean_rank": 0.005490999797294879,
        "inverse_median_rank": 0.00031289111939258873,
        "median_absolute_deviation": 814.6899190688283,
        "median_rank": 3196.0,
        "standard_deviation": 1093.536376953125,
        "variance": 1195821.75,
        "z_arithmetic_mean_rank": -2932.19384765625,
        "z_hits_at_1": 0.004310344827586207,
        "z_hits_at_10": 0.008620689655172414,
        "z_hits_at_3": 0.004310344827586207,
        "z_hits_at_5": 0.004310344827586207,
        "z_inverse_harmonic_mean_rank": 0.005490999797294879
      }
    },
    "head": {
      "optimistic": {
        "adjusted_arithmetic_mean_rank": 1.1238271947358858,
        "adjusted_arithmetic_mean_rank_index": -0.1238799444376728,
        "adjusted_hits_at_1": 0.008409522560686803,
        "adjusted_hits_at_10": 0.015144050078534923,
        "adjusted_hits_at_3": 0.007986918380931726,
        "adjusted_hits_at_5": 0.007563953829744999,
        "adjusted_inverse_harmonic_mean_rank": 0.008878864954053635,
        "arithmetic_mean_rank": 2639.25,
        "count": 116.0,
        "geometric_mean_rank": 1870.6893810290946,
        "harmonic_mean_rank": 93.7765260219303,
        "hits_at_1": 0.008620689655172414,
        "hits_at_10": 0.017241379310344827,
        "hits_at_3": 0.008620689655172414,
        "hits_at_5": 0.008620689655172414,
        "inverse_arithmetic_mean_rank": 0.0003788955195604812,
        "inverse_geometric_mean_rank": 0.0005345622903198845,
        "inverse_harmonic_mean_rank": 0.010663649448542624,
        "inverse_median_rank": 0.0003348401138456387,
        "median_absolute_deviation": 1765.779242240172,
        "median_rank": 2986.5,
        "standard_deviation": 1407.611292072128,
        "variance": 1981369.5495689656,
        "z_arithmetic_mean_rank": -2639.25,
        "z_hits_at_1": 0.008620689655172414,
        "z_hits_at_10": 0.017241379310344827,
        "z_hits_at_3": 0.008620689655172414,
        "z_hits_at_5": 0.008620689655172414,
        "z_inverse_harmonic_mean_rank": 0.010663649448542624
      },
      "pessimistic": {
        "adjusted_arithmetic_mean_rank": 1.1238345363408657,
        "adjusted_arithmetic_mean_rank_index": -0.12388728917013592,
        "adjusted_hits_at_1": 0.008409522560686803,
        "adjusted_hits_at_10": 0.015144050078534923,
        "adjusted_hits_at_3": 0.007986918380931726,
        "adjusted_hits_at_5": 0.007563953829744999,
        "adjusted_inverse_harmonic_mean_rank": 0.008878863234226455,
        "arithmetic_mean_rank": 2639.2672413793102,
        "count": 116.0,
        "geometric_mean_rank": 1870.6995564602746,
        "harmonic_mean_rank": 93.77654111892099,
        "hits_at_1": 0.008620689655172414,
        "hits_at_10": 0.017241379310344827,
        "hits_at_3": 0.008620689655172414,
        "hits_at_5": 0.008620689655172414,
        "inverse_arithmetic_mean_rank": 0.00037889304437294834,
        "inverse_geometric_mean_rank": 0.0005345593826366182,
        "inverse_harmonic_mean_rank": 0.010663647731812463,
        "inverse_median_rank": 0.0003348401138456387,
        "median_absolute_deviation": 1765.779242240172,
        "median_rank": 2986.5,
        "standard_deviation": 1407.6178051866907,
        "variance": 1981387.8854785964,