{
  "losses": [
    0.003942862938788802,
    0.003902268007623141,
    0.003812619288216733,
    0.00363625065023665,
    0.003403505244482979,
    0.0031385235798834926,
    0.0029844552642082772,
    0.0029131588669794655,
    0.002827792352505123,
    0.0028048057443626276,
    0.0027284318944166743,
    0.0027207519744095916,
    0.0026676382520073104,
    0.0026411178882706442,
    0.002619604819314129,
    0.002603037616712444,
    0.0025674612011466692,
    0.0025509816592124753,
    0.002512130015898161,
    0.00249874976450392,
    0.002451297768147244,
    0.002456536444653893,
    0.002429898309990546,
    0.002419509579202237,
    0.0023923632176937513,
    0.0023939602097370854,
    0.00237257764638404,
    0.0023530079526795076,
    0.0023597225603457493,
    0.0023164748907105125
  ],
  "metrics": {
    "both": {
      "optimistic": {
        "adjusted_arithmetic_mean_rank": 1.193588289474568,
        "adjusted_arithmetic_mean_rank_index": -0.19367730157955965,
        "adjusted_hits_at_1": -0.0002299303187033594,
        "adjusted_hits_at_10": -0.0023040711693982485,
        "adjusted_hits_at_3": -0.0006901083097572828,
        "adjusted_hits_at_5": -0.0011507099259168018,
        "adjusted_inverse_harmonic_mean_rank": -0.0004490858921050742,
        "arithmetic_mean_rank": 2597.073275862069,
        "count": 232.0,
        "geometric_mean_rank": 1632.0841538739035,
        "harmonic_mean_rank": 676.6323938792552,
        "hits_at_1": 0.0,
        "hits_at_10": 0.0,
        "hits_at_3": 0.0,
        "hits_at_5": 0.0,
        "inverse_arithmetic_mean_rank": 0.0003850488198751579,
        "inverse_geometric_mean_rank": 0.0006127135035447817,
        "inverse_harmonic_mean_rank": 0.0014779073674951035,
        "inverse_median_rank": 0.0002976633427593392,
        "median_absolute_deviation": 1375.1135576639458,
        "median_rank": 3359.5,
        "standard_deviation": 1679.780896727296,
        "variance": 2821663.8610099587,
        "z_arithmetic_mean_rank": -2597.073275862069,
        "z_hits_at_1": 0.0,
        "z_hits_at_10": 0.0,
        "z_hits_at_3": 0.0,
        "z_hits_at_5": 0.0,
        "z_inverse_harmonic_mean_rank": 0.0014779073674951035
      },
      "pessimistic": {
        "adjusted_arithmetic_mean_rank": 1.1935902704649228,
        "adjusted_arithmetic_mean_rank_index": -0.19367928348077612,
        "adjusted_hits_at_1": -0.0002299303187033594,
        "adjusted_hits_at_10": -0.0023040711693982485,
        "adjusted_hits_at_3": -0.0006901083097572828,
        "adjusted_hits_at_5": -0.0011507099259168018,
        "adjusted_inverse_harmonic_mean_rank": -0.0004490861859772043,
        "arithmetic_mean_rank": 2597.0775862068967,
        "count": 232.0,
        "geometric_mean_rank": 1632.0859889722435,
        "harmonic_mean_rank": 676.6325281640208,
        "hits_at_1": 0.0,
        "hits_at_10": 0.0,
        "hits_at_3": 0.0,
        "hits_at_5": 0.0,
        "inverse_arithmetic_mean_rank": 0.00038504818081331466,
        "inverse_geometric_mean_rank": 0.000612712814616906,
        "inverse_harmonic_mean_rank": 0.0014779070741890088,
        "inverse_median_rank": 0.0002976633427593392,
        "median_absolute_deviation": 1375.1135576639458,
        "median_rank": 3359.5,
        "standard_deviation": 1679.7840694096517,
        "variance": 2821674.5198424496,
        "z_arithmetic_mean_rank": -2597.0775862068967,
        "z_hits_at_1": 0.0,
        "z_hits_at_10": 0.0,
        "z_hits_at_3": 0.0,
        "z_hits_at_5": 0.0,
        "z_inverse_harmonic_mean_rank": 0.0014779070741890088
      },
      "realistic": {
        "adjusted_arithmetic_mean_rank": 1.193589283838867,
        "adjusted_arithmetic_mean_rank_index": -0.1936782964010686,
        "adjusted_hits_at_1": -0.0002299303187033594,
        "adjusted_hits_at_10": -0.0023040711693982485,
        "adjusted_hits_at_3": -0.0006901083097572828,
        "adjusted_hits_at_5": -0.0011507099259168018,
        "adjusted_inverse_harmonic_mean_rank": -0.0004490860729964672,
        "arithmetic_mean_rank": 2597.075439453125,
        "count": 232.0,
        "geometric_mean_rank": 1632.0848388671875,
        "harmonic_mean_rank": 676.6324765375067,
        "hits_at_1": 0.0,
        "hits_at_10": 0.0,
        "hits_at_3": 0.0,
        "hits_at_5": 0.0,
        "inverse_arithmetic_mean_rank": 0.0003850485081784427,
        "inverse_geometric_mean_rank": 0.0006127132219262421,
        "inverse_harmonic_mean_rank": 0.0014779071869521305,
        "inverse_median_rank": 0.0002976633550133556,
        "median_absolute_deviation": 1375.1135576639458,
        "median_rank": 3359.5,
        "standard_deviation": 1679.782470703125,
        "variance": 2821669.25,
        "z_arithmetic_mean_rank": -2597.075439453125,
        "z_hits_at_1": 0.0,
        "z_hits_at_10": 0.0,
        "z_hits_at_3": 0.0,
        "z_hits_at_5": 0.0,
        "z_inverse_harmonic_mean_rank": 0.0014779071869521305
      }
    },
    "head": {
      "optimistic": {
        "adjusted_arithmetic_mean_rank": 1.6116484957778616,
        "adjusted_arithmetic_mean_rank_index": -0.6119326780795498,
        "adjusted_hits_at_1": -0.00023231864968828038,
        "adjusted_hits_at_10": -0.002328054150452513,
        "adjusted_hits_at_3": -0.0006972799313290434,
        "adjusted_hits_at_5": -0.0011626736915696162,
        "adjusted_inverse_harmonic_mean_rank": -0.0014522353043926713,
        "arithmetic_mean_rank": 3470.3793103448274,
        "count": 116.0,
        "geometric_mean_rank": 3017.1598823694303,
        "harmonic_mean_rank": 2022.3667799628402,
        "hits_at_1": 0.0,
        "hits_at_10": 0.0,
        "hits_at_3": 0.0,
        "hits_at_5": 0.0,
        "inverse_arithmetic_mean_rank": 0.0002881529396567999,
        "inverse_geometric_mean_rank": 0.0003314375236935346,
        "inverse_harmonic_mean_rank": 0.0004944701475062671,
        "inverse_median_rank": 0.00024798512089274643,
        "median_absolute_deviation": 374.3570601726645,
        "median_rank": 4032.5,
        "standard_deviation": 1186.6611640197161,
        "variance": 1408164.7181926277,
        "z_arithmetic_mean_rank": -3470.3793103448274,
        "z_hits_at_1": 0.0,
        "z_hits_at_10": 0.0,
        "z_hits_at_3": 0.0,
        "z_hits_at_5": 0.0,
        "z_inverse_harmonic_mean_rank": 0.0004944701475062671
      },
      "pessimistic": {
        "adjusted_arithmetic_mean_rank": 1.6116524992369285,
        "adjusted_arithmetic_mean_rank_index": -0.6119366833986919,
        "adjusted_hits_at_1": -0.00023231864968828038,
        "adjusted_hits_at_10": -0.002328054150452513,
        "adjusted_hits_at_3": -0.0006972799313290434,
        "adjusted_hits_at_5": -0.0011626736915696162,
        "adjusted_inverse_harmonic_mean_rank": -0.0014522358921473864,
        "arithmetic_mean_rank": 3470.387931034483,
        "count": 116.0,
        "geometric_mean_rank": 3017.1666672992283,
        "harmonic_mean_rank": 2022.3691791904128,
        "hits_at_1": 0.0,
        "hits_at_10": 0.0,
        "hits_at_3": 0.0,
        "hits_at_5": 0.0,
        "inverse_arithmetic_mean_rank": 0.0002881522238644691,
        "inverse_geometric_mean_rank": 0.0003314367783650265,
        "inverse_harmonic_mean_rank": 0.0004944695608940778,
        "inverse_median_rank": 0.00024798512089274643,
        "median_absolute_deviation": 374.3570601726645,
        "median_rank": 4032.5,
        "standard_deviation": 1186.663801933748,
        "variance": 1408170.9788198574,
        "z_arithmetic_mean_rank": -3470.387931034483,
        "z_hits_at_1": 0.0,
        "z_hits_at_10": 0.0,
        "z_hits_at_3": 0.0,
        "z_hits_at_5": 0.0,
        "z_inverse_harmonic_mean_rank": 0.0004944695608940778
      },
      "realistic": {
        "adjusted_arithmetic_mean_rank": 1.6116504623207433,
        "adjusted_arithmetic_mean_rank_index": -0.6119346455361205,
        "adjusted_hits_at_1": -0.00023231864968828038,
        "adjusted_hits_at_10": -0.002328054150452513,