{
  "losses": [
    0.0045129518637330715,
    0.004260704029592608,
    0.004105056010042141,
    0.003966085243746405,
    0.0038088706284950162,
    0.0037155178505359878,
    0.0036203827383390914,
    0.0035385326197700305,
    0.0034230149282581702,
    0.00333564835034659,
    0.0032720231237462994,
    0.003205013707450021,
    0.0031223821684516484,
    0.00306127474440089,
    0.0029975566957149654,
    0.002948042551888346,
    0.002893360370270817,
    0.0028507347568163324,
    0.0028368954014503177,
    0.0027815831612685578,
    0.002737800210056746,
    0.002713763203654923,
    0.002651028879943923,
    0.002620305405339514,
    0.002629190776739253,
    0.002552773597105194,
    0.0025511559951496908,
    0.0025453341578604437,
    0.002516309842770278,
    0.002485052083907195
  ],
  "metrics": {
    "both": {
      "optimistic": {
        "adjusted_arithmetic_mean_rank": 1.2111458069878382,
        "adjusted_arithmetic_mean_rank_index": -0.21124289205838243,
        "adjusted_hits_at_1": -0.0002299303187033594,
        "adjusted_hits_at_10": 0.0020162049994353645,
        "adjusted_hits_at_3": -0.0006901083097572828,
        "adjusted_hits_at_5": -0.0011507099259168018,
        "adjusted_inverse_harmonic_mean_rank": -0.0005887521962986719,
        "arithmetic_mean_rank": 2635.2758620689656,
        "count": 232.0,
        "geometric_mean_rank": 2112.9785781382134,
        "harmonic_mean_rank": 747.0993428063633,
        "hits_at_1": 0.0,
        "hits_at_10": 0.004310344827586207,
        "hits_at_3": 0.0,
        "hits_at_5": 0.0,
        "inverse_arithmetic_mean_rank": 0.0003794669144105832,
        "inverse_geometric_mean_rank": 0.00047326556470871534,
        "inverse_harmonic_mean_rank": 0.001338510078517342,
        "inverse_median_rank": 0.00035650623885918,
        "median_absolute_deviation": 1471.48270186681,
        "median_rank": 2805.0,
        "standard_deviation": 1222.3289005588874,
        "variance": 1494087.9411414983,
        "z_arithmetic_mean_rank": -2635.2758620689656,
        "z_hits_at_1": 0.0,
        "z_hits_at_10": 0.004310344827586207,
        "z_hits_at_3": 0.0,
        "z_hits_at_5": 0.0,
        "z_inverse_harmonic_mean_rank": 0.001338510078517342
      },
      "pessimistic": {
        "adjusted_arithmetic_mean_rank": 1.2111458069878382,
        "adjusted_arithmetic_mean_rank_index": -0.21124289205838243,
        "adjusted_hits_at_1": -0.0002299303187033594,
        "adjusted_hits_at_10": 0.0020162049994353645,
        "adjusted_hits_at_3": -0.0006901083097572828,
        "adjusted_hits_at_5": -0.0011507099259168018,
        "adjusted_inverse_harmonic_mean_rank": -0.0005887521962986719,
        "arithmetic_mean_rank": 2635.2758620689656,
        "count": 232.0,
        "geometric_mean_rank": 2112.9785781382134,
        "harmonic_mean_rank": 747.0993428063633,
        "hits_at_1": 0.0,
        "hits_at_10": 0.004310344827586207,
        "hits_at_3": 0.0,
        "hits_at_5": 0.0,
        "inverse_arithmetic_mean_rank": 0.0003794669144105832,
        "inverse_geometric_mean_rank": 0.00047326556470871534,
        "inverse_harmonic_mean_rank": 0.001338510078517342,
        "inverse_median_rank": 0.00035650623885918,
        "median_absolute_deviation": 1471.48270186681,
        "median_rank": 2805.0,
        "standard_deviation": 1222.3289005588874,
        "variance": 1494087.9411414983,
        "z_arithmetic_mean_rank": -2635.2758620689656,
        "z_hits_at_1": 0.0,
        "z_hits_at_10": 0.004310344827586207,
        "z_hits_at_3": 0.0,
        "z_hits_at_5": 0.0,
        "z_inverse_harmonic_mean_rank": 0.001338510078517342
      },
      "realistic": {
        "adjusted_arithmetic_mean_rank": 1.2111458147260818,
        "adjusted_arithmetic_mean_rank_index": -0.21124289980018407,
        "adjusted_hits_at_1": -0.0002299303187033594,
        "adjusted_hits_at_10": 0.0020162049994353645,
        "adjusted_hits_at_3": -0.0006901083097572828,
        "adjusted_hits_at_5": -0.0011507099259168018,
        "adjusted_inverse_harmonic_mean_rank": -0.0005887522394583053,
        "arithmetic_mean_rank": 2635.27587890625,
        "count": 232.0,
        "geometric_mean_rank": 2112.978271484375,
        "harmonic_mean_rank": 747.0993668498339,
        "hits_at_1": 0.0,
        "hits_at_10": 0.004310344827586207,
        "hits_at_3": 0.0,
        "hits_at_5": 0.0,
        "inverse_arithmetic_mean_rank": 0.0003794669173657894,
        "inverse_geometric_mean_rank": 0.000473265623440966,
        "inverse_harmonic_mean_rank": 0.0013385100354408395,
        "inverse_median_rank": 0.0003565062361303717,
        "median_absolute_deviation": 1471.48270186681,
        "median_rank": 2805.0,
        "standard_deviation": 1222.3289794921875,
        "variance": 1494088.0,
        "z_arithmetic_mean_rank": -2635.27587890625,
        "z_hits_at_1": 0.0,
        "z_hits_at_10": 0.004310344827586207,
        "z_hits_at_3": 0.0,
        "z_hits_at_5": 0.0,
        "z_inverse_harmonic_mean_rank": 0.0013385100354408395
      }
    },
    "head": {
      "optimistic": {
        "adjusted_arithmetic_mean_rank": 0.9781091053707337,
        "adjusted_arithmetic_mean_rank_index": 0.021901065511504503,
        "adjusted_hits_at_1": -0.00023231864968828038,
        "adjusted_hits_at_10": 0.0063127049370513885,
        "adjusted_hits_at_3": -0.0006972799313290434,
        "adjusted_hits_at_5": -0.0011626736915696162,
        "adjusted_inverse_harmonic_mean_rank": 0.0003191052883588315,
        "arithmetic_mean_rank": 2106.1724137931033,
        "count": 116.0,
        "geometric_mean_rank": 1518.5231101762952,
        "harmonic_mean_rank": 442.01484359008543,
        "hits_at_1": 0.0,
        "hits_at_10": 0.008620689655172414,
        "hits_at_3": 0.0,
        "hits_at_5": 0.0,
        "inverse_arithmetic_mean_rank": 0.00047479493770362976,
        "inverse_geometric_mean_rank": 0.0006585345941056528,
        "inverse_harmonic_mean_rank": 0.002262367462318477,
        "inverse_median_rank": 0.0005074854097944684,
        "median_absolute_deviation": 1445.537163042962,
        "median_rank": 1970.5,
        "standard_deviation": 1242.7901262319758,
        "variance": 1544527.2978596906,
        "z_arithmetic_mean_rank": -2106.1724137931033,
        "z_hits_at_1": 0.0,
        "z_hits_at_10": 0.008620689655172414,
        "z_hits_at_3": 0.0,
        "z_hits_at_5": 0.0,
        "z_inverse_harmonic_mean_rank": 0.002262367462318477
      },
      "pessimistic": {
        "adjusted_arithmetic_mean_rank": 0.9781091053707337,
        "adjusted_arithmetic_mean_rank_index": 0.021901065511504503,
        "adjusted_hits_at_1": -0.00023231864968828038,
        "adjusted_hits_at_10": 0.0063127049370513885,
        "adjusted_hits_at_3": -0.0006972799313290434,
        "adjusted_hits_at_5": -0.0011626736915696162,
        "adjusted_inverse_harmonic_mean_rank": 0.0003191052883588315,
        "arithmetic_mean_rank": 2106.1724137931033,
        "count": 116.0,
        "geometric_mean_rank": 1518.5231101762952,
        "harmonic_mean_rank": 442.01484359008543,
        "hits_at_1": 0.0,
        "hits_at_10": 0.008620689655172414,
        "hits_at_3": 0.0,
        "hits_at_5": 0.0,
        "inverse_arithmetic_mean_rank": 0.00047479493770362976,
        "inverse_geometric_mean_rank": 0.0006585345941056528,
        "inverse_harmonic_mean_rank": 0.002262367462318477,
        "inverse_median_rank": 0.0005074854097944684,
        "median_absolute_deviation": 1445.537163042962,
        "median_rank": 1970.5,
        "standard_deviation": 1242.7901262319758,
        "variance": 1544527.2978596906,
        "z_arithmetic_mean_rank": -2106.1724137931033,
        "z_hits_at_1": 0.0,
        "z_hits_at_10": 0.008620689655172414,
        "z_hits_at_3": 0.0,
        "z_hits_at_5": 0.0,
        "z_inverse_harmonic_mean_rank": 0.002262367462318477
      },
      "realistic": {
        "adjusted_arithmetic_mean_rank": 0.9781090819129659,