{
  "losses": [
    0.06494015473126173,
    0.040498791881485245,
    0.03079556029730261,
    0.024573662608283798,
    0.02085566528637674,
    0.017708975905919425,
    0.015672401510614626,
    0.013842766828977556,
    0.012478634306815662,
    0.010993295046148535,
    0.009942715243175582,
    0.009322865407758216,
    0.008469833365186644,
    0.007720221242033063,
    0.007107072421355483,
    0.006443324005450418,
    0.005979901233932732,
    0.005401292249970608,
    0.005113501936886662,
    0.00466330052534665,
    0.004317270104992064,
    0.004000953356986538,
    0.003641969048573998,
    0.0033921139429874494,
    0.0031655802821153067,
    0.002988747044981547,
    0.0026982579380025484,
    0.0024699431746397467,
    0.002279763616773973,
    0.0021427477048195313
  ],
  "metrics": {
    "both": {
      "optimistic": {
        "adjusted_arithmetic_mean_rank": 1.3319264325173035,
        "adjusted_arithmetic_mean_rank_index": -0.3320791641959693,
        "adjusted_hits_at_1": -0.00023010141548593596,
        "adjusted_hits_at_10": -0.0023057892431773658,
        "adjusted_hits_at_3": -0.0006906220726907919,
        "adjusted_hits_at_5": -0.0011515669862038893,
        "adjusted_inverse_harmonic_mean_rank": -0.0004184315815130217,
        "arithmetic_mean_rank": 2895.9612068965516,
        "count": 232.0,
        "geometric_mean_rank": 2217.4537795696906,
        "harmonic_mean_rank": 662.364452566024,
        "hits_at_1": 0.0,
        "hits_at_10": 0.0,
        "hits_at_3": 0.0,
        "hits_at_5": 0.0,
        "inverse_arithmetic_mean_rank": 0.0003453084929516881,
        "inverse_geometric_mean_rank": 0.0004509676860971847,
        "inverse_harmonic_mean_rank": 0.0015097428555019272,
        "inverse_median_rank": 0.00027434842249657066,
        "median_absolute_deviation": 748.714120345329,
        "median_rank": 3645.0,
        "standard_deviation": 1345.122998879948,
        "variance": 1809355.8821157848,
        "z_arithmetic_mean_rank": -2895.9612068965516,
        "z_hits_at_1": 0.0,
        "z_hits_at_10": 0.0,
        "z_hits_at_3": 0.0,
        "z_hits_at_5": 0.0,
        "z_inverse_harmonic_mean_rank": 0.0015097428555019272
      },
      "pessimistic": {
        "adjusted_arithmetic_mean_rank": 1.331928414954843,
        "adjusted_arithmetic_mean_rank_index": -0.33208114754570195,
        "adjusted_hits_at_1": -0.00023010141548593596,
        "adjusted_hits_at_10": -0.0023057892431773658,
        "adjusted_hits_at_3": -0.0006906220726907919,
        "adjusted_hits_at_5": -0.0011515669862038893,
        "adjusted_inverse_harmonic_mean_rank": -0.00041843227167156897,
        "arithmetic_mean_rank": 2895.9655172413795,
        "count": 232.0,
        "geometric_mean_rank": 2217.4576004766627,
        "harmonic_mean_rank": 662.3647547735322,
        "hits_at_1": 0.0,
        "hits_at_10": 0.0,
        "hits_at_3": 0.0,
        "hits_at_5": 0.0,
        "inverse_arithmetic_mean_rank": 0.0003453079789957491,
        "inverse_geometric_mean_rank": 0.00045096690903358914,
        "inverse_harmonic_mean_rank": 0.0015097421666735694,
        "inverse_median_rank": 0.00027434842249657066,
        "median_absolute_deviation": 748.714120345329,
        "median_rank": 3645.0,
        "standard_deviation": 1345.1217348513703,
        "variance": 1809352.48156956,
        "z_arithmetic_mean_rank": -2895.9655172413795,
        "z_hits_at_1": 0.0,
        "z_hits_at_10": 0.0,
        "z_hits_at_3": 0.0,
        "z_hits_at_5": 0.0,
        "z_inverse_harmonic_mean_rank": 0.0015097421666735694
      },
      "realistic": {
        "adjusted_arithmetic_mean_rank": 1.3319274314799698,
        "adjusted_arithmetic_mean_rank_index": -0.3320801636182955,
        "adjusted_hits_at_1": -0.00023010141548593596,
        "adjusted_hits_at_10": -0.0023057892431773658,
        "adjusted_hits_at_3": -0.0006906220726907919,
        "adjusted_hits_at_5": -0.0011515669862038893,
        "adjusted_inverse_harmonic_mean_rank": -0.0004184319475439282,
        "arithmetic_mean_rank": 2895.96337890625,
        "count": 232.0,
        "geometric_mean_rank": 2217.4560546875,
        "harmonic_mean_rank": 662.3646128440716,
        "hits_at_1": 0.0,
        "hits_at_10": 0.0,
        "hits_at_3": 0.0,
        "hits_at_5": 0.0,
        "inverse_arithmetic_mean_rank": 0.00034530824632383883,
        "inverse_geometric_mean_rank": 0.0004509672289714217,
        "inverse_harmonic_mean_rank": 0.001509742490176497,
        "inverse_median_rank": 0.0002743484219536185,
        "median_absolute_deviation": 748.714120345329,
        "median_rank": 3645.0,
        "standard_deviation": 1345.122314453125,
        "variance": 1809354.125,
        "z_arithmetic_mean_rank": -2895.96337890625,
        "z_hits_at_1": 0.0,
        "z_hits_at_10": 0.0,
        "z_hits_at_3": 0.0,
        "z_hits_at_5": 0.0,
        "z_inverse_harmonic_mean_rank": 0.001509742490176497
      }
    },
    "head": {
      "optimistic": {
        "adjusted_arithmetic_mean_rank": 0.8968390124297585,
        "adjusted_arithmetic_mean_rank_index": 0.10320898867136974,
        "adjusted_hits_at_1": -0.00023266039854272065,
        "adjusted_hits_at_10": -0.0023314859855545693,
        "adjusted_hits_at_3": -0.0006983061319941112,
        "adjusted_hits_at_5": -0.0011643856184017421,
        "adjusted_inverse_harmonic_mean_rank": 0.0008108705029484533,
        "arithmetic_mean_rank": 1928.3275862068965,
        "count": 116.0,
        "geometric_mean_rank": 1282.5198315025343,
        "harmonic_mean_rank": 362.88407298051493,
        "hits_at_1": 0.0,
        "hits_at_10": 0.0,
        "hits_at_3": 0.0,
        "hits_at_5": 0.0,
        "inverse_arithmetic_mean_rank": 0.0005185840866214247,
        "inverse_geometric_mean_rank": 0.0007797150386582727,
        "inverse_harmonic_mean_rank": 0.002755700992293743,
        "inverse_median_rank": 0.0005599104143337066,
        "median_absolute_deviation": 1631.603741465415,
        "median_rank": 1786.0,
        "standard_deviation": 1255.1820638365305,
        "variance": 1575482.013376932,
        "z_arithmetic_mean_rank": -1928.3275862068965,
        "z_hits_at_1": 0.0,
        "z_hits_at_10": 0.0,
        "z_hits_at_3": 0.0,
        "z_hits_at_5": 0.0,
        "z_inverse_harmonic_mean_rank": 0.002755700992293743
      },
      "pessimistic": {
        "adjusted_arithmetic_mean_rank": 0.8968430217956215,
        "adjusted_arithmetic_mean_rank_index": 0.1032049774399374,
        "adjusted_hits_at_1": -0.00023266039854272065,
        "adjusted_hits_at_10": -0.0023314859855545693,
        "adjusted_hits_at_3": -0.0006983061319941112,
        "adjusted_hits_at_5": -0.0011643856184017421,
        "adjusted_inverse_harmonic_mean_rank": 0.0008108691226050246,
        "arithmetic_mean_rank": 1928.3362068965516,
        "count": 116.0,
        "geometric_mean_rank": 1282.5242513404892,
        "harmonic_mean_rank": 362.8842543971242,
        "hits_at_1": 0.0,
        "hits_at_10": 0.0,
        "hits_at_3": 0.0,
        "hits_at_5": 0.0,
        "inverse_arithmetic_mean_rank": 0.0005185817682744192,
        "inverse_geometric_mean_rank": 0.0007797123516025557,
        "inverse_harmonic_mean_rank": 0.002755699614637027,
        "inverse_median_rank": 0.0005599104143337066,
        "median_absolute_deviation": 1631.603741465415,
        "median_rank": 1786.0,
        "standard_deviation": 1255.1860003942093,
        "variance": 1575491.8955856122,
        "z_arithmetic_mean_rank": -1928.3362068965516,
        "z_hits_at_1": 0.0,
        "z_hits_at_10": 0.0,
        "z_hits_at_3": 0.0,
        "z_hits_at_5": 0.0,
        "z_inverse_harmonic_mean_rank": 0.002755699614637027
      },
      "realistic": {
        "adjusted_arithmetic_mean_rank": 0.8968410229857845,
        "adjusted_arithmetic_mean_rank_index": 0.1032069771798263,
        "adjusted_hits_at_1": -0.00023266039854272065,
        "adjusted_hits_at_10": -0.0023314859855545693,