{
  "losses": [
    0.005425258458721567,
    0.004544639641440286,
    0.003968773253893314,
    0.0036226275976272704,
    0.003224124050833338,
    0.00295892953634278,
    0.0027720610004020973,
    0.0025654923366742184,
    0.0023874452305463114,
    0.0022391705471359485,
    0.0021309382470001675,
    0.0020357580667622493,
    0.0019045317660140305,
    0.0018007608701623159,
    0.001723606891134931,
    0.001611270449032951,
    0.0015598154828497732,
    0.0014979835272105517,
    0.001412529044131916,
    0.0013628555579103157,
    0.0013109851333270286,
    0.0012133636052875025,
    0.0012063737130468665,
    0.001123123044260708,
    0.0010649978868183029,
    0.0010549279490945085,
    0.0010451942018712094,
    0.001001742084052879,
    0.000943387195822573,
    0.0009639317866492515
  ],
  "metrics": {
    "both": {
      "optimistic": {
        "adjusted_arithmetic_mean_rank": 0.6973338850704532,
        "adjusted_arithmetic_mean_rank_index": 0.3028053059649194,
        "adjusted_hits_at_1": -0.00022997208989089375,
        "adjusted_hits_at_10": 0.0020157873611754465,
        "adjusted_hits_at_3": 0.003623086234348012,
        "adjusted_hits_at_5": 0.0031643865194643035,
        "adjusted_inverse_harmonic_mean_rank": 0.0027210511100675644,
        "arithmetic_mean_rank": 1517.0258620689656,
        "count": 232.0,
        "geometric_mean_rank": 943.094738072901,
        "harmonic_mean_rank": 215.41324506088384,
        "hits_at_1": 0.0,
        "hits_at_10": 0.004310344827586207,
        "hits_at_3": 0.004310344827586207,
        "hits_at_5": 0.004310344827586207,
        "inverse_arithmetic_mean_rank": 0.0006591845432589856,
        "inverse_geometric_mean_rank": 0.001060338860593558,
        "inverse_harmonic_mean_rank": 0.004642240080071969,
        "inverse_median_rank": 0.0007627765064836003,
        "median_absolute_deviation": 1386.2330743027378,
        "median_rank": 1311.0,
        "standard_deviation": 1137.0225558161112,
        "variance": 1292820.2924346016,
        "z_arithmetic_mean_rank": -1517.0258620689656,
        "z_hits_at_1": 0.0,
        "z_hits_at_10": 0.004310344827586207,
        "z_hits_at_3": 0.004310344827586207,
        "z_hits_at_5": 0.004310344827586207,
        "z_inverse_harmonic_mean_rank": 0.004642240080071969
      },
      "pessimistic": {
        "adjusted_arithmetic_mean_rank": 0.6973358664140675,
        "adjusted_arithmetic_mean_rank_index": 0.30280332371011864,
        "adjusted_hits_at_1": -0.00022997208989089375,
        "adjusted_hits_at_10": 0.0020157873611754465,
        "adjusted_hits_at_3": 0.003623086234348012,
        "adjusted_hits_at_5": 0.0031643865194643035,
        "adjusted_inverse_harmonic_mean_rank": 0.0027210502933297707,
        "arithmetic_mean_rank": 1517.030172413793,
        "count": 232.0,
        "geometric_mean_rank": 943.0965058778153,
        "harmonic_mean_rank": 215.41328288685526,
        "hits_at_1": 0.0,
        "hits_at_10": 0.004310344827586207,
        "hits_at_3": 0.004310344827586207,
        "hits_at_5": 0.004310344827586207,
        "inverse_arithmetic_mean_rank": 0.0006591826703149018,
        "inverse_geometric_mean_rank": 0.0010603368730215156,
        "inverse_harmonic_mean_rank": 0.004642239264907564,
        "inverse_median_rank": 0.0007627765064836003,
        "median_absolute_deviation": 1386.2330743027378,
        "median_rank": 1311.0,
        "standard_deviation": 1137.0255220894246,
        "variance": 1292827.0378827287,
        "z_arithmetic_mean_rank": -1517.030172413793,
        "z_hits_at_1": 0.0,
        "z_hits_at_10": 0.004310344827586207,
        "z_hits_at_3": 0.004310344827586207,
        "z_hits_at_5": 0.004310344827586207,
        "z_inverse_harmonic_mean_rank": 0.004642239264907564
      },
      "realistic": {
        "adjusted_arithmetic_mean_rank": 0.6973349028309426,
        "adjusted_arithmetic_mean_rank_index": 0.30280428773637924,
        "adjusted_hits_at_1": -0.00022997208989089375,
        "adjusted_hits_at_10": 0.0020157873611754465,
        "adjusted_hits_at_3": 0.003623086234348012,
        "adjusted_hits_at_5": 0.0031643865194643035,
        "adjusted_inverse_harmonic_mean_rank": 0.002721050962066692,
        "arithmetic_mean_rank": 1517.028076171875,
        "count": 232.0,
        "geometric_mean_rank": 943.0953369140625,
        "harmonic_mean_rank": 215.41325191531865,
        "hits_at_1": 0.0,
        "hits_at_10": 0.004310344827586207,
        "hits_at_3": 0.004310344827586207,
        "hits_at_5": 0.004310344827586207,
        "inverse_arithmetic_mean_rank": 0.0006591835990548134,
        "inverse_geometric_mean_rank": 0.0010603382252156734,
        "inverse_harmonic_mean_rank": 0.00464223993235621,
        "inverse_median_rank": 0.0007627765298821032,
        "median_absolute_deviation": 1386.2330743027378,
        "median_rank": 1311.0,
        "standard_deviation": 1137.0240478515625,
        "variance": 1292823.75,
        "z_arithmetic_mean_rank": -1517.028076171875,
        "z_hits_at_1": 0.0,
        "z_hits_at_10": 0.004310344827586207,
        "z_hits_at_3": 0.004310344827586207,
        "z_hits_at_5": 0.004310344827586207,
        "z_inverse_harmonic_mean_rank": 0.00464223993235621
      }
    },
    "head": {
      "optimistic": {
        "adjusted_arithmetic_mean_rank": 0.6267245721521684,
        "adjusted_arithmetic_mean_rank_index": 0.3734489197979869,
        "adjusted_hits_at_1": -0.0002324012996594279,
        "adjusted_hits_at_10": 0.006311882124539318,
        "adjusted_hits_at_3": 0.007929174716692725,
        "adjusted_hits_at_5": 0.007467628562688468,
        "adjusted_inverse_harmonic_mean_rank": 0.004905842740189712,
        "arithmetic_mean_rank": 1349.051724137931,
        "count": 116.0,
        "geometric_mean_rank": 786.3236709517721,
        "harmonic_mean_rank": 146.18181702689796,
        "hits_at_1": 0.0,
        "hits_at_10": 0.008620689655172414,
        "hits_at_3": 0.008620689655172414,
        "hits_at_5": 0.008620689655172414,
        "inverse_arithmetic_mean_rank": 0.000741261422455109,
        "inverse_geometric_mean_rank": 0.0012717409343528886,
        "inverse_harmonic_mean_rank": 0.00684079607394671,
        "inverse_median_rank": 0.0009606147934678194,
        "median_absolute_deviation": 1151.2406226695998,
        "median_rank": 1041.0,
        "standard_deviation": 1135.7610075584257,
        "variance": 1289953.0662901306,
        "z_arithmetic_mean_rank": -1349.051724137931,
        "z_hits_at_1": 0.0,
        "z_hits_at_10": 0.008620689655172414,
        "z_hits_at_3": 0.008620689655172414,
        "z_hits_at_5": 0.008620689655172414,
        "z_inverse_harmonic_mean_rank": 0.00684079607394671
      },
      "pessimistic": {
        "adjusted_arithmetic_mean_rank": 0.6267285770379257,
        "adjusted_arithmetic_mean_rank_index": 0.37344491305082805,
        "adjusted_hits_at_1": -0.0002324012996594279,
        "adjusted_hits_at_10": 0.006311882124539318,
        "adjusted_hits_at_3": 0.007929174716692725,
        "adjusted_hits_at_5": 0.007467628562688468,
        "adjusted_inverse_harmonic_mean_rank": 0.004905841106684561,
        "arithmetic_mean_rank": 1349.0603448275863,
        "count": 116.0,
        "geometric_mean_rank": 786.3266188383334,
        "harmonic_mean_rank": 146.18185186560422,
        "hits_at_1": 0.0,
        "hits_at_10": 0.008620689655172414,
        "hits_at_3": 0.008620689655172414,
        "hits_at_5": 0.008620689655172414,
        "inverse_arithmetic_mean_rank": 0.0007412566856879948,
        "inverse_geometric_mean_rank": 0.0012717361666801175,
        "inverse_harmonic_mean_rank": 0.006840794443617898,
        "inverse_median_rank": 0.0009606147934678194,
        "median_absolute_deviation": 1151.2406226695998,
        "median_rank": 1041.0,
        "standard_deviation": 1135.7682216258092,
        "variance": 1289969.4532550534,
        "z_arithmetic_mean_rank": -1349.0603448275863,
        "z_hits_at_1": 0.0,