{
  "losses": [
    0.06272479313451858,
    0.05788192796068234,
    0.05177398065226641,
    0.048080641669787115,
    0.04527389589178348,
    0.0425981910425332,
    0.040202524096049845,
    0.03815401952176577,
    0.03638878590853546,
    0.03496879098034089,
    0.03267733804878096,
    0.031191974566400976,
    0.030556175869454163,
    0.02908955131496686,
    0.02687546329715714,
    0.02568719794087295,
    0.025105776289973004,
    0.024231136882236007,
    0.022713377955563663,
    0.021617451633392085,
    0.02053094364771739,
    0.01985113815135713,
    0.018846298677032372,
    0.01843636273209329,
    0.017287462284211977,
    0.016755587036995385,
    0.01563824274469857,
    0.015541997577943657,
    0.01468124275850889,
    0.014201889530149081
  ],
  "metrics": {
    "both": {
      "optimistic": {
        "adjusted_arithmetic_mean_rank": 0.9524066757765396,
        "adjusted_arithmetic_mean_rank_index": 0.04761520768544136,
        "adjusted_hits_at_1": -0.0002299303187033594,
        "adjusted_hits_at_10": -0.0023040711693982485,
        "adjusted_hits_at_3": -0.0006901083097572828,
        "adjusted_hits_at_5": -0.0011507099259168018,
        "adjusted_inverse_harmonic_mean_rank": -0.0007759597176044761,
        "arithmetic_mean_rank": 2072.2974137931033,
        "count": 232.0,
        "geometric_mean_rank": 1552.423256056841,
        "harmonic_mean_rank": 868.3094585052321,
        "hits_at_1": 0.0,
        "hits_at_10": 0.0,
        "hits_at_3": 0.0,
        "hits_at_5": 0.0,
        "inverse_arithmetic_mean_rank": 0.00048255621675926064,
        "inverse_geometric_mean_rank": 0.0006441542254011336,
        "inverse_harmonic_mean_rank": 0.0011516631429092908,
        "inverse_median_rank": 0.0005425935973955507,
        "median_absolute_deviation": 1579.712663817719,
        "median_rank": 1843.0,
        "standard_deviation": 1257.0536303787853,
        "variance": 1580183.829648484,
        "z_arithmetic_mean_rank": -2072.2974137931033,
        "z_hits_at_1": 0.0,
        "z_hits_at_10": 0.0,
        "z_hits_at_3": 0.0,
        "z_hits_at_5": 0.0,
        "z_inverse_harmonic_mean_rank": 0.0011516631429092908
      },
      "pessimistic": {
        "adjusted_arithmetic_mean_rank": 0.9524066757765396,
        "adjusted_arithmetic_mean_rank_index": 0.04761520768544136,
        "adjusted_hits_at_1": -0.0002299303187033594,
        "adjusted_hits_at_10": -0.0023040711693982485,
        "adjusted_hits_at_3": -0.0006901083097572828,
        "adjusted_hits_at_5": -0.0011507099259168018,
        "adjusted_inverse_harmonic_mean_rank": -0.0007759597176044761,
        "arithmetic_mean_rank": 2072.2974137931033,
        "count": 232.0,
        "geometric_mean_rank": 1552.423256056841,
        "harmonic_mean_rank": 868.3094585052321,
        "hits_at_1": 0.0,
        "hits_at_10": 0.0,
        "hits_at_3": 0.0,
        "hits_at_5": 0.0,
        "inverse_arithmetic_mean_rank": 0.00048255621675926064,
        "inverse_geometric_mean_rank": 0.0006441542254011336,
        "inverse_harmonic_mean_rank": 0.0011516631429092908,
        "inverse_median_rank": 0.0005425935973955507,
        "median_absolute_deviation": 1579.712663817719,
        "median_rank": 1843.0,
        "standard_deviation": 1257.0536303787853,
        "variance": 1580183.829648484,
        "z_arithmetic_mean_rank": -2072.2974137931033,
        "z_hits_at_1": 0.0,
        "z_hits_at_10": 0.0,
        "z_hits_at_3": 0.0,
        "z_hits_at_5": 0.0,
        "z_inverse_harmonic_mean_rank": 0.0011516631429092908
      },
      "realistic": {
        "adjusted_arithmetic_mean_rank": 0.952406652561809,
        "adjusted_arithmetic_mean_rank_index": 0.047615230910846185,
        "adjusted_hits_at_1": -0.0002299303187033594,
        "adjusted_hits_at_10": -0.0023040711693982485,
        "adjusted_hits_at_3": -0.0006901083097572828,
        "adjusted_hits_at_5": -0.0011507099259168018,
        "adjusted_inverse_harmonic_mean_rank": -0.0007759597699662999,
        "arithmetic_mean_rank": 2072.29736328125,
        "count": 232.0,
        "geometric_mean_rank": 1552.4224853515625,
        "harmonic_mean_rank": 868.3094979079824,
        "hits_at_1": 0.0,
        "hits_at_10": 0.0,
        "hits_at_3": 0.0,
        "hits_at_5": 0.0,
        "inverse_arithmetic_mean_rank": 0.0004825562355108559,
        "inverse_geometric_mean_rank": 0.0006441545556299388,
        "inverse_harmonic_mean_rank": 0.0011516630906483224,
        "inverse_median_rank": 0.0005425935960374773,
        "median_absolute_deviation": 1579.712663817719,
        "median_rank": 1843.0,
        "standard_deviation": 1257.0535888671875,
        "variance": 1580183.875,
        "z_arithmetic_mean_rank": -2072.29736328125,
        "z_hits_at_1": 0.0,
        "z_hits_at_10": 0.0,
        "z_hits_at_3": 0.0,
        "z_hits_at_5": 0.0,
        "z_inverse_harmonic_mean_rank": 0.0011516630906483224
      }
    },
    "head": {
      "optimistic": {
        "adjusted_arithmetic_mean_rank": 1.0958668503623625,
        "adjusted_arithmetic_mean_rank_index": -0.09591139173274033,
        "adjusted_hits_at_1": -0.00023231864968828038,
        "adjusted_hits_at_10": -0.002328054150452513,
        "adjusted_hits_at_3": -0.0006972799313290434,
        "adjusted_hits_at_5": -0.0011626736915696162,
        "adjusted_inverse_harmonic_mean_rank": -0.0011707410031988011,
        "arithmetic_mean_rank": 2359.7413793103447,
        "count": 116.0,
        "geometric_mean_rank": 1904.8580434910455,
        "harmonic_mean_rank": 1289.6282500193734,
        "hits_at_1": 0.0,
        "hits_at_10": 0.0,
        "hits_at_3": 0.0,
        "hits_at_5": 0.0,
        "inverse_arithmetic_mean_rank": 0.0004237752529865196,
        "inverse_geometric_mean_rank": 0.0005249735031001542,
        "inverse_harmonic_mean_rank": 0.0007754172568606322,
        "inverse_median_rank": 0.00039737730975561295,
        "median_absolute_deviation": 1603.4342993138084,
        "median_rank": 2516.5,
        "standard_deviation": 1228.322413031985,
        "variance": 1508775.9503567184,
        "z_arithmetic_mean_rank": -2359.7413793103447,
        "z_hits_at_1": 0.0,
        "z_hits_at_10": 0.0,
        "z_hits_at_3": 0.0,
        "z_hits_at_5": 0.0,
        "z_inverse_harmonic_mean_rank": 0.0007754172568606322
      },
      "pessimistic": {
        "adjusted_arithmetic_mean_rank": 1.0958668503623625,
        "adjusted_arithmetic_mean_rank_index": -0.09591139173274033,
        "adjusted_hits_at_1": -0.00023231864968828038,
        "adjusted_hits_at_10": -0.002328054150452513,
        "adjusted_hits_at_3": -0.0006972799313290434,
        "adjusted_hits_at_5": -0.0011626736915696162,
        "adjusted_inverse_harmonic_mean_rank": -0.0011707410031988011,
        "arithmetic_mean_rank": 2359.7413793103447,
        "count": 116.0,
        "geometric_mean_rank": 1904.8580434910455,
        "harmonic_mean_rank": 1289.6282500193734,
        "hits_at_1": 0.0,
        "hits_at_10": 0.0,
        "hits_at_3": 0.0,
        "hits_at_5": 0.0,
        "inverse_arithmetic_mean_rank": 0.0004237752529865196,
        "inverse_geometric_mean_rank": 0.0005249735031001542,
        "inverse_harmonic_mean_rank": 0.0007754172568606322,
        "inverse_median_rank": 0.00039737730975561295,
        "median_absolute_deviation": 1603.4342993138084,
        "median_rank": 2516.5,
        "standard_deviation": 1228.322413031985,
        "variance": 1508775.9503567184,
        "z_arithmetic_mean_rank": -2359.7413793103447,
        "z_hits_at_1": 0.0,
        "z_hits_at_10": 0.0,
        "z_hits_at_3": 0.0,
        "z_hits_at_5": 0.0,
        "z_inverse_harmonic_mean_rank": 0.0007754172568606322
      },
      "realistic": {
        "adjusted_arithmetic_mean_rank": 1.0958668855490143,
        "adjusted_arithmetic_mean_rank_index": -0.09591142693574062,
        "adjusted_hits_at_1": -0.00023231864968828038,
        "adjusted_hits_at_10": -0.002328054150452513,