{
  "losses": [
    13.280689598659343,
    10.706784212218015,
    8.571366829840823,
    6.799543671303216,
    5.331127814977731,
    4.1172093316220595,
    3.1170678305041393,
    2.296418602183227,
    1.6262705890064275,
    1.0820823758131453,
    0.6447085004909578,
    0.30927890533783675,
    0.09708701627138587,
    0.016079436324531862,
    0.004286359838746871,
    0.00391877635359283,
    0.003911984195896505,
    0.003908664751078707,
    0.003906569982262938,
    0.003909169564828206,
    0.0039037609450767274,
    0.0039039619586085867,
    0.0039023117633923215,
    0.0038974896575103258,
    0.0038976615491053274,
    0.0038988520550330024,
    0.0038963238393446816,
    0.003896318284957267,
    0.003892910332573759,
    0.003891734321191651
  ],
  "metrics": {
    "both": {
      "optimistic": {
        "adjusted_arithmetic_mean_rank": 1.3320240261886376,
        "adjusted_arithmetic_mean_rank_index": -0.3321638344016511,
        "adjusted_hits_at_1": 0.004100690256239518,
        "adjusted_hits_at_10": 0.002209818491727263,
        "adjusted_hits_at_3": 0.003681116130030084,
        "adjusted_hits_at_5": 0.003261188320182327,
        "adjusted_inverse_harmonic_mean_rank": 0.003463488062823424,
        "arithmetic_mean_rank": 3164.6939655172414,
        "count": 232.0,
        "geometric_mean_rank": 2634.7793789883153,
        "harmonic_mean_rank": 190.84877807891863,
        "hits_at_1": 0.004310344827586207,
        "hits_at_10": 0.004310344827586207,
        "hits_at_3": 0.004310344827586207,
        "hits_at_5": 0.004310344827586207,
        "inverse_arithmetic_mean_rank": 0.0003159863199715612,
        "inverse_geometric_mean_rank": 0.00037953841903225053,
        "inverse_harmonic_mean_rank": 0.005239750602890871,
        "inverse_median_rank": 0.00028392958546280523,
        "median_absolute_deviation": 832.4811456908955,
        "median_rank": 3522.0,
        "standard_deviation": 1155.4740169111067,
        "variance": 1335120.2037566884,
        "z_arithmetic_mean_rank": -3164.6939655172414,
        "z_hits_at_1": 0.004310344827586207,
        "z_hits_at_10": 0.004310344827586207,
        "z_hits_at_3": 0.004310344827586207,
        "z_hits_at_5": 0.004310344827586207,
        "z_inverse_harmonic_mean_rank": 0.005239750602890871
      },
      "pessimistic": {
        "adjusted_arithmetic_mean_rank": 1.3320312831088124,
        "adjusted_arithmetic_mean_rank_index": -0.33217109437755976,
        "adjusted_hits_at_1": 0.004100690256239518,
        "adjusted_hits_at_10": 0.002209818491727263,
        "adjusted_hits_at_3": 0.003681116130030084,
        "adjusted_hits_at_5": 0.003261188320182327,
        "adjusted_inverse_harmonic_mean_rank": 0.0034634857640988468,
        "arithmetic_mean_rank": 3164.7112068965516,
        "count": 232.0,
        "geometric_mean_rank": 2634.794940681138,
        "harmonic_mean_rank": 190.84886165675113,
        "hits_at_1": 0.004310344827586207,
        "hits_at_10": 0.004310344827586207,
        "hits_at_3": 0.004310344827586207,
        "hits_at_5": 0.004310344827586207,
        "inverse_arithmetic_mean_rank": 0.00031598459847482954,
        "inverse_geometric_mean_rank": 0.00037953617739279683,
        "inverse_harmonic_mean_rank": 0.005239748308263624,
        "inverse_median_rank": 0.00028392958546280523,
        "median_absolute_deviation": 832.4811456908955,
        "median_rank": 3522.0,
        "standard_deviation": 1155.475308325655,
        "variance": 1335123.1881502676,
        "z_arithmetic_mean_rank": -3164.7112068965516,
        "z_hits_at_1": 0.004310344827586207,
        "z_hits_at_10": 0.004310344827586207,
        "z_hits_at_3": 0.004310344827586207,
        "z_hits_at_5": 0.004310344827586207,
        "z_inverse_harmonic_mean_rank": 0.005239748308263624
      },
      "realistic": {
        "adjusted_arithmetic_mean_rank": 1.3320276759092333,
        "adjusted_arithmetic_mean_rank_index": -0.3321674856590662,
        "adjusted_hits_at_1": 0.004100690256239518,
        "adjusted_hits_at_10": 0.002209818491727263,
        "adjusted_hits_at_3": 0.003681116130030084,
        "adjusted_hits_at_5": 0.003261188320182327,
        "adjusted_inverse_harmonic_mean_rank": 0.0034634862058623293,
        "arithmetic_mean_rank": 3164.70263671875,
        "count": 232.0,
        "geometric_mean_rank": 2634.78759765625,
        "harmonic_mean_rank": 190.84884559495416,
        "hits_at_1": 0.004310344827586207,
        "hits_at_10": 0.004310344827586207,
        "hits_at_3": 0.004310344827586207,
        "hits_at_5": 0.004310344827586207,
        "inverse_arithmetic_mean_rank": 0.0003159854677505791,
        "inverse_geometric_mean_rank": 0.0003795372322201729,
        "inverse_harmonic_mean_rank": 0.005239748749239691,
        "inverse_median_rank": 0.000283929577562958,
        "median_absolute_deviation": 832.4811456908955,
        "median_rank": 3522.0,
        "standard_deviation": 1155.474609375,
        "variance": 1335121.625,
        "z_arithmetic_mean_rank": -3164.70263671875,
        "z_hits_at_1": 0.004310344827586207,
        "z_hits_at_10": 0.004310344827586207,
        "z_hits_at_3": 0.004310344827586207,
        "z_hits_at_5": 0.004310344827586207,
        "z_inverse_harmonic_mean_rank": 0.005239748749239691
      }
    },
    "head": {
      "optimistic": {
        "adjusted_arithmetic_mean_rank": 1.1331726604235766,
        "adjusted_arithmetic_mean_rank_index": -0.1332292739835601,
        "adjusted_hits_at_1": 0.008409957342274045,
        "adjusted_hits_at_10": 0.006509327314978582,
        "adjusted_hits_at_3": 0.007988223836577572,
        "adjusted_hits_at_5": 0.007566131442994582,
        "adjusted_inverse_harmonic_mean_rank": 0.008416748157791042,
        "arithmetic_mean_rank": 2666.706896551724,
        "count": 116.0,
        "geometric_mean_rank": 1918.4615420509106,
        "harmonic_mean_rank": 98.04777010400288,
        "hits_at_1": 0.008620689655172414,
        "hits_at_10": 0.008620689655172414,
        "hits_at_3": 0.008620689655172414,
        "hits_at_5": 0.008620689655172414,
        "inverse_arithmetic_mean_rank": 0.00037499434275776013,
        "inverse_geometric_mean_rank": 0.0005212510014305322,
        "inverse_harmonic_mean_rank": 0.01019911007602991,
        "inverse_median_rank": 0.000327653997378768,
        "median_absolute_deviation": 1610.1060092970838,
        "median_rank": 3052.0,
        "standard_deviation": 1377.4272558377997,
        "variance": 1897305.8451248512,
        "z_arithmetic_mean_rank": -2666.706896551724,
        "z_hits_at_1": 0.008620689655172414,
        "z_hits_at_10": 0.008620689655172414,
        "z_hits_at_3": 0.008620689655172414,
        "z_hits_at_5": 0.008620689655172414,
        "z_inverse_harmonic_mean_rank": 0.01019911007602991
      },
      "pessimistic": {
        "adjusted_arithmetic_mean_rank": 1.1331873132972672,
        "adjusted_arithmetic_mean_rank_index": -0.13324393308639193,
        "adjusted_hits_at_1": 0.008409957342274045,
        "adjusted_hits_at_10": 0.006509327314978582,
        "adjusted_hits_at_3": 0.007988223836577572,
        "adjusted_hits_at_5": 0.007566131442994582,
        "adjusted_inverse_harmonic_mean_rank": 0.008416743560272548,
        "arithmetic_mean_rank": 2666.7413793103447,
        "count": 116.0,
        "geometric_mean_rank": 1918.48420398429,
        "harmonic_mean_rank": 98.0478142222023,
        "hits_at_1": 0.008620689655172414,
        "hits_at_10": 0.008620689655172414,
        "hits_at_3": 0.008620689655172414,
        "hits_at_5": 0.008620689655172414,
        "inverse_arithmetic_mean_rank": 0.0003749894938288367,
        "inverse_geometric_mean_rank": 0.0005212448441968974,
        "inverse_harmonic_mean_rank": 0.010199105486775413,
        "inverse_median_rank": 0.000327653997378768,
        "median_absolute_deviation": 1610.1060092970838,
        "median_rank": 3052.0,
        "standard_deviation": 1377.441888884344,