{
  "losses": [
    0.005479248832000407,
    0.0045165875526618025,
    0.003869963987686068,
    0.003470022142252989,
    0.0031041729867433213,
    0.0028856145058128607,
    0.0026855830449410557,
    0.0025026049034314432,
    0.0023477890176820753,
    0.002201138864144612,
    0.002085781430962588,
    0.001955443524099331,
    0.0019054537680872764,
    0.0017766696984103973,
    0.0017079855528849234,
    0.001594685068777344,
    0.0015528058224460832,
    0.0014607477267817785,
    0.0014100168891056756,
    0.0013533760270370962,
    0.0013005149561226724,
    0.0012813393958081222,
    0.001188081783147097,
    0.0011746211946962052,
    0.0011187972808687034,
    0.0010777524151893117,
    0.0010432861020540475,
    0.0010144701026145338,
    0.0009488653227562114,
    0.0009482817736801401
  ],
  "metrics": {
    "both": {
      "optimistic": {
        "adjusted_arithmetic_mean_rank": 0.6115803975314587,
        "adjusted_arithmetic_mean_rank_index": 0.3885832391894428,
        "adjusted_hits_at_1": -0.00021066886899837758,
        "adjusted_hits_at_10": -0.002110690601199618,
        "adjusted_hits_at_3": -0.0006322730074738982,
        "adjusted_hits_at_5": -0.0010542327210519083,
        "adjusted_inverse_harmonic_mean_rank": 0.001424444060739185,
        "arithmetic_mean_rank": 1452.301724137931,
        "count": 232.0,
        "geometric_mean_rank": 857.2114704234918,
        "harmonic_mean_rank": 312.00044963556775,
        "hits_at_1": 0.0,
        "hits_at_10": 0.0,
        "hits_at_3": 0.0,
        "hits_at_5": 0.0,
        "inverse_arithmetic_mean_rank": 0.0006885621516380063,
        "inverse_geometric_mean_rank": 0.0011665732838432104,
        "inverse_harmonic_mean_rank": 0.0032051235860975536,
        "inverse_median_rank": 0.000877963125548727,
        "median_absolute_deviation": 1237.9728524521777,
        "median_rank": 1139.0,
        "standard_deviation": 1184.526572967442,
        "variance": 1403103.2020659929,
        "z_arithmetic_mean_rank": -1452.301724137931,
        "z_hits_at_1": 0.0,
        "z_hits_at_10": 0.0,
        "z_hits_at_3": 0.0,
        "z_hits_at_5": 0.0,
        "z_inverse_harmonic_mean_rank": 0.0032051235860975536
      },
      "pessimistic": {
        "adjusted_arithmetic_mean_rank": 0.6115803975314587,
        "adjusted_arithmetic_mean_rank_index": 0.3885832391894428,
        "adjusted_hits_at_1": -0.00021066886899837758,
        "adjusted_hits_at_10": -0.002110690601199618,
        "adjusted_hits_at_3": -0.0006322730074738982,
        "adjusted_hits_at_5": -0.0010542327210519083,
        "adjusted_inverse_harmonic_mean_rank": 0.001424444060739185,
        "arithmetic_mean_rank": 1452.301724137931,
        "count": 232.0,
        "geometric_mean_rank": 857.2114704234918,
        "harmonic_mean_rank": 312.00044963556775,
        "hits_at_1": 0.0,
        "hits_at_10": 0.0,
        "hits_at_3": 0.0,
        "hits_at_5": 0.0,
        "inverse_arithmetic_mean_rank": 0.0006885621516380063,
        "inverse_geometric_mean_rank": 0.0011665732838432104,
        "inverse_harmonic_mean_rank": 0.0032051235860975536,
        "inverse_median_rank": 0.000877963125548727,
        "median_absolute_deviation": 1237.9728524521777,
        "median_rank": 1139.0,
        "standard_deviation": 1184.526572967442,
        "variance": 1403103.2020659929,
        "z_arithmetic_mean_rank": -1452.301724137931,
        "z_hits_at_1": 0.0,
        "z_hits_at_10": 0.0,
        "z_hits_at_3": 0.0,
        "z_hits_at_5": 0.0,
        "z_inverse_harmonic_mean_rank": 0.0032051235860975536
      },
      "realistic": {
        "adjusted_arithmetic_mean_rank": 0.611580411712194,
        "adjusted_arithmetic_mean_rank_index": 0.38858322500273335,
        "adjusted_hits_at_1": -0.00021066886899837758,
        "adjusted_hits_at_10": -0.002110690601199618,
        "adjusted_hits_at_3": -0.0006322730074738982,
        "adjusted_hits_at_5": -0.0010542327210519083,
        "adjusted_inverse_harmonic_mean_rank": 0.0014244441212554932,
        "arithmetic_mean_rank": 1452.3017578125,
        "count": 232.0,
        "geometric_mean_rank": 857.2113037109375,
        "harmonic_mean_rank": 312.00044375515614,
        "hits_at_1": 0.0,
        "hits_at_10": 0.0,
        "hits_at_3": 0.0,
        "hits_at_5": 0.0,
        "inverse_arithmetic_mean_rank": 0.0006885621114633977,
        "inverse_geometric_mean_rank": 0.0011665734928101301,
        "inverse_harmonic_mean_rank": 0.003205123646505948,
        "inverse_median_rank": 0.0008779631461948156,
        "median_absolute_deviation": 1237.9728524521777,
        "median_rank": 1139.0,
        "standard_deviation": 1184.5264892578125,
        "variance": 1403103.125,
        "z_arithmetic_mean_rank": -1452.3017578125,
        "z_hits_at_1": 0.0,
        "z_hits_at_10": 0.0,
        "z_hits_at_3": 0.0,
        "z_hits_at_5": 0.0,
        "z_inverse_harmonic_mean_rank": 0.003205123646505948
      }
    },
    "head": {
      "optimistic": {
        "adjusted_arithmetic_mean_rank": 0.6156224274617419,
        "adjusted_arithmetic_mean_rank_index": 0.3845411404705056,
        "adjusted_hits_at_1": -0.00021277704780802407,
        "adjusted_hits_at_10": -0.00213185296249773,
        "adjusted_hits_at_3": -0.0006386029035051311,
        "adjusted_hits_at_5": -0.0010647914918007462,
        "adjusted_inverse_harmonic_mean_rank": 0.0022528870852019257,
        "arithmetic_mean_rank": 1447.301724137931,
        "count": 116.0,
        "geometric_mean_rank": 767.2056757011253,
        "harmonic_mean_rank": 247.0409322928053,
        "hits_at_1": 0.0,
        "hits_at_10": 0.0,
        "hits_at_3": 0.0,
        "hits_at_5": 0.0,
        "inverse_arithmetic_mean_rank": 0.0006909409305068291,
        "inverse_geometric_mean_rank": 0.0013034314417527362,
        "inverse_harmonic_mean_rank": 0.004047912184911729,
        "inverse_median_rank": 0.0011254924029262803,
        "median_absolute_deviation": 1177.186161493448,
        "median_rank": 888.5,
        "standard_deviation": 1287.0826355314884,
        "variance": 1656581.7106866823,
        "z_arithmetic_mean_rank": -1447.301724137931,
        "z_hits_at_1": 0.0,
        "z_hits_at_10": 0.0,
        "z_hits_at_3": 0.0,
        "z_hits_at_5": 0.0,
        "z_inverse_harmonic_mean_rank": 0.004047912184911729
      },
      "pessimistic": {
        "adjusted_arithmetic_mean_rank": 0.6156224274617419,
        "adjusted_arithmetic_mean_rank_index": 0.3845411404705056,
        "adjusted_hits_at_1": -0.00021277704780802407,
        "adjusted_hits_at_10": -0.00213185296249773,
        "adjusted_hits_at_3": -0.0006386029035051311,
        "adjusted_hits_at_5": -0.0010647914918007462,
        "adjusted_inverse_harmonic_mean_rank": 0.0022528870852019257,
        "arithmetic_mean_rank": 1447.301724137931,
        "count": 116.0,
        "geometric_mean_rank": 767.2056757011253,
        "harmonic_mean_rank": 247.0409322928053,
        "hits_at_1": 0.0,
        "hits_at_10": 0.0,
        "hits_at_3": 0.0,
        "hits_at_5": 0.0,
        "inverse_arithmetic_mean_rank": 0.0006909409305068291,
        "inverse_geometric_mean_rank": 0.0013034314417527362,
        "inverse_harmonic_mean_rank": 0.004047912184911729,
        "inverse_median_rank": 0.0011254924029262803,
        "median_absolute_deviation": 1177.186161493448,
        "median_rank": 888.5,
        "standard_deviation": 1287.0826355314884,
        "variance": 1656581.7106866823,
        "z_arithmetic_mean_rank": -1447.301724137931,
        "z_hits_at_1": 0.0,
        "z_hits_at_10": 0.0,
        "z_hits_at_3": 0.0,
        "z_hits_at_5": 0.0,
        "z_inverse_harmonic_mean_rank": 0.004047912184911729
      },
      "realistic": {
        "adjusted_arithmetic_mean_rank": 0.615622441785514,
        "adjusted_arithmetic_mean_rank_index": 0.3845411261406382,
        "adjusted_hits_at_1": -0.00021277704780802407,
        "adjusted_hits_at_10": -0.00213185296249773,