{
  "losses": [
    0.19244201977517905,
    0.16605283311109337,
    0.15082046720363498,
    0.14094081349980314,
    0.13331722099060583,
    0.12797997228448116,
    0.12420108005067729,
    0.12131801127402053,
    0.11906932441483067,
    0.11713997000623136,
    0.11525595559254383,
    0.1133217736249224,
    0.11144350287231014,
    0.10958509519572067,
    0.10763471481458528,
    0.10577722680019574,
    0.10390430376947853,
    0.10200235448068924,
    0.1001527908444206,
    0.09821914658610975,
    0.0963685355038017,
    0.09448109661036432,
    0.09267131532560101,
    0.09079835898208186,
    0.08893466944631263,
    0.08713950612419295,
    0.08538301502352642,
    0.08362892384322816,
    0.0819596237885492,
    0.08026267220104434
  ],
  "metrics": {
    "both": {
      "optimistic": {
        "adjusted_arithmetic_mean_rank": 0.6425481546929709,
        "adjusted_arithmetic_mean_rank_index": 0.35761638629788717,
        "adjusted_hits_at_1": -0.00023019265019276925,
        "adjusted_hits_at_10": 0.002013582141643713,
        "adjusted_hits_at_3": 0.0036224267987568764,
        "adjusted_hits_at_5": 0.003163286447484128,
        "adjusted_inverse_harmonic_mean_rank": 0.002113447890137268,
        "arithmetic_mean_rank": 1396.5258620689656,
        "count": 232.0,
        "geometric_mean_rank": 968.0335680449898,
        "harmonic_mean_rank": 247.68398349501746,
        "hits_at_1": 0.0,
        "hits_at_10": 0.004310344827586207,
        "hits_at_3": 0.004310344827586207,
        "hits_at_5": 0.004310344827586207,
        "inverse_arithmetic_mean_rank": 0.0007160626431353666,
        "inverse_geometric_mean_rank": 0.0010330220283781776,
        "inverse_harmonic_mean_rank": 0.004037402765771153,
        "inverse_median_rank": 0.0007840062720501764,
        "median_absolute_deviation": 663.4644927812569,
        "median_rank": 1275.5,
        "standard_deviation": 935.713497461244,
        "variance": 875559.7493311535,
        "z_arithmetic_mean_rank": -1396.5258620689656,
        "z_hits_at_1": 0.0,
        "z_hits_at_10": 0.004310344827586207,
        "z_hits_at_3": 0.004310344827586207,
        "z_hits_at_5": 0.004310344827586207,
        "z_inverse_harmonic_mean_rank": 0.004037402765771153
      },
      "pessimistic": {
        "adjusted_arithmetic_mean_rank": 0.6425501379030139,
        "adjusted_arithmetic_mean_rank_index": 0.3576144021749398,
        "adjusted_hits_at_1": -0.00023019265019276925,
        "adjusted_hits_at_10": 0.002013582141643713,
        "adjusted_hits_at_3": 0.0036224267987568764,
        "adjusted_hits_at_5": 0.003163286447484128,
        "adjusted_inverse_harmonic_mean_rank": 0.0021134457224908348,
        "arithmetic_mean_rank": 1396.530172413793,
        "count": 232.0,
        "geometric_mean_rank": 968.0365241661569,
        "harmonic_mean_rank": 247.68411621807712,
        "hits_at_1": 0.0,
        "hits_at_10": 0.004310344827586207,
        "hits_at_3": 0.004310344827586207,
        "hits_at_5": 0.004310344827586207,
        "inverse_arithmetic_mean_rank": 0.000716060433031374,
        "inverse_geometric_mean_rank": 0.0010330188738088943,
        "inverse_harmonic_mean_rank": 0.004037400602304006,
        "inverse_median_rank": 0.0007840062720501764,
        "median_absolute_deviation": 663.4644927812569,
        "median_rank": 1275.5,
        "standard_deviation": 935.7135664293696,
        "variance": 875559.8783999702,
        "z_arithmetic_mean_rank": -1396.530172413793,
        "z_hits_at_1": 0.0,
        "z_hits_at_10": 0.004310344827586207,
        "z_hits_at_3": 0.004310344827586207,
        "z_hits_at_5": 0.004310344827586207,
        "z_inverse_harmonic_mean_rank": 0.004037400602304006
      },
      "realistic": {
        "adjusted_arithmetic_mean_rank": 0.6425491734121922,
        "adjusted_arithmetic_mean_rank_index": 0.3576153671097325,
        "adjusted_hits_at_1": -0.00023019265019276925,
        "adjusted_hits_at_10": 0.002013582141643713,
        "adjusted_hits_at_3": 0.0036224267987568764,
        "adjusted_hits_at_5": 0.003163286447484128,
        "adjusted_inverse_harmonic_mean_rank": 0.0021134469219974464,
        "arithmetic_mean_rank": 1396.528076171875,
        "count": 232.0,
        "geometric_mean_rank": 968.03515625,
        "harmonic_mean_rank": 247.68404277333852,
        "hits_at_1": 0.0,
        "hits_at_10": 0.004310344827586207,
        "hits_at_3": 0.004310344827586207,
        "hits_at_5": 0.004310344827586207,
        "inverse_arithmetic_mean_rank": 0.0007160615059547126,
        "inverse_geometric_mean_rank": 0.0010330203222110868,
        "inverse_harmonic_mean_rank": 0.0040374017994979335,
        "inverse_median_rank": 0.0007840062608011067,
        "median_absolute_deviation": 663.4644927812569,
        "median_rank": 1275.5,
        "standard_deviation": 935.7135620117188,
        "variance": 875559.875,
        "z_arithmetic_mean_rank": -1396.528076171875,
        "z_hits_at_1": 0.0,
        "z_hits_at_10": 0.004310344827586207,
        "z_hits_at_3": 0.004310344827586207,
        "z_hits_at_5": 0.004310344827586207,
        "z_inverse_harmonic_mean_rank": 0.0040374017994979335
      }
    },
    "head": {
      "optimistic": {
        "adjusted_arithmetic_mean_rank": 0.7265508500043707,
        "adjusted_arithmetic_mean_rank_index": 0.27357648677824586,
        "adjusted_hits_at_1": -0.0002328424225031101,
        "adjusted_hits_at_10": 0.006307490554830591,
        "adjusted_hits_at_3": 0.00792786153489615,
        "adjusted_hits_at_5": 0.0074654378874909,
        "adjusted_inverse_harmonic_mean_rank": 0.003276139802505422,
        "arithmetic_mean_rank": 1560.9568965517242,
        "count": 116.0,
        "geometric_mean_rank": 940.0528541867748,
        "harmonic_mean_rank": 191.66209052895832,
        "hits_at_1": 0.0,
        "hits_at_10": 0.008620689655172414,
        "hits_at_3": 0.008620689655172414,
        "hits_at_5": 0.008620689655172414,
        "inverse_arithmetic_mean_rank": 0.0006406326799984536,
        "inverse_geometric_mean_rank": 0.0010637699737267269,
        "inverse_harmonic_mean_rank": 0.005217515875153775,
        "inverse_median_rank": 0.0008166598611678236,
        "median_absolute_deviation": 1343.9789110753281,
        "median_rank": 1224.5,
        "standard_deviation": 1221.3483179090779,
        "variance": 1491691.7136593342,
        "z_arithmetic_mean_rank": -1560.9568965517242,
        "z_hits_at_1": 0.0,
        "z_hits_at_10": 0.008620689655172414,
        "z_hits_at_3": 0.008620689655172414,
        "z_hits_at_5": 0.008620689655172414,
        "z_inverse_harmonic_mean_rank": 0.005217515875153775
      },
      "pessimistic": {
        "adjusted_arithmetic_mean_rank": 0.726554862523493,
        "adjusted_arithmetic_mean_rank_index": 0.2735724723906179,
        "adjusted_hits_at_1": -0.0002328424225031101,
        "adjusted_hits_at_10": 0.006307490554830591,
        "adjusted_hits_at_3": 0.00792786153489615,
        "adjusted_hits_at_5": 0.0074654378874909,
        "adjusted_inverse_harmonic_mean_rank": 0.003276135467126865,
        "arithmetic_mean_rank": 1560.9655172413793,
        "count": 116.0,
        "geometric_mean_rank": 940.058595546321,
        "harmonic_mean_rank": 191.66224947623894,
        "hits_at_1": 0.0,
        "hits_at_10": 0.008620689655172414,
        "hits_at_3": 0.008620689655172414,
        "hits_at_5": 0.008620689655172414,
        "inverse_arithmetic_mean_rank": 0.0006406291419987629,
        "inverse_geometric_mean_rank": 0.0010637634768062981,
        "inverse_harmonic_mean_rank": 0.005217511548219482,
        "inverse_median_rank": 0.0008166598611678236,
        "median_absolute_deviation": 1343.9789110753281,
        "median_rank": 1224.5,
        "standard_deviation": 1221.3472629608557,
        "variance": 1491689.1367419735,
        "z_arithmetic_mean_rank": -1560.9655172413793,
        "z_hits_at_1": 0.0,
        "z_hits_at_10": 0.008620689655172414,