{
  "losses": [
    0.003914443145106481,
    0.003872782352796327,
    0.003739990000911207,
    0.0034749189325645954,
    0.0032196947375188914,
    0.003056788794944519,
    0.002957744003383447,
    0.0028888165652769873,
    0.00282245571732083,
    0.0027852205653972175,
    0.002715150129866165,
    0.0026862039155869893,
    0.0026328863813808025,
    0.0025971790629907886,
    0.0025271005525939988,
    0.002514647698590543,
    0.002464604825831617,
    0.0024736648467310754,
    0.002411742446207295,
    0.002408452762421998,
    0.0023594277033309793,
    0.0023592654484365727,
    0.0023443740855124432,
    0.0023412895227051607,
    0.0023369537003894406,
    0.002327733043877233,
    0.0023018950999813565,
    0.0023078594995646524,
    0.0022989795815620815,
    0.002316382615496312
  ],
  "metrics": {
    "both": {
      "optimistic": {
        "adjusted_arithmetic_mean_rank": 1.0168762484209708,
        "adjusted_arithmetic_mean_rank_index": -0.016883358190753706,
        "adjusted_hits_at_1": -0.00021066886899837758,
        "adjusted_hits_at_10": 0.0022087520307021045,
        "adjusted_hits_at_3": -0.0006322730074738982,
        "adjusted_hits_at_5": -0.0010542327210519083,
        "adjusted_inverse_harmonic_mean_rank": 7.114320536097167e-05,
        "arithmetic_mean_rank": 2414.7456896551726,
        "count": 232.0,
        "geometric_mean_rank": 1688.4002783101053,
        "harmonic_mean_rank": 539.3056869571434,
        "hits_at_1": 0.0,
        "hits_at_10": 0.004310344827586207,
        "hits_at_3": 0.0,
        "hits_at_5": 0.0,
        "inverse_arithmetic_mean_rank": 0.0004141222838843956,
        "inverse_geometric_mean_rank": 0.000592276614050837,
        "inverse_harmonic_mean_rank": 0.001854235963359063,
        "inverse_median_rank": 0.00043243243243243243,
        "median_absolute_deviation": 2004.478199419574,
        "median_rank": 2312.5,
        "standard_deviation": 1448.9577288456076,
        "variance": 2099478.499981421,
        "z_arithmetic_mean_rank": -2414.7456896551726,
        "z_hits_at_1": 0.0,
        "z_hits_at_10": 0.004310344827586207,
        "z_hits_at_3": 0.0,
        "z_hits_at_5": 0.0,
        "z_inverse_harmonic_mean_rank": 0.001854235963359063
      },
      "pessimistic": {
        "adjusted_arithmetic_mean_rank": 1.0168762484209708,
        "adjusted_arithmetic_mean_rank_index": -0.016883358190753706,
        "adjusted_hits_at_1": -0.00021066886899837758,
        "adjusted_hits_at_10": 0.0022087520307021045,
        "adjusted_hits_at_3": -0.0006322730074738982,
        "adjusted_hits_at_5": -0.0010542327210519083,
        "adjusted_inverse_harmonic_mean_rank": 7.114320536097167e-05,
        "arithmetic_mean_rank": 2414.7456896551726,
        "count": 232.0,
        "geometric_mean_rank": 1688.4002783101053,
        "harmonic_mean_rank": 539.3056869571434,
        "hits_at_1": 0.0,
        "hits_at_10": 0.004310344827586207,
        "hits_at_3": 0.0,
        "hits_at_5": 0.0,
        "inverse_arithmetic_mean_rank": 0.0004141222838843956,
        "inverse_geometric_mean_rank": 0.000592276614050837,
        "inverse_harmonic_mean_rank": 0.001854235963359063,
        "inverse_median_rank": 0.00043243243243243243,
        "median_absolute_deviation": 2004.478199419574,
        "median_rank": 2312.5,
        "standard_deviation": 1448.9577288456076,
        "variance": 2099478.499981421,
        "z_arithmetic_mean_rank": -2414.7456896551726,
        "z_hits_at_1": 0.0,
        "z_hits_at_10": 0.004310344827586207,
        "z_hits_at_3": 0.0,
        "z_hits_at_5": 0.0,
        "z_inverse_harmonic_mean_rank": 0.001854235963359063
      },
      "realistic": {
        "adjusted_arithmetic_mean_rank": 1.0168762129691324,
        "adjusted_arithmetic_mean_rank_index": -0.016883322723979965,
        "adjusted_hits_at_1": -0.00021066886899837758,
        "adjusted_hits_at_10": 0.0022087520307021045,
        "adjusted_hits_at_3": -0.0006322730074738982,
        "adjusted_hits_at_5": -0.0010542327210519083,
        "adjusted_inverse_harmonic_mean_rank": 7.114325499316689e-05,
        "arithmetic_mean_rank": 2414.74560546875,
        "count": 232.0,
        "geometric_mean_rank": 1688.40087890625,
        "harmonic_mean_rank": 539.3056725473306,
        "hits_at_1": 0.0,
        "hits_at_10": 0.004310344827586207,
        "hits_at_3": 0.0,
        "hits_at_5": 0.0,
        "inverse_arithmetic_mean_rank": 0.00041412230348214507,
        "inverse_geometric_mean_rank": 0.0005922763957642019,
        "inverse_harmonic_mean_rank": 0.001854236012902753,
        "inverse_median_rank": 0.0004324324254412204,
        "median_absolute_deviation": 2004.478199419574,
        "median_rank": 2312.5,
        "standard_deviation": 1448.957763671875,
        "variance": 2099478.5,
        "z_arithmetic_mean_rank": -2414.74560546875,
        "z_hits_at_1": 0.0,
        "z_hits_at_10": 0.004310344827586207,
        "z_hits_at_3": 0.0,
        "z_hits_at_5": 0.0,
        "z_inverse_harmonic_mean_rank": 0.001854236012902753
      }
    },
    "head": {
      "optimistic": {
        "adjusted_arithmetic_mean_rank": 0.6031550163258593,
        "adjusted_arithmetic_mean_rank_index": 0.39701385698528024,
        "adjusted_hits_at_1": -0.00021277704780802407,
        "adjusted_hits_at_10": 0.006507214735454836,
        "adjusted_hits_at_3": -0.0006386029035051311,
        "adjusted_hits_at_5": -0.0010647914918007462,
        "adjusted_inverse_harmonic_mean_rank": 0.0014456788010926151,
        "arithmetic_mean_rank": 1417.9913793103449,
        "count": 116.0,
        "geometric_mean_rank": 933.5152021555115,
        "harmonic_mean_rank": 308.43671908316156,
        "hits_at_1": 0.0,
        "hits_at_10": 0.008620689655172414,
        "hits_at_3": 0.0,
        "hits_at_5": 0.0,
        "inverse_arithmetic_mean_rank": 0.0007052229051535987,
        "inverse_geometric_mean_rank": 0.0010712198341183662,
        "inverse_harmonic_mean_rank": 0.003242156131645199,
        "inverse_median_rank": 0.0006863417982155113,
        "median_absolute_deviation": 1118.6233738624767,
        "median_rank": 1457.0,
        "standard_deviation": 981.7282745740275,
        "variance": 963790.4050980973,
        "z_arithmetic_mean_rank": -1417.9913793103449,
        "z_hits_at_1": 0.0,
        "z_hits_at_10": 0.008620689655172414,
        "z_hits_at_3": 0.0,
        "z_hits_at_5": 0.0,
        "z_inverse_harmonic_mean_rank": 0.003242156131645199
      },
      "pessimistic": {
        "adjusted_arithmetic_mean_rank": 0.6031550163258593,
        "adjusted_arithmetic_mean_rank_index": 0.39701385698528024,
        "adjusted_hits_at_1": -0.00021277704780802407,
        "adjusted_hits_at_10": 0.006507214735454836,
        "adjusted_hits_at_3": -0.0006386029035051311,
        "adjusted_hits_at_5": -0.0010647914918007462,
        "adjusted_inverse_harmonic_mean_rank": 0.0014456788010926151,
        "arithmetic_mean_rank": 1417.9913793103449,
        "count": 116.0,
        "geometric_mean_rank": 933.5152021555115,
        "harmonic_mean_rank": 308.43671908316156,
        "hits_at_1": 0.0,
        "hits_at_10": 0.008620689655172414,
        "hits_at_3": 0.0,
        "hits_at_5": 0.0,
        "inverse_arithmetic_mean_rank": 0.0007052229051535987,
        "inverse_geometric_mean_rank": 0.0010712198341183662,
        "inverse_harmonic_mean_rank": 0.003242156131645199,
        "inverse_median_rank": 0.0006863417982155113,
        "median_absolute_deviation": 1118.6233738624767,
        "median_rank": 1457.0,
        "standard_deviation": 981.7282745740275,
        "variance": 963790.4050980973,
        "z_arithmetic_mean_rank": -1417.9913793103449,
        "z_hits_at_1": 0.0,
        "z_hits_at_10": 0.008620689655172414,
        "z_hits_at_3": 0.0,
        "z_hits_at_5": 0.0,
        "z_inverse_harmonic_mean_rank": 0.003242156131645199
      },
      "realistic": {
        "adjusted_arithmetic_mean_rank": 0.6031549966306728,