{
  "losses": [
    0.005430941613195229,
    0.004546633327605684,
    0.003949316070362867,
    0.0036318403197545925,
    0.003220487905259085,
    0.002962156372319523,
    0.002752249868351113,
    0.0025579527762482767,
    0.0023892098335844382,
    0.002242592599151786,
    0.00212685091838337,
    0.002031114957911294,
    0.0018887361616510112,
    0.0018093376769660974,
    0.0017176899232273777,
    0.0016118779189427228,
    0.0015525379746558308,
    0.001493331577593339,
    0.0014167453883353984,
    0.0013631885111010096,
    0.0012978201913448994,
    0.0012117470453504038,
    0.0012020583095474883,
    0.0011180809168615036,
    0.0010683978110915399,
    0.0010471525120581001,
    0.0010324572771439973,
    0.0010006339188361436,
    0.0009416966863524381,
    0.0009591686619129922
  ],
  "metrics": {
    "both": {
      "optimistic": {
        "adjusted_arithmetic_mean_rank": 0.6855498598749321,
        "adjusted_arithmetic_mean_rank_index": 0.31459480335182666,
        "adjusted_hits_at_1": -0.00023005774985504658,
        "adjusted_hits_at_10": 0.0020149309115124183,
        "adjusted_hits_at_3": -0.0006904909551560167,
        "adjusted_hits_at_5": 0.003163959279953424,
        "adjusted_inverse_harmonic_mean_rank": 0.001488849699659425,
        "arithmetic_mean_rank": 1490.844827586207,
        "count": 232.0,
        "geometric_mean_rank": 916.2254817362599,
        "harmonic_mean_rank": 292.994590539017,
        "hits_at_1": 0.0,
        "hits_at_10": 0.004310344827586207,
        "hits_at_3": 0.0,
        "hits_at_5": 0.004310344827586207,
        "inverse_arithmetic_mean_rank": 0.0006707606194127375,
        "inverse_geometric_mean_rank": 0.001091434390260557,
        "inverse_harmonic_mean_rank": 0.003413032295785112,
        "inverse_median_rank": 0.0007739938080495357,
        "median_absolute_deviation": 1381.0439665379681,
        "median_rank": 1292.0,
        "standard_deviation": 1146.5976814745882,
        "variance": 1314686.2431629011,
        "z_arithmetic_mean_rank": -1490.844827586207,
        "z_hits_at_1": 0.0,
        "z_hits_at_10": 0.004310344827586207,
        "z_hits_at_3": 0.0,
        "z_hits_at_5": 0.004310344827586207,
        "z_inverse_harmonic_mean_rank": 0.003413032295785112
      },
      "pessimistic": {
        "adjusted_arithmetic_mean_rank": 0.6855498598749321,
        "adjusted_arithmetic_mean_rank_index": 0.31459480335182666,
        "adjusted_hits_at_1": -0.00023005774985504658,
        "adjusted_hits_at_10": 0.0020149309115124183,
        "adjusted_hits_at_3": -0.0006904909551560167,
        "adjusted_hits_at_5": 0.003163959279953424,
        "adjusted_inverse_harmonic_mean_rank": 0.001488849699659425,
        "arithmetic_mean_rank": 1490.844827586207,
        "count": 232.0,
        "geometric_mean_rank": 916.2254817362599,
        "harmonic_mean_rank": 292.994590539017,
        "hits_at_1": 0.0,
        "hits_at_10": 0.004310344827586207,
        "hits_at_3": 0.0,
        "hits_at_5": 0.004310344827586207,
        "inverse_arithmetic_mean_rank": 0.0006707606194127375,
        "inverse_geometric_mean_rank": 0.001091434390260557,
        "inverse_harmonic_mean_rank": 0.003413032295785112,
        "inverse_median_rank": 0.0007739938080495357,
        "median_absolute_deviation": 1381.0439665379681,
        "median_rank": 1292.0,
        "standard_deviation": 1146.5976814745882,
        "variance": 1314686.2431629011,
        "z_arithmetic_mean_rank": -1490.844827586207,
        "z_hits_at_1": 0.0,
        "z_hits_at_10": 0.004310344827586207,
        "z_hits_at_3": 0.0,
        "z_hits_at_5": 0.004310344827586207,
        "z_inverse_harmonic_mean_rank": 0.003413032295785112
      },
      "realistic": {
        "adjusted_arithmetic_mean_rank": 0.685549869553,
        "adjusted_arithmetic_mean_rank_index": 0.3145947936693064,
        "adjusted_hits_at_1": -0.00023005774985504658,
        "adjusted_hits_at_10": 0.0020149309115124183,
        "adjusted_hits_at_3": -0.0006904909551560167,
        "adjusted_hits_at_5": 0.003163959279953424,
        "adjusted_inverse_harmonic_mean_rank": 0.001488849758968284,
        "arithmetic_mean_rank": 1490.8448486328125,
        "count": 232.0,
        "geometric_mean_rank": 916.2254028320312,
        "harmonic_mean_rank": 292.99458545741027,
        "hits_at_1": 0.0,
        "hits_at_10": 0.004310344827586207,
        "hits_at_3": 0.0,
        "hits_at_5": 0.004310344827586207,
        "inverse_arithmetic_mean_rank": 0.0006707606371492147,
        "inverse_geometric_mean_rank": 0.0010914345039054751,
        "inverse_harmonic_mean_rank": 0.0034130323549796796,
        "inverse_median_rank": 0.0007739937864243984,
        "median_absolute_deviation": 1381.0439665379681,
        "median_rank": 1292.0,
        "standard_deviation": 1146.5977783203125,
        "variance": 1314686.375,
        "z_arithmetic_mean_rank": -1490.8448486328125,
        "z_hits_at_1": 0.0,
        "z_hits_at_10": 0.004310344827586207,
        "z_hits_at_3": 0.0,
        "z_hits_at_5": 0.004310344827586207,
        "z_inverse_harmonic_mean_rank": 0.0034130323549796796
      }
    },
    "head": {
      "optimistic": {
        "adjusted_arithmetic_mean_rank": 0.6089832020681736,
        "adjusted_arithmetic_mean_rank_index": 0.39119866986538165,
        "adjusted_hits_at_1": -0.00023257217403122084,
        "adjusted_hits_at_10": 0.006310181000018299,
        "adjusted_hits_at_3": -0.0006980412120181476,
        "adjusted_hits_at_5": 0.007466779978561568,
        "adjusted_inverse_harmonic_mean_rank": 0.002521271562993504,
        "arithmetic_mean_rank": 1309.896551724138,
        "count": 116.0,
        "geometric_mean_rank": 752.1090357371492,
        "harmonic_mean_rank": 224.1086288500389,
        "hits_at_1": 0.0,
        "hits_at_10": 0.008620689655172414,
        "hits_at_3": 0.0,
        "hits_at_5": 0.008620689655172414,
        "inverse_arithmetic_mean_rank": 0.0007634190644167742,
        "inverse_geometric_mean_rank": 0.001329594450384299,
        "inverse_harmonic_mean_rank": 0.004462121807318471,
        "inverse_median_rank": 0.0010845986984815619,
        "median_absolute_deviation": 1052.6475751389773,
        "median_rank": 922.0,
        "standard_deviation": 1139.6232089001926,
        "variance": 1298741.058263972,
        "z_arithmetic_mean_rank": -1309.896551724138,
        "z_hits_at_1": 0.0,
        "z_hits_at_10": 0.008620689655172414,
        "z_hits_at_3": 0.0,
        "z_hits_at_5": 0.008620689655172414,
        "z_inverse_harmonic_mean_rank": 0.004462121807318471
      },
      "pessimistic": {
        "adjusted_arithmetic_mean_rank": 0.6089832020681736,
        "adjusted_arithmetic_mean_rank_index": 0.39119866986538165,
        "adjusted_hits_at_1": -0.00023257217403122084,
        "adjusted_hits_at_10": 0.006310181000018299,
        "adjusted_hits_at_3": -0.0006980412120181476,
        "adjusted_hits_at_5": 0.007466779978561568,
        "adjusted_inverse_harmonic_mean_rank": 0.002521271562993504,
        "arithmetic_mean_rank": 1309.896551724138,
        "count": 116.0,
        "geometric_mean_rank": 752.1090357371492,
        "harmonic_mean_rank": 224.1086288500389,
        "hits_at_1": 0.0,
        "hits_at_10": 0.008620689655172414,
        "hits_at_3": 0.0,
        "hits_at_5": 0.008620689655172414,
        "inverse_arithmetic_mean_rank": 0.0007634190644167742,
        "inverse_geometric_mean_rank": 0.001329594450384299,
        "inverse_harmonic_mean_rank": 0.004462121807318471,
        "inverse_median_rank": 0.0010845986984815619,
        "median_absolute_deviation": 1052.6475751389773,
        "median_rank": 922.0,
        "standard_deviation": 1139.6232089001926,
        "variance": 1298741.058263972,
        "z_arithmetic_mean_rank": -1309.896551724138,
        "z_hits_at_1": 0.0,
        "z_hits_at_10": 0.008620689655172414,
        "z_hits_at_3": 0.0,
        "z_hits_at_5": 0.008620689655172414,