{
  "losses": [
    0.004012588592661654,
    0.003978584833974099,
    0.0039544545931310855,
    0.003936726704727245,
    0.003923535009484917,
    0.003917874927140454,
    0.003916328006907764,
    0.003915843030256174,
    0.0039152511738343495,
    0.003914771026304332,
    0.00391368032700972,
    0.00391240396684038,
    0.003910423387900066,
    0.0039072134833574,
    0.0039034280480552052,
    0.0038978390884387925,
    0.0038905876184484986,
    0.0038826152593441363,
    0.0038737372478572195,
    0.0038636343593044776,
    0.0038526338142455684,
    0.0038397698314511183,
    0.003829191376750609,
    0.003813785613642336,
    0.003801485532220965,
    0.003777211922118839,
    0.003753957026881286,
    0.0037257639006472274,
    0.003689065107946819,
    0.003654232413486848
  ],
  "metrics": {
    "both": {
      "optimistic": {
        "adjusted_arithmetic_mean_rank": 0.8956110099828318,
        "adjusted_arithmetic_mean_rank_index": 0.10443299110831217,
        "adjusted_hits_at_1": -0.00021078182213830787,
        "adjusted_hits_at_10": -0.002111824429194074,
        "adjusted_hits_at_3": -0.0006326121526994293,
        "adjusted_hits_at_5": -0.0010547984400402608,
        "adjusted_inverse_harmonic_mean_rank": -6.755906967470028e-05,
        "arithmetic_mean_rank": 2125.6594827586205,
        "count": 232.0,
        "geometric_mean_rank": 1483.8367306752173,
        "harmonic_mean_rank": 582.5431818623052,
        "hits_at_1": 0.0,
        "hits_at_10": 0.0,
        "hits_at_3": 0.0,
        "hits_at_5": 0.0,
        "inverse_arithmetic_mean_rank": 0.00047044223597950336,
        "inverse_geometric_mean_rank": 0.0006739285929018294,
        "inverse_harmonic_mean_rank": 0.0017166109417041779,
        "inverse_median_rank": 0.00047607712449416806,
        "median_absolute_deviation": 1645.688462541218,
        "median_rank": 2100.5,
        "standard_deviation": 1298.6756120197626,
        "variance": 1686558.3452549048,
        "z_arithmetic_mean_rank": -2125.6594827586205,
        "z_hits_at_1": 0.0,
        "z_hits_at_10": 0.0,
        "z_hits_at_3": 0.0,
        "z_hits_at_5": 0.0,
        "z_inverse_harmonic_mean_rank": 0.0017166109417041779
      },
      "pessimistic": {
        "adjusted_arithmetic_mean_rank": 0.8956110099828318,
        "adjusted_arithmetic_mean_rank_index": 0.10443299110831217,
        "adjusted_hits_at_1": -0.00021078182213830787,
        "adjusted_hits_at_10": -0.002111824429194074,
        "adjusted_hits_at_3": -0.0006326121526994293,
        "adjusted_hits_at_5": -0.0010547984400402608,
        "adjusted_inverse_harmonic_mean_rank": -6.755906967470028e-05,
        "arithmetic_mean_rank": 2125.6594827586205,
        "count": 232.0,
        "geometric_mean_rank": 1483.8367306752173,
        "harmonic_mean_rank": 582.5431818623052,
        "hits_at_1": 0.0,
        "hits_at_10": 0.0,
        "hits_at_3": 0.0,
        "hits_at_5": 0.0,
        "inverse_arithmetic_mean_rank": 0.00047044223597950336,
        "inverse_geometric_mean_rank": 0.0006739285929018294,
        "inverse_harmonic_mean_rank": 0.0017166109417041779,
        "inverse_median_rank": 0.00047607712449416806,
        "median_absolute_deviation": 1645.688462541218,
        "median_rank": 2100.5,
        "standard_deviation": 1298.6756120197626,
        "variance": 1686558.3452549048,
        "z_arithmetic_mean_rank": -2125.6594827586205,
        "z_hits_at_1": 0.0,
        "z_hits_at_10": 0.0,
        "z_hits_at_3": 0.0,
        "z_hits_at_5": 0.0,
        "z_inverse_harmonic_mean_rank": 0.0017166109417041779
      },
      "realistic": {
        "adjusted_arithmetic_mean_rank": 0.8956109851534549,
        "adjusted_arithmetic_mean_rank_index": 0.10443301594815502,
        "adjusted_hits_at_1": -0.00021078182213830787,
        "adjusted_hits_at_10": -0.002111824429194074,
        "adjusted_hits_at_3": -0.0006326121526994293,
        "adjusted_hits_at_5": -0.0010547984400402608,
        "adjusted_inverse_harmonic_mean_rank": -6.75590679268051e-05,
        "arithmetic_mean_rank": 2125.659423828125,
        "count": 232.0,
        "geometric_mean_rank": 1483.837158203125,
        "harmonic_mean_rank": 582.5431812702038,
        "hits_at_1": 0.0,
        "hits_at_10": 0.0,
        "hits_at_3": 0.0,
        "hits_at_5": 0.0,
        "inverse_arithmetic_mean_rank": 0.0004704422608483583,
        "inverse_geometric_mean_rank": 0.0006739284144714475,
        "inverse_harmonic_mean_rank": 0.0017166109434489547,
        "inverse_median_rank": 0.0004760771116707474,
        "median_absolute_deviation": 1645.688462541218,
        "median_rank": 2100.5,
        "standard_deviation": 1298.6756591796875,
        "variance": 1686558.375,
        "z_arithmetic_mean_rank": -2125.659423828125,
        "z_hits_at_1": 0.0,
        "z_hits_at_10": 0.0,
        "z_hits_at_3": 0.0,
        "z_hits_at_5": 0.0,
        "z_inverse_harmonic_mean_rank": 0.0017166109434489547
      }
    },
    "head": {
      "optimistic": {
        "adjusted_arithmetic_mean_rank": 0.8740547809055006,
        "adjusted_arithmetic_mean_rank_index": 0.1259988710629778,
        "adjusted_hits_at_1": -0.00021300333008983274,
        "adjusted_hits_at_10": -0.0021341244814907815,
        "adjusted_hits_at_3": -0.0006392823287993019,
        "adjusted_hits_at_5": -0.001065924832605045,
        "adjusted_inverse_harmonic_mean_rank": 0.0004416657440939232,
        "arithmetic_mean_rank": 2052.6724137931033,
        "count": 116.0,
        "geometric_mean_rank": 1342.6929001446533,
        "harmonic_mean_rank": 446.10122040226565,
        "hits_at_1": 0.0,
        "hits_at_10": 0.0,
        "hits_at_3": 0.0,
        "hits_at_5": 0.0,
        "inverse_arithmetic_mean_rank": 0.00048716979547268075,
        "inverse_geometric_mean_rank": 0.0007447719429307076,
        "inverse_harmonic_mean_rank": 0.0022416437217953893,
        "inverse_median_rank": 0.0004996252810392206,
        "median_absolute_deviation": 1783.570468862239,
        "median_rank": 2001.5,
        "standard_deviation": 1334.7214598731443,
        "variance": 1781481.3754458975,
        "z_arithmetic_mean_rank": -2052.6724137931033,
        "z_hits_at_1": 0.0,
        "z_hits_at_10": 0.0,
        "z_hits_at_3": 0.0,
        "z_hits_at_5": 0.0,
        "z_inverse_harmonic_mean_rank": 0.0022416437217953893
      },
      "pessimistic": {
        "adjusted_arithmetic_mean_rank": 0.8740547809055006,
        "adjusted_arithmetic_mean_rank_index": 0.1259988710629778,
        "adjusted_hits_at_1": -0.00021300333008983274,
        "adjusted_hits_at_10": -0.0021341244814907815,
        "adjusted_hits_at_3": -0.0006392823287993019,
        "adjusted_hits_at_5": -0.001065924832605045,
        "adjusted_inverse_harmonic_mean_rank": 0.0004416657440939232,
        "arithmetic_mean_rank": 2052.6724137931033,
        "count": 116.0,
        "geometric_mean_rank": 1342.6929001446533,
        "harmonic_mean_rank": 446.10122040226565,
        "hits_at_1": 0.0,
        "hits_at_10": 0.0,
        "hits_at_3": 0.0,
        "hits_at_5": 0.0,
        "inverse_arithmetic_mean_rank": 0.00048716979547268075,
        "inverse_geometric_mean_rank": 0.0007447719429307076,
        "inverse_harmonic_mean_rank": 0.0022416437217953893,
        "inverse_median_rank": 0.0004996252810392206,
        "median_absolute_deviation": 1783.570468862239,
        "median_rank": 2001.5,
        "standard_deviation": 1334.7214598731443,
        "variance": 1781481.3754458975,
        "z_arithmetic_mean_rank": -2052.6724137931033,
        "z_hits_at_1": 0.0,
        "z_hits_at_10": 0.0,
        "z_hits_at_3": 0.0,
        "z_hits_at_5": 0.0,
        "z_inverse_harmonic_mean_rank": 0.0022416437217953893
      },
      "realistic": {
        "adjusted_arithmetic_mean_rank": 0.8740547593968924,
        "adjusted_arithmetic_mean_rank_index": 0.1259988925807486,
        "adjusted_hits_at_1": -0.00021300333008983274,
        "adjusted_hits_at_10": -0.0021341244814907815,