{
  "losses": [
    12.388695620161782,
    10.19698058540889,
    8.346579734853615,
    6.783987114075208,
    5.465256702613055,
    4.354225477578838,
    3.4204978701289708,
    2.638194607826926,
    1.9851054648114606,
    1.4420984096665692,
    0.9927771233708117,
    0.6241261701124222,
    0.33189562214000184,
    0.12891003761472053,
    0.029862041942565157,
    0.005929648331837387,
    0.003978457818642576,
    0.003931185029584657,
    0.0039301580106820295,
    0.003928536383694517,
    0.003927191907775759,
    0.003927229940950867,
    0.0039230969721266015,
    0.003921800919766665,
    0.003921407690430298,
    0.003923101179934003,
    0.00392036537799539,
    0.003923053090138941,
    0.003920236604784769,
    0.003918013805691762
  ],
  "metrics": {
    "both": {
      "optimistic": {
        "adjusted_arithmetic_mean_rank": 0.8169020656290763,
        "adjusted_arithmetic_mean_rank_index": 0.18318221737558849,
        "adjusted_hits_at_1": -0.00023019265019276925,
        "adjusted_hits_at_10": -0.002306705381552634,
        "adjusted_hits_at_3": -0.000690896028954133,
        "adjusted_hits_at_5": -0.0011520240007951612,
        "adjusted_inverse_harmonic_mean_rank": -0.0008813258095036369,
        "arithmetic_mean_rank": 1775.469827586207,
        "count": 232.0,
        "geometric_mean_rank": 1457.0139268045966,
        "harmonic_mean_rank": 953.8316133835611,
        "hits_at_1": 0.0,
        "hits_at_10": 0.0,
        "hits_at_3": 0.0,
        "hits_at_5": 0.0,
        "inverse_arithmetic_mean_rank": 0.0005632311991240783,
        "inverse_geometric_mean_rank": 0.0006863352378471206,
        "inverse_harmonic_mean_rank": 0.001048403078665703,
        "inverse_median_rank": 0.0006884681583476765,
        "median_absolute_deviation": 798.3812946652666,
        "median_rank": 1452.5,
        "standard_deviation": 1039.2500773286267,
        "variance": 1080040.7232275566,
        "z_arithmetic_mean_rank": -1775.469827586207,
        "z_hits_at_1": 0.0,
        "z_hits_at_10": 0.0,
        "z_hits_at_3": 0.0,
        "z_hits_at_5": 0.0,
        "z_inverse_harmonic_mean_rank": 0.001048403078665703
      },
      "pessimistic": {
        "adjusted_arithmetic_mean_rank": 0.8169080152592054,
        "adjusted_arithmetic_mean_rank_index": 0.18317626500674622,
        "adjusted_hits_at_1": -0.00023019265019276925,
        "adjusted_hits_at_10": -0.002306705381552634,
        "adjusted_hits_at_3": -0.000690896028954133,
        "adjusted_hits_at_5": -0.0011520240007951612,
        "adjusted_inverse_harmonic_mean_rank": -0.0008813282559726234,
        "arithmetic_mean_rank": 1775.4827586206898,
        "count": 232.0,
        "geometric_mean_rank": 1457.0220856768033,
        "harmonic_mean_rank": 953.8338348819882,
        "hits_at_1": 0.0,
        "hits_at_10": 0.0,
        "hits_at_3": 0.0,
        "hits_at_5": 0.0,
        "inverse_arithmetic_mean_rank": 0.0005632270970498553,
        "inverse_geometric_mean_rank": 0.0006863313945824566,
        "inverse_harmonic_mean_rank": 0.0010484006369135812,
        "inverse_median_rank": 0.0006884681583476765,
        "median_absolute_deviation": 798.3812946652666,
        "median_rank": 1452.5,
        "standard_deviation": 1039.2569086210242,
        "variance": 1080054.9221165278,
        "z_arithmetic_mean_rank": -1775.4827586206898,
        "z_hits_at_1": 0.0,
        "z_hits_at_10": 0.0,
        "z_hits_at_3": 0.0,
        "z_hits_at_5": 0.0,
        "z_inverse_harmonic_mean_rank": 0.0010484006369135812
      },
      "realistic": {
        "adjusted_arithmetic_mean_rank": 0.8169050520645121,
        "adjusted_arithmetic_mean_rank_index": 0.18317922956544708,
        "adjusted_hits_at_1": -0.00023019265019276925,
        "adjusted_hits_at_10": -0.002306705381552634,
        "adjusted_hits_at_3": -0.000690896028954133,
        "adjusted_hits_at_5": -0.0011520240007951612,
        "adjusted_inverse_harmonic_mean_rank": -0.0008813269931278597,
        "arithmetic_mean_rank": 1775.476318359375,
        "count": 232.0,
        "geometric_mean_rank": 1457.0181884765625,
        "harmonic_mean_rank": 953.8326881636636,
        "hits_at_1": 0.0,
        "hits_at_10": 0.0,
        "hits_at_3": 0.0,
        "hits_at_5": 0.0,
        "inverse_arithmetic_mean_rank": 0.0005632291431538761,
        "inverse_geometric_mean_rank": 0.0006863332237116992,
        "inverse_harmonic_mean_rank": 0.0010484018973235427,
        "inverse_median_rank": 0.0006884681642986834,
        "median_absolute_deviation": 798.3812946652666,
        "median_rank": 1452.5,
        "standard_deviation": 1039.25341796875,
        "variance": 1080047.75,
        "z_arithmetic_mean_rank": -1775.476318359375,
        "z_hits_at_1": 0.0,
        "z_hits_at_10": 0.0,
        "z_hits_at_3": 0.0,
        "z_hits_at_5": 0.0,
        "z_inverse_harmonic_mean_rank": 0.0010484018973235427
      }
    },
    "head": {
      "optimistic": {
        "adjusted_arithmetic_mean_rank": 1.0880346852184235,
        "adjusted_arithmetic_mean_rank_index": -0.08807568023915957,
        "adjusted_hits_at_1": -0.0002328424225031101,
        "adjusted_hits_at_10": -0.002333313875127404,
        "adjusted_hits_at_3": -0.000698852712626492,
        "adjusted_hits_at_5": -0.0011652974352265699,
        "adjusted_inverse_harmonic_mean_rank": -0.0007565774376135587,
        "arithmetic_mean_rank": 2337.5862068965516,
        "count": 116.0,
        "geometric_mean_rank": 1828.9908317165098,
        "harmonic_mean_rank": 838.4665730787932,
        "hits_at_1": 0.0,
        "hits_at_10": 0.0,
        "hits_at_3": 0.0,
        "hits_at_5": 0.0,
        "inverse_arithmetic_mean_rank": 0.00042779170969169496,
        "inverse_geometric_mean_rank": 0.0005467495969137795,
        "inverse_harmonic_mean_rank": 0.001192653389064834,
        "inverse_median_rank": 0.00043497172683775554,
        "median_absolute_deviation": 1409.2134086895746,
        "median_rank": 2299.0,
        "standard_deviation": 1183.7954526027095,
        "variance": 1401371.673602854,
        "z_arithmetic_mean_rank": -2337.5862068965516,
        "z_hits_at_1": 0.0,
        "z_hits_at_10": 0.0,
        "z_hits_at_3": 0.0,
        "z_hits_at_5": 0.0,
        "z_inverse_harmonic_mean_rank": 0.001192653389064834
      },
      "pessimistic": {
        "adjusted_arithmetic_mean_rank": 1.0880467227757904,
        "adjusted_arithmetic_mean_rank_index": -0.08808772340204363,
        "adjusted_hits_at_1": -0.0002328424225031101,
        "adjusted_hits_at_10": -0.002333313875127404,
        "adjusted_hits_at_3": -0.000698852712626492,
        "adjusted_hits_at_5": -0.0011652974352265699,
        "adjusted_inverse_harmonic_mean_rank": -0.0007565823306482461,
        "arithmetic_mean_rank": 2337.612068965517,
        "count": 116.0,
        "geometric_mean_rank": 1829.0113154524174,
        "harmonic_mean_rank": 838.4700063242537,
        "hits_at_1": 0.0,
        "hits_at_10": 0.0,
        "hits_at_3": 0.0,
        "hits_at_5": 0.0,
        "inverse_arithmetic_mean_rank": 0.0004277869768368103,
        "inverse_geometric_mean_rank": 0.0005467434736742697,
        "inverse_harmonic_mean_rank": 0.0011926485055605903,
        "inverse_median_rank": 0.00043497172683775554,
        "median_absolute_deviation": 1409.2134086895746,
        "median_rank": 2299.0,
        "standard_deviation": 1183.7951664292418,
        "variance": 1401370.9960612361,
        "z_arithmetic_mean_rank": -2337.612068965517,
        "z_hits_at_1": 0.0,
        "z_hits_at_10": 0.0,
        "z_hits_at_3": 0.0,
        "z_hits_at_5": 0.0,
        "z_inverse_harmonic_mean_rank": 0.0011926485055605903
      },
      "realistic": {
        "adjusted_arithmetic_mean_rank": 1.0880406961601556,
        "adjusted_arithmetic_mean_rank_index": -0.08808169398000087,
        "adjusted_hits_at_1": -0.0002328424225031101,
        "adjusted_hits_at_10": -0.002333313875127404,
        "adjusted_hits_at_3": -0.000698852712626492,