{
  "losses": [
    0.005473000523153755,
    0.004512725540776043,
    0.003864588177237882,
    0.0034746619263554715,
    0.0031042455348700804,
    0.0028828744227380235,
    0.0026770389537467748,
    0.0025083094136943715,
    0.002348508481397434,
    0.002205766826772911,
    0.0020854360805520897,
    0.0019596970054042116,
    0.001905745486524922,
    0.0017769574458380362,
    0.0017105880113805851,
    0.001607191703756289,
    0.0015447917102898512,
    0.0014745103642205346,
    0.0014143934663351269,
    0.0013590036591207626,
    0.0013018957240546615,
    0.0012880701733945284,
    0.001192608651077379,
    0.0011732629405239333,
    0.001118014541299047,
    0.0010698230505262495,
    0.0010532089738801017,
    0.0010138876665702003,
    0.0009471612765511707,
    0.0009510579288569526
  ],
  "metrics": {
    "both": {
      "optimistic": {
        "adjusted_arithmetic_mean_rank": 0.6437486891124908,
        "adjusted_arithmetic_mean_rank_index": 0.35640132069171127,
        "adjusted_hits_at_1": -0.00021056216689364367,
        "adjusted_hits_at_10": -0.002109619523460065,
        "adjusted_hits_at_3": -0.0006319526313117773,
        "adjusted_hits_at_5": -0.0010536983104662341,
        "adjusted_inverse_harmonic_mean_rank": 0.001401967116818294,
        "arithmetic_mean_rank": 1529.4525862068965,
        "count": 232.0,
        "geometric_mean_rank": 900.1627544040537,
        "harmonic_mean_rank": 314.2772194078541,
        "hits_at_1": 0.0,
        "hits_at_10": 0.0,
        "hits_at_3": 0.0,
        "hits_at_5": 0.0,
        "inverse_arithmetic_mean_rank": 0.0006538287025163951,
        "inverse_geometric_mean_rank": 0.0011109102160775835,
        "inverse_harmonic_mean_rank": 0.003181904186005437,
        "inverse_median_rank": 0.0007766990291262136,
        "median_absolute_deviation": 1420.3329253283666,
        "median_rank": 1287.5,
        "standard_deviation": 1224.239249138518,
        "variance": 1498761.7391312425,
        "z_arithmetic_mean_rank": -1529.4525862068965,
        "z_hits_at_1": 0.0,
        "z_hits_at_10": 0.0,
        "z_hits_at_3": 0.0,
        "z_hits_at_5": 0.0,
        "z_inverse_harmonic_mean_rank": 0.003181904186005437
      },
      "pessimistic": {
        "adjusted_arithmetic_mean_rank": 0.6437486891124908,
        "adjusted_arithmetic_mean_rank_index": 0.35640132069171127,
        "adjusted_hits_at_1": -0.00021056216689364367,
        "adjusted_hits_at_10": -0.002109619523460065,
        "adjusted_hits_at_3": -0.0006319526313117773,
        "adjusted_hits_at_5": -0.0010536983104662341,
        "adjusted_inverse_harmonic_mean_rank": 0.001401967116818294,
        "arithmetic_mean_rank": 1529.4525862068965,
        "count": 232.0,
        "geometric_mean_rank": 900.1627544040537,
        "harmonic_mean_rank": 314.2772194078541,
        "hits_at_1": 0.0,
        "hits_at_10": 0.0,
        "hits_at_3": 0.0,
        "hits_at_5": 0.0,
        "inverse_arithmetic_mean_rank": 0.0006538287025163951,
        "inverse_geometric_mean_rank": 0.0011109102160775835,
        "inverse_harmonic_mean_rank": 0.003181904186005437,
        "inverse_median_rank": 0.0007766990291262136,
        "median_absolute_deviation": 1420.3329253283666,
        "median_rank": 1287.5,
        "standard_deviation": 1224.239249138518,
        "variance": 1498761.7391312425,
        "z_arithmetic_mean_rank": -1529.4525862068965,
        "z_hits_at_1": 0.0,
        "z_hits_at_10": 0.0,
        "z_hits_at_3": 0.0,
        "z_hits_at_5": 0.0,
        "z_inverse_harmonic_mean_rank": 0.003181904186005437
      },
      "realistic": {
        "adjusted_arithmetic_mean_rank": 0.6437487103729992,
        "adjusted_arithmetic_mean_rank_index": 0.3564012994222505,
        "adjusted_hits_at_1": -0.00021056216689364367,
        "adjusted_hits_at_10": -0.002109619523460065,
        "adjusted_hits_at_3": -0.0006319526313117773,
        "adjusted_hits_at_5": -0.0010536983104662341,
        "adjusted_inverse_harmonic_mean_rank": 0.0014019669710870213,
        "arithmetic_mean_rank": 1529.45263671875,
        "count": 232.0,
        "geometric_mean_rank": 900.1632080078125,
        "harmonic_mean_rank": 314.2772337761012,
        "hits_at_1": 0.0,
        "hits_at_10": 0.0,
        "hits_at_3": 0.0,
        "hits_at_5": 0.0,
        "inverse_arithmetic_mean_rank": 0.0006538286688737571,
        "inverse_geometric_mean_rank": 0.001110909623093903,
        "inverse_harmonic_mean_rank": 0.003181904040533921,
        "inverse_median_rank": 0.0007766990456730127,
        "median_absolute_deviation": 1420.3329253283666,
        "median_rank": 1287.5,
        "standard_deviation": 1224.2392578125,
        "variance": 1498761.75,
        "z_arithmetic_mean_rank": -1529.45263671875,
        "z_hits_at_1": 0.0,
        "z_hits_at_10": 0.0,
        "z_hits_at_3": 0.0,
        "z_hits_at_5": 0.0,
        "z_inverse_harmonic_mean_rank": 0.003181904040533921
      }
    },
    "head": {
      "optimistic": {
        "adjusted_arithmetic_mean_rank": 0.6386161940562199,
        "adjusted_arithmetic_mean_rank_index": 0.36153743525260207,
        "adjusted_hits_at_1": -0.0002125647677931381,
        "adjusted_hits_at_10": -0.0021297220127172553,
        "adjusted_hits_at_3": -0.0006379655213652322,
        "adjusted_hits_at_5": -0.0010637282835880741,
        "adjusted_inverse_harmonic_mean_rank": 0.002005087255044427,
        "arithmetic_mean_rank": 1502.8620689655172,
        "count": 116.0,
        "geometric_mean_rank": 795.2515584274825,
        "harmonic_mean_rank": 263.228961311886,
        "hits_at_1": 0.0,
        "hits_at_10": 0.0,
        "hits_at_3": 0.0,
        "hits_at_5": 0.0,
        "inverse_arithmetic_mean_rank": 0.000665397058486107,
        "inverse_geometric_mean_rank": 0.001257463741381889,
        "inverse_harmonic_mean_rank": 0.003798974075710283,
        "inverse_median_rank": 0.000998003992015968,
        "median_absolute_deviation": 1302.4660489571713,
        "median_rank": 1002.0,
        "standard_deviation": 1313.8561164633416,
        "variance": 1726217.8947681335,
        "z_arithmetic_mean_rank": -1502.8620689655172,
        "z_hits_at_1": 0.0,
        "z_hits_at_10": 0.0,
        "z_hits_at_3": 0.0,
        "z_hits_at_5": 0.0,
        "z_inverse_harmonic_mean_rank": 0.003798974075710283
      },
      "pessimistic": {
        "adjusted_arithmetic_mean_rank": 0.6386161940562199,
        "adjusted_arithmetic_mean_rank_index": 0.36153743525260207,
        "adjusted_hits_at_1": -0.0002125647677931381,
        "adjusted_hits_at_10": -0.0021297220127172553,
        "adjusted_hits_at_3": -0.0006379655213652322,
        "adjusted_hits_at_5": -0.0010637282835880741,
        "adjusted_inverse_harmonic_mean_rank": 0.002005087255044427,
        "arithmetic_mean_rank": 1502.8620689655172,
        "count": 116.0,
        "geometric_mean_rank": 795.2515584274825,
        "harmonic_mean_rank": 263.228961311886,
        "hits_at_1": 0.0,
        "hits_at_10": 0.0,
        "hits_at_3": 0.0,
        "hits_at_5": 0.0,
        "inverse_arithmetic_mean_rank": 0.000665397058486107,
        "inverse_geometric_mean_rank": 0.001257463741381889,
        "inverse_harmonic_mean_rank": 0.003798974075710283,
        "inverse_median_rank": 0.000998003992015968,
        "median_absolute_deviation": 1302.4660489571713,
        "median_rank": 1002.0,
        "standard_deviation": 1313.8561164633416,
        "variance": 1726217.8947681335,
        "z_arithmetic_mean_rank": -1502.8620689655172,
        "z_hits_at_1": 0.0,
        "z_hits_at_10": 0.0,
        "z_hits_at_3": 0.0,
        "z_hits_at_5": 0.0,
        "z_inverse_harmonic_mean_rank": 0.003798974075710283
      },
      "realistic": {
        "adjusted_arithmetic_mean_rank": 0.6386161904788582,
        "adjusted_arithmetic_mean_rank_index": 0.3615374388314846,
        "adjusted_hits_at_1": -0.0002125647677931381,
        "adjusted_hits_at_10": -0.0021297220127172553,