{
  "losses": [
    0.003914092026678283,
    0.0037310592317199155,
    0.0035586278881339323,
    0.0033930752889326297,
    0.0032420325628225144,
    0.0030813604605843467,
    0.0029431594350913743,
    0.002797645590016802,
    0.0026593302418026505,
    0.0025327287304222593,
    0.0024026936633379644,
    0.0022718927083435667,
    0.00216623424988225,
    0.0020470015956410357,
    0.0019441394696472051,
    0.0018463948230256258,
    0.0017416866764477395,
    0.001655108969539456,
    0.0015646865494128746,
    0.0014866425878893475,
    0.0014066660316598954,
    0.0013335656993368019,
    0.001258765544943634,
    0.0011958955971636432,
    0.0011433161636711811,
    0.0010839541266032151,
    0.0010339152329327521,
    0.0009774805097276637,
    0.0009295043313541324,
    0.0008707654556232248
  ],
  "metrics": {
    "both": {
      "optimistic": {
        "adjusted_arithmetic_mean_rank": 0.8028650291841483,
        "adjusted_arithmetic_mean_rank_index": 0.19721806534351327,
        "adjusted_hits_at_1": -0.00021078182213830787,
        "adjusted_hits_at_10": 0.006527070608988633,
        "adjusted_hits_at_3": 0.003680459451407034,
        "adjusted_hits_at_5": 0.007574984305132501,
        "adjusted_inverse_harmonic_mean_rank": 0.0022812804311320265,
        "arithmetic_mean_rank": 1905.5344827586207,
        "count": 232.0,
        "geometric_mean_rank": 1240.7531834354184,
        "harmonic_mean_rank": 246.22900302703383,
        "hits_at_1": 0.0,
        "hits_at_10": 0.008620689655172414,
        "hits_at_3": 0.004310344827586207,
        "hits_at_5": 0.008620689655172414,
        "inverse_arithmetic_mean_rank": 0.00052478714452457,
        "inverse_geometric_mean_rank": 0.000805962066711111,
        "inverse_harmonic_mean_rank": 0.0040612599966146495,
        "inverse_median_rank": 0.0005670541536716756,
        "median_absolute_deviation": 1696.0969379704086,
        "median_rank": 1763.5,
        "standard_deviation": 1329.0237467782863,
        "variance": 1766304.1195005947,
        "z_arithmetic_mean_rank": -1905.5344827586207,
        "z_hits_at_1": 0.0,
        "z_hits_at_10": 0.008620689655172414,
        "z_hits_at_3": 0.004310344827586207,
        "z_hits_at_5": 0.008620689655172414,
        "z_inverse_harmonic_mean_rank": 0.0040612599966146495
      },
      "pessimistic": {
        "adjusted_arithmetic_mean_rank": 0.8028650291841483,
        "adjusted_arithmetic_mean_rank_index": 0.19721806534351327,
        "adjusted_hits_at_1": -0.00021078182213830787,
        "adjusted_hits_at_10": 0.006527070608988633,
        "adjusted_hits_at_3": 0.003680459451407034,
        "adjusted_hits_at_5": 0.007574984305132501,
        "adjusted_inverse_harmonic_mean_rank": 0.0022812804311320265,
        "arithmetic_mean_rank": 1905.5344827586207,
        "count": 232.0,
        "geometric_mean_rank": 1240.7531834354184,
        "harmonic_mean_rank": 246.22900302703383,
        "hits_at_1": 0.0,
        "hits_at_10": 0.008620689655172414,
        "hits_at_3": 0.004310344827586207,
        "hits_at_5": 0.008620689655172414,
        "inverse_arithmetic_mean_rank": 0.00052478714452457,
        "inverse_geometric_mean_rank": 0.000805962066711111,
        "inverse_harmonic_mean_rank": 0.0040612599966146495,
        "inverse_median_rank": 0.0005670541536716756,
        "median_absolute_deviation": 1696.0969379704086,
        "median_rank": 1763.5,
        "standard_deviation": 1329.0237467782863,
        "variance": 1766304.1195005947,
        "z_arithmetic_mean_rank": -1905.5344827586207,
        "z_hits_at_1": 0.0,
        "z_hits_at_10": 0.008620689655172414,
        "z_hits_at_3": 0.004310344827586207,
        "z_hits_at_5": 0.008620689655172414,
        "z_inverse_harmonic_mean_rank": 0.0040612599966146495
      },
      "realistic": {
        "adjusted_arithmetic_mean_rank": 0.8028650043547713,
        "adjusted_arithmetic_mean_rank_index": 0.19721809018335623,
        "adjusted_hits_at_1": -0.00021078182213830787,
        "adjusted_hits_at_10": 0.006527070608988633,
        "adjusted_hits_at_3": 0.003680459451407034,
        "adjusted_hits_at_5": 0.007574984305132501,
        "adjusted_inverse_harmonic_mean_rank": 0.002281280534770991,
        "arithmetic_mean_rank": 1905.534423828125,
        "count": 232.0,
        "geometric_mean_rank": 1240.75341796875,
        "harmonic_mean_rank": 246.2289967547461,
        "hits_at_1": 0.0,
        "hits_at_10": 0.008620689655172414,
        "hits_at_3": 0.004310344827586207,
        "hits_at_5": 0.008620689655172414,
        "inverse_arithmetic_mean_rank": 0.0005247871740721166,
        "inverse_geometric_mean_rank": 0.000805961899459362,
        "inverse_harmonic_mean_rank": 0.004061260100068717,
        "inverse_median_rank": 0.0005670541431754827,
        "median_absolute_deviation": 1696.0969379704086,
        "median_rank": 1763.5,
        "standard_deviation": 1329.0238037109375,
        "variance": 1766304.125,
        "z_arithmetic_mean_rank": -1905.534423828125,
        "z_hits_at_1": 0.0,
        "z_hits_at_10": 0.008620689655172414,
        "z_hits_at_3": 0.004310344827586207,
        "z_hits_at_5": 0.008620689655172414,
        "z_inverse_harmonic_mean_rank": 0.004061260100068717
      }
    },
    "head": {
      "optimistic": {
        "adjusted_arithmetic_mean_rank": 0.7817524522932255,
        "adjusted_arithmetic_mean_rank_index": 0.21834051995799797,
        "adjusted_hits_at_1": -0.00021300333008983274,
        "adjusted_hits_at_10": 0.00650496279852207,
        "adjusted_hits_at_3": 0.007986918380931726,
        "adjusted_hits_at_5": 0.007563953829744999,
        "adjusted_inverse_harmonic_mean_rank": 0.0030118475133192606,
        "arithmetic_mean_rank": 1835.905172413793,
        "count": 116.0,
        "geometric_mean_rank": 1167.150108139688,
        "harmonic_mean_rank": 208.02142357223937,
        "hits_at_1": 0.0,
        "hits_at_10": 0.008620689655172414,
        "hits_at_3": 0.008620689655172414,
        "hits_at_5": 0.008620689655172414,
        "inverse_arithmetic_mean_rank": 0.0005446904420914235,
        "inverse_geometric_mean_rank": 0.000856787822771051,
        "inverse_harmonic_mean_rank": 0.0048071971762693524,
        "inverse_median_rank": 0.0005812263876780006,
        "median_absolute_deviation": 1696.8382390796614,
        "median_rank": 1720.5,
        "standard_deviation": 1316.3388882024021,
        "variance": 1732748.0685939363,
        "z_arithmetic_mean_rank": -1835.905172413793,
        "z_hits_at_1": 0.0,
        "z_hits_at_10": 0.008620689655172414,
        "z_hits_at_3": 0.008620689655172414,
        "z_hits_at_5": 0.008620689655172414,
        "z_inverse_harmonic_mean_rank": 0.0048071971762693524
      },
      "pessimistic": {
        "adjusted_arithmetic_mean_rank": 0.7817524522932255,
        "adjusted_arithmetic_mean_rank_index": 0.21834051995799797,
        "adjusted_hits_at_1": -0.00021300333008983274,
        "adjusted_hits_at_10": 0.00650496279852207,
        "adjusted_hits_at_3": 0.007986918380931726,
        "adjusted_hits_at_5": 0.007563953829744999,
        "adjusted_inverse_harmonic_mean_rank": 0.0030118475133192606,
        "arithmetic_mean_rank": 1835.905172413793,
        "count": 116.0,
        "geometric_mean_rank": 1167.150108139688,
        "harmonic_mean_rank": 208.02142357223937,
        "hits_at_1": 0.0,
        "hits_at_10": 0.008620689655172414,
        "hits_at_3": 0.008620689655172414,
        "hits_at_5": 0.008620689655172414,
        "inverse_arithmetic_mean_rank": 0.0005446904420914235,
        "inverse_geometric_mean_rank": 0.000856787822771051,
        "inverse_harmonic_mean_rank": 0.0048071971762693524,
        "inverse_median_rank": 0.0005812263876780006,
        "median_absolute_deviation": 1696.8382390796614,
        "median_rank": 1720.5,
        "standard_deviation": 1316.3388882024021,
        "variance": 1732748.0685939363,
        "z_arithmetic_mean_rank": -1835.905172413793,