{
  "losses": [
    0.023554050114208695,
    0.021979210416632217,
    0.02086967796049518,
    0.01939022223970571,
    0.018126889551713397,
    0.01703386285783259,
    0.01569465916678553,
    0.01480497918791091,
    0.01397345670182962,
    0.013290752165238544,
    0.012365761538138668,
    0.011719012131699562,
    0.01100403208326049,
    0.010392159893070727,
    0.00964689990630365,
    0.009325329998828326,
    0.008625087448139444,
    0.007960368057829756,
    0.007732829374676108,
    0.007214601497142825,
    0.007004396262689238,
    0.006423033060181038,
    0.006075933252793218,
    0.0058810672921487854,
    0.005411182619811583,
    0.005239020756153844,
    0.004985343773407457,
    0.004721021884266961,
    0.004433813432670976,
    0.004329953080184873
  ],
  "metrics": {
    "both": {
      "optimistic": {
        "adjusted_arithmetic_mean_rank": 1.0290999665752751,
        "adjusted_arithmetic_mean_rank_index": -0.029113349158514934,
        "adjusted_hits_at_1": -0.00022997208989089375,
        "adjusted_hits_at_10": 0.0020157873611754465,
        "adjusted_hits_at_3": -0.0006902337386634684,
        "adjusted_hits_at_5": -0.0011509191665986212,
        "adjusted_inverse_harmonic_mean_rank": 0.0008538057081052833,
        "arithmetic_mean_rank": 2238.771551724138,
        "count": 232.0,
        "geometric_mean_rank": 1500.1943211490675,
        "harmonic_mean_rank": 359.8945339731265,
        "hits_at_1": 0.0,
        "hits_at_10": 0.004310344827586207,
        "hits_at_3": 0.0,
        "hits_at_5": 0.0,
        "inverse_arithmetic_mean_rank": 0.00044667353363047387,
        "inverse_geometric_mean_rank": 0.0006665803128984345,
        "inverse_harmonic_mean_rank": 0.0027785917973254643,
        "inverse_median_rank": 0.0003919263178522438,
        "median_absolute_deviation": 1544.1302105735845,
        "median_rank": 2551.5,
        "standard_deviation": 1313.6332494995304,
        "variance": 1725632.3141906955,
        "z_arithmetic_mean_rank": -2238.771551724138,
        "z_hits_at_1": 0.0,
        "z_hits_at_10": 0.004310344827586207,
        "z_hits_at_3": 0.0,
        "z_hits_at_5": 0.0,
        "z_inverse_harmonic_mean_rank": 0.0027785917973254643
      },
      "pessimistic": {
        "adjusted_arithmetic_mean_rank": 1.0290999665752751,
        "adjusted_arithmetic_mean_rank_index": -0.029113349158514934,
        "adjusted_hits_at_1": -0.00022997208989089375,
        "adjusted_hits_at_10": 0.0020157873611754465,
        "adjusted_hits_at_3": -0.0006902337386634684,
        "adjusted_hits_at_5": -0.0011509191665986212,
        "adjusted_inverse_harmonic_mean_rank": 0.0008538057081052833,
        "arithmetic_mean_rank": 2238.771551724138,
        "count": 232.0,
        "geometric_mean_rank": 1500.1943211490675,
        "harmonic_mean_rank": 359.8945339731265,
        "hits_at_1": 0.0,
        "hits_at_10": 0.004310344827586207,
        "hits_at_3": 0.0,
        "hits_at_5": 0.0,
        "inverse_arithmetic_mean_rank": 0.00044667353363047387,
        "inverse_geometric_mean_rank": 0.0006665803128984345,
        "inverse_harmonic_mean_rank": 0.0027785917973254643,
        "inverse_median_rank": 0.0003919263178522438,
        "median_absolute_deviation": 1544.1302105735845,
        "median_rank": 2551.5,
        "standard_deviation": 1313.6332494995304,
        "variance": 1725632.3141906955,
        "z_arithmetic_mean_rank": -2238.771551724138,
        "z_hits_at_1": 0.0,
        "z_hits_at_10": 0.004310344827586207,
        "z_hits_at_3": 0.0,
        "z_hits_at_5": 0.0,
        "z_inverse_harmonic_mean_rank": 0.0027785917973254643
      },
      "realistic": {
        "adjusted_arithmetic_mean_rank": 1.029099935616781,
        "adjusted_arithmetic_mean_rank_index": -0.029113318185783665,
        "adjusted_hits_at_1": -0.00022997208989089375,
        "adjusted_hits_at_10": 0.0020157873611754465,
        "adjusted_hits_at_3": -0.0006902337386634684,
        "adjusted_hits_at_5": -0.0011509191665986212,
        "adjusted_inverse_harmonic_mean_rank": 0.0008538056915749377,
        "arithmetic_mean_rank": 2238.771484375,
        "count": 232.0,
        "geometric_mean_rank": 1500.1939697265625,
        "harmonic_mean_rank": 359.8945361100796,
        "hits_at_1": 0.0,
        "hits_at_10": 0.004310344827586207,
        "hits_at_3": 0.0,
        "hits_at_5": 0.0,
        "inverse_arithmetic_mean_rank": 0.0004466735408641398,
        "inverse_geometric_mean_rank": 0.0006665804539807141,
        "inverse_harmonic_mean_rank": 0.0027785917808269634,
        "inverse_median_rank": 0.000391926325391978,
        "median_absolute_deviation": 1544.1302105735845,
        "median_rank": 2551.5,
        "standard_deviation": 1313.6331787109375,
        "variance": 1725632.25,
        "z_arithmetic_mean_rank": -2238.771484375,
        "z_hits_at_1": 0.0,
        "z_hits_at_10": 0.004310344827586207,
        "z_hits_at_3": 0.0,
        "z_hits_at_5": 0.0,
        "z_inverse_harmonic_mean_rank": 0.0027785917808269634
      }
    },
    "head": {
      "optimistic": {
        "adjusted_arithmetic_mean_rank": 1.027905993113247,
        "adjusted_arithmetic_mean_rank_index": -0.027918963335246794,
        "adjusted_hits_at_1": -0.0002324012996594279,
        "adjusted_hits_at_10": -0.002328884117855992,
        "adjusted_hits_at_3": -0.0006975281118577733,
        "adjusted_hits_at_5": -0.0011630877106794588,
        "adjusted_inverse_harmonic_mean_rank": 0.0003571191040397685,
        "arithmetic_mean_rank": 2212.612068965517,
        "count": 116.0,
        "geometric_mean_rank": 1521.4646449795819,
        "harmonic_mean_rank": 434.6092567167915,
        "hits_at_1": 0.0,
        "hits_at_10": 0.0,
        "hits_at_3": 0.0,
        "hits_at_5": 0.0,
        "inverse_arithmetic_mean_rank": 0.0004519545084410297,
        "inverse_geometric_mean_rank": 0.0006572614114299186,
        "inverse_harmonic_mean_rank": 0.002300917397743416,
        "inverse_median_rank": 0.0003994407829039345,
        "median_absolute_deviation": 1493.721735144394,
        "median_rank": 2503.5,
        "standard_deviation": 1277.8963233778459,
        "variance": 1633019.013302616,
        "z_arithmetic_mean_rank": -2212.612068965517,
        "z_hits_at_1": 0.0,
        "z_hits_at_10": 0.0,
        "z_hits_at_3": 0.0,
        "z_hits_at_5": 0.0,
        "z_inverse_harmonic_mean_rank": 0.002300917397743416
      },
      "pessimistic": {
        "adjusted_arithmetic_mean_rank": 1.027905993113247,
        "adjusted_arithmetic_mean_rank_index": -0.027918963335246794,
        "adjusted_hits_at_1": -0.0002324012996594279,
        "adjusted_hits_at_10": -0.002328884117855992,
        "adjusted_hits_at_3": -0.0006975281118577733,
        "adjusted_hits_at_5": -0.0011630877106794588,
        "adjusted_inverse_harmonic_mean_rank": 0.0003571191040397685,
        "arithmetic_mean_rank": 2212.612068965517,
        "count": 116.0,
        "geometric_mean_rank": 1521.4646449795819,
        "harmonic_mean_rank": 434.6092567167915,
        "hits_at_1": 0.0,
        "hits_at_10": 0.0,
        "hits_at_3": 0.0,
        "hits_at_5": 0.0,
        "inverse_arithmetic_mean_rank": 0.0004519545084410297,
        "inverse_geometric_mean_rank": 0.0006572614114299186,
        "inverse_harmonic_mean_rank": 0.002300917397743416,
        "inverse_median_rank": 0.0003994407829039345,
        "median_absolute_deviation": 1493.721735144394,
        "median_rank": 2503.5,
        "standard_deviation": 1277.8963233778459,
        "variance": 1633019.013302616,
        "z_arithmetic_mean_rank": -2212.612068965517,
        "z_hits_at_1": 0.0,
        "z_hits_at_10": 0.0,
        "z_hits_at_3": 0.0,
        "z_hits_at_5": 0.0,
        "z_inverse_harmonic_mean_rank": 0.002300917397743416
      },
      "realistic": {
        "adjusted_arithmetic_mean_rank": 1.0279059892022258,
        "adjusted_arithmetic_mean_rank_index": -0.02791895942240763,