{
  "losses": [
    0.005031618093354222,
    0.004675580100778801,
    0.004314575728275181,
    0.004028843178906201,
    0.003788908381295789,
    0.00367602026108539,
    0.003520169309676178,
    0.0033692623985710577,
    0.0032417491454473785,
    0.003141035707476168,
    0.003069761800992906,
    0.003000706382188716,
    0.0028949544936890674,
    0.002859847760043958,
    0.002813459272076154,
    0.002784063615581227,
    0.0027194485076399684,
    0.002699319504591422,
    0.002656502724699167,
    0.002598419113192499,
    0.0026146507243077215,
    0.0025711957607403714,
    0.002536961216717181,
    0.0025025652148739255,
    0.0024644611047108583,
    0.002480907775100387,
    0.0024216591389119918,
    0.0023829440892184327,
    0.002327368971195776,
    0.0023187833028804478
  ],
  "metrics": {
    "both": {
      "optimistic": {
        "adjusted_arithmetic_mean_rank": 0.9625844423228583,
        "adjusted_arithmetic_mean_rank_index": 0.03743131514191711,
        "adjusted_hits_at_1": -0.00021059714390775285,
        "adjusted_hits_at_10": -0.0021099706231602297,
        "adjusted_hits_at_3": -0.0006320576507953436,
        "adjusted_hits_at_5": -0.0010538734905273447,
        "adjusted_inverse_harmonic_mean_rank": -0.00041438256812278897,
        "arithmetic_mean_rank": 2286.5862068965516,
        "count": 232.0,
        "geometric_mean_rank": 1696.802857910926,
        "harmonic_mean_rank": 730.4340698562141,
        "hits_at_1": 0.0,
        "hits_at_10": 0.0,
        "hits_at_3": 0.0,
        "hits_at_5": 0.0,
        "inverse_arithmetic_mean_rank": 0.00043733317247515496,
        "inverse_geometric_mean_rank": 0.0005893436561223044,
        "inverse_harmonic_mean_rank": 0.001369048954954757,
        "inverse_median_rank": 0.0004439511653718091,
        "median_absolute_deviation": 1739.092402307071,
        "median_rank": 2252.5,
        "standard_deviation": 1353.3775155014666,
        "variance": 1831630.6994649228,
        "z_arithmetic_mean_rank": -2286.5862068965516,
        "z_hits_at_1": 0.0,
        "z_hits_at_10": 0.0,
        "z_hits_at_3": 0.0,
        "z_hits_at_5": 0.0,
        "z_inverse_harmonic_mean_rank": 0.001369048954954757
      },
      "pessimistic": {
        "adjusted_arithmetic_mean_rank": 0.9625844423228583,
        "adjusted_arithmetic_mean_rank_index": 0.03743131514191711,
        "adjusted_hits_at_1": -0.00021059714390775285,
        "adjusted_hits_at_10": -0.0021099706231602297,
        "adjusted_hits_at_3": -0.0006320576507953436,
        "adjusted_hits_at_5": -0.0010538734905273447,
        "adjusted_inverse_harmonic_mean_rank": -0.00041438256812278897,
        "arithmetic_mean_rank": 2286.5862068965516,
        "count": 232.0,
        "geometric_mean_rank": 1696.802857910926,
        "harmonic_mean_rank": 730.4340698562141,
        "hits_at_1": 0.0,
        "hits_at_10": 0.0,
        "hits_at_3": 0.0,
        "hits_at_5": 0.0,
        "inverse_arithmetic_mean_rank": 0.00043733317247515496,
        "inverse_geometric_mean_rank": 0.0005893436561223044,
        "inverse_harmonic_mean_rank": 0.001369048954954757,
        "inverse_median_rank": 0.0004439511653718091,
        "median_absolute_deviation": 1739.092402307071,
        "median_rank": 2252.5,
        "standard_deviation": 1353.3775155014666,
        "variance": 1831630.6994649228,
        "z_arithmetic_mean_rank": -2286.5862068965516,
        "z_hits_at_1": 0.0,
        "z_hits_at_10": 0.0,
        "z_hits_at_3": 0.0,
        "z_hits_at_5": 0.0,
        "z_inverse_harmonic_mean_rank": 0.001369048954954757
      },
      "realistic": {
        "adjusted_arithmetic_mean_rank": 0.9625844316908682,
        "adjusted_arithmetic_mean_rank_index": 0.03743132577838493,
        "adjusted_hits_at_1": -0.00021059714390775285,
        "adjusted_hits_at_10": -0.0021099706231602297,
        "adjusted_hits_at_3": -0.0006320576507953436,
        "adjusted_hits_at_5": -0.0010538734905273447,
        "adjusted_inverse_harmonic_mean_rank": -0.00041438258546712447,
        "arithmetic_mean_rank": 2286.586181640625,
        "count": 232.0,
        "geometric_mean_rank": 1696.802734375,
        "harmonic_mean_rank": 730.4340790935091,
        "hits_at_1": 0.0,
        "hits_at_10": 0.0,
        "hits_at_3": 0.0,
        "hits_at_5": 0.0,
        "inverse_arithmetic_mean_rank": 0.00043733319034799933,
        "inverse_geometric_mean_rank": 0.0005893437191843987,
        "inverse_harmonic_mean_rank": 0.0013690489376413412,
        "inverse_median_rank": 0.0004439511685632169,
        "median_absolute_deviation": 1739.092402307071,
        "median_rank": 2252.5,
        "standard_deviation": 1353.37744140625,
        "variance": 1831630.625,
        "z_arithmetic_mean_rank": -2286.586181640625,
        "z_hits_at_1": 0.0,
        "z_hits_at_10": 0.0,
        "z_hits_at_3": 0.0,
        "z_hits_at_5": 0.0,
        "z_inverse_harmonic_mean_rank": 0.0013690489376413412
      }
    },
    "head": {
      "optimistic": {
        "adjusted_arithmetic_mean_rank": 1.1597830127931703,
        "adjusted_arithmetic_mean_rank_index": -0.15985096094394957,
        "adjusted_hits_at_1": -0.0002126339720562082,
        "adjusted_hits_at_10": -0.0021304167112691503,
        "adjusted_hits_at_3": -0.0006381733108205046,
        "adjusted_hits_at_5": -0.0010640748941662885,
        "adjusted_inverse_harmonic_mean_rank": -0.0009704635387508316,
        "arithmetic_mean_rank": 2728.439655172414,
        "count": 116.0,
        "geometric_mean_rank": 2240.8414613927957,
        "harmonic_mean_rank": 1205.851763343238,
        "hits_at_1": 0.0,
        "hits_at_10": 0.0,
        "hits_at_3": 0.0,
        "hits_at_5": 0.0,
        "inverse_arithmetic_mean_rank": 0.0003665098467925649,
        "inverse_geometric_mean_rank": 0.0004462609324349299,
        "inverse_harmonic_mean_rank": 0.0008292893292517884,
        "inverse_median_rank": 0.00035618878005342833,
        "median_absolute_deviation": 1727.2315845590263,
        "median_rank": 2807.5,
        "standard_deviation": 1302.82518138661,
        "variance": 1697353.4532550534,
        "z_arithmetic_mean_rank": -2728.439655172414,
        "z_hits_at_1": 0.0,
        "z_hits_at_10": 0.0,
        "z_hits_at_3": 0.0,
        "z_hits_at_5": 0.0,
        "z_inverse_harmonic_mean_rank": 0.0008292893292517884
      },
      "pessimistic": {
        "adjusted_arithmetic_mean_rank": 1.1597830127931703,
        "adjusted_arithmetic_mean_rank_index": -0.15985096094394957,
        "adjusted_hits_at_1": -0.0002126339720562082,
        "adjusted_hits_at_10": -0.0021304167112691503,
        "adjusted_hits_at_3": -0.0006381733108205046,
        "adjusted_hits_at_5": -0.0010640748941662885,
        "adjusted_inverse_harmonic_mean_rank": -0.0009704635387508316,
        "arithmetic_mean_rank": 2728.439655172414,
        "count": 116.0,
        "geometric_mean_rank": 2240.8414613927957,
        "harmonic_mean_rank": 1205.851763343238,
        "hits_at_1": 0.0,
        "hits_at_10": 0.0,
        "hits_at_3": 0.0,
        "hits_at_5": 0.0,
        "inverse_arithmetic_mean_rank": 0.0003665098467925649,
        "inverse_geometric_mean_rank": 0.0004462609324349299,
        "inverse_harmonic_mean_rank": 0.0008292893292517884,
        "inverse_median_rank": 0.00035618878005342833,
        "median_absolute_deviation": 1727.2315845590263,
        "median_rank": 2807.5,
        "standard_deviation": 1302.82518138661,
        "variance": 1697353.4532550534,
        "z_arithmetic_mean_rank": -2728.439655172414,
        "z_hits_at_1": 0.0,
        "z_hits_at_10": 0.0,
        "z_hits_at_3": 0.0,
        "z_hits_at_5": 0.0,
        "z_inverse_harmonic_mean_rank": 0.0008292893292517884
      },
      "realistic": {
        "adjusted_arithmetic_mean_rank": 1.1597830306858115,
        "adjusted_arithmetic_mean_rank_index": -0.1598509788441993,
        "adjusted_hits_at_1": -0.0002126339720562082,
        "adjusted_hits_at_10": -0.0021304167112691503,