{
  "losses": [
    0.00412448889239217,
    0.003946017109626977,
    0.0038504228735914167,
    0.0037811557083684247,
    0.0037018851982451354,
    0.003605842208887734,
    0.003481038299673963,
    0.003372474913835192,
    0.0032388902244532267,
    0.003123977384394975,
    0.003042489939884745,
    0.002992303480617873,
    0.0029379931515625705,
    0.002907687418063985,
    0.0028842268653825383,
    0.0028446068780262164,
    0.0028380376244773785,
    0.002827836337800614,
    0.002817312881681301,
    0.0028409247048401323,
    0.002786772472525778,
    0.0027480385365640948,
    0.0027956883078153576,
    0.002778953396871117,
    0.0027641455266215185,
    0.00274546737552015,
    0.0027295942624706673,
    0.0026809333896694178,
    0.002702129692977591,
    0.002732729551816144
  ],
  "metrics": {
    "both": {
      "optimistic": {
        "adjusted_arithmetic_mean_rank": 0.7564471098944804,
        "adjusted_arithmetic_mean_rank_index": 0.24366487598795072,
        "adjusted_hits_at_1": -0.0002299303187033594,
        "adjusted_hits_at_10": 0.0020162049994353645,
        "adjusted_hits_at_3": -0.0006901083097572828,
        "adjusted_hits_at_5": -0.0011507099259168018,
        "adjusted_inverse_harmonic_mean_rank": 0.0002540155143416241,
        "arithmetic_mean_rank": 1645.9181034482758,
        "count": 232.0,
        "geometric_mean_rank": 1179.8277043227113,
        "harmonic_mean_rank": 458.7883057636079,
        "hits_at_1": 0.0,
        "hits_at_10": 0.004310344827586207,
        "hits_at_3": 0.0,
        "hits_at_5": 0.0,
        "inverse_arithmetic_mean_rank": 0.0006075636436010716,
        "inverse_geometric_mean_rank": 0.0008475813852617212,
        "inverse_harmonic_mean_rank": 0.0021796545104513913,
        "inverse_median_rank": 0.000637551801083838,
        "median_absolute_deviation": 1320.2572755792385,
        "median_rank": 1568.5,
        "standard_deviation": 1049.4787816437934,
        "variance": 1101405.713120541,
        "z_arithmetic_mean_rank": -1645.9181034482758,
        "z_hits_at_1": 0.0,
        "z_hits_at_10": 0.004310344827586207,
        "z_hits_at_3": 0.0,
        "z_hits_at_5": 0.0,
        "z_inverse_harmonic_mean_rank": 0.0021796545104513913
      },
      "pessimistic": {
        "adjusted_arithmetic_mean_rank": 0.7564471098944804,
        "adjusted_arithmetic_mean_rank_index": 0.24366487598795072,
        "adjusted_hits_at_1": -0.0002299303187033594,
        "adjusted_hits_at_10": 0.0020162049994353645,
        "adjusted_hits_at_3": -0.0006901083097572828,
        "adjusted_hits_at_5": -0.0011507099259168018,
        "adjusted_inverse_harmonic_mean_rank": 0.0002540155143416241,
        "arithmetic_mean_rank": 1645.9181034482758,
        "count": 232.0,
        "geometric_mean_rank": 1179.8277043227113,
        "harmonic_mean_rank": 458.7883057636079,
        "hits_at_1": 0.0,
        "hits_at_10": 0.004310344827586207,
        "hits_at_3": 0.0,
        "hits_at_5": 0.0,
        "inverse_arithmetic_mean_rank": 0.0006075636436010716,
        "inverse_geometric_mean_rank": 0.0008475813852617212,
        "inverse_harmonic_mean_rank": 0.0021796545104513913,
        "inverse_median_rank": 0.000637551801083838,
        "median_absolute_deviation": 1320.2572755792385,
        "median_rank": 1568.5,
        "standard_deviation": 1049.4787816437934,
        "variance": 1101405.713120541,
        "z_arithmetic_mean_rank": -1645.9181034482758,
        "z_hits_at_1": 0.0,
        "z_hits_at_10": 0.004310344827586207,
        "z_hits_at_3": 0.0,
        "z_hits_at_5": 0.0,
        "z_inverse_harmonic_mean_rank": 0.0021796545104513913
      },
      "realistic": {
        "adjusted_arithmetic_mean_rank": 0.7564471040907977,
        "adjusted_arithmetic_mean_rank_index": 0.2436648817943019,
        "adjusted_hits_at_1": -0.0002299303187033594,
        "adjusted_hits_at_10": 0.0020162049994353645,
        "adjusted_hits_at_3": -0.0006901083097572828,
        "adjusted_hits_at_5": -0.0011507099259168018,
        "adjusted_inverse_harmonic_mean_rank": 0.0002540155116865695,
        "arithmetic_mean_rank": 1645.9180908203125,
        "count": 232.0,
        "geometric_mean_rank": 1179.827392578125,
        "harmonic_mean_rank": 458.7883063213852,
        "hits_at_1": 0.0,
        "hits_at_10": 0.004310344827586207,
        "hits_at_3": 0.0,
        "hits_at_5": 0.0,
        "inverse_arithmetic_mean_rank": 0.0006075636483728886,
        "inverse_geometric_mean_rank": 0.0008475815993733704,
        "inverse_harmonic_mean_rank": 0.0021796545078014507,
        "inverse_median_rank": 0.0006375518278218806,
        "median_absolute_deviation": 1320.2572755792385,
        "median_rank": 1568.5,
        "standard_deviation": 1049.478759765625,
        "variance": 1101405.75,
        "z_arithmetic_mean_rank": -1645.9180908203125,
        "z_hits_at_1": 0.0,
        "z_hits_at_10": 0.004310344827586207,
        "z_hits_at_3": 0.0,
        "z_hits_at_5": 0.0,
        "z_inverse_harmonic_mean_rank": 0.0021796545078014507
      }
    },
    "head": {
      "optimistic": {
        "adjusted_arithmetic_mean_rank": 0.69846348609385,
        "adjusted_arithmetic_mean_rank_index": 0.30167661290280634,
        "adjusted_hits_at_1": -0.00023231864968828038,
        "adjusted_hits_at_10": 0.0063127049370513885,
        "adjusted_hits_at_3": -0.0006972799313290434,
        "adjusted_hits_at_5": -0.0011626736915696162,
        "adjusted_inverse_harmonic_mean_rank": 0.001321520935401789,
        "arithmetic_mean_rank": 1504.0086206896551,
        "count": 116.0,
        "geometric_mean_rank": 991.7260855682903,
        "harmonic_mean_rank": 306.4819838251013,
        "hits_at_1": 0.0,
        "hits_at_10": 0.008620689655172414,
        "hits_at_3": 0.0,
        "hits_at_5": 0.0,
        "inverse_arithmetic_mean_rank": 0.0006648898059782765,
        "inverse_geometric_mean_rank": 0.0010083429432301042,
        "inverse_harmonic_mean_rank": 0.0032628345311503386,
        "inverse_median_rank": 0.0007280669821623589,
        "median_absolute_deviation": 1114.9168683162127,
        "median_rank": 1373.5,
        "standard_deviation": 1087.2966119415055,
        "variance": 1182213.9223394769,
        "z_arithmetic_mean_rank": -1504.0086206896551,
        "z_hits_at_1": 0.0,
        "z_hits_at_10": 0.008620689655172414,
        "z_hits_at_3": 0.0,
        "z_hits_at_5": 0.0,
        "z_inverse_harmonic_mean_rank": 0.0032628345311503386
      },
      "pessimistic": {
        "adjusted_arithmetic_mean_rank": 0.69846348609385,
        "adjusted_arithmetic_mean_rank_index": 0.30167661290280634,
        "adjusted_hits_at_1": -0.00023231864968828038,
        "adjusted_hits_at_10": 0.0063127049370513885,
        "adjusted_hits_at_3": -0.0006972799313290434,
        "adjusted_hits_at_5": -0.0011626736915696162,
        "adjusted_inverse_harmonic_mean_rank": 0.001321520935401789,
        "arithmetic_mean_rank": 1504.0086206896551,
        "count": 116.0,
        "geometric_mean_rank": 991.7260855682903,
        "harmonic_mean_rank": 306.4819838251013,
        "hits_at_1": 0.0,
        "hits_at_10": 0.008620689655172414,
        "hits_at_3": 0.0,
        "hits_at_5": 0.0,
        "inverse_arithmetic_mean_rank": 0.0006648898059782765,
        "inverse_geometric_mean_rank": 0.0010083429432301042,
        "inverse_harmonic_mean_rank": 0.0032628345311503386,
        "inverse_median_rank": 0.0007280669821623589,
        "median_absolute_deviation": 1114.9168683162127,
        "median_rank": 1373.5,
        "standard_deviation": 1087.2966119415055,
        "variance": 1182213.9223394769,
        "z_arithmetic_mean_rank": -1504.0086206896551,
        "z_hits_at_1": 0.0,
        "z_hits_at_10": 0.008620689655172414,
        "z_hits_at_3": 0.0,
        "z_hits_at_5": 0.0,
        "z_inverse_harmonic_mean_rank": 0.0032628345311503386
      },
      "realistic": {
        "adjusted_arithmetic_mean_rank": 0.698463507596804,