{
  "losses": [
    0.0036573679786818434,
    0.002785223669611957,
    0.002407532899779134,
    0.0021646080033142293,
    0.0019421691628632787,
    0.0017423368054194082,
    0.0016374028402124674,
    0.0014619390735323607,
    0.0013355967637086168,
    0.0012449482966801237,
    0.0011309551019349437,
    0.0010409560050815593,
    0.0009734255845495386,
    0.0009072668992966844,
    0.0008253417941429052,
    0.0007981645396197448,
    0.0007453040912639108,
    0.0006886990141784355,
    0.0006302934306103836,
    0.0005897278537687306,
    0.0005636853304682362,
    0.0005285346583917645,
    0.0005075180188241573,
    0.0004758070971828947,
    0.00047308894598311593,
    0.0004372160131037613,
    0.0004300378011183837,
    0.0004101586845682252,
    0.0004034113968605121,
    0.00037505242939544006
  ],
  "metrics": {
    "both": {
      "optimistic": {
        "adjusted_arithmetic_mean_rank": 0.8911925069856778,
        "adjusted_arithmetic_mean_rank_index": 0.10885753174301338,
        "adjusted_hits_at_1": -0.00022997208989089375,
        "adjusted_hits_at_10": 0.010656343314758343,
        "adjusted_hits_at_3": 0.003623086234348012,
        "adjusted_hits_at_5": 0.0031643865194643035,
        "adjusted_inverse_harmonic_mean_rank": 0.003329239698012242,
        "arithmetic_mean_rank": 1938.7586206896551,
        "count": 232.0,
        "geometric_mean_rank": 1325.6479350495354,
        "harmonic_mean_rank": 190.50314994726443,
        "hits_at_1": 0.0,
        "hits_at_10": 0.01293103448275862,
        "hits_at_3": 0.004310344827586207,
        "hits_at_5": 0.004310344827586207,
        "inverse_arithmetic_mean_rank": 0.0005157939669891862,
        "inverse_geometric_mean_rank": 0.0007543480991901769,
        "inverse_harmonic_mean_rank": 0.005249257034735765,
        "inverse_median_rank": 0.0005624296962879641,
        "median_absolute_deviation": 1524.1150806237588,
        "median_rank": 1778.0,
        "standard_deviation": 1208.2146462409735,
        "variance": 1459782.631391201,
        "z_arithmetic_mean_rank": -1938.7586206896551,
        "z_hits_at_1": 0.0,
        "z_hits_at_10": 0.01293103448275862,
        "z_hits_at_3": 0.004310344827586207,
        "z_hits_at_5": 0.004310344827586207,
        "z_inverse_harmonic_mean_rank": 0.005249257034735765
      },
      "pessimistic": {
        "adjusted_arithmetic_mean_rank": 0.8911925069856778,
        "adjusted_arithmetic_mean_rank_index": 0.10885753174301338,
        "adjusted_hits_at_1": -0.00022997208989089375,
        "adjusted_hits_at_10": 0.010656343314758343,
        "adjusted_hits_at_3": 0.003623086234348012,
        "adjusted_hits_at_5": 0.0031643865194643035,
        "adjusted_inverse_harmonic_mean_rank": 0.003329239698012242,
        "arithmetic_mean_rank": 1938.7586206896551,
        "count": 232.0,
        "geometric_mean_rank": 1325.6479350495354,
        "harmonic_mean_rank": 190.50314994726443,
        "hits_at_1": 0.0,
        "hits_at_10": 0.01293103448275862,
        "hits_at_3": 0.004310344827586207,
        "hits_at_5": 0.004310344827586207,
        "inverse_arithmetic_mean_rank": 0.0005157939669891862,
        "inverse_geometric_mean_rank": 0.0007543480991901769,
        "inverse_harmonic_mean_rank": 0.005249257034735765,
        "inverse_median_rank": 0.0005624296962879641,
        "median_absolute_deviation": 1524.1150806237588,
        "median_rank": 1778.0,
        "standard_deviation": 1208.2146462409735,
        "variance": 1459782.631391201,
        "z_arithmetic_mean_rank": -1938.7586206896551,
        "z_hits_at_1": 0.0,
        "z_hits_at_10": 0.01293103448275862,
        "z_hits_at_3": 0.004310344827586207,
        "z_hits_at_5": 0.004310344827586207,
        "z_inverse_harmonic_mean_rank": 0.005249257034735765
      },
      "realistic": {
        "adjusted_arithmetic_mean_rank": 0.8911925282696423,
        "adjusted_arithmetic_mean_rank_index": 0.10885751044926062,
        "adjusted_hits_at_1": -0.00022997208989089375,
        "adjusted_hits_at_10": 0.010656343314758343,
        "adjusted_hits_at_3": 0.003623086234348012,
        "adjusted_hits_at_5": 0.0031643865194643035,
        "adjusted_inverse_harmonic_mean_rank": 0.003329239895237217,
        "arithmetic_mean_rank": 1938.7586669921875,
        "count": 232.0,
        "geometric_mean_rank": 1325.6475830078125,
        "harmonic_mean_rank": 190.5031428034729,
        "hits_at_1": 0.0,
        "hits_at_10": 0.01293103448275862,
        "hits_at_3": 0.004310344827586207,
        "hits_at_5": 0.004310344827586207,
        "inverse_arithmetic_mean_rank": 0.0005157939740456641,
        "inverse_geometric_mean_rank": 0.0007543482934124768,
        "inverse_harmonic_mean_rank": 0.0052492572315808,
        "inverse_median_rank": 0.0005624297191388905,
        "median_absolute_deviation": 1524.1150806237588,
        "median_rank": 1778.0,
        "standard_deviation": 1208.214599609375,
        "variance": 1459782.625,
        "z_arithmetic_mean_rank": -1938.7586669921875,
        "z_hits_at_1": 0.0,
        "z_hits_at_10": 0.01293103448275862,
        "z_hits_at_3": 0.004310344827586207,
        "z_hits_at_5": 0.004310344827586207,
        "z_inverse_harmonic_mean_rank": 0.0052492572315808
      }
    },
    "head": {
      "optimistic": {
        "adjusted_arithmetic_mean_rank": 0.7901719696770857,
        "adjusted_arithmetic_mean_rank_index": 0.2099255547551756,
        "adjusted_hits_at_1": -0.0002324012996594279,
        "adjusted_hits_at_10": 0.01495264836693463,
        "adjusted_hits_at_3": -0.0006975281118577733,
        "adjusted_hits_at_5": -0.0011630877106794588,
        "adjusted_inverse_harmonic_mean_rank": 0.0022527539316563486,
        "arithmetic_mean_rank": 1700.8793103448277,
        "count": 116.0,
        "geometric_mean_rank": 1144.1069042628121,
        "harmonic_mean_rank": 238.5003378891224,
        "hits_at_1": 0.0,
        "hits_at_10": 0.017241379310344827,
        "hits_at_3": 0.0,
        "hits_at_5": 0.0,
        "inverse_arithmetic_mean_rank": 0.0005879311917770727,
        "inverse_geometric_mean_rank": 0.0008740441966341727,
        "inverse_harmonic_mean_rank": 0.0041928661772583945,
        "inverse_median_rank": 0.0006414368184733803,
        "median_absolute_deviation": 1292.8291345368848,
        "median_rank": 1559.0,
        "standard_deviation": 1129.886103164236,
        "variance": 1276642.6061236626,
        "z_arithmetic_mean_rank": -1700.8793103448277,
        "z_hits_at_1": 0.0,
        "z_hits_at_10": 0.017241379310344827,
        "z_hits_at_3": 0.0,
        "z_hits_at_5": 0.0,
        "z_inverse_harmonic_mean_rank": 0.0041928661772583945
      },
      "pessimistic": {
        "adjusted_arithmetic_mean_rank": 0.7901719696770857,
        "adjusted_arithmetic_mean_rank_index": 0.2099255547551756,
        "adjusted_hits_at_1": -0.0002324012996594279,
        "adjusted_hits_at_10": 0.01495264836693463,
        "adjusted_hits_at_3": -0.0006975281118577733,
        "adjusted_hits_at_5": -0.0011630877106794588,
        "adjusted_inverse_harmonic_mean_rank": 0.0022527539316563486,
        "arithmetic_mean_rank": 1700.8793103448277,
        "count": 116.0,
        "geometric_mean_rank": 1144.1069042628121,
        "harmonic_mean_rank": 238.5003378891224,
        "hits_at_1": 0.0,
        "hits_at_10": 0.017241379310344827,
        "hits_at_3": 0.0,
        "hits_at_5": 0.0,
        "inverse_arithmetic_mean_rank": 0.0005879311917770727,
        "inverse_geometric_mean_rank": 0.0008740441966341727,
        "inverse_harmonic_mean_rank": 0.0041928661772583945,
        "inverse_median_rank": 0.0006414368184733803,
        "median_absolute_deviation": 1292.8291345368848,
        "median_rank": 1559.0,
        "standard_deviation": 1129.886103164236,
        "variance": 1276642.6061236626,
        "z_arithmetic_mean_rank": -1700.8793103448277,
        "z_hits_at_1": 0.0,
        "z_hits_at_10": 0.017241379310344827,
        "z_hits_at_3": 0.0,