{
  "losses": [
    0.05932973754039034,
    0.0541377616470086,
    0.04956164301737885,
    0.04700149216498821,
    0.0435170110510987,
    0.04115234154634077,
    0.03941505859073519,
    0.03673694754327595,
    0.0358147362356954,
    0.03327206569754584,
    0.03165426421442647,
    0.030320239091492528,
    0.028337592353634672,
    0.026773136801392507,
    0.026196203363364694,
    0.025130944671088562,
    0.023573573400698385,
    0.022713995132092418,
    0.02107399512856748,
    0.019854174285873966,
    0.0190177820337931,
    0.018304889873240155,
    0.01749266017582695,
    0.016578630326519628,
    0.01613629416495689,
    0.015255348573685497,
    0.014329757426748878,
    0.01385515652882838,
    0.013384055117585345,
    0.012179594759150921
  ],
  "metrics": {
    "both": {
      "optimistic": {
        "adjusted_arithmetic_mean_rank": 0.9387637669635671,
        "adjusted_arithmetic_mean_rank_index": 0.061262031158645924,
        "adjusted_hits_at_1": -0.00021066886899837758,
        "adjusted_hits_at_10": -0.002110690601199618,
        "adjusted_hits_at_3": -0.0006322730074738982,
        "adjusted_hits_at_5": -0.0010542327210519083,
        "adjusted_inverse_harmonic_mean_rank": -0.0004780389653360768,
        "arithmetic_mean_rank": 2229.2543103448274,
        "count": 232.0,
        "geometric_mean_rank": 1646.3958878464755,
        "harmonic_mean_rank": 765.6773753334888,
        "hits_at_1": 0.0,
        "hits_at_10": 0.0,
        "hits_at_3": 0.0,
        "hits_at_5": 0.0,
        "inverse_arithmetic_mean_rank": 0.000448580494095946,
        "inverse_geometric_mean_rank": 0.0006073873285167297,
        "inverse_harmonic_mean_rank": 0.0013060331050848309,
        "inverse_median_rank": 0.0005018820577164366,
        "median_absolute_deviation": 1809.5160076860873,
        "median_rank": 1992.5,
        "standard_deviation": 1374.4731717939862,
        "variance": 1889176.4999814208,
        "z_arithmetic_mean_rank": -2229.2543103448274,
        "z_hits_at_1": 0.0,
        "z_hits_at_10": 0.0,
        "z_hits_at_3": 0.0,
        "z_hits_at_5": 0.0,
        "z_inverse_harmonic_mean_rank": 0.0013060331050848309
      },
      "pessimistic": {
        "adjusted_arithmetic_mean_rank": 0.9387637669635671,
        "adjusted_arithmetic_mean_rank_index": 0.061262031158645924,
        "adjusted_hits_at_1": -0.00021066886899837758,
        "adjusted_hits_at_10": -0.002110690601199618,
        "adjusted_hits_at_3": -0.0006322730074738982,
        "adjusted_hits_at_5": -0.0010542327210519083,
        "adjusted_inverse_harmonic_mean_rank": -0.0004780389653360768,
        "arithmetic_mean_rank": 2229.2543103448274,
        "count": 232.0,
        "geometric_mean_rank": 1646.3958878464755,
        "harmonic_mean_rank": 765.6773753334888,
        "hits_at_1": 0.0,
        "hits_at_10": 0.0,
        "hits_at_3": 0.0,
        "hits_at_5": 0.0,
        "inverse_arithmetic_mean_rank": 0.000448580494095946,
        "inverse_geometric_mean_rank": 0.0006073873285167297,
        "inverse_harmonic_mean_rank": 0.0013060331050848309,
        "inverse_median_rank": 0.0005018820577164366,
        "median_absolute_deviation": 1809.5160076860873,
        "median_rank": 1992.5,
        "standard_deviation": 1374.4731717939862,
        "variance": 1889176.4999814208,
        "z_arithmetic_mean_rank": -2229.2543103448274,
        "z_hits_at_1": 0.0,
        "z_hits_at_10": 0.0,
        "z_hits_at_3": 0.0,
        "z_hits_at_5": 0.0,
        "z_inverse_harmonic_mean_rank": 0.0013060331050848309
      },
      "realistic": {
        "adjusted_arithmetic_mean_rank": 0.9387638024154054,
        "adjusted_arithmetic_mean_rank_index": 0.061261995691872295,
        "adjusted_hits_at_1": -0.00021066886899837758,
        "adjusted_hits_at_10": -0.002110690601199618,
        "adjusted_hits_at_3": -0.0006322730074738982,
        "adjusted_hits_at_5": -0.0010542327210519083,
        "adjusted_inverse_harmonic_mean_rank": -0.0004780389873830875,
        "arithmetic_mean_rank": 2229.25439453125,
        "count": 232.0,
        "geometric_mean_rank": 1646.3968505859375,
        "harmonic_mean_rank": 765.6773882357616,
        "hits_at_1": 0.0,
        "hits_at_10": 0.0,
        "hits_at_3": 0.0,
        "hits_at_5": 0.0,
        "inverse_arithmetic_mean_rank": 0.0004485804820433259,
        "inverse_geometric_mean_rank": 0.0006073869881220162,
        "inverse_harmonic_mean_rank": 0.0013060330830771349,
        "inverse_median_rank": 0.0005018820520490408,
        "median_absolute_deviation": 1809.5160076860873,
        "median_rank": 1992.5,
        "standard_deviation": 1374.47314453125,
        "variance": 1889176.5,
        "z_arithmetic_mean_rank": -2229.25439453125,
        "z_hits_at_1": 0.0,
        "z_hits_at_10": 0.0,
        "z_hits_at_3": 0.0,
        "z_hits_at_5": 0.0,
        "z_inverse_harmonic_mean_rank": 0.0013060330830771349
      }
    },
    "head": {
      "optimistic": {
        "adjusted_arithmetic_mean_rank": 1.0956104224219658,
        "adjusted_arithmetic_mean_rank_index": -0.09565110845625635,
        "adjusted_hits_at_1": -0.00021277704780802407,
        "adjusted_hits_at_10": -0.00213185296249773,
        "adjusted_hits_at_3": -0.0006386029035051311,
        "adjusted_hits_at_5": -0.0010647914918007462,
        "adjusted_inverse_harmonic_mean_rank": -0.0009687021971753083,
        "arithmetic_mean_rank": 2575.7327586206898,
        "count": 116.0,
        "geometric_mean_rank": 2069.984485999087,
        "harmonic_mean_rank": 1201.7514898551385,
        "hits_at_1": 0.0,
        "hits_at_10": 0.0,
        "hits_at_3": 0.0,
        "hits_at_5": 0.0,
        "inverse_arithmetic_mean_rank": 0.00038823903475743426,
        "inverse_geometric_mean_rank": 0.00048309540808821357,
        "inverse_harmonic_mean_rank": 0.0008321187936455497,
        "inverse_median_rank": 0.0003651634106262553,
        "median_absolute_deviation": 1834.7202454006824,
        "median_rank": 2738.5,
        "standard_deviation": 1356.1799059131995,
        "variance": 1839223.9372027346,
        "z_arithmetic_mean_rank": -2575.7327586206898,
        "z_hits_at_1": 0.0,
        "z_hits_at_10": 0.0,
        "z_hits_at_3": 0.0,
        "z_hits_at_5": 0.0,
        "z_inverse_harmonic_mean_rank": 0.0008321187936455497
      },
      "pessimistic": {
        "adjusted_arithmetic_mean_rank": 1.0956104224219658,
        "adjusted_arithmetic_mean_rank_index": -0.09565110845625635,
        "adjusted_hits_at_1": -0.00021277704780802407,
        "adjusted_hits_at_10": -0.00213185296249773,
        "adjusted_hits_at_3": -0.0006386029035051311,
        "adjusted_hits_at_5": -0.0010647914918007462,
        "adjusted_inverse_harmonic_mean_rank": -0.0009687021971753083,
        "arithmetic_mean_rank": 2575.7327586206898,
        "count": 116.0,
        "geometric_mean_rank": 2069.984485999087,
        "harmonic_mean_rank": 1201.7514898551385,
        "hits_at_1": 0.0,
        "hits_at_10": 0.0,
        "hits_at_3": 0.0,
        "hits_at_5": 0.0,
        "inverse_arithmetic_mean_rank": 0.00038823903475743426,
        "inverse_geometric_mean_rank": 0.00048309540808821357,
        "inverse_harmonic_mean_rank": 0.0008321187936455497,
        "inverse_median_rank": 0.0003651634106262553,
        "median_absolute_deviation": 1834.7202454006824,
        "median_rank": 2738.5,
        "standard_deviation": 1356.1799059131995,
        "variance": 1839223.9372027346,
        "z_arithmetic_mean_rank": -2575.7327586206898,
        "z_hits_at_1": 0.0,
        "z_hits_at_10": 0.0,
        "z_hits_at_3": 0.0,
        "z_hits_at_5": 0.0,
        "z_inverse_harmonic_mean_rank": 0.0008321187936455497
      },
      "realistic": {
        "adjusted_arithmetic_mean_rank": 1.0956103830315929,
        "adjusted_arithmetic_mean_rank_index": -0.09565106904912124,
        "adjusted_hits_at_1": -0.00021277704780802407,
        "adjusted_hits_at_10": -0.00213185296249773,