{
  "losses": [
    0.003933832745704323,
    0.0039034912756431674,
    0.0038425631780925093,
    0.0037197649347790874,
    0.003483100506744578,
    0.0032685986638633373,
    0.003115287272741489,
    0.0030404917757222353,
    0.0029697323169686637,
    0.0028958559735569427,
    0.002825865395251421,
    0.0027773725248227063,
    0.00277222406783904,
    0.0027773670336141815,
    0.002758758651058751,
    0.0027573774054991183,
    0.002732966456538192,
    0.0027091502706238957,
    0.0027103714486470453,
    0.0026984750115945336,
    0.0026658737661838373,
    0.0026495587499163467,
    0.0026562194467886205,
    0.0026331228833541527,
    0.002607373470195523,
    0.0026229796079975487,
    0.00259636102235442,
    0.0025631778757219813,
    0.0025830436695353934,
    0.002580180695657531
  ],
  "metrics": {
    "both": {
      "optimistic": {
        "adjusted_arithmetic_mean_rank": 1.2947803131670697,
        "adjusted_arithmetic_mean_rank_index": -0.2949158776553731,
        "adjusted_hits_at_1": -0.00022997208989089375,
        "adjusted_hits_at_10": -0.002304490615616002,
        "adjusted_hits_at_3": -0.0006902337386634684,
        "adjusted_hits_at_5": -0.0011509191665986212,
        "adjusted_inverse_harmonic_mean_rank": -0.0005482596510613043,
        "arithmetic_mean_rank": 2816.75,
        "count": 232.0,
        "geometric_mean_rank": 1906.2790247828484,
        "harmonic_mean_rank": 725.0435898926078,
        "hits_at_1": 0.0,
        "hits_at_10": 0.0,
        "hits_at_3": 0.0,
        "hits_at_5": 0.0,
        "inverse_arithmetic_mean_rank": 0.0003550190822756723,
        "inverse_geometric_mean_rank": 0.0005245821765855677,
        "inverse_harmonic_mean_rank": 0.0013792274201722386,
        "inverse_median_rank": 0.0002588661661920787,
        "median_absolute_deviation": 788.7443802449802,
        "median_rank": 3863.0,
        "standard_deviation": 1703.651501187963,
        "variance": 2902428.4375,
        "z_arithmetic_mean_rank": -2816.75,
        "z_hits_at_1": 0.0,
        "z_hits_at_10": 0.0,
        "z_hits_at_3": 0.0,
        "z_hits_at_5": 0.0,
        "z_inverse_harmonic_mean_rank": 0.0013792274201722386
      },
      "pessimistic": {
        "adjusted_arithmetic_mean_rank": 1.2947803131670697,
        "adjusted_arithmetic_mean_rank_index": -0.2949158776553731,
        "adjusted_hits_at_1": -0.00022997208989089375,
        "adjusted_hits_at_10": -0.002304490615616002,
        "adjusted_hits_at_3": -0.0006902337386634684,
        "adjusted_hits_at_5": -0.0011509191665986212,
        "adjusted_inverse_harmonic_mean_rank": -0.0005482596510613043,
        "arithmetic_mean_rank": 2816.75,
        "count": 232.0,
        "geometric_mean_rank": 1906.2790247828484,
        "harmonic_mean_rank": 725.0435898926078,
        "hits_at_1": 0.0,
        "hits_at_10": 0.0,
        "hits_at_3": 0.0,
        "hits_at_5": 0.0,
        "inverse_arithmetic_mean_rank": 0.0003550190822756723,
        "inverse_geometric_mean_rank": 0.0005245821765855677,
        "inverse_harmonic_mean_rank": 0.0013792274201722386,
        "inverse_median_rank": 0.0002588661661920787,
        "median_absolute_deviation": 788.7443802449802,
        "median_rank": 3863.0,
        "standard_deviation": 1703.651501187963,
        "variance": 2902428.4375,
        "z_arithmetic_mean_rank": -2816.75,
        "z_hits_at_1": 0.0,
        "z_hits_at_10": 0.0,
        "z_hits_at_3": 0.0,
        "z_hits_at_5": 0.0,
        "z_inverse_harmonic_mean_rank": 0.0013792274201722386
      },
      "realistic": {
        "adjusted_arithmetic_mean_rank": 1.2947803131670697,
        "adjusted_arithmetic_mean_rank_index": -0.2949158776553731,
        "adjusted_hits_at_1": -0.00022997208989089375,
        "adjusted_hits_at_10": -0.002304490615616002,
        "adjusted_hits_at_3": -0.0006902337386634684,
        "adjusted_hits_at_5": -0.0011509191665986212,
        "adjusted_inverse_harmonic_mean_rank": -0.0005482596127567236,
        "arithmetic_mean_rank": 2816.75,
        "count": 232.0,
        "geometric_mean_rank": 1906.278076171875,
        "harmonic_mean_rank": 725.0435697951331,
        "hits_at_1": 0.0,
        "hits_at_10": 0.0,
        "hits_at_3": 0.0,
        "hits_at_5": 0.0,
        "inverse_arithmetic_mean_rank": 0.0003550190886016935,
        "inverse_geometric_mean_rank": 0.000524582457728684,
        "inverse_harmonic_mean_rank": 0.0013792274584030282,
        "inverse_median_rank": 0.0002588661736808717,
        "median_absolute_deviation": 788.7443802449802,
        "median_rank": 3863.0,
        "standard_deviation": 1703.6514892578125,
        "variance": 2902428.5,
        "z_arithmetic_mean_rank": -2816.75,
        "z_hits_at_1": 0.0,
        "z_hits_at_10": 0.0,
        "z_hits_at_3": 0.0,
        "z_hits_at_5": 0.0,
        "z_inverse_harmonic_mean_rank": 0.0013792274584030282
      }
    },
    "head": {
      "optimistic": {
        "adjusted_arithmetic_mean_rank": 0.6169726753332629,
        "adjusted_arithmetic_mean_rank_index": 0.3832053491295375,
        "adjusted_hits_at_1": -0.0002324012996594279,
        "adjusted_hits_at_10": -0.002328884117855992,
        "adjusted_hits_at_3": -0.0006975281118577733,
        "adjusted_hits_at_5": -0.0011630877106794588,
        "adjusted_inverse_harmonic_mean_rank": 0.00058250203258398,
        "arithmetic_mean_rank": 1328.0603448275863,
        "count": 116.0,
        "geometric_mean_rank": 844.6053678321921,
        "harmonic_mean_rank": 395.90443656840927,
        "hits_at_1": 0.0,
        "hits_at_10": 0.0,
        "hits_at_3": 0.0,
        "hits_at_5": 0.0,
        "inverse_arithmetic_mean_rank": 0.0007529778325922559,
        "inverse_geometric_mean_rank": 0.0011839848976648725,
        "inverse_harmonic_mean_rank": 0.0025258620708262956,
        "inverse_median_rank": 0.001183431952662722,
        "median_absolute_deviation": 696.8230426976329,
        "median_rank": 845.0,
        "standard_deviation": 1161.1832051892907,
        "variance": 1348346.4360136744,
        "z_arithmetic_mean_rank": -1328.0603448275863,
        "z_hits_at_1": 0.0,
        "z_hits_at_10": 0.0,
        "z_hits_at_3": 0.0,
        "z_hits_at_5": 0.0,
        "z_inverse_harmonic_mean_rank": 0.0025258620708262956
      },
      "pessimistic": {
        "adjusted_arithmetic_mean_rank": 0.6169726753332629,
        "adjusted_arithmetic_mean_rank_index": 0.3832053491295375,
        "adjusted_hits_at_1": -0.0002324012996594279,
        "adjusted_hits_at_10": -0.002328884117855992,
        "adjusted_hits_at_3": -0.0006975281118577733,
        "adjusted_hits_at_5": -0.0011630877106794588,
        "adjusted_inverse_harmonic_mean_rank": 0.00058250203258398,
        "arithmetic_mean_rank": 1328.0603448275863,
        "count": 116.0,
        "geometric_mean_rank": 844.6053678321921,
        "harmonic_mean_rank": 395.90443656840927,
        "hits_at_1": 0.0,
        "hits_at_10": 0.0,
        "hits_at_3": 0.0,
        "hits_at_5": 0.0,
        "inverse_arithmetic_mean_rank": 0.0007529778325922559,
        "inverse_geometric_mean_rank": 0.0011839848976648725,
        "inverse_harmonic_mean_rank": 0.0025258620708262956,
        "inverse_median_rank": 0.001183431952662722,
        "median_absolute_deviation": 696.8230426976329,
        "median_rank": 845.0,
        "standard_deviation": 1161.1832051892907,
        "variance": 1348346.4360136744,
        "z_arithmetic_mean_rank": -1328.0603448275863,
        "z_hits_at_1": 0.0,
        "z_hits_at_10": 0.0,
        "z_hits_at_3": 0.0,
        "z_hits_at_5": 0.0,
        "z_inverse_harmonic_mean_rank": 0.0025258620708262956
      },
      "realistic": {
        "adjusted_arithmetic_mean_rank": 0.6169726557781566,
        "adjusted_arithmetic_mean_rank_index": 0.38320536869373256,
        "adjusted_hits_at_1": -0.0002324012996594279,
        "adjusted_hits_at_10": -0.002328884117855992,
        "adjusted_hits_at_3": -0.0006975281118577733,