{
  "losses": [
    0.005047925980311538,
    0.004630874891327537,
    0.004406838256210878,
    0.004059263737422133,
    0.003906558580489471,
    0.00368396985627009,
    0.0035494137514385333,
    0.0034288475771092086,
    0.0032880342044033103,
    0.003193433690361957,
    0.0031118319595776337,
    0.003022666033423191,
    0.002981860723807632,
    0.0028983074763196124,
    0.0028510361574115885,
    0.002828726259265516,
    0.0027504263699162,
    0.00273355909780092,
    0.0027071331772881503,
    0.0026394716183921986,
    0.0025974685736842398,
    0.0025780406620302056,
    0.0025421451206295007,
    0.002508046555364937,
    0.0024752631583823165,
    0.002440301464141333,
    0.0024639506132139713,
    0.0024084079647833457,
    0.0023911804423698718,
    0.0023315640363953255
  ],
  "metrics": {
    "both": {
      "optimistic": {
        "adjusted_arithmetic_mean_rank": 0.6695266477356788,
        "adjusted_arithmetic_mean_rank_index": 0.33062541532679834,
        "adjusted_hits_at_1": -0.00023010141548593596,
        "adjusted_hits_at_10": 0.0020144943311466747,
        "adjusted_hits_at_3": -0.0006906220726907919,
        "adjusted_hits_at_5": 0.0031637414921849207,
        "adjusted_inverse_harmonic_mean_rank": 0.0020100555210448767,
        "arithmetic_mean_rank": 1455.728448275862,
        "count": 232.0,
        "geometric_mean_rank": 842.3509938989584,
        "harmonic_mean_rank": 254.22332503920927,
        "hits_at_1": 0.0,
        "hits_at_10": 0.004310344827586207,
        "hits_at_3": 0.0,
        "hits_at_5": 0.004310344827586207,
        "inverse_arithmetic_mean_rank": 0.0006869413050108223,
        "inverse_geometric_mean_rank": 0.0011871535823461637,
        "inverse_harmonic_mean_rank": 0.003933549369813995,
        "inverse_median_rank": 0.0008340283569641367,
        "median_absolute_deviation": 1275.7792090240705,
        "median_rank": 1199.0,
        "standard_deviation": 1210.214247725415,
        "variance": 1464618.525397592,
        "z_arithmetic_mean_rank": -1455.728448275862,
        "z_hits_at_1": 0.0,
        "z_hits_at_10": 0.004310344827586207,
        "z_hits_at_3": 0.0,
        "z_hits_at_5": 0.004310344827586207,
        "z_inverse_harmonic_mean_rank": 0.003933549369813995
      },
      "pessimistic": {
        "adjusted_arithmetic_mean_rank": 0.6695266477356788,
        "adjusted_arithmetic_mean_rank_index": 0.33062541532679834,
        "adjusted_hits_at_1": -0.00023010141548593596,
        "adjusted_hits_at_10": 0.0020144943311466747,
        "adjusted_hits_at_3": -0.0006906220726907919,
        "adjusted_hits_at_5": 0.0031637414921849207,
        "adjusted_inverse_harmonic_mean_rank": 0.0020100555210448767,
        "arithmetic_mean_rank": 1455.728448275862,
        "count": 232.0,
        "geometric_mean_rank": 842.3509938989584,
        "harmonic_mean_rank": 254.22332503920927,
        "hits_at_1": 0.0,
        "hits_at_10": 0.004310344827586207,
        "hits_at_3": 0.0,
        "hits_at_5": 0.004310344827586207,
        "inverse_arithmetic_mean_rank": 0.0006869413050108223,
        "inverse_geometric_mean_rank": 0.0011871535823461637,
        "inverse_harmonic_mean_rank": 0.003933549369813995,
        "inverse_median_rank": 0.0008340283569641367,
        "median_absolute_deviation": 1275.7792090240705,
        "median_rank": 1199.0,
        "standard_deviation": 1210.214247725415,
        "variance": 1464618.525397592,
        "z_arithmetic_mean_rank": -1455.728448275862,
        "z_hits_at_1": 0.0,
        "z_hits_at_10": 0.004310344827586207,
        "z_hits_at_3": 0.0,
        "z_hits_at_5": 0.004310344827586207,
        "z_inverse_harmonic_mean_rank": 0.003933549369813995
      },
      "realistic": {
        "adjusted_arithmetic_mean_rank": 0.6695266225680148,
        "adjusted_arithmetic_mean_rank_index": 0.33062544050604303,
        "adjusted_hits_at_1": -0.00023010141548593596,
        "adjusted_hits_at_10": 0.0020144943311466747,
        "adjusted_hits_at_3": -0.0006906220726907919,
        "adjusted_hits_at_5": 0.0031637414921849207,
        "adjusted_inverse_harmonic_mean_rank": 0.0020100555925088924,
        "arithmetic_mean_rank": 1455.7283935546875,
        "count": 232.0,
        "geometric_mean_rank": 842.3507690429688,
        "harmonic_mean_rank": 254.2233204294277,
        "hits_at_1": 0.0,
        "hits_at_10": 0.004310344827586207,
        "hits_at_3": 0.0,
        "hits_at_5": 0.004310344827586207,
        "inverse_arithmetic_mean_rank": 0.0006869413191452622,
        "inverse_geometric_mean_rank": 0.001187153859063983,
        "inverse_harmonic_mean_rank": 0.003933549441140273,
        "inverse_median_rank": 0.0008340283529832959,
        "median_absolute_deviation": 1275.7792090240705,
        "median_rank": 1199.0,
        "standard_deviation": 1210.2142333984375,
        "variance": 1464618.5,
        "z_arithmetic_mean_rank": -1455.7283935546875,
        "z_hits_at_1": 0.0,
        "z_hits_at_10": 0.004310344827586207,
        "z_hits_at_3": 0.0,
        "z_hits_at_5": 0.004310344827586207,
        "z_inverse_harmonic_mean_rank": 0.003933549441140273
      }
    },
    "head": {
      "optimistic": {
        "adjusted_arithmetic_mean_rank": 0.8951430506697119,
        "adjusted_arithmetic_mean_rank_index": 0.10490573956725024,
        "adjusted_hits_at_1": -0.00023266039854272065,
        "adjusted_hits_at_10": 0.006309302686734694,
        "adjusted_hits_at_3": -0.0006983061319941112,
        "adjusted_hits_at_5": 0.007466341843825859,
        "adjusted_inverse_harmonic_mean_rank": 0.001654736471331294,
        "arithmetic_mean_rank": 1924.6810344827586,
        "count": 116.0,
        "geometric_mean_rank": 1302.7315874819064,
        "harmonic_mean_rank": 277.9380204303597,
        "hits_at_1": 0.0,
        "hits_at_10": 0.008620689655172414,
        "hits_at_3": 0.0,
        "hits_at_5": 0.008620689655172414,
        "inverse_arithmetic_mean_rank": 0.000519566609783081,
        "inverse_geometric_mean_rank": 0.0007676178344097217,
        "inverse_harmonic_mean_rank": 0.003597924452550962,
        "inverse_median_rank": 0.0005284015852047556,
        "median_absolute_deviation": 1767.2618444586776,
        "median_rank": 1892.5,
        "standard_deviation": 1270.1212445460494,
        "variance": 1613207.9758472054,
        "z_arithmetic_mean_rank": -1924.6810344827586,
        "z_hits_at_1": 0.0,
        "z_hits_at_10": 0.008620689655172414,
        "z_hits_at_3": 0.0,
        "z_hits_at_5": 0.008620689655172414,
        "z_inverse_harmonic_mean_rank": 0.003597924452550962
      },
      "pessimistic": {
        "adjusted_arithmetic_mean_rank": 0.8951430506697119,
        "adjusted_arithmetic_mean_rank_index": 0.10490573956725024,
        "adjusted_hits_at_1": -0.00023266039854272065,
        "adjusted_hits_at_10": 0.006309302686734694,
        "adjusted_hits_at_3": -0.0006983061319941112,
        "adjusted_hits_at_5": 0.007466341843825859,
        "adjusted_inverse_harmonic_mean_rank": 0.001654736471331294,
        "arithmetic_mean_rank": 1924.6810344827586,
        "count": 116.0,
        "geometric_mean_rank": 1302.7315874819064,
        "harmonic_mean_rank": 277.9380204303597,
        "hits_at_1": 0.0,
        "hits_at_10": 0.008620689655172414,
        "hits_at_3": 0.0,
        "hits_at_5": 0.008620689655172414,
        "inverse_arithmetic_mean_rank": 0.000519566609783081,
        "inverse_geometric_mean_rank": 0.0007676178344097217,
        "inverse_harmonic_mean_rank": 0.003597924452550962,
        "inverse_median_rank": 0.0005284015852047556,
        "median_absolute_deviation": 1767.2618444586776,
        "median_rank": 1892.5,
        "standard_deviation": 1270.1212445460494,
        "variance": 1613207.9758472054,
        "z_arithmetic_mean_rank": -1924.6810344827586,
        "z_hits_at_1": 0.0,
        "z_hits_at_10": 0.008620689655172414,
        "z_hits_at_3": 0.0,
        "z_hits_at_5": 0.008620689655172414,