{
  "losses": [
    0.0039278672350366054,
    0.0036259179957333697,
    0.0022041151487193944,
    0.0012917436803867718,
    0.0009857008911499888,
    0.0008171302619739164,
    0.0007242615994084129,
    0.0006092954599597471,
    0.000528834882867105,
    0.0004717031216019035,
    0.0004133317915330481,
    0.0003893976183913007,
    0.0003556836423524403,
    0.00035129408344937343,
    0.0003143749345394701,
    0.00028884409318470286,
    0.0002822720860848466,
    0.0002618454844723081,
    0.0002443888113841352,
    0.00024342832719434954,
    0.0002311330402138217,
    0.00022360477138341217,
    0.00021869424847505638,
    0.00021287345010001266,
    0.00019605621101001795,
    0.00020248713736060968,
    0.00019999007559638764,
    0.00018424794458324182,
    0.00018597664305940642,
    0.00018890743033284863
  ],
  "metrics": {
    "both": {
      "optimistic": {
        "adjusted_arithmetic_mean_rank": 1.16146031840588,
        "adjusted_arithmetic_mean_rank_index": -0.16153459845118334,
        "adjusted_hits_at_1": 0.017015288073418317,
        "adjusted_hits_at_10": 0.0279366210177069,
        "adjusted_hits_at_3": 0.025189435535063535,
        "adjusted_hits_at_5": 0.024740496957876508,
        "adjusted_inverse_harmonic_mean_rank": 0.02256037828005277,
        "arithmetic_mean_rank": 2525.793103448276,
        "count": 232.0,
        "geometric_mean_rank": 1467.5608868798577,
        "harmonic_mean_rank": 40.90991011824712,
        "hits_at_1": 0.017241379310344827,
        "hits_at_10": 0.03017241379310345,
        "hits_at_3": 0.02586206896551724,
        "hits_at_5": 0.02586206896551724,
        "inverse_arithmetic_mean_rank": 0.00039591524683267804,
        "inverse_geometric_mean_rank": 0.0006814027335697624,
        "inverse_harmonic_mean_rank": 0.02444395495149153,
        "inverse_median_rank": 0.00037629350893697084,
        "median_absolute_deviation": 2103.0712469501964,
        "median_rank": 2657.5,
        "standard_deviation": 1511.3283721855842,
        "variance": 2284113.4485731274,
        "z_arithmetic_mean_rank": -2525.793103448276,
        "z_hits_at_1": 0.017241379310344827,
        "z_hits_at_10": 0.03017241379310345,
        "z_hits_at_3": 0.02586206896551724,
        "z_hits_at_5": 0.02586206896551724,
        "z_inverse_harmonic_mean_rank": 0.02444395495149153
      },
      "pessimistic": {
        "adjusted_arithmetic_mean_rank": 1.16146031840588,
        "adjusted_arithmetic_mean_rank_index": -0.16153459845118334,
        "adjusted_hits_at_1": 0.017015288073418317,
        "adjusted_hits_at_10": 0.0279366210177069,
        "adjusted_hits_at_3": 0.025189435535063535,
        "adjusted_hits_at_5": 0.024740496957876508,
        "adjusted_inverse_harmonic_mean_rank": 0.02256037828005277,
        "arithmetic_mean_rank": 2525.793103448276,
        "count": 232.0,
        "geometric_mean_rank": 1467.5608868798577,
        "harmonic_mean_rank": 40.90991011824712,
        "hits_at_1": 0.017241379310344827,
        "hits_at_10": 0.03017241379310345,
        "hits_at_3": 0.02586206896551724,
        "hits_at_5": 0.02586206896551724,
        "inverse_arithmetic_mean_rank": 0.00039591524683267804,
        "inverse_geometric_mean_rank": 0.0006814027335697624,
        "inverse_harmonic_mean_rank": 0.02444395495149153,
        "inverse_median_rank": 0.00037629350893697084,
        "median_absolute_deviation": 2103.0712469501964,
        "median_rank": 2657.5,
        "standard_deviation": 1511.3283721855842,
        "variance": 2284113.4485731274,
        "z_arithmetic_mean_rank": -2525.793103448276,
        "z_hits_at_1": 0.017241379310344827,
        "z_hits_at_10": 0.03017241379310345,
        "z_hits_at_3": 0.02586206896551724,
        "z_hits_at_5": 0.02586206896551724,
        "z_inverse_harmonic_mean_rank": 0.02444395495149153
      },
      "realistic": {
        "adjusted_arithmetic_mean_rank": 1.1614603687318332,
        "adjusted_arithmetic_mean_rank_index": -0.16153464880028912,
        "adjusted_hits_at_1": 0.017015288073418317,
        "adjusted_hits_at_10": 0.0279366210177069,
        "adjusted_hits_at_3": 0.025189435535063535,
        "adjusted_hits_at_5": 0.024740496957876508,
        "adjusted_inverse_harmonic_mean_rank": 0.022560378586172297,
        "arithmetic_mean_rank": 2525.793212890625,
        "count": 232.0,
        "geometric_mean_rank": 1467.5601806640625,
        "harmonic_mean_rank": 40.90990960690642,
        "hits_at_1": 0.017241379310344827,
        "hits_at_10": 0.03017241379310345,
        "hits_at_3": 0.02586206896551724,
        "hits_at_5": 0.02586206896551724,
        "inverse_arithmetic_mean_rank": 0.00039591523818671703,
        "inverse_geometric_mean_rank": 0.0006814030348323286,
        "inverse_harmonic_mean_rank": 0.024443955257021147,
        "inverse_median_rank": 0.00037629352300427854,
        "median_absolute_deviation": 2103.0712469501964,
        "median_rank": 2657.5,
        "standard_deviation": 1511.328369140625,
        "variance": 2284113.5,
        "z_arithmetic_mean_rank": -2525.793212890625,
        "z_hits_at_1": 0.017241379310344827,
        "z_hits_at_10": 0.03017241379310345,
        "z_hits_at_3": 0.02586206896551724,
        "z_hits_at_5": 0.02586206896551724,
        "z_inverse_harmonic_mean_rank": 0.024443955257021147
      }
    },
    "head": {
      "optimistic": {
        "adjusted_arithmetic_mean_rank": 1.1951417579693804,
        "adjusted_arithmetic_mean_rank_index": -0.19523252340203445,
        "adjusted_hits_at_1": 0.03425820617679744,
        "adjusted_hits_at_10": 0.0408733051391481,
        "adjusted_hits_at_3": 0.04243549504712057,
        "adjusted_hits_at_5": 0.04198967458800291,
        "adjusted_inverse_harmonic_mean_rank": 0.038601703787825264,
        "arithmetic_mean_rank": 2570.698275862069,
        "count": 116.0,
        "geometric_mean_rank": 1457.4753517869094,
        "harmonic_mean_rank": 24.708226536048585,
        "hits_at_1": 0.034482758620689655,
        "hits_at_10": 0.04310344827586207,
        "hits_at_3": 0.04310344827586207,
        "hits_at_5": 0.04310344827586207,
        "inverse_arithmetic_mean_rank": 0.0003889993661993085,
        "inverse_geometric_mean_rank": 0.0006861179496270516,
        "inverse_harmonic_mean_rank": 0.040472350313812654,
        "inverse_median_rank": 0.0003707136237256719,
        "median_absolute_deviation": 1829.5311376359127,
        "median_rank": 2697.5,
        "standard_deviation": 1439.2447086497618,
        "variance": 2071425.3313763381,
        "z_arithmetic_mean_rank": -2570.698275862069,
        "z_hits_at_1": 0.034482758620689655,
        "z_hits_at_10": 0.04310344827586207,
        "z_hits_at_3": 0.04310344827586207,
        "z_hits_at_5": 0.04310344827586207,
        "z_inverse_harmonic_mean_rank": 0.040472350313812654
      },
      "pessimistic": {
        "adjusted_arithmetic_mean_rank": 1.1951417579693804,
        "adjusted_arithmetic_mean_rank_index": -0.19523252340203445,
        "adjusted_hits_at_1": 0.03425820617679744,
        "adjusted_hits_at_10": 0.0408733051391481,
        "adjusted_hits_at_3": 0.04243549504712057,
        "adjusted_hits_at_5": 0.04198967458800291,
        "adjusted_inverse_harmonic_mean_rank": 0.038601703787825264,
        "arithmetic_mean_rank": 2570.698275862069,
        "count": 116.0,
        "geometric_mean_rank": 1457.4753517869094,
        "harmonic_mean_rank": 24.708226536048585,
        "hits_at_1": 0.034482758620689655,
        "hits_at_10": 0.04310344827586207,
        "hits_at_3": 0.04310344827586207,
        "hits_at_5": 0.04310344827586207,
        "inverse_arithmetic_mean_rank": 0.0003889993661993085,
        "inverse_geometric_mean_rank": 0.0006861179496270516,
        "inverse_harmonic_mean_rank": 0.040472350313812654,
        "inverse_median_rank": 0.0003707136237256719,
        "median_absolute_deviation": 1829.5311376359127,
        "median_rank": 2697.5,
        "standard_deviation": 1439.2447086497618,