{
  "losses": [
    0.057086552582488966,
    0.05047850071307095,
    0.04608261222068838,
    0.041923682011490576,
    0.039379423311985094,
    0.03630849687459191,
    0.03373236929875248,
    0.03201456520050559,
    0.029724191406648736,
    0.027509535513641947,
    0.025849139640334605,
    0.0244081768462852,
    0.022395389984865267,
    0.02143604050842208,
    0.02038465812280809,
    0.019429989953286153,
    0.018422185464760724,
    0.01703062261567816,
    0.016551983943741112,
    0.015364738203956162,
    0.014592156268129285,
    0.01367542894830164,
    0.012733045716848653,
    0.012793282144634368,
    0.011950840148025573,
    0.011059264343314612,
    0.01045667643579163,
    0.009928629617835354,
    0.009518584778496254,
    0.00926276555292432
  ],
  "metrics": {
    "both": {
      "optimistic": {
        "adjusted_arithmetic_mean_rank": 0.9210396745009987,
        "adjusted_arithmetic_mean_rank_index": 0.07899663154211267,
        "adjusted_hits_at_1": -0.0002299303187033594,
        "adjusted_hits_at_10": -0.0023040711693982485,
        "adjusted_hits_at_3": -0.0006901083097572828,
        "adjusted_hits_at_5": -0.0011507099259168018,
        "adjusted_inverse_harmonic_mean_rank": -0.0007027569365465365,
        "arithmetic_mean_rank": 2004.0474137931035,
        "count": 232.0,
        "geometric_mean_rank": 1526.531981828035,
        "harmonic_mean_rank": 816.5098780575096,
        "hits_at_1": 0.0,
        "hits_at_10": 0.0,
        "hits_at_3": 0.0,
        "hits_at_5": 0.0,
        "inverse_arithmetic_mean_rank": 0.0004989901901109608,
        "inverse_geometric_mean_rank": 0.0006550796261749404,
        "inverse_harmonic_mean_rank": 0.0012247249260217358,
        "inverse_median_rank": 0.0005181347150259067,
        "median_absolute_deviation": 1427.7459364208946,
        "median_rank": 1930.0,
        "standard_deviation": 1171.4827299388735,
        "variance": 1372371.7865450357,
        "z_arithmetic_mean_rank": -2004.0474137931035,
        "z_hits_at_1": 0.0,
        "z_hits_at_10": 0.0,
        "z_hits_at_3": 0.0,
        "z_hits_at_5": 0.0,
        "z_inverse_harmonic_mean_rank": 0.0012247249260217358
      },
      "pessimistic": {
        "adjusted_arithmetic_mean_rank": 0.9210396745009987,
        "adjusted_arithmetic_mean_rank_index": 0.07899663154211267,
        "adjusted_hits_at_1": -0.0002299303187033594,
        "adjusted_hits_at_10": -0.0023040711693982485,
        "adjusted_hits_at_3": -0.0006901083097572828,
        "adjusted_hits_at_5": -0.0011507099259168018,
        "adjusted_inverse_harmonic_mean_rank": -0.0007027569365465365,
        "arithmetic_mean_rank": 2004.0474137931035,
        "count": 232.0,
        "geometric_mean_rank": 1526.531981828035,
        "harmonic_mean_rank": 816.5098780575096,
        "hits_at_1": 0.0,
        "hits_at_10": 0.0,
        "hits_at_3": 0.0,
        "hits_at_5": 0.0,
        "inverse_arithmetic_mean_rank": 0.0004989901901109608,
        "inverse_geometric_mean_rank": 0.0006550796261749404,
        "inverse_harmonic_mean_rank": 0.0012247249260217358,
        "inverse_median_rank": 0.0005181347150259067,
        "median_absolute_deviation": 1427.7459364208946,
        "median_rank": 1930.0,
        "standard_deviation": 1171.4827299388735,
        "variance": 1372371.7865450357,
        "z_arithmetic_mean_rank": -2004.0474137931035,
        "z_hits_at_1": 0.0,
        "z_hits_at_10": 0.0,
        "z_hits_at_3": 0.0,
        "z_hits_at_5": 0.0,
        "z_inverse_harmonic_mean_rank": 0.0012247249260217358
      },
      "realistic": {
        "adjusted_arithmetic_mean_rank": 0.9210396512862679,
        "adjusted_arithmetic_mean_rank_index": 0.0789966547675176,
        "adjusted_hits_at_1": -0.0002299303187033594,
        "adjusted_hits_at_10": -0.0023040711693982485,
        "adjusted_hits_at_3": -0.0006901083097572828,
        "adjusted_hits_at_5": -0.0011507099259168018,
        "adjusted_inverse_harmonic_mean_rank": -0.0007027569656013305,
        "arithmetic_mean_rank": 2004.04736328125,
        "count": 232.0,
        "geometric_mean_rank": 1526.5321044921875,
        "harmonic_mean_rank": 816.5098973906936,
        "hits_at_1": 0.0,
        "hits_at_10": 0.0,
        "hits_at_3": 0.0,
        "hits_at_5": 0.0,
        "inverse_arithmetic_mean_rank": 0.0004989901790395379,
        "inverse_geometric_mean_rank": 0.0006550795515067875,
        "inverse_harmonic_mean_rank": 0.0012247248970229051,
        "inverse_median_rank": 0.0005181347369216383,
        "median_absolute_deviation": 1427.7459364208946,
        "median_rank": 1930.0,
        "standard_deviation": 1171.482666015625,
        "variance": 1372371.75,
        "z_arithmetic_mean_rank": -2004.04736328125,
        "z_hits_at_1": 0.0,
        "z_hits_at_10": 0.0,
        "z_hits_at_3": 0.0,
        "z_hits_at_5": 0.0,
        "z_inverse_harmonic_mean_rank": 0.0012247248970229051
      }
    },
    "head": {
      "optimistic": {
        "adjusted_arithmetic_mean_rank": 0.9215842668062133,
        "adjusted_arithmetic_mean_rank_index": 0.07845216647810183,
        "adjusted_hits_at_1": -0.00023231864968828038,
        "adjusted_hits_at_10": -0.002328054150452513,
        "adjusted_hits_at_3": -0.0006972799313290434,
        "adjusted_hits_at_5": -0.0011626736915696162,
        "adjusted_inverse_harmonic_mean_rank": -0.0004719385638896839,
        "arithmetic_mean_rank": 1984.4568965517242,
        "count": 116.0,
        "geometric_mean_rank": 1372.8175862283847,
        "harmonic_mean_rank": 678.950554058709,
        "hits_at_1": 0.0,
        "hits_at_10": 0.0,
        "hits_at_3": 0.0,
        "hits_at_5": 0.0,
        "inverse_arithmetic_mean_rank": 0.0005039162108976225,
        "inverse_geometric_mean_rank": 0.0007284288969136486,
        "inverse_harmonic_mean_rank": 0.001472861306352995,
        "inverse_median_rank": 0.000550357732526142,
        "median_absolute_deviation": 1696.0969379704086,
        "median_rank": 1817.0,
        "standard_deviation": 1296.8929873184934,
        "variance": 1681931.4205558856,
        "z_arithmetic_mean_rank": -1984.4568965517242,
        "z_hits_at_1": 0.0,
        "z_hits_at_10": 0.0,
        "z_hits_at_3": 0.0,
        "z_hits_at_5": 0.0,
        "z_inverse_harmonic_mean_rank": 0.001472861306352995
      },
      "pessimistic": {
        "adjusted_arithmetic_mean_rank": 0.9215842668062133,
        "adjusted_arithmetic_mean_rank_index": 0.07845216647810183,
        "adjusted_hits_at_1": -0.00023231864968828038,
        "adjusted_hits_at_10": -0.002328054150452513,
        "adjusted_hits_at_3": -0.0006972799313290434,
        "adjusted_hits_at_5": -0.0011626736915696162,
        "adjusted_inverse_harmonic_mean_rank": -0.0004719385638896839,
        "arithmetic_mean_rank": 1984.4568965517242,
        "count": 116.0,
        "geometric_mean_rank": 1372.8175862283847,
        "harmonic_mean_rank": 678.950554058709,
        "hits_at_1": 0.0,
        "hits_at_10": 0.0,
        "hits_at_3": 0.0,
        "hits_at_5": 0.0,
        "inverse_arithmetic_mean_rank": 0.0005039162108976225,
        "inverse_geometric_mean_rank": 0.0007284288969136486,
        "inverse_harmonic_mean_rank": 0.001472861306352995,
        "inverse_median_rank": 0.000550357732526142,
        "median_absolute_deviation": 1696.0969379704086,
        "median_rank": 1817.0,
        "standard_deviation": 1296.8929873184934,
        "variance": 1681931.4205558856,
        "z_arithmetic_mean_rank": -1984.4568965517242,
        "z_hits_at_1": 0.0,
        "z_hits_at_10": 0.0,
        "z_hits_at_3": 0.0,
        "z_hits_at_5": 0.0,
        "z_inverse_harmonic_mean_rank": 0.001472861306352995
      },
      "realistic": {
        "adjusted_arithmetic_mean_rank": 0.9215842726706552,
        "adjusted_arithmetic_mean_rank_index": 0.07845216061093507,
        "adjusted_hits_at_1": -0.00023231864968828038,
        "adjusted_hits_at_10": -0.002328054150452513,