{
  "losses": [
    0.0035385111212536523,
    0.0030002679446254695,
    0.0027488981605358824,
    0.002640124308288144,
    0.0025619123723232477,
    0.0025040563075889,
    0.0024797432566685787,
    0.002449867190542612,
    0.0023951920987065963,
    0.0023651800344639618,
    0.0023197617511290843,
    0.0022814789383348646,
    0.0022340924055789884,
    0.002177559681724593,
    0.002122455462297254,
    0.002050851270826629,
    0.001964186242988085,
    0.0018997284459260622,
    0.0018236667741803431,
    0.0017475913439261742,
    0.0016656445922653945,
    0.0015701495694881477,
    0.0014999963944090841,
    0.00143645785205458,
    0.0013500965077448636,
    0.0012976403272580645,
    0.0012192321763642689,
    0.0011697079593406714,
    0.0011438210034512603,
    0.001073893885118158
  ],
  "metrics": {
    "both": {
      "optimistic": {
        "adjusted_arithmetic_mean_rank": 0.7758645559119643,
        "adjusted_arithmetic_mean_rank_index": 0.22422986977838522,
        "adjusted_hits_at_1": -0.00021066886899837758,
        "adjusted_hits_at_10": 0.015167079926407272,
        "adjusted_hits_at_3": 0.00799386727707329,
        "adjusted_hits_at_5": 0.007575545147233021,
        "adjusted_inverse_harmonic_mean_rank": 0.005091105676563546,
        "arithmetic_mean_rank": 1842.4224137931035,
        "count": 232.0,
        "geometric_mean_rank": 978.6901127952066,
        "harmonic_mean_rank": 145.6611885952924,
        "hits_at_1": 0.0,
        "hits_at_10": 0.017241379310344827,
        "hits_at_3": 0.008620689655172414,
        "hits_at_5": 0.008620689655172414,
        "inverse_arithmetic_mean_rank": 0.0005427636965950936,
        "inverse_geometric_mean_rank": 0.001021773886265113,
        "inverse_harmonic_mean_rank": 0.006865246738981497,
        "inverse_median_rank": 0.0007168458781362007,
        "median_absolute_deviation": 1658.2905813985158,
        "median_rank": 1395.0,
        "standard_deviation": 1510.8682571727109,
        "variance": 2282722.8905321048,
        "z_arithmetic_mean_rank": -1842.4224137931035,
        "z_hits_at_1": 0.0,
        "z_hits_at_10": 0.017241379310344827,
        "z_hits_at_3": 0.008620689655172414,
        "z_hits_at_5": 0.008620689655172414,
        "z_inverse_harmonic_mean_rank": 0.006865246738981497
      },
      "pessimistic": {
        "adjusted_arithmetic_mean_rank": 0.7758645559119643,
        "adjusted_arithmetic_mean_rank_index": 0.22422986977838522,
        "adjusted_hits_at_1": -0.00021066886899837758,
        "adjusted_hits_at_10": 0.015167079926407272,
        "adjusted_hits_at_3": 0.00799386727707329,
        "adjusted_hits_at_5": 0.007575545147233021,
        "adjusted_inverse_harmonic_mean_rank": 0.005091105676563546,
        "arithmetic_mean_rank": 1842.4224137931035,
        "count": 232.0,
        "geometric_mean_rank": 978.6901127952066,
        "harmonic_mean_rank": 145.6611885952924,
        "hits_at_1": 0.0,
        "hits_at_10": 0.017241379310344827,
        "hits_at_3": 0.008620689655172414,
        "hits_at_5": 0.008620689655172414,
        "inverse_arithmetic_mean_rank": 0.0005427636965950936,
        "inverse_geometric_mean_rank": 0.001021773886265113,
        "inverse_harmonic_mean_rank": 0.006865246738981497,
        "inverse_median_rank": 0.0007168458781362007,
        "median_absolute_deviation": 1658.2905813985158,
        "median_rank": 1395.0,
        "standard_deviation": 1510.8682571727109,
        "variance": 2282722.8905321048,
        "z_arithmetic_mean_rank": -1842.4224137931035,
        "z_hits_at_1": 0.0,
        "z_hits_at_10": 0.017241379310344827,
        "z_hits_at_3": 0.008620689655172414,
        "z_hits_at_5": 0.008620689655172414,
        "z_inverse_harmonic_mean_rank": 0.006865246738981497
      },
      "realistic": {
        "adjusted_arithmetic_mean_rank": 0.7758645346408614,
        "adjusted_arithmetic_mean_rank_index": 0.22422989105844937,
        "adjusted_hits_at_1": -0.00021066886899837758,
        "adjusted_hits_at_10": 0.015167079926407272,
        "adjusted_hits_at_3": 0.00799386727707329,
        "adjusted_hits_at_5": 0.007575545147233021,
        "adjusted_inverse_harmonic_mean_rank": 0.005091104965048982,
        "arithmetic_mean_rank": 1842.42236328125,
        "count": 232.0,
        "geometric_mean_rank": 978.6902465820312,
        "harmonic_mean_rank": 145.66120366470778,
        "hits_at_1": 0.0,
        "hits_at_10": 0.017241379310344827,
        "hits_at_3": 0.008620689655172414,
        "hits_at_5": 0.008620689655172414,
        "inverse_arithmetic_mean_rank": 0.0005427637370303273,
        "inverse_geometric_mean_rank": 0.001021773787215352,
        "inverse_harmonic_mean_rank": 0.00686524602873572,
        "inverse_median_rank": 0.0007168458541855216,
        "median_absolute_deviation": 1658.2905813985158,
        "median_rank": 1395.0,
        "standard_deviation": 1510.8682861328125,
        "variance": 2282723.0,
        "z_arithmetic_mean_rank": -1842.42236328125,
        "z_hits_at_1": 0.0,
        "z_hits_at_10": 0.017241379310344827,
        "z_hits_at_3": 0.008620689655172414,
        "z_hits_at_5": 0.008620689655172414,
        "z_inverse_harmonic_mean_rank": 0.00686524602873572
      }
    },
    "head": {
      "optimistic": {
        "adjusted_arithmetic_mean_rank": 1.2087228433950747,
        "adjusted_arithmetic_mean_rank_index": -0.20881166325956757,
        "adjusted_hits_at_1": -0.00021277704780802407,
        "adjusted_hits_at_10": -0.00213185296249773,
        "adjusted_hits_at_3": -0.0006386029035051311,
        "adjusted_hits_at_5": -0.0010647914918007462,
        "adjusted_inverse_harmonic_mean_rank": -0.0010503461974541958,
        "arithmetic_mean_rank": 2841.655172413793,
        "count": 116.0,
        "geometric_mean_rank": 2303.798073051021,
        "harmonic_mean_rank": 1332.229044576189,
        "hits_at_1": 0.0,
        "hits_at_10": 0.0,
        "hits_at_3": 0.0,
        "hits_at_5": 0.0,
        "inverse_arithmetic_mean_rank": 0.0003519075817881759,
        "inverse_geometric_mean_rank": 0.000434065820133123,
        "inverse_harmonic_mean_rank": 0.0007506216773093411,
        "inverse_median_rank": 0.0003238341968911917,
        "median_absolute_deviation": 1710.9229601554646,
        "median_rank": 3088.0,
        "standard_deviation": 1370.0731172500164,
        "variance": 1877100.3466111769,
        "z_arithmetic_mean_rank": -2841.655172413793,
        "z_hits_at_1": 0.0,
        "z_hits_at_10": 0.0,
        "z_hits_at_3": 0.0,
        "z_hits_at_5": 0.0,
        "z_inverse_harmonic_mean_rank": 0.0007506216773093411
      },
      "pessimistic": {
        "adjusted_arithmetic_mean_rank": 1.2087228433950747,
        "adjusted_arithmetic_mean_rank_index": -0.20881166325956757,
        "adjusted_hits_at_1": -0.00021277704780802407,
        "adjusted_hits_at_10": -0.00213185296249773,
        "adjusted_hits_at_3": -0.0006386029035051311,
        "adjusted_hits_at_5": -0.0010647914918007462,
        "adjusted_inverse_harmonic_mean_rank": -0.0010503461974541958,
        "arithmetic_mean_rank": 2841.655172413793,
        "count": 116.0,
        "geometric_mean_rank": 2303.798073051021,
        "harmonic_mean_rank": 1332.229044576189,
        "hits_at_1": 0.0,
        "hits_at_10": 0.0,
        "hits_at_3": 0.0,
        "hits_at_5": 0.0,
        "inverse_arithmetic_mean_rank": 0.0003519075817881759,
        "inverse_geometric_mean_rank": 0.000434065820133123,
        "inverse_harmonic_mean_rank": 0.0007506216773093411,
        "inverse_median_rank": 0.0003238341968911917,
        "median_absolute_deviation": 1710.9229601554646,
        "median_rank": 3088.0,
        "standard_deviation": 1370.0731172500164,
        "variance": 1877100.3466111769,
        "z_arithmetic_mean_rank": -2841.655172413793,
        "z_hits_at_1": 0.0,
        "z_hits_at_10": 0.0,
        "z_hits_at_3": 0.0,
        "z_hits_at_5": 0.0,
        "z_inverse_harmonic_mean_rank": 0.0007506216773093411
      },