{
  "losses": [
    0.005474921220986572,
    0.004501527687503835,
    0.0038589530339851975,
    0.0034636758219857553,
    0.0031007595984564222,
    0.002884938418021454,
    0.0026808823851833617,
    0.0025147990421834935,
    0.002353479606072218,
    0.002204240698691169,
    0.0020872188181009976,
    0.00195854058338069,
    0.0018870661121686892,
    0.0017575672571001754,
    0.001712951019049969,
    0.00159233837420377,
    0.0015472530148186014,
    0.001464914046930309,
    0.0014129180278729821,
    0.0013656085851314406,
    0.001303589034889069,
    0.0012828653748872287,
    0.0011909842252386643,
    0.0011749210642961183,
    0.001119806841047232,
    0.0010581947905738255,
    0.0010514037369331764,
    0.001011622116498348,
    0.0009453636997758994,
    0.0009405138066975253
  ],
  "metrics": {
    "both": {
      "optimistic": {
        "adjusted_arithmetic_mean_rank": 0.673565943920304,
        "adjusted_arithmetic_mean_rank_index": 0.32657160247138617,
        "adjusted_hits_at_1": -0.00021070542960217688,
        "adjusted_hits_at_10": -0.0021110575977041214,
        "adjusted_hits_at_3": -0.0006323827817779457,
        "adjusted_hits_at_5": -0.0010544158325748122,
        "adjusted_inverse_harmonic_mean_rank": 0.0008213061383839159,
        "arithmetic_mean_rank": 1599.2241379310344,
        "count": 232.0,
        "geometric_mean_rank": 991.3606511325439,
        "harmonic_mean_rank": 384.12350617409425,
        "hits_at_1": 0.0,
        "hits_at_10": 0.0,
        "hits_at_3": 0.0,
        "hits_at_5": 0.0,
        "inverse_arithmetic_mean_rank": 0.0006253032181553556,
        "inverse_geometric_mean_rank": 0.0010087146376624757,
        "inverse_harmonic_mean_rank": 0.002603329356123224,
        "inverse_median_rank": 0.0007530120481927711,
        "median_absolute_deviation": 1389.9395798490018,
        "median_rank": 1328.0,
        "standard_deviation": 1220.9411264450657,
        "variance": 1490697.2342449462,
        "z_arithmetic_mean_rank": -1599.2241379310344,
        "z_hits_at_1": 0.0,
        "z_hits_at_10": 0.0,
        "z_hits_at_3": 0.0,
        "z_hits_at_5": 0.0,
        "z_inverse_harmonic_mean_rank": 0.002603329356123224
      },
      "pessimistic": {
        "adjusted_arithmetic_mean_rank": 0.673565943920304,
        "adjusted_arithmetic_mean_rank_index": 0.32657160247138617,
        "adjusted_hits_at_1": -0.00021070542960217688,
        "adjusted_hits_at_10": -0.0021110575977041214,
        "adjusted_hits_at_3": -0.0006323827817779457,
        "adjusted_hits_at_5": -0.0010544158325748122,
        "adjusted_inverse_harmonic_mean_rank": 0.0008213061383839159,
        "arithmetic_mean_rank": 1599.2241379310344,
        "count": 232.0,
        "geometric_mean_rank": 991.3606511325439,
        "harmonic_mean_rank": 384.12350617409425,
        "hits_at_1": 0.0,
        "hits_at_10": 0.0,
        "hits_at_3": 0.0,
        "hits_at_5": 0.0,
        "inverse_arithmetic_mean_rank": 0.0006253032181553556,
        "inverse_geometric_mean_rank": 0.0010087146376624757,
        "inverse_harmonic_mean_rank": 0.002603329356123224,
        "inverse_median_rank": 0.0007530120481927711,
        "median_absolute_deviation": 1389.9395798490018,
        "median_rank": 1328.0,
        "standard_deviation": 1220.9411264450657,
        "variance": 1490697.2342449462,
        "z_arithmetic_mean_rank": -1599.2241379310344,
        "z_hits_at_1": 0.0,
        "z_hits_at_10": 0.0,
        "z_hits_at_3": 0.0,
        "z_hits_at_5": 0.0,
        "z_inverse_harmonic_mean_rank": 0.002603329356123224
      },
      "realistic": {
        "adjusted_arithmetic_mean_rank": 0.6735659368287268,
        "adjusted_arithmetic_mean_rank_index": 0.32657160956595144,
        "adjusted_hits_at_1": -0.00021070542960217688,
        "adjusted_hits_at_10": -0.0021110575977041214,
        "adjusted_hits_at_3": -0.0006323827817779457,
        "adjusted_hits_at_5": -0.0010544158325748122,
        "adjusted_inverse_harmonic_mean_rank": 0.0008213062436447964,
        "arithmetic_mean_rank": 1599.22412109375,
        "count": 232.0,
        "geometric_mean_rank": 991.3606567382812,
        "harmonic_mean_rank": 384.1234906704605,
        "hits_at_1": 0.0,
        "hits_at_10": 0.0,
        "hits_at_3": 0.0,
        "hits_at_5": 0.0,
        "inverse_arithmetic_mean_rank": 0.0006253032479435205,
        "inverse_geometric_mean_rank": 0.001008714665658772,
        "inverse_harmonic_mean_rank": 0.002603329461196373,
        "inverse_median_rank": 0.0007530120201408863,
        "median_absolute_deviation": 1389.9395798490018,
        "median_rank": 1328.0,
        "standard_deviation": 1220.941162109375,
        "variance": 1490697.25,
        "z_arithmetic_mean_rank": -1599.22412109375,
        "z_hits_at_1": 0.0,
        "z_hits_at_10": 0.0,
        "z_hits_at_3": 0.0,
        "z_hits_at_5": 0.0,
        "z_inverse_harmonic_mean_rank": 0.002603329461196373
      }
    },
    "head": {
      "optimistic": {
        "adjusted_arithmetic_mean_rank": 0.6439460610204332,
        "adjusted_arithmetic_mean_rank_index": 0.3562055068943324,
        "adjusted_hits_at_1": -0.00021285091937457584,
        "adjusted_hits_at_10": -0.0021325945160763585,
        "adjusted_hits_at_3": -0.0006388247069761256,
        "adjusted_hits_at_5": -0.001065161479273462,
        "adjusted_inverse_harmonic_mean_rank": 0.0016686799503392526,
        "arithmetic_mean_rank": 1513.3620689655172,
        "count": 116.0,
        "geometric_mean_rank": 834.1871319602192,
        "harmonic_mean_rank": 288.5746283707335,
        "hits_at_1": 0.0,
        "hits_at_10": 0.0,
        "hits_at_3": 0.0,
        "hits_at_5": 0.0,
        "inverse_arithmetic_mean_rank": 0.0006607804044431786,
        "inverse_geometric_mean_rank": 0.001198771788351787,
        "inverse_harmonic_mean_rank": 0.0034653081098844707,
        "inverse_median_rank": 0.000992063492063492,
        "median_absolute_deviation": 1275.7792090240705,
        "median_rank": 1008.0,
        "standard_deviation": 1299.266758708686,
        "variance": 1688094.1102853748,
        "z_arithmetic_mean_rank": -1513.3620689655172,
        "z_hits_at_1": 0.0,
        "z_hits_at_10": 0.0,
        "z_hits_at_3": 0.0,
        "z_hits_at_5": 0.0,
        "z_inverse_harmonic_mean_rank": 0.0034653081098844707
      },
      "pessimistic": {
        "adjusted_arithmetic_mean_rank": 0.6439460610204332,
        "adjusted_arithmetic_mean_rank_index": 0.3562055068943324,
        "adjusted_hits_at_1": -0.00021285091937457584,
        "adjusted_hits_at_10": -0.0021325945160763585,
        "adjusted_hits_at_3": -0.0006388247069761256,
        "adjusted_hits_at_5": -0.001065161479273462,
        "adjusted_inverse_harmonic_mean_rank": 0.0016686799503392526,
        "arithmetic_mean_rank": 1513.3620689655172,
        "count": 116.0,
        "geometric_mean_rank": 834.1871319602192,
        "harmonic_mean_rank": 288.5746283707335,
        "hits_at_1": 0.0,
        "hits_at_10": 0.0,
        "hits_at_3": 0.0,
        "hits_at_5": 0.0,
        "inverse_arithmetic_mean_rank": 0.0006607804044431786,
        "inverse_geometric_mean_rank": 0.001198771788351787,
        "inverse_harmonic_mean_rank": 0.0034653081098844707,
        "inverse_median_rank": 0.000992063492063492,
        "median_absolute_deviation": 1275.7792090240705,
        "median_rank": 1008.0,
        "standard_deviation": 1299.266758708686,
        "variance": 1688094.1102853748,
        "z_arithmetic_mean_rank": -1513.3620689655172,
        "z_hits_at_1": 0.0,
        "z_hits_at_10": 0.0,
        "z_hits_at_3": 0.0,
        "z_hits_at_5": 0.0,
        "z_inverse_harmonic_mean_rank": 0.0034653081098844707
      },
      "realistic": {
        "adjusted_arithmetic_mean_rank": 0.6439460574382425,
        "adjusted_arithmetic_mean_rank_index": 0.35620551047804794,
        "adjusted_hits_at_1": -0.00021285091937457584,
        "adjusted_hits_at_10": -0.0021325945160763585,