{
  "losses": [
    0.08619814406680343,
    0.07909355178831991,
    0.07224504728808688,
    0.06493572540008563,
    0.059325003638266566,
    0.053320538925334664,
    0.04827817043744122,
    0.042966844113570324,
    0.03865519746701945,
    0.03492412858943559,
    0.031053143051113893,
    0.02757274029326593,
    0.025207895826048935,
    0.023057354107657066,
    0.02054319470081796,
    0.019541636553377113,
    0.017557599545955562,
    0.01715902404525774,
    0.015323568857413086,
    0.01417823192572786,
    0.013802376868494209,
    0.013273170269153077,
    0.012608400734811853,
    0.012350627179384533,
    0.011767387549071842,
    0.011003236024906281,
    0.01111029149786519,
    0.01080966104659134,
    0.010380857929008244,
    0.010083751299883332
  ],
  "metrics": {
    "both": {
      "optimistic": {
        "adjusted_arithmetic_mean_rank": 1.1681127535137583,
        "adjusted_arithmetic_mean_rank_index": -0.168190051939747,
        "adjusted_hits_at_1": -0.0002299303187033594,
        "adjusted_hits_at_10": -0.0023040711693982485,
        "adjusted_hits_at_3": -0.0006901083097572828,
        "adjusted_hits_at_5": -0.0011507099259168018,
        "adjusted_inverse_harmonic_mean_rank": -0.0012340934860924793,
        "arithmetic_mean_rank": 2541.6422413793102,
        "count": 232.0,
        "geometric_mean_rank": 2122.629971178487,
        "harmonic_mean_rank": 1440.0676971475898,
        "hits_at_1": 0.0,
        "hits_at_10": 0.0,
        "hits_at_3": 0.0,
        "hits_at_5": 0.0,
        "inverse_arithmetic_mean_rank": 0.0003934464039507446,
        "inverse_geometric_mean_rank": 0.0004711136719909777,
        "inverse_harmonic_mean_rank": 0.0006944117988208105,
        "inverse_median_rank": 0.000371540033438603,
        "median_absolute_deviation": 1514.4781662034725,
        "median_rank": 2691.5,
        "standard_deviation": 1196.3742266164954,
        "variance": 1431311.2901122174,
        "z_arithmetic_mean_rank": -2541.6422413793102,
        "z_hits_at_1": 0.0,
        "z_hits_at_10": 0.0,
        "z_hits_at_3": 0.0,
        "z_hits_at_5": 0.0,
        "z_inverse_harmonic_mean_rank": 0.0006944117988208105
      },
      "pessimistic": {
        "adjusted_arithmetic_mean_rank": 1.1681147345041132,
        "adjusted_arithmetic_mean_rank_index": -0.16819203384096326,
        "adjusted_hits_at_1": -0.0002299303187033594,
        "adjusted_hits_at_10": -0.0023040711693982485,
        "adjusted_hits_at_3": -0.0006901083097572828,
        "adjusted_hits_at_5": -0.0011507099259168018,
        "adjusted_inverse_harmonic_mean_rank": -0.0012340939011948812,
        "arithmetic_mean_rank": 2541.646551724138,
        "count": 232.0,
        "geometric_mean_rank": 2122.632807722684,
        "harmonic_mean_rank": 1440.068556327294,
        "hits_at_1": 0.0,
        "hits_at_10": 0.0,
        "hits_at_3": 0.0,
        "hits_at_5": 0.0,
        "inverse_arithmetic_mean_rank": 0.00039344573671018306,
        "inverse_geometric_mean_rank": 0.0004711130424262467,
        "inverse_harmonic_mean_rank": 0.0006944113845179489,
        "inverse_median_rank": 0.000371540033438603,
        "median_absolute_deviation": 1514.4781662034725,
        "median_rank": 2691.5,
        "standard_deviation": 1196.3766904362287,
        "variance": 1431317.1854191439,
        "z_arithmetic_mean_rank": -2541.646551724138,
        "z_hits_at_1": 0.0,
        "z_hits_at_10": 0.0,
        "z_hits_at_3": 0.0,
        "z_hits_at_5": 0.0,
        "z_inverse_harmonic_mean_rank": 0.0006944113845179489
      },
      "realistic": {
        "adjusted_arithmetic_mean_rank": 1.1681136937103525,
        "adjusted_arithmetic_mean_rank_index": -0.16819099256864467,
        "adjusted_hits_at_1": -0.0002299303187033594,
        "adjusted_hits_at_10": -0.0023040711693982485,
        "adjusted_hits_at_3": -0.0006901083097572828,
        "adjusted_hits_at_5": -0.0011507099259168018,
        "adjusted_inverse_harmonic_mean_rank": -0.0012340937033715794,
        "arithmetic_mean_rank": 2541.644287109375,
        "count": 232.0,
        "geometric_mean_rank": 2122.63037109375,
        "harmonic_mean_rank": 1440.0681468721373,
        "hits_at_1": 0.0,
        "hits_at_10": 0.0,
        "hits_at_3": 0.0,
        "hits_at_5": 0.0,
        "inverse_arithmetic_mean_rank": 0.0003934460983145982,
        "inverse_geometric_mean_rank": 0.0004711135698016733,
        "inverse_harmonic_mean_rank": 0.0006944115819602177,
        "inverse_median_rank": 0.0003715400234796107,
        "median_absolute_deviation": 1514.4781662034725,
        "median_rank": 2691.5,
        "standard_deviation": 1196.37548828125,
        "variance": 1431314.25,
        "z_arithmetic_mean_rank": -2541.644287109375,
        "z_hits_at_1": 0.0,
        "z_hits_at_10": 0.0,
        "z_hits_at_3": 0.0,
        "z_hits_at_5": 0.0,
        "z_inverse_harmonic_mean_rank": 0.0006944115819602177
      }
    },
    "head": {
      "optimistic": {
        "adjusted_arithmetic_mean_rank": 1.168893947200341,
        "adjusted_arithmetic_mean_rank_index": -0.1689724182028658,
        "adjusted_hits_at_1": -0.00023231864968828038,
        "adjusted_hits_at_10": -0.002328054150452513,
        "adjusted_hits_at_3": -0.0006972799313290434,
        "adjusted_hits_at_5": -0.0011626736915696162,
        "adjusted_inverse_harmonic_mean_rank": -0.001206897765155709,
        "arithmetic_mean_rank": 2516.9913793103447,
        "count": 116.0,
        "geometric_mean_rank": 2087.182572661358,
        "harmonic_mean_rank": 1352.5745550752267,
        "hits_at_1": 0.0,
        "hits_at_10": 0.0,
        "hits_at_3": 0.0,
        "hits_at_5": 0.0,
        "inverse_arithmetic_mean_rank": 0.00039729973182268106,
        "inverse_geometric_mean_rank": 0.00047911477083909535,
        "inverse_harmonic_mean_rank": 0.0007393307793997223,
        "inverse_median_rank": 0.0003753049352598987,
        "median_absolute_deviation": 1505.5825528924388,
        "median_rank": 2664.5,
        "standard_deviation": 1195.5377919558416,
        "variance": 1429310.6119946493,
        "z_arithmetic_mean_rank": -2516.9913793103447,
        "z_hits_at_1": 0.0,
        "z_hits_at_10": 0.0,
        "z_hits_at_3": 0.0,
        "z_hits_at_5": 0.0,
        "z_inverse_harmonic_mean_rank": 0.0007393307793997223
      },
      "pessimistic": {
        "adjusted_arithmetic_mean_rank": 1.168893947200341,
        "adjusted_arithmetic_mean_rank_index": -0.1689724182028658,
        "adjusted_hits_at_1": -0.00023231864968828038,
        "adjusted_hits_at_10": -0.002328054150452513,
        "adjusted_hits_at_3": -0.0006972799313290434,
        "adjusted_hits_at_5": -0.0011626736915696162,
        "adjusted_inverse_harmonic_mean_rank": -0.001206897765155709,
        "arithmetic_mean_rank": 2516.9913793103447,
        "count": 116.0,
        "geometric_mean_rank": 2087.182572661358,
        "harmonic_mean_rank": 1352.5745550752267,
        "hits_at_1": 0.0,
        "hits_at_10": 0.0,
        "hits_at_3": 0.0,
        "hits_at_5": 0.0,
        "inverse_arithmetic_mean_rank": 0.00039729973182268106,
        "inverse_geometric_mean_rank": 0.00047911477083909535,
        "inverse_harmonic_mean_rank": 0.0007393307793997223,
        "inverse_median_rank": 0.0003753049352598987,
        "median_absolute_deviation": 1505.5825528924388,
        "median_rank": 2664.5,
        "standard_deviation": 1195.5377919558416,
        "variance": 1429310.6119946493,
        "z_arithmetic_mean_rank": -2516.9913793103447,
        "z_hits_at_1": 0.0,
        "z_hits_at_10": 0.0,
        "z_hits_at_3": 0.0,
        "z_hits_at_5": 0.0,
        "z_inverse_harmonic_mean_rank": 0.0007393307793997223
      },
      "realistic": {
        "adjusted_arithmetic_mean_rank": 1.168893982386993,
        "adjusted_arithmetic_mean_rank_index": -0.1689724534058663,
        "adjusted_hits_at_1": -0.00023231864968828038,
        "adjusted_hits_at_10": -0.002328054150452513,