{
  "losses": [
    0.003931762572010631,
    0.003743513473931348,
    0.003531116953246411,
    0.003290421370227896,
    0.003047045835073245,
    0.002839147067135171,
    0.002678248137046906,
    0.0025208048141524757,
    0.0024428633473474307,
    0.0024255815009086674,
    0.002406977147358623,
    0.002372295846462917,
    0.0023601746433584317,
    0.002364931869614912,
    0.002311465803936842,
    0.0022929581504894507,
    0.0023275394215916613,
    0.0023255793939120895,
    0.002315238776759111,
    0.0022922075157936045,
    0.0023108452635998327,
    0.002284163709847373,
    0.0022490885041410243,
    0.002284279859635792,
    0.0022646309745191742,
    0.0022570122028142564,
    0.0022984580964726152,
    0.0022817450351345085,
    0.0022736604245819493,
    0.0022905564937549592
  ],
  "metrics": {
    "both": {
      "optimistic": {
        "adjusted_arithmetic_mean_rank": 0.8724577285654707,
        "adjusted_arithmetic_mean_rank_index": 0.12760098124955377,
        "adjusted_hits_at_1": -0.00023019265019276925,
        "adjusted_hits_at_10": 0.010654157188036407,
        "adjusted_hits_at_3": 0.0036224267987568764,
        "adjusted_hits_at_5": 0.003163286447484128,
        "adjusted_inverse_harmonic_mean_rank": 0.0035194463864510256,
        "arithmetic_mean_rank": 1896.2155172413793,
        "count": 232.0,
        "geometric_mean_rank": 1220.0906597631968,
        "harmonic_mean_rank": 183.8002011363583,
        "hits_at_1": 0.0,
        "hits_at_10": 0.01293103448275862,
        "hits_at_3": 0.004310344827586207,
        "hits_at_5": 0.004310344827586207,
        "inverse_arithmetic_mean_rank": 0.0005273662149199176,
        "inverse_geometric_mean_rank": 0.000819611224787252,
        "inverse_harmonic_mean_rank": 0.005440690455273858,
        "inverse_median_rank": 0.000541858574911948,
        "median_absolute_deviation": 1759.8488333661496,
        "median_rank": 1845.5,
        "standard_deviation": 1277.0874852302127,
        "variance": 1630952.4449316289,
        "z_arithmetic_mean_rank": -1896.2155172413793,
        "z_hits_at_1": 0.0,
        "z_hits_at_10": 0.01293103448275862,
        "z_hits_at_3": 0.004310344827586207,
        "z_hits_at_5": 0.004310344827586207,
        "z_inverse_harmonic_mean_rank": 0.005440690455273858
      },
      "pessimistic": {
        "adjusted_arithmetic_mean_rank": 0.8724577285654707,
        "adjusted_arithmetic_mean_rank_index": 0.12760098124955377,
        "adjusted_hits_at_1": -0.00023019265019276925,
        "adjusted_hits_at_10": 0.010654157188036407,
        "adjusted_hits_at_3": 0.0036224267987568764,
        "adjusted_hits_at_5": 0.003163286447484128,
        "adjusted_inverse_harmonic_mean_rank": 0.0035194463864510256,
        "arithmetic_mean_rank": 1896.2155172413793,
        "count": 232.0,
        "geometric_mean_rank": 1220.0906597631968,
        "harmonic_mean_rank": 183.8002011363583,
        "hits_at_1": 0.0,
        "hits_at_10": 0.01293103448275862,
        "hits_at_3": 0.004310344827586207,
        "hits_at_5": 0.004310344827586207,
        "inverse_arithmetic_mean_rank": 0.0005273662149199176,
        "inverse_geometric_mean_rank": 0.000819611224787252,
        "inverse_harmonic_mean_rank": 0.005440690455273858,
        "inverse_median_rank": 0.000541858574911948,
        "median_absolute_deviation": 1759.8488333661496,
        "median_rank": 1845.5,
        "standard_deviation": 1277.0874852302127,
        "variance": 1630952.4449316289,
        "z_arithmetic_mean_rank": -1896.2155172413793,
        "z_hits_at_1": 0.0,
        "z_hits_at_10": 0.01293103448275862,
        "z_hits_at_3": 0.004310344827586207,
        "z_hits_at_5": 0.004310344827586207,
        "z_inverse_harmonic_mean_rank": 0.005440690455273858
      },
      "realistic": {
        "adjusted_arithmetic_mean_rank": 0.8724577556796705,
        "adjusted_arithmetic_mean_rank_index": 0.12760095412287287,
        "adjusted_hits_at_1": -0.00023019265019276925,
        "adjusted_hits_at_10": 0.010654157188036407,
        "adjusted_hits_at_3": 0.0036224267987568764,
        "adjusted_hits_at_5": 0.003163286447484128,
        "adjusted_inverse_harmonic_mean_rank": 0.0035194463251645874,
        "arithmetic_mean_rank": 1896.215576171875,
        "count": 232.0,
        "geometric_mean_rank": 1220.090576171875,
        "harmonic_mean_rank": 183.80020320277646,
        "hits_at_1": 0.0,
        "hits_at_10": 0.01293103448275862,
        "hits_at_3": 0.004310344827586207,
        "hits_at_5": 0.004310344827586207,
        "inverse_arithmetic_mean_rank": 0.0005273661809042096,
        "inverse_geometric_mean_rank": 0.0008196113049052656,
        "inverse_harmonic_mean_rank": 0.005440690394105582,
        "inverse_median_rank": 0.000541858549695462,
        "median_absolute_deviation": 1759.8488333661496,
        "median_rank": 1845.5,
        "standard_deviation": 1277.08740234375,
        "variance": 1630952.375,
        "z_arithmetic_mean_rank": -1896.215576171875,
        "z_hits_at_1": 0.0,
        "z_hits_at_10": 0.01293103448275862,
        "z_hits_at_3": 0.004310344827586207,
        "z_hits_at_5": 0.004310344827586207,
        "z_inverse_harmonic_mean_rank": 0.005440690394105582
      }
    },
    "head": {
      "optimistic": {
        "adjusted_arithmetic_mean_rank": 0.8405023805601975,
        "adjusted_arithmetic_mean_rank_index": 0.15957189253114246,
        "adjusted_hits_at_1": -0.0002328424225031101,
        "adjusted_hits_at_10": 0.014948294984788585,
        "adjusted_hits_at_3": 0.00792786153489615,
        "adjusted_hits_at_5": 0.0074654378874909,
        "adjusted_inverse_harmonic_mean_rank": 0.005502641215715731,
        "arithmetic_mean_rank": 1805.7758620689656,
        "count": 116.0,
        "geometric_mean_rank": 1131.4027865771689,
        "harmonic_mean_rank": 134.4143724979208,
        "hits_at_1": 0.0,
        "hits_at_10": 0.017241379310344827,
        "hits_at_3": 0.008620689655172414,
        "hits_at_5": 0.008620689655172414,
        "inverse_arithmetic_mean_rank": 0.0005537785840454481,
        "inverse_geometric_mean_rank": 0.0008838585266572468,
        "inverse_harmonic_mean_rank": 0.007439680604211195,
        "inverse_median_rank": 0.0005924170616113745,
        "median_absolute_deviation": 1719.8185734664983,
        "median_rank": 1688.0,
        "standard_deviation": 1258.8763742418303,
        "variance": 1584769.7256242568,
        "z_arithmetic_mean_rank": -1805.7758620689656,
        "z_hits_at_1": 0.0,
        "z_hits_at_10": 0.017241379310344827,
        "z_hits_at_3": 0.008620689655172414,
        "z_hits_at_5": 0.008620689655172414,
        "z_inverse_harmonic_mean_rank": 0.007439680604211195
      },
      "pessimistic": {
        "adjusted_arithmetic_mean_rank": 0.8405023805601975,
        "adjusted_arithmetic_mean_rank_index": 0.15957189253114246,
        "adjusted_hits_at_1": -0.0002328424225031101,
        "adjusted_hits_at_10": 0.014948294984788585,
        "adjusted_hits_at_3": 0.00792786153489615,
        "adjusted_hits_at_5": 0.0074654378874909,
        "adjusted_inverse_harmonic_mean_rank": 0.005502641215715731,
        "arithmetic_mean_rank": 1805.7758620689656,
        "count": 116.0,
        "geometric_mean_rank": 1131.4027865771689,
        "harmonic_mean_rank": 134.4143724979208,
        "hits_at_1": 0.0,
        "hits_at_10": 0.017241379310344827,
        "hits_at_3": 0.008620689655172414,
        "hits_at_5": 0.008620689655172414,
        "inverse_arithmetic_mean_rank": 0.0005537785840454481,
        "inverse_geometric_mean_rank": 0.0008838585266572468,
        "inverse_harmonic_mean_rank": 0.007439680604211195,
        "inverse_median_rank": 0.0005924170616113745,
        "median_absolute_deviation": 1719.8185734664983,
        "median_rank": 1688.0,
        "standard_deviation": 1258.8763742418303,
        "variance": 1584769.7256242568,
        "z_arithmetic_mean_rank": -1805.7758620689656,
        "z_hits_at_1": 0.0,