{
  "losses": [
    0.023503221231224967,
    0.0220406658609234,
    0.02085697039803873,
    0.019293360293416148,
    0.018132688903656016,
    0.016990942189267663,
    0.015802551973550273,
    0.014739679039402744,
    0.014100843632620944,
    0.013273865737467477,
    0.012327450544434734,
    0.011801460712530257,
    0.011026526298469548,
    0.010330369445325756,
    0.009590704340464624,
    0.009279419283780739,
    0.008644433826075007,
    0.007944993158712617,
    0.007763185808479162,
    0.00719606622077093,
    0.007087672522017006,
    0.006413869115243188,
    0.006079416967663683,
    0.005939118783161343,
    0.00540462740023417,
    0.005266757752369121,
    0.0049630410551555985,
    0.004692835109598294,
    0.0044759926291499386,
    0.0042940060438040805
  ],
  "metrics": {
    "both": {
      "optimistic": {
        "adjusted_arithmetic_mean_rank": 1.0611016355458758,
        "adjusted_arithmetic_mean_rank_index": -0.06112973014402079,
        "adjusted_hits_at_1": -0.0002299303187033594,
        "adjusted_hits_at_10": -0.0023040711693982485,
        "adjusted_hits_at_3": -0.0006901083097572828,
        "adjusted_hits_at_5": -0.0011507099259168018,
        "adjusted_inverse_harmonic_mean_rank": -0.0005886758625585726,
        "arithmetic_mean_rank": 2308.801724137931,
        "count": 232.0,
        "geometric_mean_rank": 1698.6798440495993,
        "harmonic_mean_rank": 747.0568210477069,
        "hits_at_1": 0.0,
        "hits_at_10": 0.0,
        "hits_at_3": 0.0,
        "hits_at_5": 0.0,
        "inverse_arithmetic_mean_rank": 0.00043312510968146635,
        "inverse_geometric_mean_rank": 0.0005886924504949864,
        "inverse_harmonic_mean_rank": 0.001338586265228867,
        "inverse_median_rank": 0.0003920031360250882,
        "median_absolute_deviation": 1496.686939581405,
        "median_rank": 2551.0,
        "standard_deviation": 1277.0970835009696,
        "variance": 1630976.9606866827,
        "z_arithmetic_mean_rank": -2308.801724137931,
        "z_hits_at_1": 0.0,
        "z_hits_at_10": 0.0,
        "z_hits_at_3": 0.0,
        "z_hits_at_5": 0.0,
        "z_inverse_harmonic_mean_rank": 0.001338586265228867
      },
      "pessimistic": {
        "adjusted_arithmetic_mean_rank": 1.0611016355458758,
        "adjusted_arithmetic_mean_rank_index": -0.06112973014402079,
        "adjusted_hits_at_1": -0.0002299303187033594,
        "adjusted_hits_at_10": -0.0023040711693982485,
        "adjusted_hits_at_3": -0.0006901083097572828,
        "adjusted_hits_at_5": -0.0011507099259168018,
        "adjusted_inverse_harmonic_mean_rank": -0.0005886758625585726,
        "arithmetic_mean_rank": 2308.801724137931,
        "count": 232.0,
        "geometric_mean_rank": 1698.6798440495993,
        "harmonic_mean_rank": 747.0568210477069,
        "hits_at_1": 0.0,
        "hits_at_10": 0.0,
        "hits_at_3": 0.0,
        "hits_at_5": 0.0,
        "inverse_arithmetic_mean_rank": 0.00043312510968146635,
        "inverse_geometric_mean_rank": 0.0005886924504949864,
        "inverse_harmonic_mean_rank": 0.001338586265228867,
        "inverse_median_rank": 0.0003920031360250882,
        "median_absolute_deviation": 1496.686939581405,
        "median_rank": 2551.0,
        "standard_deviation": 1277.0970835009696,
        "variance": 1630976.9606866827,
        "z_arithmetic_mean_rank": -2308.801724137931,
        "z_hits_at_1": 0.0,
        "z_hits_at_10": 0.0,
        "z_hits_at_3": 0.0,
        "z_hits_at_5": 0.0,
        "z_inverse_harmonic_mean_rank": 0.001338586265228867
      },
      "realistic": {
        "adjusted_arithmetic_mean_rank": 1.0611016510223628,
        "adjusted_arithmetic_mean_rank_index": -0.06112974562762408,
        "adjusted_hits_at_1": -0.0002299303187033594,
        "adjusted_hits_at_10": -0.0023040711693982485,
        "adjusted_hits_at_3": -0.0006901083097572828,
        "adjusted_hits_at_5": -0.0011507099259168018,
        "adjusted_inverse_harmonic_mean_rank": -0.0005886759166871694,
        "arithmetic_mean_rank": 2308.8017578125,
        "count": 232.0,
        "geometric_mean_rank": 1698.68017578125,
        "harmonic_mean_rank": 747.0568511983614,
        "hits_at_1": 0.0,
        "hits_at_10": 0.0,
        "hits_at_3": 0.0,
        "hits_at_5": 0.0,
        "inverse_arithmetic_mean_rank": 0.00043312509660609066,
        "inverse_geometric_mean_rank": 0.000588692317251116,
        "inverse_harmonic_mean_rank": 0.0013385862112045288,
        "inverse_median_rank": 0.00039200313040055335,
        "median_absolute_deviation": 1496.686939581405,
        "median_rank": 2551.0,
        "standard_deviation": 1277.0970458984375,
        "variance": 1630977.0,
        "z_arithmetic_mean_rank": -2308.8017578125,
        "z_hits_at_1": 0.0,
        "z_hits_at_10": 0.0,
        "z_hits_at_3": 0.0,
        "z_hits_at_5": 0.0,
        "z_inverse_harmonic_mean_rank": 0.0013385862112045288
      }
    },
    "head": {
      "optimistic": {
        "adjusted_arithmetic_mean_rank": 1.0610888014488424,
        "adjusted_arithmetic_mean_rank_index": -0.06111718434575608,
        "adjusted_hits_at_1": -0.00023231864968828038,
        "adjusted_hits_at_10": -0.002328054150452513,
        "adjusted_hits_at_3": -0.0006972799313290434,
        "adjusted_hits_at_5": -0.0011626736915696162,
        "adjusted_inverse_harmonic_mean_rank": -0.0006614496623618941,
        "arithmetic_mean_rank": 2284.853448275862,
        "count": 116.0,
        "geometric_mean_rank": 1712.0902632204982,
        "harmonic_mean_rank": 778.9869241992329,
        "hits_at_1": 0.0,
        "hits_at_10": 0.0,
        "hits_at_3": 0.0,
        "hits_at_5": 0.0,
        "inverse_arithmetic_mean_rank": 0.00043766483174428303,
        "inverse_geometric_mean_rank": 0.0005840813545186379,
        "inverse_harmonic_mean_rank": 0.0012837185951843281,
        "inverse_median_rank": 0.00039690414764834294,
        "median_absolute_deviation": 1486.308724051866,
        "median_rank": 2519.5,
        "standard_deviation": 1240.7244147473598,
        "variance": 1539397.0733501783,
        "z_arithmetic_mean_rank": -2284.853448275862,
        "z_hits_at_1": 0.0,
        "z_hits_at_10": 0.0,
        "z_hits_at_3": 0.0,
        "z_hits_at_5": 0.0,
        "z_inverse_harmonic_mean_rank": 0.0012837185951843281
      },
      "pessimistic": {
        "adjusted_arithmetic_mean_rank": 1.0610888014488424,
        "adjusted_arithmetic_mean_rank_index": -0.06111718434575608,
        "adjusted_hits_at_1": -0.00023231864968828038,
        "adjusted_hits_at_10": -0.002328054150452513,
        "adjusted_hits_at_3": -0.0006972799313290434,
        "adjusted_hits_at_5": -0.0011626736915696162,
        "adjusted_inverse_harmonic_mean_rank": -0.0006614496623618941,
        "arithmetic_mean_rank": 2284.853448275862,
        "count": 116.0,
        "geometric_mean_rank": 1712.0902632204982,
        "harmonic_mean_rank": 778.9869241992329,
        "hits_at_1": 0.0,
        "hits_at_10": 0.0,
        "hits_at_3": 0.0,
        "hits_at_5": 0.0,
        "inverse_arithmetic_mean_rank": 0.00043766483174428303,
        "inverse_geometric_mean_rank": 0.0005840813545186379,
        "inverse_harmonic_mean_rank": 0.0012837185951843281,
        "inverse_median_rank": 0.00039690414764834294,
        "median_absolute_deviation": 1486.308724051866,
        "median_rank": 2519.5,
        "standard_deviation": 1240.7244147473598,
        "variance": 1539397.0733501783,
        "z_arithmetic_mean_rank": -2284.853448275862,
        "z_hits_at_1": 0.0,
        "z_hits_at_10": 0.0,
        "z_hits_at_3": 0.0,
        "z_hits_at_5": 0.0,
        "z_inverse_harmonic_mean_rank": 0.0012837185951843281
      },
      "realistic": {
        "adjusted_arithmetic_mean_rank": 1.0610888327258665,
        "adjusted_arithmetic_mean_rank_index": -0.06111721563731187,
        "adjusted_hits_at_1": -0.00023231864968828038,
        "adjusted_hits_at_10": -0.002328054150452513,