{
  "losses": [
    0.003935137467975259,
    0.0038839183754225143,
    0.0038209117044568754,
    0.0037641640854123417,
    0.0037091796211096203,
    0.003647724868186227,
    0.0035893310905178344,
    0.0035418252588613744,
    0.0034754302817800427,
    0.0034085589999731727,
    0.0033689406178616004,
    0.003300407295838633,
    0.003263239363544536,
    0.003202335706242529,
    0.0031315813731466976,
    0.003083571566159658,
    0.003035692340270272,
    0.002974218801215254,
    0.0029371663035015197,
    0.0028600276855538427,
    0.0028243663231378143,
    0.002748361949673987,
    0.002715673595895355,
    0.0026797373591562197,
    0.002628428031186979,
    0.0026288953123708683,
    0.002563842526515892,
    0.0025192795733707473,
    0.0025171272818720045,
    0.0024725765746781434
  ],
  "metrics": {
    "both": {
      "optimistic": {
        "adjusted_arithmetic_mean_rank": 1.287329517631517,
        "adjusted_arithmetic_mean_rank_index": -0.28746172861340624,
        "adjusted_hits_at_1": -0.00023010141548593596,
        "adjusted_hits_at_10": -0.0023057892431773658,
        "adjusted_hits_at_3": -0.0006906220726907919,
        "adjusted_hits_at_5": -0.0011515669862038893,
        "adjusted_inverse_harmonic_mean_rank": -0.0009788289310547202,
        "arithmetic_mean_rank": 2798.9956896551726,
        "count": 232.0,
        "geometric_mean_rank": 2314.0200390941436,
        "harmonic_mean_rank": 1052.160213542247,
        "hits_at_1": 0.0,
        "hits_at_10": 0.0,
        "hits_at_3": 0.0,
        "hits_at_5": 0.0,
        "inverse_arithmetic_mean_rank": 0.0003572710039161214,
        "inverse_geometric_mean_rank": 0.00043214837516768623,
        "inverse_harmonic_mean_rank": 0.0009504255978596242,
        "inverse_median_rank": 0.00033057851239669424,
        "median_absolute_deviation": 1240.9380568891888,
        "median_rank": 3025.0,
        "standard_deviation": 1171.254244086981,
        "variance": 1371836.5042917656,
        "z_arithmetic_mean_rank": -2798.9956896551726,
        "z_hits_at_1": 0.0,
        "z_hits_at_10": 0.0,
        "z_hits_at_3": 0.0,
        "z_hits_at_5": 0.0,
        "z_inverse_harmonic_mean_rank": 0.0009504255978596242
      },
      "pessimistic": {
        "adjusted_arithmetic_mean_rank": 1.2873315000690562,
        "adjusted_arithmetic_mean_rank_index": -0.2874637119631387,
        "adjusted_hits_at_1": -0.00023010141548593596,
        "adjusted_hits_at_10": -0.0023057892431773658,
        "adjusted_hits_at_3": -0.0006906220726907919,
        "adjusted_hits_at_5": -0.0011515669862038893,
        "adjusted_inverse_harmonic_mean_rank": -0.0009788311203605628,
        "arithmetic_mean_rank": 2799.0,
        "count": 232.0,
        "geometric_mean_rank": 2314.0271407246414,
        "harmonic_mean_rank": 1052.1626325281209,
        "hits_at_1": 0.0,
        "hits_at_10": 0.0,
        "hits_at_3": 0.0,
        "hits_at_5": 0.0,
        "inverse_arithmetic_mean_rank": 0.0003572704537334762,
        "inverse_geometric_mean_rank": 0.00043214704892650843,
        "inverse_harmonic_mean_rank": 0.0009504234127733796,
        "inverse_median_rank": 0.00033057851239669424,
        "median_absolute_deviation": 1240.9380568891888,
        "median_rank": 3025.0,
        "standard_deviation": 1171.2491121698324,
        "variance": 1371824.4827586208,
        "z_arithmetic_mean_rank": -2799.0,
        "z_hits_at_1": 0.0,
        "z_hits_at_10": 0.0,
        "z_hits_at_3": 0.0,
        "z_hits_at_5": 0.0,
        "z_inverse_harmonic_mean_rank": 0.0009504234127733796
      },
      "realistic": {
        "adjusted_arithmetic_mean_rank": 1.2873304894905448,
        "adjusted_arithmetic_mean_rank_index": -0.28746270091962267,
        "adjusted_hits_at_1": -0.00023010141548593596,
        "adjusted_hits_at_10": -0.0023057892431773658,
        "adjusted_hits_at_3": -0.0006906220726907919,
        "adjusted_hits_at_5": -0.0011515669862038893,
        "adjusted_inverse_harmonic_mean_rank": -0.0009788300165525115,
        "arithmetic_mean_rank": 2798.997802734375,
        "count": 232.0,
        "geometric_mean_rank": 2314.02392578125,
        "harmonic_mean_rank": 1052.1614129181992,
        "hits_at_1": 0.0,
        "hits_at_10": 0.0,
        "hits_at_3": 0.0,
        "hits_at_5": 0.0,
        "inverse_arithmetic_mean_rank": 0.00035727073554880917,
        "inverse_geometric_mean_rank": 0.00043214764446020126,
        "inverse_harmonic_mean_rank": 0.0009504245144539866,
        "inverse_median_rank": 0.00033057850669138134,
        "median_absolute_deviation": 1240.9380568891888,
        "median_rank": 3025.0,
        "standard_deviation": 1171.251708984375,
        "variance": 1371830.5,
        "z_arithmetic_mean_rank": -2798.997802734375,
        "z_hits_at_1": 0.0,
        "z_hits_at_10": 0.0,
        "z_hits_at_3": 0.0,
        "z_hits_at_5": 0.0,
        "z_inverse_harmonic_mean_rank": 0.0009504245144539866
      }
    },
    "head": {
      "optimistic": {
        "adjusted_arithmetic_mean_rank": 1.4161962288585972,
        "adjusted_arithmetic_mean_rank_index": -0.4163898861484425,
        "adjusted_hits_at_1": -0.00023266039854272065,
        "adjusted_hits_at_10": -0.0023314859855545693,
        "adjusted_hits_at_3": -0.0006983061319941112,
        "adjusted_hits_at_5": -0.0011643856184017421,
        "adjusted_inverse_harmonic_mean_rank": -0.0013158692187174184,
        "arithmetic_mean_rank": 3045.0172413793102,
        "count": 116.0,
        "geometric_mean_rank": 2661.1865823720555,
        "harmonic_mean_rank": 1579.5273655062897,
        "hits_at_1": 0.0,
        "hits_at_10": 0.0,
        "hits_at_3": 0.0,
        "hits_at_5": 0.0,
        "inverse_arithmetic_mean_rank": 0.0003284053654642123,
        "inverse_geometric_mean_rank": 0.00037577222379824547,
        "inverse_harmonic_mean_rank": 0.0006331007754838534,
        "inverse_median_rank": 0.00030079711234772146,
        "median_absolute_deviation": 1154.9471282158638,
        "median_rank": 3324.5,
        "standard_deviation": 1121.9724624959772,
        "variance": 1258822.2065992868,
        "z_arithmetic_mean_rank": -3045.0172413793102,
        "z_hits_at_1": 0.0,
        "z_hits_at_10": 0.0,
        "z_hits_at_3": 0.0,
        "z_hits_at_5": 0.0,
        "z_inverse_harmonic_mean_rank": 0.0006331007754838534
      },
      "pessimistic": {
        "adjusted_arithmetic_mean_rank": 1.4161962288585972,
        "adjusted_arithmetic_mean_rank_index": -0.4163898861484425,
        "adjusted_hits_at_1": -0.00023266039854272065,
        "adjusted_hits_at_10": -0.0023314859855545693,
        "adjusted_hits_at_3": -0.0006983061319941112,
        "adjusted_hits_at_5": -0.0011643856184017421,
        "adjusted_inverse_harmonic_mean_rank": -0.0013158692187174184,
        "arithmetic_mean_rank": 3045.0172413793102,
        "count": 116.0,
        "geometric_mean_rank": 2661.1865823720555,
        "harmonic_mean_rank": 1579.5273655062897,
        "hits_at_1": 0.0,
        "hits_at_10": 0.0,
        "hits_at_3": 0.0,
        "hits_at_5": 0.0,
        "inverse_arithmetic_mean_rank": 0.0003284053654642123,
        "inverse_geometric_mean_rank": 0.00037577222379824547,
        "inverse_harmonic_mean_rank": 0.0006331007754838534,
        "inverse_median_rank": 0.00030079711234772146,
        "median_absolute_deviation": 1154.9471282158638,
        "median_rank": 3324.5,
        "standard_deviation": 1121.9724624959772,
        "variance": 1258822.2065992868,
        "z_arithmetic_mean_rank": -3045.0172413793102,
        "z_hits_at_1": 0.0,
        "z_hits_at_10": 0.0,
        "z_hits_at_3": 0.0,
        "z_hits_at_5": 0.0,
        "z_inverse_harmonic_mean_rank": 0.0006331007754838534
      },
      "realistic": {
        "adjusted_arithmetic_mean_rank": 1.416196271927957,
        "adjusted_arithmetic_mean_rank_index": -0.4163899292378428,
        "adjusted_hits_at_1": -0.00023266039854272065,
        "adjusted_hits_at_10": -0.0023314859855545693,