{
  "losses": [
    0.003927891758726197,
    0.0036262869596497215,
    0.002206070144115611,
    0.001290527010161069,
    0.0009808481329640153,
    0.0008180968030819328,
    0.0007180243484195602,
    0.0005952766489588446,
    0.0005231100714975146,
    0.0004621843549936789,
    0.00040397870684455184,
    0.00038661876961943484,
    0.0003484385209149992,
    0.0003452840336965931,
    0.0003116694469923465,
    0.0002867464994571263,
    0.00028024357897219246,
    0.0002586959667082159,
    0.00023948991756011357,
    0.00023933473405031577,
    0.00022514750769389295,
    0.00022281918536384187,
    0.00021220651026781652,
    0.00021424399187573433,
    0.00019309328134282732,
    0.00020561812937351062,
    0.00019838757570600772,
    0.00018240980971345074,
    0.0001879729356366661,
    0.00018520752669203228
  ],
  "metrics": {
    "both": {
      "optimistic": {
        "adjusted_arithmetic_mean_rank": 1.4212595489538777,
        "adjusted_arithmetic_mean_rank_index": -0.42145324455035227,
        "adjusted_hits_at_1": 0.012704077400935045,
        "adjusted_hits_at_10": 0.01065675733710259,
        "adjusted_hits_at_3": 0.012249849987351647,
        "adjusted_hits_at_5": 0.011795204426573502,
        "adjusted_inverse_harmonic_mean_rank": 0.013251210494682811,
        "arithmetic_mean_rank": 3092.4525862068967,
        "count": 232.0,
        "geometric_mean_rank": 2038.3926043052738,
        "harmonic_mean_rank": 65.99869290053022,
        "hits_at_1": 0.01293103448275862,
        "hits_at_10": 0.01293103448275862,
        "hits_at_3": 0.01293103448275862,
        "hits_at_5": 0.01293103448275862,
        "inverse_arithmetic_mean_rank": 0.0003233679327729218,
        "inverse_geometric_mean_rank": 0.0004905826276488187,
        "inverse_harmonic_mean_rank": 0.015151815226206795,
        "inverse_median_rank": 0.0002687449610319806,
        "median_absolute_deviation": 833.9637479094011,
        "median_rank": 3721.0,
        "standard_deviation": 1425.6169285829476,
        "variance": 2032383.627062277,
        "z_arithmetic_mean_rank": -3092.4525862068967,
        "z_hits_at_1": 0.01293103448275862,
        "z_hits_at_10": 0.01293103448275862,
        "z_hits_at_3": 0.01293103448275862,
        "z_hits_at_5": 0.01293103448275862,
        "z_inverse_harmonic_mean_rank": 0.015151815226206795
      },
      "pessimistic": {
        "adjusted_arithmetic_mean_rank": 1.4212595489538777,
        "adjusted_arithmetic_mean_rank_index": -0.42145324455035227,
        "adjusted_hits_at_1": 0.012704077400935045,
        "adjusted_hits_at_10": 0.01065675733710259,
        "adjusted_hits_at_3": 0.012249849987351647,
        "adjusted_hits_at_5": 0.011795204426573502,
        "adjusted_inverse_harmonic_mean_rank": 0.013251210494682811,
        "arithmetic_mean_rank": 3092.4525862068967,
        "count": 232.0,
        "geometric_mean_rank": 2038.3926043052738,
        "harmonic_mean_rank": 65.99869290053022,
        "hits_at_1": 0.01293103448275862,
        "hits_at_10": 0.01293103448275862,
        "hits_at_3": 0.01293103448275862,
        "hits_at_5": 0.01293103448275862,
        "inverse_arithmetic_mean_rank": 0.0003233679327729218,
        "inverse_geometric_mean_rank": 0.0004905826276488187,
        "inverse_harmonic_mean_rank": 0.015151815226206795,
        "inverse_median_rank": 0.0002687449610319806,
        "median_absolute_deviation": 833.9637479094011,
        "median_rank": 3721.0,
        "standard_deviation": 1425.6169285829476,
        "variance": 2032383.627062277,
        "z_arithmetic_mean_rank": -3092.4525862068967,
        "z_hits_at_1": 0.01293103448275862,
        "z_hits_at_10": 0.01293103448275862,
        "z_hits_at_3": 0.01293103448275862,
        "z_hits_at_5": 0.01293103448275862,
        "z_inverse_harmonic_mean_rank": 0.015151815226206795
      },
      "realistic": {
        "adjusted_arithmetic_mean_rank": 1.4212595721686083,
        "adjusted_arithmetic_mean_rank_index": -0.4214532677757572,
        "adjusted_hits_at_1": 0.012704077400935045,
        "adjusted_hits_at_10": 0.01065675733710259,
        "adjusted_hits_at_3": 0.012249849987351647,
        "adjusted_hits_at_5": 0.011795204426573502,
        "adjusted_inverse_harmonic_mean_rank": 0.013251209406502555,
        "arithmetic_mean_rank": 3092.45263671875,
        "count": 232.0,
        "geometric_mean_rank": 2038.3936767578125,
        "harmonic_mean_rank": 65.9986976313263,
        "hits_at_1": 0.01293103448275862,
        "hits_at_10": 0.01293103448275862,
        "hits_at_3": 0.01293103448275862,
        "hits_at_5": 0.01293103448275862,
        "inverse_arithmetic_mean_rank": 0.00032336791628040373,
        "inverse_geometric_mean_rank": 0.0004905823734588921,
        "inverse_harmonic_mean_rank": 0.015151814140122514,
        "inverse_median_rank": 0.0002687449741642922,
        "median_absolute_deviation": 833.9637479094011,
        "median_rank": 3721.0,
        "standard_deviation": 1425.616943359375,
        "variance": 2032383.75,
        "z_arithmetic_mean_rank": -3092.45263671875,
        "z_hits_at_1": 0.01293103448275862,
        "z_hits_at_10": 0.01293103448275862,
        "z_hits_at_3": 0.01293103448275862,
        "z_hits_at_5": 0.01293103448275862,
        "z_inverse_harmonic_mean_rank": 0.015151814140122514
      }
    },
    "head": {
      "optimistic": {
        "adjusted_arithmetic_mean_rank": 1.4352881169660296,
        "adjusted_arithmetic_mean_rank_index": -0.4354903592339838,
        "adjusted_hits_at_1": 0.025635758556769174,
        "adjusted_hits_at_10": 0.023594223112059193,
        "adjusted_hits_at_3": 0.0251828221358605,
        "adjusted_hits_at_5": 0.02472946442114339,
        "adjusted_inverse_harmonic_mean_rank": 0.0268310839304155,
        "arithmetic_mean_rank": 3090.6206896551726,
        "count": 116.0,
        "geometric_mean_rank": 1854.8309603308153,
        "harmonic_mean_rank": 34.81553518996615,
        "hits_at_1": 0.02586206896551724,
        "hits_at_10": 0.02586206896551724,
        "hits_at_3": 0.02586206896551724,
        "hits_at_5": 0.02586206896551724,
        "inverse_arithmetic_mean_rank": 0.00032355960191011735,
        "inverse_geometric_mean_rank": 0.0005391326872297013,
        "inverse_harmonic_mean_rank": 0.028722809933658593,
        "inverse_median_rank": 0.00027148092846477533,
        "median_absolute_deviation": 752.420625891593,
        "median_rank": 3683.5,
        "standard_deviation": 1404.1783194008467,
        "variance": 1971716.7526753864,
        "z_arithmetic_mean_rank": -3090.6206896551726,
        "z_hits_at_1": 0.02586206896551724,
        "z_hits_at_10": 0.02586206896551724,
        "z_hits_at_3": 0.02586206896551724,
        "z_hits_at_5": 0.02586206896551724,
        "z_inverse_harmonic_mean_rank": 0.028722809933658593
      },
      "pessimistic": {
        "adjusted_arithmetic_mean_rank": 1.4352881169660296,
        "adjusted_arithmetic_mean_rank_index": -0.4354903592339838,
        "adjusted_hits_at_1": 0.025635758556769174,
        "adjusted_hits_at_10": 0.023594223112059193,
        "adjusted_hits_at_3": 0.0251828221358605,
        "adjusted_hits_at_5": 0.02472946442114339,
        "adjusted_inverse_harmonic_mean_rank": 0.0268310839304155,
        "arithmetic_mean_rank": 3090.6206896551726,
        "count": 116.0,
        "geometric_mean_rank": 1854.8309603308153,
        "harmonic_mean_rank": 34.81553518996615,
        "hits_at_1": 0.02586206896551724,
        "hits_at_10": 0.02586206896551724,
        "hits_at_3": 0.02586206896551724,
        "hits_at_5": 0.02586206896551724,
        "inverse_arithmetic_mean_rank": 0.00032355960191011735,
        "inverse_geometric_mean_rank": 0.0005391326872297013,
        "inverse_harmonic_mean_rank": 0.028722809933658593,
        "inverse_median_rank": 0.00027148092846477533,
        "median_absolute_deviation": 752.420625891593,
        "median_rank": 3683.5,
        "standard_deviation": 1404.1783194008467,