{
  "losses": [
    0.05932165454593123,
    0.053926218691292126,
    0.049858836853089845,
    0.04698356359337161,
    0.04339480039606783,
    0.0412268168408787,
    0.03931860863160717,
    0.036738741807884195,
    0.03588137202403336,
    0.033224796891234004,
    0.03151308347730635,
    0.030454400203133353,
    0.028458759947129313,
    0.026654939408489297,
    0.026085605033082666,
    0.025098194078425097,
    0.023687096720940735,
    0.022697502500672963,
    0.021065922374000363,
    0.020071823606576684,
    0.019105138279473837,
    0.018199088250173946,
    0.01750886943654679,
    0.01661874261162926,
    0.01604251483572326,
    0.015333056830475183,
    0.014455334047733765,
    0.013716836211466084,
    0.013380159291077304,
    0.012019573511197534
  ],
  "metrics": {
    "both": {
      "optimistic": {
        "adjusted_arithmetic_mean_rank": 0.9436244567287797,
        "adjusted_arithmetic_mean_rank_index": 0.056399285684602396,
        "adjusted_hits_at_1": -0.00021059714390775285,
        "adjusted_hits_at_10": -0.0021099706231602297,
        "adjusted_hits_at_3": -0.0006320576507953436,
        "adjusted_hits_at_5": -0.0010538734905273447,
        "adjusted_inverse_harmonic_mean_rank": -0.000506846499176226,
        "arithmetic_mean_rank": 2241.5474137931033,
        "count": 232.0,
        "geometric_mean_rank": 1671.8341097202567,
        "harmonic_mean_rank": 783.2387786822542,
        "hits_at_1": 0.0,
        "hits_at_10": 0.0,
        "hits_at_3": 0.0,
        "hits_at_5": 0.0,
        "inverse_arithmetic_mean_rank": 0.00044612038712481185,
        "inverse_geometric_mean_rank": 0.0005981454704063475,
        "inverse_harmonic_mean_rank": 0.001276749858686047,
        "inverse_median_rank": 0.0004968944099378882,
        "median_absolute_deviation": 1755.4010267106328,
        "median_rank": 2012.5,
        "standard_deviation": 1350.074288311139,
        "variance": 1822700.5839588288,
        "z_arithmetic_mean_rank": -2241.5474137931033,
        "z_hits_at_1": 0.0,
        "z_hits_at_10": 0.0,
        "z_hits_at_3": 0.0,
        "z_hits_at_5": 0.0,
        "z_inverse_harmonic_mean_rank": 0.001276749858686047
      },
      "pessimistic": {
        "adjusted_arithmetic_mean_rank": 0.9436244567287797,
        "adjusted_arithmetic_mean_rank_index": 0.056399285684602396,
        "adjusted_hits_at_1": -0.00021059714390775285,
        "adjusted_hits_at_10": -0.0021099706231602297,
        "adjusted_hits_at_3": -0.0006320576507953436,
        "adjusted_hits_at_5": -0.0010538734905273447,
        "adjusted_inverse_harmonic_mean_rank": -0.000506846499176226,
        "arithmetic_mean_rank": 2241.5474137931033,
        "count": 232.0,
        "geometric_mean_rank": 1671.8341097202567,
        "harmonic_mean_rank": 783.2387786822542,
        "hits_at_1": 0.0,
        "hits_at_10": 0.0,
        "hits_at_3": 0.0,
        "hits_at_5": 0.0,
        "inverse_arithmetic_mean_rank": 0.00044612038712481185,
        "inverse_geometric_mean_rank": 0.0005981454704063475,
        "inverse_harmonic_mean_rank": 0.001276749858686047,
        "inverse_median_rank": 0.0004968944099378882,
        "median_absolute_deviation": 1755.4010267106328,
        "median_rank": 2012.5,
        "standard_deviation": 1350.074288311139,
        "variance": 1822700.5839588288,
        "z_arithmetic_mean_rank": -2241.5474137931033,
        "z_hits_at_1": 0.0,
        "z_hits_at_10": 0.0,
        "z_hits_at_3": 0.0,
        "z_hits_at_5": 0.0,
        "z_inverse_harmonic_mean_rank": 0.001276749858686047
      },
      "realistic": {
        "adjusted_arithmetic_mean_rank": 0.9436244354647995,
        "adjusted_arithmetic_mean_rank_index": 0.05639930695753803,
        "adjusted_hits_at_1": -0.00021059714390775285,
        "adjusted_hits_at_10": -0.0021099706231602297,
        "adjusted_hits_at_3": -0.0006320576507953436,
        "adjusted_hits_at_5": -0.0010538734905273447,
        "adjusted_inverse_harmonic_mean_rank": -0.0005068464972350251,
        "arithmetic_mean_rank": 2241.54736328125,
        "count": 232.0,
        "geometric_mean_rank": 1671.8349609375,
        "harmonic_mean_rank": 783.2387774935222,
        "hits_at_1": 0.0,
        "hits_at_10": 0.0,
        "hits_at_3": 0.0,
        "hits_at_5": 0.0,
        "inverse_arithmetic_mean_rank": 0.0004461203934624791,
        "inverse_geometric_mean_rank": 0.0005981451831758022,
        "inverse_harmonic_mean_rank": 0.0012767498606237873,
        "inverse_median_rank": 0.0004968944122083485,
        "median_absolute_deviation": 1755.4010267106328,
        "median_rank": 2012.5,
        "standard_deviation": 1350.0743408203125,
        "variance": 1822700.75,
        "z_arithmetic_mean_rank": -2241.54736328125,
        "z_hits_at_1": 0.0,
        "z_hits_at_10": 0.0,
        "z_hits_at_3": 0.0,
        "z_hits_at_5": 0.0,
        "z_inverse_harmonic_mean_rank": 0.0012767498606237873
      }
    },
    "head": {
      "optimistic": {
        "adjusted_arithmetic_mean_rank": 1.0933545360652357,
        "adjusted_arithmetic_mean_rank_index": -0.09339423532976698,
        "adjusted_hits_at_1": -0.0002126339720562082,
        "adjusted_hits_at_10": -0.0021304167112691503,
        "adjusted_hits_at_3": -0.0006381733108205046,
        "adjusted_hits_at_5": -0.0010640748941662885,
        "adjusted_inverse_harmonic_mean_rank": -0.0009652606780433307,
        "arithmetic_mean_rank": 2572.1637931034484,
        "count": 116.0,
        "geometric_mean_rank": 2086.390373600026,
        "harmonic_mean_rank": 1198.346997504321,
        "hits_at_1": 0.0,
        "hits_at_10": 0.0,
        "hits_at_3": 0.0,
        "hits_at_5": 0.0,
        "inverse_arithmetic_mean_rank": 0.0003887777297391502,
        "inverse_geometric_mean_rank": 0.0004792966899451896,
        "inverse_harmonic_mean_rank": 0.0008344828351742869,
        "inverse_median_rank": 0.00036023054755043225,
        "median_absolute_deviation": 1761.331435584655,
        "median_rank": 2776.0,
        "standard_deviation": 1325.140245954247,
        "variance": 1755996.6714476817,
        "z_arithmetic_mean_rank": -2572.1637931034484,
        "z_hits_at_1": 0.0,
        "z_hits_at_10": 0.0,
        "z_hits_at_3": 0.0,
        "z_hits_at_5": 0.0,
        "z_inverse_harmonic_mean_rank": 0.0008344828351742869
      },
      "pessimistic": {
        "adjusted_arithmetic_mean_rank": 1.0933545360652357,
        "adjusted_arithmetic_mean_rank_index": -0.09339423532976698,
        "adjusted_hits_at_1": -0.0002126339720562082,
        "adjusted_hits_at_10": -0.0021304167112691503,
        "adjusted_hits_at_3": -0.0006381733108205046,
        "adjusted_hits_at_5": -0.0010640748941662885,
        "adjusted_inverse_harmonic_mean_rank": -0.0009652606780433307,
        "arithmetic_mean_rank": 2572.1637931034484,
        "count": 116.0,
        "geometric_mean_rank": 2086.390373600026,
        "harmonic_mean_rank": 1198.346997504321,
        "hits_at_1": 0.0,
        "hits_at_10": 0.0,
        "hits_at_3": 0.0,
        "hits_at_5": 0.0,
        "inverse_arithmetic_mean_rank": 0.0003887777297391502,
        "inverse_geometric_mean_rank": 0.0004792966899451896,
        "inverse_harmonic_mean_rank": 0.0008344828351742869,
        "inverse_median_rank": 0.00036023054755043225,
        "median_absolute_deviation": 1761.331435584655,
        "median_rank": 2776.0,
        "standard_deviation": 1325.140245954247,
        "variance": 1755996.6714476817,
        "z_arithmetic_mean_rank": -2572.1637931034484,
        "z_hits_at_1": 0.0,
        "z_hits_at_10": 0.0,
        "z_hits_at_3": 0.0,
        "z_hits_at_5": 0.0,
        "z_inverse_harmonic_mean_rank": 0.0008344828351742869
      },
      "realistic": {
        "adjusted_arithmetic_mean_rank": 1.0933545468008203,
        "adjusted_arithmetic_mean_rank_index": -0.09339424606991686,
        "adjusted_hits_at_1": -0.0002126339720562082,
        "adjusted_hits_at_10": -0.0021304167112691503,