{
  "losses": [
    0.003913646408265114,
    0.003858649549724955,
    0.003769049338709625,
    0.0036273712128388237,
    0.0033624257950041424,
    0.0031621813896183337,
    0.003064822672390161,
    0.0030018691341314437,
    0.002947796364806013,
    0.002883222363640132,
    0.002835324015806083,
    0.0027949427935051838,
    0.002796363100992054,
    0.0027735512175191476,
    0.002746726642796149,
    0.0027230962250119383,
    0.0026920024662604927,
    0.0026914756647485345,
    0.002658404285566942,
    0.002670067238898157,
    0.002644077653404058,
    0.0026486485300706917,
    0.0026395120726142416,
    0.002658415756974692,
    0.0026301977203722553,
    0.002594756351939943,
    0.0026195842769805022,
    0.002580483457667448,
    0.0026003949922665396,
    0.0025769404047735127
  ],
  "metrics": {
    "both": {
      "optimistic": {
        "adjusted_arithmetic_mean_rank": 1.3118352742618329,
        "adjusted_arithmetic_mean_rank_index": -0.31196658142339473,
        "adjusted_hits_at_1": -0.00021056216689364367,
        "adjusted_hits_at_10": -0.002109619523460065,
        "adjusted_hits_at_3": -0.0006319526313117773,
        "adjusted_hits_at_5": -0.0010536983104662341,
        "adjusted_inverse_harmonic_mean_rank": -0.0009706063683523989,
        "arithmetic_mean_rank": 3116.728448275862,
        "count": 232.0,
        "geometric_mean_rank": 2383.060199639699,
        "harmonic_mean_rank": 1229.1661542470108,
        "hits_at_1": 0.0,
        "hits_at_10": 0.0,
        "hits_at_3": 0.0,
        "hits_at_5": 0.0,
        "inverse_arithmetic_mean_rank": 0.00032084925478611663,
        "inverse_geometric_mean_rank": 0.00041962850965795686,
        "inverse_harmonic_mean_rank": 0.0008135596611937314,
        "inverse_median_rank": 0.00025207965717166626,
        "median_absolute_deviation": 552.2693263933368,
        "median_rank": 3967.0,
        "standard_deviation": 1523.0943179132607,
        "variance": 2319816.301259661,
        "z_arithmetic_mean_rank": -3116.728448275862,
        "z_hits_at_1": 0.0,
        "z_hits_at_10": 0.0,
        "z_hits_at_3": 0.0,
        "z_hits_at_5": 0.0,
        "z_inverse_harmonic_mean_rank": 0.0008135596611937314
      },
      "pessimistic": {
        "adjusted_arithmetic_mean_rank": 1.3118352742618329,
        "adjusted_arithmetic_mean_rank_index": -0.31196658142339473,
        "adjusted_hits_at_1": -0.00021056216689364367,
        "adjusted_hits_at_10": -0.002109619523460065,
        "adjusted_hits_at_3": -0.0006319526313117773,
        "adjusted_hits_at_5": -0.0010536983104662341,
        "adjusted_inverse_harmonic_mean_rank": -0.0009706063683523989,
        "arithmetic_mean_rank": 3116.728448275862,
        "count": 232.0,
        "geometric_mean_rank": 2383.060199639699,
        "harmonic_mean_rank": 1229.1661542470108,
        "hits_at_1": 0.0,
        "hits_at_10": 0.0,
        "hits_at_3": 0.0,
        "hits_at_5": 0.0,
        "inverse_arithmetic_mean_rank": 0.00032084925478611663,
        "inverse_geometric_mean_rank": 0.00041962850965795686,
        "inverse_harmonic_mean_rank": 0.0008135596611937314,
        "inverse_median_rank": 0.00025207965717166626,
        "median_absolute_deviation": 552.2693263933368,
        "median_rank": 3967.0,
        "standard_deviation": 1523.0943179132607,
        "variance": 2319816.301259661,
        "z_arithmetic_mean_rank": -3116.728448275862,
        "z_hits_at_1": 0.0,
        "z_hits_at_10": 0.0,
        "z_hits_at_3": 0.0,
        "z_hits_at_5": 0.0,
        "z_inverse_harmonic_mean_rank": 0.0008135596611937314
      },
      "realistic": {
        "adjusted_arithmetic_mean_rank": 1.3118353026091774,
        "adjusted_arithmetic_mean_rank_index": -0.31196660978267565,
        "adjusted_hits_at_1": -0.00021056216689364367,
        "adjusted_hits_at_10": -0.002109619523460065,
        "adjusted_hits_at_3": -0.0006319526313117773,
        "adjusted_hits_at_5": -0.0010536983104662341,
        "adjusted_inverse_harmonic_mean_rank": -0.0009706064327524158,
        "arithmetic_mean_rank": 3116.728515625,
        "count": 232.0,
        "geometric_mean_rank": 2383.061279296875,
        "harmonic_mean_rank": 1229.1662513723188,
        "hits_at_1": 0.0,
        "hits_at_10": 0.0,
        "hits_at_3": 0.0,
        "hits_at_5": 0.0,
        "inverse_arithmetic_mean_rank": 0.00032084924168884754,
        "inverse_geometric_mean_rank": 0.00041962831164710224,
        "inverse_harmonic_mean_rank": 0.0008135595969085035,
        "inverse_median_rank": 0.0002520796551834792,
        "median_absolute_deviation": 552.2693263933368,
        "median_rank": 3967.0,
        "standard_deviation": 1523.0943603515625,
        "variance": 2319816.25,
        "z_arithmetic_mean_rank": -3116.728515625,
        "z_hits_at_1": 0.0,
        "z_hits_at_10": 0.0,
        "z_hits_at_3": 0.0,
        "z_hits_at_5": 0.0,
        "z_inverse_harmonic_mean_rank": 0.0008135595969085035
      }
    },
    "head": {
      "optimistic": {
        "adjusted_arithmetic_mean_rank": 1.0467060527755083,
        "adjusted_arithmetic_mean_rank_index": -0.04672590817159339,
        "adjusted_hits_at_1": -0.0002125647677931381,
        "adjusted_hits_at_10": -0.0021297220127172553,
        "adjusted_hits_at_3": -0.0006379655213652322,
        "adjusted_hits_at_5": -0.0010637282835880741,
        "adjusted_inverse_harmonic_mean_rank": -0.000488339305506637,
        "arithmetic_mean_rank": 2463.2241379310344,
        "count": 116.0,
        "geometric_mean_rank": 1611.9724831961917,
        "harmonic_mean_rank": 763.3416315089742,
        "hits_at_1": 0.0,
        "hits_at_10": 0.0,
        "hits_at_3": 0.0,
        "hits_at_5": 0.0,
        "inverse_arithmetic_mean_rank": 0.00040597198793283263,
        "inverse_geometric_mean_rank": 0.0006203579840378025,
        "inverse_harmonic_mean_rank": 0.0013100294268284561,
        "inverse_median_rank": 0.0003453634950785702,
        "median_absolute_deviation": 2056.36927706727,
        "median_rank": 2895.5,
        "standard_deviation": 1616.4346733507246,
        "variance": 2612861.0532104634,
        "z_arithmetic_mean_rank": -2463.2241379310344,
        "z_hits_at_1": 0.0,
        "z_hits_at_10": 0.0,
        "z_hits_at_3": 0.0,
        "z_hits_at_5": 0.0,
        "z_inverse_harmonic_mean_rank": 0.0013100294268284561
      },
      "pessimistic": {
        "adjusted_arithmetic_mean_rank": 1.0467060527755083,
        "adjusted_arithmetic_mean_rank_index": -0.04672590817159339,
        "adjusted_hits_at_1": -0.0002125647677931381,
        "adjusted_hits_at_10": -0.0021297220127172553,
        "adjusted_hits_at_3": -0.0006379655213652322,
        "adjusted_hits_at_5": -0.0010637282835880741,
        "adjusted_inverse_harmonic_mean_rank": -0.000488339305506637,
        "arithmetic_mean_rank": 2463.2241379310344,
        "count": 116.0,
        "geometric_mean_rank": 1611.9724831961917,
        "harmonic_mean_rank": 763.3416315089742,
        "hits_at_1": 0.0,
        "hits_at_10": 0.0,
        "hits_at_3": 0.0,
        "hits_at_5": 0.0,
        "inverse_arithmetic_mean_rank": 0.00040597198793283263,
        "inverse_geometric_mean_rank": 0.0006203579840378025,
        "inverse_harmonic_mean_rank": 0.0013100294268284561,
        "inverse_median_rank": 0.0003453634950785702,
        "median_absolute_deviation": 2056.36927706727,
        "median_rank": 2895.5,
        "standard_deviation": 1616.4346733507246,
        "variance": 2612861.0532104634,
        "z_arithmetic_mean_rank": -2463.2241379310344,
        "z_hits_at_1": 0.0,
        "z_hits_at_10": 0.0,
        "z_hits_at_3": 0.0,
        "z_hits_at_5": 0.0,
        "z_inverse_harmonic_mean_rank": 0.0013100294268284561
      },
      "realistic": {
        "adjusted_arithmetic_mean_rank": 1.046706045620785,
        "adjusted_arithmetic_mean_rank_index": -0.04672590101382834,
        "adjusted_hits_at_1": -0.0002125647677931381,
        "adjusted_hits_at_10": -0.0021297220127172553,