{
  "losses": [
    0.05877841342594902,
    0.03617698394722999,
    0.027096221564900522,
    0.02200197718257064,
    0.018309249309780843,
    0.01579571130742338,
    0.01381205392238584,
    0.012211578551936341,
    0.010888288670380096,
    0.009677337929467308,
    0.008866122175243905,
    0.00823397188615773,
    0.0073559604188877595,
    0.006802848279996778,
    0.006118641187753902,
    0.005563515904768211,
    0.005119244435933489,
    0.004723773283539361,
    0.004259873866230657,
    0.0039368662250508,
    0.0036057812012460504,
    0.003334316178464249,
    0.0031491320547257034,
    0.002865558377619745,
    0.0026496418139552664,
    0.002400117687816814,
    0.002289451956282207,
    0.002088931614171668,
    0.0019368415700765297,
    0.001757960469670615
  ],
  "metrics": {
    "both": {
      "optimistic": {
        "adjusted_arithmetic_mean_rank": 1.0926569475698606,
        "adjusted_arithmetic_mean_rank_index": -0.09269596980227357,
        "adjusted_hits_at_1": -0.00021059714390775285,
        "adjusted_hits_at_10": -0.0021099706231602297,
        "adjusted_hits_at_3": -0.0006320576507953436,
        "adjusted_hits_at_5": -0.0010538734905273447,
        "adjusted_inverse_harmonic_mean_rank": -0.00019430602711265787,
        "arithmetic_mean_rank": 2595.5689655172414,
        "count": 232.0,
        "geometric_mean_rank": 2003.1989567859873,
        "harmonic_mean_rank": 629.4323179683837,
        "hits_at_1": 0.0,
        "hits_at_10": 0.0,
        "hits_at_3": 0.0,
        "hits_at_5": 0.0,
        "inverse_arithmetic_mean_rank": 0.00038527198209149544,
        "inverse_geometric_mean_rank": 0.0004992015379263376,
        "inverse_harmonic_mean_rank": 0.001588733167098404,
        "inverse_median_rank": 0.00033852403520649965,
        "median_absolute_deviation": 1028.184638533635,
        "median_rank": 2954.0,
        "standard_deviation": 1181.7279591266715,
        "variance": 1396480.9693816884,
        "z_arithmetic_mean_rank": -2595.5689655172414,
        "z_hits_at_1": 0.0,
        "z_hits_at_10": 0.0,
        "z_hits_at_3": 0.0,
        "z_hits_at_5": 0.0,
        "z_inverse_harmonic_mean_rank": 0.001588733167098404
      },
      "pessimistic": {
        "adjusted_arithmetic_mean_rank": 1.092658762096188,
        "adjusted_arithmetic_mean_rank_index": -0.09269778509278392,
        "adjusted_hits_at_1": -0.00021059714390775285,
        "adjusted_hits_at_10": -0.0021099706231602297,
        "adjusted_hits_at_3": -0.0006320576507953436,
        "adjusted_hits_at_5": -0.0010538734905273447,
        "adjusted_inverse_harmonic_mean_rank": -0.00019430664176751494,
        "arithmetic_mean_rank": 2595.573275862069,
        "count": 232.0,
        "geometric_mean_rank": 2003.2022144677023,
        "harmonic_mean_rank": 629.4325610514225,
        "hits_at_1": 0.0,
        "hits_at_10": 0.0,
        "hits_at_3": 0.0,
        "hits_at_5": 0.0,
        "inverse_arithmetic_mean_rank": 0.00038527134228867783,
        "inverse_geometric_mean_rank": 0.0004992007261062875,
        "inverse_harmonic_mean_rank": 0.0015887325535392878,
        "inverse_median_rank": 0.00033852403520649965,
        "median_absolute_deviation": 1028.184638533635,
        "median_rank": 2954.0,
        "standard_deviation": 1181.7281594793747,
        "variance": 1396481.4429065103,
        "z_arithmetic_mean_rank": -2595.573275862069,
        "z_hits_at_1": 0.0,
        "z_hits_at_10": 0.0,
        "z_hits_at_3": 0.0,
        "z_hits_at_5": 0.0,
        "z_inverse_harmonic_mean_rank": 0.0015887325535392878
      },
      "realistic": {
        "adjusted_arithmetic_mean_rank": 1.0926578229370538,
        "adjusted_arithmetic_mean_rank_index": -0.0926968455381254,
        "adjusted_hits_at_1": -0.00021059714390775285,
        "adjusted_hits_at_10": -0.0021099706231602297,
        "adjusted_hits_at_3": -0.0006320576507953436,
        "adjusted_hits_at_5": -0.0010538734905273447,
        "adjusted_inverse_harmonic_mean_rank": -0.0001943064199960861,
        "arithmetic_mean_rank": 2595.571044921875,
        "count": 232.0,
        "geometric_mean_rank": 2003.200439453125,
        "harmonic_mean_rank": 629.4324733454757,
        "hits_at_1": 0.0,
        "hits_at_10": 0.0,
        "hits_at_3": 0.0,
        "hits_at_5": 0.0,
        "inverse_arithmetic_mean_rank": 0.00038527167635038495,
        "inverse_geometric_mean_rank": 0.0004992011818103492,
        "inverse_harmonic_mean_rank": 0.0015887327749153663,
        "inverse_median_rank": 0.0003385240270290524,
        "median_absolute_deviation": 1028.184638533635,
        "median_rank": 2954.0,
        "standard_deviation": 1181.72802734375,
        "variance": 1396481.25,
        "z_arithmetic_mean_rank": -2595.571044921875,
        "z_hits_at_1": 0.0,
        "z_hits_at_10": 0.0,
        "z_hits_at_3": 0.0,
        "z_hits_at_5": 0.0,
        "z_inverse_harmonic_mean_rank": 0.0015887327749153663
      }
    },
    "head": {
      "optimistic": {
        "adjusted_arithmetic_mean_rank": 0.8524450399528897,
        "adjusted_arithmetic_mean_rank_index": 0.14761770818596576,
        "adjusted_hits_at_1": -0.0002126339720562082,
        "adjusted_hits_at_10": -0.0021304167112691503,
        "adjusted_hits_at_3": -0.0006381733108205046,
        "adjusted_hits_at_5": -0.0010640748941662885,
        "adjusted_inverse_harmonic_mean_rank": 0.0010541038117726845,
        "arithmetic_mean_rank": 2005.4137931034484,
        "count": 116.0,
        "geometric_mean_rank": 1283.4178109836173,
        "harmonic_mean_rank": 350.85054169211304,
        "hits_at_1": 0.0,
        "hits_at_10": 0.0,
        "hits_at_3": 0.0,
        "hits_at_5": 0.0,
        "inverse_arithmetic_mean_rank": 0.0004986502054782743,
        "inverse_geometric_mean_rank": 0.0007791694890330339,
        "inverse_harmonic_mean_rank": 0.0028502164915496825,
        "inverse_median_rank": 0.0004885197850512946,
        "median_absolute_deviation": 1681.2709157853526,
        "median_rank": 2047.0,
        "standard_deviation": 1332.1224707402578,
        "variance": 1774550.2770511291,
        "z_arithmetic_mean_rank": -2005.4137931034484,
        "z_hits_at_1": 0.0,
        "z_hits_at_10": 0.0,
        "z_hits_at_3": 0.0,
        "z_hits_at_5": 0.0,
        "z_inverse_harmonic_mean_rank": 0.0028502164915496825
      },
      "pessimistic": {
        "adjusted_arithmetic_mean_rank": 0.8524450399528897,
        "adjusted_arithmetic_mean_rank_index": 0.14761770818596576,
        "adjusted_hits_at_1": -0.0002126339720562082,
        "adjusted_hits_at_10": -0.0021304167112691503,
        "adjusted_hits_at_3": -0.0006381733108205046,
        "adjusted_hits_at_5": -0.0010640748941662885,
        "adjusted_inverse_harmonic_mean_rank": 0.0010541038117726845,
        "arithmetic_mean_rank": 2005.4137931034484,
        "count": 116.0,
        "geometric_mean_rank": 1283.4178109836173,
        "harmonic_mean_rank": 350.85054169211304,
        "hits_at_1": 0.0,
        "hits_at_10": 0.0,
        "hits_at_3": 0.0,
        "hits_at_5": 0.0,
        "inverse_arithmetic_mean_rank": 0.0004986502054782743,
        "inverse_geometric_mean_rank": 0.0007791694890330339,
        "inverse_harmonic_mean_rank": 0.0028502164915496825,
        "inverse_median_rank": 0.0004885197850512946,
        "median_absolute_deviation": 1681.2709157853526,
        "median_rank": 2047.0,
        "standard_deviation": 1332.1224707402578,
        "variance": 1774550.2770511291,
        "z_arithmetic_mean_rank": -2005.4137931034484,
        "z_hits_at_1": 0.0,
        "z_hits_at_10": 0.0,
        "z_hits_at_3": 0.0,
        "z_hits_at_5": 0.0,
        "z_inverse_harmonic_mean_rank": 0.0028502164915496825
      },
      "realistic": {
        "adjusted_arithmetic_mean_rank": 0.8524450506884743,
        "adjusted_arithmetic_mean_rank_index": 0.14761769744581588,
        "adjusted_hits_at_1": -0.0002126339720562082,
        "adjusted_hits_at_10": -0.0021304167112691503,