{
  "losses": [
    0.005057899652206138,
    0.004682745992990152,
    0.004312313932890232,
    0.00406515020597743,
    0.0037933649172891184,
    0.0036907097882703443,
    0.003499806239643583,
    0.0033687217954655496,
    0.0032482108512015798,
    0.003155765759787655,
    0.0030695440094052045,
    0.003009729249370679,
    0.0029007642321267494,
    0.0028816970864891053,
    0.0028011207300226025,
    0.0027672058558953785,
    0.0027258134406701992,
    0.002696567131491944,
    0.0026422846526253994,
    0.0026106799440881977,
    0.002617704050417844,
    0.0025734898807212433,
    0.0025528978528793185,
    0.0025022474084085145,
    0.0024646846589306223,
    0.0024666340909344007,
    0.0024258016671095187,
    0.002372222258077961,
    0.0023319219675461043,
    0.0023143960800409875
  ],
  "metrics": {
    "both": {
      "optimistic": {
        "adjusted_arithmetic_mean_rank": 0.952421736379057,
        "adjusted_arithmetic_mean_rank_index": 0.047598311218189804,
        "adjusted_hits_at_1": -0.00021070542960217688,
        "adjusted_hits_at_10": -0.0021110575977041214,
        "adjusted_hits_at_3": -0.0006323827817779457,
        "adjusted_hits_at_5": -0.0010544158325748122,
        "adjusted_inverse_harmonic_mean_rank": -0.0003826423949220449,
        "arithmetic_mean_rank": 2261.301724137931,
        "count": 232.0,
        "geometric_mean_rank": 1666.6270639864647,
        "harmonic_mean_rank": 713.5069466362166,
        "hits_at_1": 0.0,
        "hits_at_10": 0.0,
        "hits_at_3": 0.0,
        "hits_at_5": 0.0,
        "inverse_arithmetic_mean_rank": 0.0004422231625818208,
        "inverse_geometric_mean_rank": 0.0006000142573036491,
        "inverse_harmonic_mean_rank": 0.001401528050587926,
        "inverse_median_rank": 0.00045829514207149406,
        "median_absolute_deviation": 1664.962291381791,
        "median_rank": 2182.0,
        "standard_deviation": 1338.5547096352402,
        "variance": 1791728.7106866823,
        "z_arithmetic_mean_rank": -2261.301724137931,
        "z_hits_at_1": 0.0,
        "z_hits_at_10": 0.0,
        "z_hits_at_3": 0.0,
        "z_hits_at_5": 0.0,
        "z_inverse_harmonic_mean_rank": 0.001401528050587926
      },
      "pessimistic": {
        "adjusted_arithmetic_mean_rank": 0.952421736379057,
        "adjusted_arithmetic_mean_rank_index": 0.047598311218189804,
        "adjusted_hits_at_1": -0.00021070542960217688,
        "adjusted_hits_at_10": -0.0021110575977041214,
        "adjusted_hits_at_3": -0.0006323827817779457,
        "adjusted_hits_at_5": -0.0010544158325748122,
        "adjusted_inverse_harmonic_mean_rank": -0.0003826423949220449,
        "arithmetic_mean_rank": 2261.301724137931,
        "count": 232.0,
        "geometric_mean_rank": 1666.6270639864647,
        "harmonic_mean_rank": 713.5069466362166,
        "hits_at_1": 0.0,
        "hits_at_10": 0.0,
        "hits_at_3": 0.0,
        "hits_at_5": 0.0,
        "inverse_arithmetic_mean_rank": 0.0004422231625818208,
        "inverse_geometric_mean_rank": 0.0006000142573036491,
        "inverse_harmonic_mean_rank": 0.001401528050587926,
        "inverse_median_rank": 0.00045829514207149406,
        "median_absolute_deviation": 1664.962291381791,
        "median_rank": 2182.0,
        "standard_deviation": 1338.5547096352402,
        "variance": 1791728.7106866823,
        "z_arithmetic_mean_rank": -2261.301724137931,
        "z_hits_at_1": 0.0,
        "z_hits_at_10": 0.0,
        "z_hits_at_3": 0.0,
        "z_hits_at_5": 0.0,
        "z_inverse_harmonic_mean_rank": 0.001401528050587926
      },
      "realistic": {
        "adjusted_arithmetic_mean_rank": 0.9524217505622113,
        "adjusted_arithmetic_mean_rank_index": 0.04759829702905927,
        "adjusted_hits_at_1": -0.00021070542960217688,
        "adjusted_hits_at_10": -0.0021110575977041214,
        "adjusted_hits_at_3": -0.0006323827817779457,
        "adjusted_hits_at_5": -0.0010544158325748122,
        "adjusted_inverse_harmonic_mean_rank": -0.00038264237167259525,
        "arithmetic_mean_rank": 2261.3017578125,
        "count": 232.0,
        "geometric_mean_rank": 1666.6279296875,
        "harmonic_mean_rank": 713.5069348212138,
        "hits_at_1": 0.0,
        "hits_at_10": 0.0,
        "hits_at_3": 0.0,
        "hits_at_5": 0.0,
        "inverse_arithmetic_mean_rank": 0.0004422231577336788,
        "inverse_geometric_mean_rank": 0.0006000139401294291,
        "inverse_harmonic_mean_rank": 0.0014015280737959105,
        "inverse_median_rank": 0.0004582951369229704,
        "median_absolute_deviation": 1664.962291381791,
        "median_rank": 2182.0,
        "standard_deviation": 1338.5548095703125,
        "variance": 1791728.875,
        "z_arithmetic_mean_rank": -2261.3017578125,
        "z_hits_at_1": 0.0,
        "z_hits_at_10": 0.0,
        "z_hits_at_3": 0.0,
        "z_hits_at_5": 0.0,
        "z_inverse_harmonic_mean_rank": 0.0014015280737959105
      }
    },
    "head": {
      "optimistic": {
        "adjusted_arithmetic_mean_rank": 1.151759246981964,
        "adjusted_arithmetic_mean_rank_index": -0.1518238490832,
        "adjusted_hits_at_1": -0.00021285091937457584,
        "adjusted_hits_at_10": -0.0021325945160763585,
        "adjusted_hits_at_3": -0.0006388247069761256,
        "adjusted_hits_at_5": -0.001065161479273462,
        "adjusted_inverse_harmonic_mean_rank": -0.0009617775928087279,
        "arithmetic_mean_rank": 2706.793103448276,
        "count": 116.0,
        "geometric_mean_rank": 2203.956271061621,
        "harmonic_mean_rank": 1191.0654557648656,
        "hits_at_1": 0.0,
        "hits_at_10": 0.0,
        "hits_at_3": 0.0,
        "hits_at_5": 0.0,
        "inverse_arithmetic_mean_rank": 0.0003694408703517332,
        "inverse_geometric_mean_rank": 0.00045372951048539234,
        "inverse_harmonic_mean_rank": 0.0008395844201172225,
        "inverse_median_rank": 0.00035797386790764276,
        "median_absolute_deviation": 1644.2058603227126,
        "median_rank": 2793.5,
        "standard_deviation": 1295.321811414002,
        "variance": 1677858.5951248512,
        "z_arithmetic_mean_rank": -2706.793103448276,
        "z_hits_at_1": 0.0,
        "z_hits_at_10": 0.0,
        "z_hits_at_3": 0.0,
        "z_hits_at_5": 0.0,
        "z_inverse_harmonic_mean_rank": 0.0008395844201172225
      },
      "pessimistic": {
        "adjusted_arithmetic_mean_rank": 1.151759246981964,
        "adjusted_arithmetic_mean_rank_index": -0.1518238490832,
        "adjusted_hits_at_1": -0.00021285091937457584,
        "adjusted_hits_at_10": -0.0021325945160763585,
        "adjusted_hits_at_3": -0.0006388247069761256,
        "adjusted_hits_at_5": -0.001065161479273462,
        "adjusted_inverse_harmonic_mean_rank": -0.0009617775928087279,
        "arithmetic_mean_rank": 2706.793103448276,
        "count": 116.0,
        "geometric_mean_rank": 2203.956271061621,
        "harmonic_mean_rank": 1191.0654557648656,
        "hits_at_1": 0.0,
        "hits_at_10": 0.0,
        "hits_at_3": 0.0,
        "hits_at_5": 0.0,
        "inverse_arithmetic_mean_rank": 0.0003694408703517332,
        "inverse_geometric_mean_rank": 0.00045372951048539234,
        "inverse_harmonic_mean_rank": 0.0008395844201172225,
        "inverse_median_rank": 0.00035797386790764276,
        "median_absolute_deviation": 1644.2058603227126,
        "median_rank": 2793.5,
        "standard_deviation": 1295.321811414002,
        "variance": 1677858.5951248512,
        "z_arithmetic_mean_rank": -2706.793103448276,
        "z_hits_at_1": 0.0,
        "z_hits_at_10": 0.0,
        "z_hits_at_3": 0.0,
        "z_hits_at_5": 0.0,
        "z_inverse_harmonic_mean_rank": 0.0008395844201172225
      },
      "realistic": {
        "adjusted_arithmetic_mean_rank": 1.151759293550443,
        "adjusted_arithmetic_mean_rank_index": -0.15182389567150256,
        "adjusted_hits_at_1": -0.00021285091937457584,
        "adjusted_hits_at_10": -0.0021325945160763585,