{
  "losses": [
    0.19261423475495515,
    0.1660733415908666,
    0.15087602939711245,
    0.14094156926810347,
    0.13326726043377707,
    0.12800565238603234,
    0.12419832335274328,
    0.12139783510485694,
    0.11909055776591619,
    0.11717411308525069,
    0.11532958896388515,
    0.11341268197273177,
    0.11155208912891322,
    0.10966396745018431,
    0.10773287403703523,
    0.1058850402506532,
    0.10401190729842458,
    0.10212162562779017,
    0.10025879802898394,
    0.09833366455582648,
    0.09646552636237012,
    0.094587799167881,
    0.09277369980652819,
    0.09090484831223654,
    0.08902183124823743,
    0.08723635953566637,
    0.08547003149517408,
    0.08372390703331366,
    0.0820456468520995,
    0.08034486912400013
  ],
  "metrics": {
    "both": {
      "optimistic": {
        "adjusted_arithmetic_mean_rank": 0.5953915185152221,
        "adjusted_arithmetic_mean_rank_index": 0.4047946221825759,
        "adjusted_hits_at_1": -0.00023005774985504658,
        "adjusted_hits_at_10": 0.0020149309115124183,
        "adjusted_hits_at_3": -0.0006904909551560167,
        "adjusted_hits_at_5": -0.001151348255631193,
        "adjusted_inverse_harmonic_mean_rank": 0.0023984343776720027,
        "arithmetic_mean_rank": 1294.780172413793,
        "count": 232.0,
        "geometric_mean_rank": 846.752213013647,
        "harmonic_mean_rank": 231.43518602743063,
        "hits_at_1": 0.0,
        "hits_at_10": 0.004310344827586207,
        "hits_at_3": 0.0,
        "hits_at_5": 0.0,
        "inverse_arithmetic_mean_rank": 0.0007723318763336874,
        "inverse_geometric_mean_rank": 0.001180983036868524,
        "inverse_harmonic_mean_rank": 0.004320864157109956,
        "inverse_median_rank": 0.0008920606601248885,
        "median_absolute_deviation": 596.006091839252,
        "median_rank": 1121.0,
        "standard_deviation": 917.6749147108825,
        "variance": 842127.2490896254,
        "z_arithmetic_mean_rank": -1294.780172413793,
        "z_hits_at_1": 0.0,
        "z_hits_at_10": 0.004310344827586207,
        "z_hits_at_3": 0.0,
        "z_hits_at_5": 0.0,
        "z_inverse_harmonic_mean_rank": 0.004320864157109956
      },
      "pessimistic": {
        "adjusted_arithmetic_mean_rank": 0.5953915185152221,
        "adjusted_arithmetic_mean_rank_index": 0.4047946221825759,
        "adjusted_hits_at_1": -0.00023005774985504658,
        "adjusted_hits_at_10": 0.0020149309115124183,
        "adjusted_hits_at_3": -0.0006904909551560167,
        "adjusted_hits_at_5": -0.001151348255631193,
        "adjusted_inverse_harmonic_mean_rank": 0.0023984343776720027,
        "arithmetic_mean_rank": 1294.780172413793,
        "count": 232.0,
        "geometric_mean_rank": 846.752213013647,
        "harmonic_mean_rank": 231.43518602743063,
        "hits_at_1": 0.0,
        "hits_at_10": 0.004310344827586207,
        "hits_at_3": 0.0,
        "hits_at_5": 0.0,
        "inverse_arithmetic_mean_rank": 0.0007723318763336874,
        "inverse_geometric_mean_rank": 0.001180983036868524,
        "inverse_harmonic_mean_rank": 0.004320864157109956,
        "inverse_median_rank": 0.0008920606601248885,
        "median_absolute_deviation": 596.006091839252,
        "median_rank": 1121.0,
        "standard_deviation": 917.6749147108825,
        "variance": 842127.2490896254,
        "z_arithmetic_mean_rank": -1294.780172413793,
        "z_hits_at_1": 0.0,
        "z_hits_at_10": 0.004310344827586207,
        "z_hits_at_3": 0.0,
        "z_hits_at_5": 0.0,
        "z_inverse_harmonic_mean_rank": 0.004320864157109956
      },
      "realistic": {
        "adjusted_arithmetic_mean_rank": 0.5953915088371542,
        "adjusted_arithmetic_mean_rank_index": 0.40479463186509623,
        "adjusted_hits_at_1": -0.00023005774985504658,
        "adjusted_hits_at_10": 0.0020149309115124183,
        "adjusted_hits_at_3": -0.0006904909551560167,
        "adjusted_hits_at_5": -0.001151348255631193,
        "adjusted_inverse_harmonic_mean_rank": 0.0023984342400195577,
        "arithmetic_mean_rank": 1294.7801513671875,
        "count": 232.0,
        "geometric_mean_rank": 846.7520141601562,
        "harmonic_mean_rank": 231.43519338619683,
        "hits_at_1": 0.0,
        "hits_at_10": 0.004310344827586207,
        "hits_at_3": 0.0,
        "hits_at_5": 0.0,
        "inverse_arithmetic_mean_rank": 0.000772331899497658,
        "inverse_geometric_mean_rank": 0.0011809832649305463,
        "inverse_harmonic_mean_rank": 0.004320864019722774,
        "inverse_median_rank": 0.000892060634214431,
        "median_absolute_deviation": 596.006091839252,
        "median_rank": 1121.0,
        "standard_deviation": 917.6749267578125,
        "variance": 842127.3125,
        "z_arithmetic_mean_rank": -1294.7801513671875,
        "z_hits_at_1": 0.0,
        "z_hits_at_10": 0.004310344827586207,
        "z_hits_at_3": 0.0,
        "z_hits_at_5": 0.0,
        "z_inverse_harmonic_mean_rank": 0.004320864019722774
      }
    },
    "head": {
      "optimistic": {
        "adjusted_arithmetic_mean_rank": 0.7096080293401721,
        "adjusted_arithmetic_mean_rank_index": 0.2905270394074423,
        "adjusted_hits_at_1": -0.00023257217403122084,
        "adjusted_hits_at_10": 0.006310181000018299,
        "adjusted_hits_at_3": -0.0006980412120181476,
        "adjusted_hits_at_5": -0.0011639436737987652,
        "adjusted_inverse_harmonic_mean_rank": 0.0017762834629454303,
        "arithmetic_mean_rank": 1526.3362068965516,
        "count": 116.0,
        "geometric_mean_rank": 909.2712751240633,
        "harmonic_mean_rank": 268.91961985486637,
        "hits_at_1": 0.0,
        "hits_at_10": 0.008620689655172414,
        "hits_at_3": 0.0,
        "hits_at_5": 0.0,
        "inverse_arithmetic_mean_rank": 0.000655163649713366,
        "inverse_geometric_mean_rank": 0.001099781800391261,
        "inverse_harmonic_mean_rank": 0.003718583272353618,
        "inverse_median_rank": 0.0008936550491510277,
        "median_absolute_deviation": 1278.7444134610816,
        "median_rank": 1119.0,
        "standard_deviation": 1179.2991777992665,
        "variance": 1390746.5507580263,
        "z_arithmetic_mean_rank": -1526.3362068965516,
        "z_hits_at_1": 0.0,
        "z_hits_at_10": 0.008620689655172414,
        "z_hits_at_3": 0.0,
        "z_hits_at_5": 0.0,
        "z_inverse_harmonic_mean_rank": 0.003718583272353618
      },
      "pessimistic": {
        "adjusted_arithmetic_mean_rank": 0.7096080293401721,
        "adjusted_arithmetic_mean_rank_index": 0.2905270394074423,
        "adjusted_hits_at_1": -0.00023257217403122084,
        "adjusted_hits_at_10": 0.006310181000018299,
        "adjusted_hits_at_3": -0.0006980412120181476,
        "adjusted_hits_at_5": -0.0011639436737987652,
        "adjusted_inverse_harmonic_mean_rank": 0.0017762834629454303,
        "arithmetic_mean_rank": 1526.3362068965516,
        "count": 116.0,
        "geometric_mean_rank": 909.2712751240633,
        "harmonic_mean_rank": 268.91961985486637,
        "hits_at_1": 0.0,
        "hits_at_10": 0.008620689655172414,
        "hits_at_3": 0.0,
        "hits_at_5": 0.0,
        "inverse_arithmetic_mean_rank": 0.000655163649713366,
        "inverse_geometric_mean_rank": 0.001099781800391261,
        "inverse_harmonic_mean_rank": 0.003718583272353618,
        "inverse_median_rank": 0.0008936550491510277,
        "median_absolute_deviation": 1278.7444134610816,
        "median_rank": 1119.0,
        "standard_deviation": 1179.2991777992665,
        "variance": 1390746.5507580263,
        "z_arithmetic_mean_rank": -1526.3362068965516,
        "z_hits_at_1": 0.0,
        "z_hits_at_10": 0.008620689655172414,
        "z_hits_at_3": 0.0,
        "z_hits_at_5": 0.0,
        "z_inverse_harmonic_mean_rank": 0.003718583272353618
      },
      "realistic": {
        "adjusted_arithmetic_mean_rank": 0.7096080175984547,
        "adjusted_arithmetic_mean_rank_index": 0.29052705115462096,