{
  "losses": [
    0.005039777140194849,
    0.00468196218526907,
    0.004297100106719517,
    0.00405434333562176,
    0.0038011305576763584,
    0.0036774264079362153,
    0.0035204014521924482,
    0.003373234004588323,
    0.0032253948997771923,
    0.003131586854324722,
    0.003071948678570622,
    0.002980057270180338,
    0.002896798345656447,
    0.002872705872493597,
    0.0028072200254621034,
    0.002773504969255227,
    0.0027272875470846837,
    0.0026955525204831023,
    0.0026516433573869273,
    0.0026041160297066352,
    0.0026045320989223756,
    0.0025679141159165616,
    0.0025406559291614637,
    0.0025020037908940695,
    0.002468713604034512,
    0.0024712918451138127,
    0.0024290840012949205,
    0.002379872193430412,
    0.00232063383662868,
    0.0023208485799455893
  ],
  "metrics": {
    "both": {
      "optimistic": {
        "adjusted_arithmetic_mean_rank": 0.9077500023882638,
        "adjusted_arithmetic_mean_rank_index": 0.09228884211183053,
        "adjusted_hits_at_1": -0.00021056216689364367,
        "adjusted_hits_at_10": -0.002109619523460065,
        "adjusted_hits_at_3": -0.0006319526313117773,
        "adjusted_hits_at_5": -0.0010536983104662341,
        "adjusted_inverse_harmonic_mean_rank": -0.00012131929419497384,
        "arithmetic_mean_rank": 2156.6810344827586,
        "count": 232.0,
        "geometric_mean_rank": 1536.8751442089424,
        "harmonic_mean_rank": 601.9263078621224,
        "hits_at_1": 0.0,
        "hits_at_10": 0.0,
        "hits_at_3": 0.0,
        "hits_at_5": 0.0,
        "inverse_arithmetic_mean_rank": 0.0004636754272009593,
        "inverse_geometric_mean_rank": 0.0006506709434192315,
        "inverse_harmonic_mean_rank": 0.0016613329355078805,
        "inverse_median_rank": 0.000500751126690035,
        "median_absolute_deviation": 1730.1967889960374,
        "median_rank": 1997.0,
        "standard_deviation": 1361.002049702895,
        "variance": 1852326.5792954816,
        "z_arithmetic_mean_rank": -2156.6810344827586,
        "z_hits_at_1": 0.0,
        "z_hits_at_10": 0.0,
        "z_hits_at_3": 0.0,
        "z_hits_at_5": 0.0,
        "z_inverse_harmonic_mean_rank": 0.0016613329355078805
      },
      "pessimistic": {
        "adjusted_arithmetic_mean_rank": 0.9077500023882638,
        "adjusted_arithmetic_mean_rank_index": 0.09228884211183053,
        "adjusted_hits_at_1": -0.00021056216689364367,
        "adjusted_hits_at_10": -0.002109619523460065,
        "adjusted_hits_at_3": -0.0006319526313117773,
        "adjusted_hits_at_5": -0.0010536983104662341,
        "adjusted_inverse_harmonic_mean_rank": -0.00012131929419497384,
        "arithmetic_mean_rank": 2156.6810344827586,
        "count": 232.0,
        "geometric_mean_rank": 1536.8751442089424,
        "harmonic_mean_rank": 601.9263078621224,
        "hits_at_1": 0.0,
        "hits_at_10": 0.0,
        "hits_at_3": 0.0,
        "hits_at_5": 0.0,
        "inverse_arithmetic_mean_rank": 0.0004636754272009593,
        "inverse_geometric_mean_rank": 0.0006506709434192315,
        "inverse_harmonic_mean_rank": 0.0016613329355078805,
        "inverse_median_rank": 0.000500751126690035,
        "median_absolute_deviation": 1730.1967889960374,
        "median_rank": 1997.0,
        "standard_deviation": 1361.002049702895,
        "variance": 1852326.5792954816,
        "z_arithmetic_mean_rank": -2156.6810344827586,
        "z_hits_at_1": 0.0,
        "z_hits_at_10": 0.0,
        "z_hits_at_3": 0.0,
        "z_hits_at_5": 0.0,
        "z_inverse_harmonic_mean_rank": 0.0016613329355078805
      },
      "realistic": {
        "adjusted_arithmetic_mean_rank": 0.9077500519961166,
        "adjusted_arithmetic_mean_rank_index": 0.09228879248308897,
        "adjusted_hits_at_1": -0.00021056216689364367,
        "adjusted_hits_at_10": -0.002109619523460065,
        "adjusted_hits_at_3": -0.0006319526313117773,
        "adjusted_hits_at_5": -0.0010536983104662341,
        "adjusted_inverse_harmonic_mean_rank": -0.00012131932755280043,
        "arithmetic_mean_rank": 2156.68115234375,
        "count": 232.0,
        "geometric_mean_rank": 1536.874755859375,
        "harmonic_mean_rank": 601.9263199266303,
        "hits_at_1": 0.0,
        "hits_at_10": 0.0,
        "hits_at_3": 0.0,
        "hits_at_5": 0.0,
        "inverse_arithmetic_mean_rank": 0.00046367538743652403,
        "inverse_geometric_mean_rank": 0.0006506711360998452,
        "inverse_harmonic_mean_rank": 0.0016613329022095121,
        "inverse_median_rank": 0.000500751135405153,
        "median_absolute_deviation": 1730.1967889960374,
        "median_rank": 1997.0,
        "standard_deviation": 1361.0020751953125,
        "variance": 1852326.625,
        "z_arithmetic_mean_rank": -2156.68115234375,
        "z_hits_at_1": 0.0,
        "z_hits_at_10": 0.0,
        "z_hits_at_3": 0.0,
        "z_hits_at_5": 0.0,
        "z_inverse_harmonic_mean_rank": 0.0016613329022095121
      }
    },
    "head": {
      "optimistic": {
        "adjusted_arithmetic_mean_rank": 1.1066766015725988,
        "adjusted_arithmetic_mean_rank_index": -0.10672195128749351,
        "adjusted_hits_at_1": -0.0002125647677931381,
        "adjusted_hits_at_10": -0.0021297220127172553,
        "adjusted_hits_at_3": -0.0006379655213652322,
        "adjusted_hits_at_5": -0.0010637282835880741,
        "adjusted_inverse_harmonic_mean_rank": -0.0009339550840680967,
        "arithmetic_mean_rank": 2604.353448275862,
        "count": 116.0,
        "geometric_mean_rank": 2098.916674804842,
        "harmonic_mean_rank": 1155.782571621973,
        "hits_at_1": 0.0,
        "hits_at_10": 0.0,
        "hits_at_3": 0.0,
        "hits_at_5": 0.0,
        "inverse_arithmetic_mean_rank": 0.00038397245990632396,
        "inverse_geometric_mean_rank": 0.00047643625495184577,
        "inverse_harmonic_mean_rank": 0.0008652146385947361,
        "inverse_median_rank": 0.0003732039559619332,
        "median_absolute_deviation": 1610.8473104063364,
        "median_rank": 2679.5,
        "standard_deviation": 1314.2692099067067,
        "variance": 1727303.556108799,
        "z_arithmetic_mean_rank": -2604.353448275862,
        "z_hits_at_1": 0.0,
        "z_hits_at_10": 0.0,
        "z_hits_at_3": 0.0,
        "z_hits_at_5": 0.0,
        "z_inverse_harmonic_mean_rank": 0.0008652146385947361
      },
      "pessimistic": {
        "adjusted_arithmetic_mean_rank": 1.1066766015725988,
        "adjusted_arithmetic_mean_rank_index": -0.10672195128749351,
        "adjusted_hits_at_1": -0.0002125647677931381,
        "adjusted_hits_at_10": -0.0021297220127172553,
        "adjusted_hits_at_3": -0.0006379655213652322,
        "adjusted_hits_at_5": -0.0010637282835880741,
        "adjusted_inverse_harmonic_mean_rank": -0.0009339550840680967,
        "arithmetic_mean_rank": 2604.353448275862,
        "count": 116.0,
        "geometric_mean_rank": 2098.916674804842,
        "harmonic_mean_rank": 1155.782571621973,
        "hits_at_1": 0.0,
        "hits_at_10": 0.0,
        "hits_at_3": 0.0,
        "hits_at_5": 0.0,
        "inverse_arithmetic_mean_rank": 0.00038397245990632396,
        "inverse_geometric_mean_rank": 0.00047643625495184577,
        "inverse_harmonic_mean_rank": 0.0008652146385947361,
        "inverse_median_rank": 0.0003732039559619332,
        "median_absolute_deviation": 1610.8473104063364,
        "median_rank": 2679.5,
        "standard_deviation": 1314.2692099067067,
        "variance": 1727303.556108799,
        "z_arithmetic_mean_rank": -2604.353448275862,
        "z_hits_at_1": 0.0,
        "z_hits_at_10": 0.0,
        "z_hits_at_3": 0.0,
        "z_hits_at_5": 0.0,
        "z_inverse_harmonic_mean_rank": 0.0008652146385947361
      },
      "realistic": {
        "adjusted_arithmetic_mean_rank": 1.1066766301914928,
        "adjusted_arithmetic_mean_rank_index": -0.1067219799185537,
        "adjusted_hits_at_1": -0.0002125647677931381,
        "adjusted_hits_at_10": -0.0021297220127172553,