{
  "losses": [
    0.003918043264214744,
    0.0037264478155650486,
    0.003512303823161201,
    0.003270578380090904,
    0.0030223105975026344,
    0.0027723940343255342,
    0.0026076982325943443,
    0.0025157641663651003,
    0.0024541067894693815,
    0.0023869545041391,
    0.0023644586139669995,
    0.002368172951674118,
    0.0023245788519586845,
    0.0023132680510980566,
    0.0023258924627869927,
    0.002328071994355239,
    0.00228264927325511,
    0.002284236327258013,
    0.0023176562182192816,
    0.002271221119354636,
    0.0022873164163957943,
    0.002277462997750183,
    0.002287955120682508,
    0.002257196219324613,
    0.002274266007966101,
    0.0022725807666117924,
    0.002257370846823435,
    0.0022875996075741576,
    0.002260677312254999,
    0.0022775830382231123
  ],
  "metrics": {
    "both": {
      "optimistic": {
        "adjusted_arithmetic_mean_rank": 0.5818811731598913,
        "adjusted_arithmetic_mean_rank_index": 0.4182949755034009,
        "adjusted_hits_at_1": -0.00021066886899837758,
        "adjusted_hits_at_10": 0.0022087520307021045,
        "adjusted_hits_at_3": -0.0006322730074738982,
        "adjusted_hits_at_5": -0.0010542327210519083,
        "adjusted_inverse_harmonic_mean_rank": 0.0011954897329114977,
        "arithmetic_mean_rank": 1381.7758620689656,
        "count": 232.0,
        "geometric_mean_rank": 817.9951783475684,
        "harmonic_mean_rank": 335.95630839017105,
        "hits_at_1": 0.0,
        "hits_at_10": 0.004310344827586207,
        "hits_at_3": 0.0,
        "hits_at_5": 0.0,
        "inverse_arithmetic_mean_rank": 0.0007237063748549467,
        "inverse_geometric_mean_rank": 0.0012225010934906724,
        "inverse_harmonic_mean_rank": 0.0029765775341197807,
        "inverse_median_rank": 0.000999000999000999,
        "median_absolute_deviation": 1131.2254927197744,
        "median_rank": 1001.0,
        "standard_deviation": 1206.703014531508,
        "variance": 1456132.165279429,
        "z_arithmetic_mean_rank": -1381.7758620689656,
        "z_hits_at_1": 0.0,
        "z_hits_at_10": 0.004310344827586207,
        "z_hits_at_3": 0.0,
        "z_hits_at_5": 0.0,
        "z_inverse_harmonic_mean_rank": 0.0029765775341197807
      },
      "pessimistic": {
        "adjusted_arithmetic_mean_rank": 0.5818811731598913,
        "adjusted_arithmetic_mean_rank_index": 0.4182949755034009,
        "adjusted_hits_at_1": -0.00021066886899837758,
        "adjusted_hits_at_10": 0.0022087520307021045,
        "adjusted_hits_at_3": -0.0006322730074738982,
        "adjusted_hits_at_5": -0.0010542327210519083,
        "adjusted_inverse_harmonic_mean_rank": 0.0011954897329114977,
        "arithmetic_mean_rank": 1381.7758620689656,
        "count": 232.0,
        "geometric_mean_rank": 817.9951783475684,
        "harmonic_mean_rank": 335.95630839017105,
        "hits_at_1": 0.0,
        "hits_at_10": 0.004310344827586207,
        "hits_at_3": 0.0,
        "hits_at_5": 0.0,
        "inverse_arithmetic_mean_rank": 0.0007237063748549467,
        "inverse_geometric_mean_rank": 0.0012225010934906724,
        "inverse_harmonic_mean_rank": 0.0029765775341197807,
        "inverse_median_rank": 0.000999000999000999,
        "median_absolute_deviation": 1131.2254927197744,
        "median_rank": 1001.0,
        "standard_deviation": 1206.703014531508,
        "variance": 1456132.165279429,
        "z_arithmetic_mean_rank": -1381.7758620689656,
        "z_hits_at_1": 0.0,
        "z_hits_at_10": 0.004310344827586207,
        "z_hits_at_3": 0.0,
        "z_hits_at_5": 0.0,
        "z_inverse_harmonic_mean_rank": 0.0029765775341197807
      },
      "realistic": {
        "adjusted_arithmetic_mean_rank": 0.5818811802502588,
        "adjusted_arithmetic_mean_rank_index": 0.4182949684100462,
        "adjusted_hits_at_1": -0.00021066886899837758,
        "adjusted_hits_at_10": 0.0022087520307021045,
        "adjusted_hits_at_3": -0.0006322730074738982,
        "adjusted_hits_at_5": -0.0010542327210519083,
        "adjusted_inverse_harmonic_mean_rank": 0.0011954897994388037,
        "arithmetic_mean_rank": 1381.77587890625,
        "count": 232.0,
        "geometric_mean_rank": 817.9954223632812,
        "harmonic_mean_rank": 335.95630089484735,
        "hits_at_1": 0.0,
        "hits_at_10": 0.004310344827586207,
        "hits_at_3": 0.0,
        "hits_at_5": 0.0,
        "inverse_arithmetic_mean_rank": 0.0007237063837237656,
        "inverse_geometric_mean_rank": 0.0012225006939843297,
        "inverse_harmonic_mean_rank": 0.002976577600528454,
        "inverse_median_rank": 0.0009990009712055326,
        "median_absolute_deviation": 1131.2254927197744,
        "median_rank": 1001.0,
        "standard_deviation": 1206.7030029296875,
        "variance": 1456132.125,
        "z_arithmetic_mean_rank": -1381.77587890625,
        "z_hits_at_1": 0.0,
        "z_hits_at_10": 0.004310344827586207,
        "z_hits_at_3": 0.0,
        "z_hits_at_5": 0.0,
        "z_inverse_harmonic_mean_rank": 0.002976577600528454
      }
    },
    "head": {
      "optimistic": {
        "adjusted_arithmetic_mean_rank": 0.5290179226948962,
        "adjusted_arithmetic_mean_rank_index": 0.4711824988957851,
        "adjusted_hits_at_1": -0.00021277704780802407,
        "adjusted_hits_at_10": 0.006507214735454836,
        "adjusted_hits_at_3": -0.0006386029035051311,
        "adjusted_hits_at_5": -0.0010647914918007462,
        "adjusted_inverse_harmonic_mean_rank": 0.0018689358973028654,
        "arithmetic_mean_rank": 1243.698275862069,
        "count": 116.0,
        "geometric_mean_rank": 701.527692111892,
        "harmonic_mean_rank": 272.87722457453947,
        "hits_at_1": 0.0,
        "hits_at_10": 0.008620689655172414,
        "hits_at_3": 0.0,
        "hits_at_5": 0.0,
        "inverse_arithmetic_mean_rank": 0.0008040535388752954,
        "inverse_geometric_mean_rank": 0.001425460478957832,
        "inverse_harmonic_mean_rank": 0.003664651755232283,
        "inverse_median_rank": 0.0012531328320802004,
        "median_absolute_deviation": 948.1241187343325,
        "median_rank": 798.0,
        "standard_deviation": 1159.6107270428683,
        "variance": 1344697.0382728896,
        "z_arithmetic_mean_rank": -1243.698275862069,
        "z_hits_at_1": 0.0,
        "z_hits_at_10": 0.008620689655172414,
        "z_hits_at_3": 0.0,
        "z_hits_at_5": 0.0,
        "z_inverse_harmonic_mean_rank": 0.003664651755232283
      },
      "pessimistic": {
        "adjusted_arithmetic_mean_rank": 0.5290179226948962,
        "adjusted_arithmetic_mean_rank_index": 0.4711824988957851,
        "adjusted_hits_at_1": -0.00021277704780802407,
        "adjusted_hits_at_10": 0.006507214735454836,
        "adjusted_hits_at_3": -0.0006386029035051311,
        "adjusted_hits_at_5": -0.0010647914918007462,
        "adjusted_inverse_harmonic_mean_rank": 0.0018689358973028654,
        "arithmetic_mean_rank": 1243.698275862069,
        "count": 116.0,
        "geometric_mean_rank": 701.527692111892,
        "harmonic_mean_rank": 272.87722457453947,
        "hits_at_1": 0.0,
        "hits_at_10": 0.008620689655172414,
        "hits_at_3": 0.0,
        "hits_at_5": 0.0,
        "inverse_arithmetic_mean_rank": 0.0008040535388752954,
        "inverse_geometric_mean_rank": 0.001425460478957832,
        "inverse_harmonic_mean_rank": 0.003664651755232283,
        "inverse_median_rank": 0.0012531328320802004,
        "median_absolute_deviation": 948.1241187343325,
        "median_rank": 798.0,
        "standard_deviation": 1159.6107270428683,
        "variance": 1344697.0382728896,
        "z_arithmetic_mean_rank": -1243.698275862069,
        "z_hits_at_1": 0.0,
        "z_hits_at_10": 0.008620689655172414,
        "z_hits_at_3": 0.0,
        "z_hits_at_5": 0.0,
        "z_inverse_harmonic_mean_rank": 0.003664651755232283
      },
      "realistic": {
        "adjusted_arithmetic_mean_rank": 0.5290179083711243,