{
  "losses": [
    0.003933796297907075,
    0.0037579125829096133,
    0.0035896511381764817,
    0.003428875390755861,
    0.0032759992315502025,
    0.0031277238309450938,
    0.0029875594777636874,
    0.002860890496660015,
    0.0027243435823887984,
    0.0025958281367248347,
    0.0024698679069385283,
    0.0023578493350840004,
    0.002229565732058394,
    0.0021305595165204624,
    0.002016413492740341,
    0.0019212202341284293,
    0.001839467336174552,
    0.0017473591374489524,
    0.0016571387085356113,
    0.0015785881765094903,
    0.0014987501587266007,
    0.0014360355668112117,
    0.0013558003999544664,
    0.0012888866109487557,
    0.0012302366199274713,
    0.0011643231824973164,
    0.0011125960796485384,
    0.0010761004190875342,
    0.0010009142337072039,
    0.000968024120729102
  ],
  "metrics": {
    "both": {
      "optimistic": {
        "adjusted_arithmetic_mean_rank": 1.021631345118931,
        "adjusted_arithmetic_mean_rank_index": -0.021641296649506758,
        "adjusted_hits_at_1": -0.00023005774985504658,
        "adjusted_hits_at_10": 0.006335212595878165,
        "adjusted_hits_at_3": 0.003622830126547242,
        "adjusted_hits_at_5": 0.007479266815538042,
        "adjusted_inverse_harmonic_mean_rank": 0.0019525542882299414,
        "arithmetic_mean_rank": 2221.7112068965516,
        "count": 232.0,
        "geometric_mean_rank": 1559.7689879710808,
        "harmonic_mean_rank": 258.0083667405399,
        "hits_at_1": 0.0,
        "hits_at_10": 0.008620689655172414,
        "hits_at_3": 0.004310344827586207,
        "hits_at_5": 0.008620689655172414,
        "inverse_arithmetic_mean_rank": 0.00045010350440500006,
        "inverse_geometric_mean_rank": 0.0006411205811321982,
        "inverse_harmonic_mean_rank": 0.003875843301646209,
        "inverse_median_rank": 0.0004450378282153983,
        "median_absolute_deviation": 1729.4554878867846,
        "median_rank": 2247.0,
        "standard_deviation": 1306.9129453681899,
        "variance": 1708021.4467709572,
        "z_arithmetic_mean_rank": -2221.7112068965516,
        "z_hits_at_1": 0.0,
        "z_hits_at_10": 0.008620689655172414,
        "z_hits_at_3": 0.004310344827586207,
        "z_hits_at_5": 0.008620689655172414,
        "z_inverse_harmonic_mean_rank": 0.003875843301646209
      },
      "pessimistic": {
        "adjusted_arithmetic_mean_rank": 1.0216372913238703,
        "adjusted_arithmetic_mean_rank_index": -0.02164724559000608,
        "adjusted_hits_at_1": -0.00023005774985504658,
        "adjusted_hits_at_10": 0.006335212595878165,
        "adjusted_hits_at_3": 0.003622830126547242,
        "adjusted_hits_at_5": 0.007479266815538042,
        "adjusted_inverse_harmonic_mean_rank": 0.001952549618442572,
        "arithmetic_mean_rank": 2221.7241379310344,
        "count": 232.0,
        "geometric_mean_rank": 1559.7796285669979,
        "harmonic_mean_rank": 258.0086770017573,
        "hits_at_1": 0.0,
        "hits_at_10": 0.008620689655172414,
        "hits_at_3": 0.004310344827586207,
        "hits_at_5": 0.008620689655172414,
        "inverse_arithmetic_mean_rank": 0.0004501008846810492,
        "inverse_geometric_mean_rank": 0.0006411162074983123,
        "inverse_harmonic_mean_rank": 0.003875838640857761,
        "inverse_median_rank": 0.0004450378282153983,
        "median_absolute_deviation": 1728.714186777532,
        "median_rank": 2247.0,
        "standard_deviation": 1306.9151463512037,
        "variance": 1708027.199762188,
        "z_arithmetic_mean_rank": -2221.7241379310344,
        "z_hits_at_1": 0.0,
        "z_hits_at_10": 0.008620689655172414,
        "z_hits_at_3": 0.004310344827586207,
        "z_hits_at_5": 0.008620689655172414,
        "z_inverse_harmonic_mean_rank": 0.003875838640857761
      },
      "realistic": {
        "adjusted_arithmetic_mean_rank": 1.0216343646761268,
        "adjusted_arithmetic_mean_rank_index": -0.021644317595854057,
        "adjusted_hits_at_1": -0.00023005774985504658,
        "adjusted_hits_at_10": 0.006335212595878165,
        "adjusted_hits_at_3": 0.003622830126547242,
        "adjusted_hits_at_5": 0.007479266815538042,
        "adjusted_inverse_harmonic_mean_rank": 0.001952551822500659,
        "arithmetic_mean_rank": 2221.7177734375,
        "count": 232.0,
        "geometric_mean_rank": 1559.7734375,
        "harmonic_mean_rank": 258.008530563788,
        "hits_at_1": 0.0,
        "hits_at_10": 0.008620689655172414,
        "hits_at_3": 0.004310344827586207,
        "hits_at_5": 0.008620689655172414,
        "inverse_arithmetic_mean_rank": 0.0004501021758187562,
        "inverse_geometric_mean_rank": 0.000641118735074997,
        "inverse_harmonic_mean_rank": 0.003875840840668514,
        "inverse_median_rank": 0.00044503781828098,
        "median_absolute_deviation": 1729.0848373321583,
        "median_rank": 2247.0,
        "standard_deviation": 1306.9140625,
        "variance": 1708024.25,
        "z_arithmetic_mean_rank": -2221.7177734375,
        "z_hits_at_1": 0.0,
        "z_hits_at_10": 0.008620689655172414,
        "z_hits_at_3": 0.004310344827586207,
        "z_hits_at_5": 0.008620689655172414,
        "z_inverse_harmonic_mean_rank": 0.003875840840668514
      }
    },
    "head": {
      "optimistic": {
        "adjusted_arithmetic_mean_rank": 1.02390681372291,
        "adjusted_arithmetic_mean_rank_index": -0.02391793339464754,
        "adjusted_hits_at_1": -0.00023257217403122084,
        "adjusted_hits_at_10": 0.006310181000018299,
        "adjusted_hits_at_3": 0.007928666039809596,
        "adjusted_hits_at_5": 0.007466779978561568,
        "adjusted_inverse_harmonic_mean_rank": 0.0022203139957062672,
        "arithmetic_mean_rank": 2202.3793103448274,
        "count": 116.0,
        "geometric_mean_rank": 1561.0990303566057,
        "harmonic_mean_rank": 240.28354438417452,
        "hits_at_1": 0.0,
        "hits_at_10": 0.008620689655172414,
        "hits_at_3": 0.008620689655172414,
        "hits_at_5": 0.008620689655172414,
        "inverse_arithmetic_mean_rank": 0.0004540543925848221,
        "inverse_geometric_mean_rank": 0.0006405743521418802,
        "inverse_harmonic_mean_rank": 0.0041617498300306486,
        "inverse_median_rank": 0.0004540295119182747,
        "median_absolute_deviation": 1647.1710647597238,
        "median_rank": 2202.5,
        "standard_deviation": 1284.503893600711,
        "variance": 1649950.2526753866,
        "z_arithmetic_mean_rank": -2202.3793103448274,
        "z_hits_at_1": 0.0,
        "z_hits_at_10": 0.008620689655172414,
        "z_hits_at_3": 0.008620689655172414,
        "z_hits_at_5": 0.008620689655172414,
        "z_inverse_harmonic_mean_rank": 0.0041617498300306486
      },
      "pessimistic": {
        "adjusted_arithmetic_mean_rank": 1.0239108215624475,
        "adjusted_arithmetic_mean_rank_index": -0.023921943098334175,
        "adjusted_hits_at_1": -0.00023257217403122084,
        "adjusted_hits_at_10": 0.006310181000018299,
        "adjusted_hits_at_3": 0.007928666039809596,
        "adjusted_hits_at_5": 0.007466779978561568,
        "adjusted_inverse_harmonic_mean_rank": 0.002220313326074371,
        "arithmetic_mean_rank": 2202.387931034483,
        "count": 116.0,
        "geometric_mean_rank": 1561.1027774724332,
        "harmonic_mean_rank": 240.28358297094275,
        "hits_at_1": 0.0,
        "hits_at_10": 0.008620689655172414,
        "hits_at_3": 0.008620689655172414,
        "hits_at_5": 0.008620689655172414,
        "inverse_arithmetic_mean_rank": 0.0004540526153039217,
        "inverse_geometric_mean_rank": 0.0006405728145709218,
        "inverse_harmonic_mean_rank": 0.004161749161701692,
        "inverse_median_rank": 0.0004540295119182747,
        "median_absolute_deviation": 1647.1710647597238,
        "median_rank": 2202.5,
        "standard_deviation": 1284.513216342202,
        "variance": 1649974.2029577885,
        "z_arithmetic_mean_rank": -2202.387931034483,
        "z_hits_at_1": 0.0,