{
  "losses": [
    0.0031179479619406294,
    0.0026047189834395865,
    0.0024299672481004624,
    0.00235099971997691,
    0.0022935107758614024,
    0.002266848224789673,
    0.0022243705362282183,
    0.002192637696440049,
    0.0021656461774758533,
    0.0021200843210514683,
    0.002050621945749449,
    0.001937621967386114,
    0.0017724200635184908,
    0.001542185661864435,
    0.001334111211013972,
    0.001220792577661011,
    0.0010912903644078478,
    0.0010250151211019755,
    0.0009899882098196601,
    0.0009122054387423112,
    0.0008852008940513814,
    0.0008537800707313889,
    0.0008555995898281413,
    0.0008066749939894042,
    0.0008045855523919941,
    0.0007739862975069113,
    0.0007538606537063077,
    0.00073010636805598,
    0.0007463022366212802,
    0.000733464686093859
  ],
  "metrics": {
    "both": {
      "optimistic": {
        "adjusted_arithmetic_mean_rank": 0.1950123807483477,
        "adjusted_arithmetic_mean_rank_index": 0.8053580239508539,
        "adjusted_hits_at_1": 0.012703908516610865,
        "adjusted_hits_at_10": 0.1013810165405996,
        "adjusted_hits_at_3": 0.029502629455364537,
        "adjusted_hits_at_5": 0.03337090084090659,
        "adjusted_inverse_harmonic_mean_rank": 0.03598599257429901,
        "arithmetic_mean_rank": 424.0086206896552,
        "count": 232.0,
        "geometric_mean_rank": 177.11343890277453,
        "harmonic_mean_rank": 26.4242664485235,
        "hits_at_1": 0.01293103448275862,
        "hits_at_10": 0.10344827586206896,
        "hits_at_3": 0.03017241379310345,
        "hits_at_5": 0.034482758620689655,
        "inverse_arithmetic_mean_rank": 0.002358442614618278,
        "inverse_geometric_mean_rank": 0.005646098941983418,
        "inverse_harmonic_mean_rank": 0.03784400229039761,
        "inverse_median_rank": 0.0023781212841854932,
        "median_absolute_deviation": 431.43724558513014,
        "median_rank": 420.5,
        "standard_deviation": 389.7431514005278,
        "variance": 151899.72406361473,
        "z_arithmetic_mean_rank": -424.0086206896552,
        "z_hits_at_1": 0.01293103448275862,
        "z_hits_at_10": 0.10344827586206896,
        "z_hits_at_3": 0.03017241379310345,
        "z_hits_at_5": 0.034482758620689655,
        "z_inverse_harmonic_mean_rank": 0.03784400229039761
      },
      "pessimistic": {
        "adjusted_arithmetic_mean_rank": 0.1950123807483477,
        "adjusted_arithmetic_mean_rank_index": 0.8053580239508539,
        "adjusted_hits_at_1": 0.012703908516610865,
        "adjusted_hits_at_10": 0.1013810165405996,
        "adjusted_hits_at_3": 0.029502629455364537,
        "adjusted_hits_at_5": 0.03337090084090659,
        "adjusted_inverse_harmonic_mean_rank": 0.03598599257429901,
        "arithmetic_mean_rank": 424.0086206896552,
        "count": 232.0,
        "geometric_mean_rank": 177.11343890277453,
        "harmonic_mean_rank": 26.4242664485235,
        "hits_at_1": 0.01293103448275862,
        "hits_at_10": 0.10344827586206896,
        "hits_at_3": 0.03017241379310345,
        "hits_at_5": 0.034482758620689655,
        "inverse_arithmetic_mean_rank": 0.002358442614618278,
        "inverse_geometric_mean_rank": 0.005646098941983418,
        "inverse_harmonic_mean_rank": 0.03784400229039761,
        "inverse_median_rank": 0.0023781212841854932,
        "median_absolute_deviation": 431.43724558513014,
        "median_rank": 420.5,
        "standard_deviation": 389.7431514005278,
        "variance": 151899.72406361473,
        "z_arithmetic_mean_rank": -424.0086206896552,
        "z_hits_at_1": 0.01293103448275862,
        "z_hits_at_10": 0.10344827586206896,
        "z_hits_at_3": 0.03017241379310345,
        "z_hits_at_5": 0.034482758620689655,
        "z_inverse_harmonic_mean_rank": 0.03784400229039761
      },
      "realistic": {
        "adjusted_arithmetic_mean_rank": 0.19501237397243815,
        "adjusted_arithmetic_mean_rank_index": 0.8053580307298813,
        "adjusted_hits_at_1": 0.012703908516610865,
        "adjusted_hits_at_10": 0.1013810165405996,
        "adjusted_hits_at_3": 0.029502629455364537,
        "adjusted_hits_at_5": 0.03337090084090659,
        "adjusted_inverse_harmonic_mean_rank": 0.03598599458997562,
        "arithmetic_mean_rank": 424.00860595703125,
        "count": 232.0,
        "geometric_mean_rank": 177.1134033203125,
        "harmonic_mean_rank": 26.42426504380643,
        "hits_at_1": 0.01293103448275862,
        "hits_at_10": 0.10344827586206896,
        "hits_at_3": 0.03017241379310345,
        "hits_at_5": 0.034482758620689655,
        "inverse_arithmetic_mean_rank": 0.0023584426380693913,
        "inverse_geometric_mean_rank": 0.005646100267767906,
        "inverse_harmonic_mean_rank": 0.03784400430218927,
        "inverse_median_rank": 0.0023781212512403727,
        "median_absolute_deviation": 431.43724558513014,
        "median_rank": 420.5,
        "standard_deviation": 389.7431335449219,
        "variance": 151899.71875,
        "z_arithmetic_mean_rank": -424.00860595703125,
        "z_hits_at_1": 0.01293103448275862,
        "z_hits_at_10": 0.10344827586206896,
        "z_hits_at_3": 0.03017241379310345,
        "z_hits_at_5": 0.034482758620689655,
        "z_inverse_harmonic_mean_rank": 0.03784400430218927
      }
    },
    "head": {
      "optimistic": {
        "adjusted_arithmetic_mean_rank": 0.13545642568126476,
        "adjusted_arithmetic_mean_rank_index": 0.8649458489044879,
        "adjusted_hits_at_1": 0.025635425646247177,
        "adjusted_hits_at_10": 0.20504744214938775,
        "adjusted_hits_at_3": 0.05968866061735036,
        "adjusted_hits_at_5": 0.06788143407941906,
        "adjusted_inverse_harmonic_mean_rank": 0.07126204109555442,
        "arithmetic_mean_rank": 291.25,
        "count": 116.0,
        "geometric_mean_rank": 63.25983914570152,
        "harmonic_mean_rank": 13.685554843855412,
        "hits_at_1": 0.02586206896551724,
        "hits_at_10": 0.20689655172413793,
        "hits_at_3": 0.0603448275862069,
        "hits_at_5": 0.06896551724137931,
        "inverse_arithmetic_mean_rank": 0.0034334763948497852,
        "inverse_geometric_mean_rank": 0.01580781762180547,
        "inverse_harmonic_mean_rank": 0.07306974480826281,
        "inverse_median_rank": 0.019417475728155338,
        "median_absolute_deviation": 66.71709983275208,
        "median_rank": 51.5,
        "standard_deviation": 476.6823903744541,
        "variance": 227226.10129310345,
        "z_arithmetic_mean_rank": -291.25,
        "z_hits_at_1": 0.02586206896551724,
        "z_hits_at_10": 0.20689655172413793,
        "z_hits_at_3": 0.0603448275862069,
        "z_hits_at_5": 0.06896551724137931,
        "z_inverse_harmonic_mean_rank": 0.07306974480826281
      },
      "pessimistic": {
        "adjusted_arithmetic_mean_rank": 0.13545642568126476,
        "adjusted_arithmetic_mean_rank_index": 0.8649458489044879,
        "adjusted_hits_at_1": 0.025635425646247177,
        "adjusted_hits_at_10": 0.20504744214938775,
        "adjusted_hits_at_3": 0.05968866061735036,
        "adjusted_hits_at_5": 0.06788143407941906,
        "adjusted_inverse_harmonic_mean_rank": 0.07126204109555442,
        "arithmetic_mean_rank": 291.25,
        "count": 116.0,
        "geometric_mean_rank": 63.25983914570152,
        "harmonic_mean_rank": 13.685554843855412,
        "hits_at_1": 0.02586206896551724,
        "hits_at_10": 0.20689655172413793,
        "hits_at_3": 0.0603448275862069,
        "hits_at_5": 0.06896551724137931,
        "inverse_arithmetic_mean_rank": 0.0034334763948497852,
        "inverse_geometric_mean_rank": 0.01580781762180547,
        "inverse_harmonic_mean_rank": 0.07306974480826281,
        "inverse_median_rank": 0.019417475728155338,
        "median_absolute_deviation": 66.71709983275208,
        "median_rank": 51.5,
        "standard_deviation": 476.6823903744541,
        "variance": 227226.10129310345,
        "z_arithmetic_mean_rank": -291.25,