{
  "losses": [
    0.0039154407698148335,
    0.0037349389695337065,
    0.003558798354330224,
    0.003398442080233314,
    0.003242368694816926,
    0.0030825074038859715,
    0.0029430350735420046,
    0.0027978008974389092,
    0.002659723457963515,
    0.002533779209776461,
    0.002399338813339628,
    0.0022730816775693584,
    0.0021697610381511126,
    0.002054039754893979,
    0.0019452425577031454,
    0.0018432228046471467,
    0.001742428364893606,
    0.0016605786570338813,
    0.0015650865927668023,
    0.0014882356343115103,
    0.001406879617064755,
    0.0013354460066840215,
    0.0012617165188093973,
    0.001198085537373851,
    0.0011437570148976077,
    0.0010842746761532966,
    0.0010345399336645126,
    0.0009776600498254383,
    0.0009303225371415525,
    0.0008746087227978697
  ],
  "metrics": {
    "both": {
      "optimistic": {
        "adjusted_arithmetic_mean_rank": 0.908976421897836,
        "adjusted_arithmetic_mean_rank_index": 0.09106190618324483,
        "adjusted_hits_at_1": -0.00021056216689364367,
        "adjusted_hits_at_10": 0.006529256506914592,
        "adjusted_hits_at_3": -0.0006319526313117773,
        "adjusted_hits_at_5": -0.0010536983104662341,
        "adjusted_inverse_harmonic_mean_rank": 0.0012500514752955437,
        "arithmetic_mean_rank": 2159.594827586207,
        "count": 232.0,
        "geometric_mean_rank": 1482.3566945059385,
        "harmonic_mean_rank": 330.0047596426918,
        "hits_at_1": 0.0,
        "hits_at_10": 0.008620689655172414,
        "hits_at_3": 0.0,
        "hits_at_5": 0.0,
        "inverse_arithmetic_mean_rank": 0.00046304982176573667,
        "inverse_geometric_mean_rank": 0.0006746014665068819,
        "inverse_harmonic_mean_rank": 0.0030302593243889467,
        "inverse_median_rank": 0.0005163955589981926,
        "median_absolute_deviation": 1773.9335544419528,
        "median_rank": 1936.5,
        "standard_deviation": 1394.8383942880776,
        "variance": 1945574.1461801426,
        "z_arithmetic_mean_rank": -2159.594827586207,
        "z_hits_at_1": 0.0,
        "z_hits_at_10": 0.008620689655172414,
        "z_hits_at_3": 0.0,
        "z_hits_at_5": 0.0,
        "z_inverse_harmonic_mean_rank": 0.0030302593243889467
      },
      "pessimistic": {
        "adjusted_arithmetic_mean_rank": 0.9089800503579234,
        "adjusted_arithmetic_mean_rank_index": 0.09105827619529061,
        "adjusted_hits_at_1": -0.00021056216689364367,
        "adjusted_hits_at_10": 0.006529256506914592,
        "adjusted_hits_at_3": -0.0006319526313117773,
        "adjusted_hits_at_5": -0.0010536983104662341,
        "adjusted_inverse_harmonic_mean_rank": 0.0012500502070305443,
        "arithmetic_mean_rank": 2159.603448275862,
        "count": 232.0,
        "geometric_mean_rank": 1482.3614884039775,
        "harmonic_mean_rank": 330.0048975146054,
        "hits_at_1": 0.0,
        "hits_at_10": 0.008620689655172414,
        "hits_at_3": 0.0,
        "hits_at_5": 0.0,
        "inverse_arithmetic_mean_rank": 0.000463047973366758,
        "inverse_geometric_mean_rank": 0.0006745992848725958,
        "inverse_harmonic_mean_rank": 0.0030302580583845486,
        "inverse_median_rank": 0.0005163955589981926,
        "median_absolute_deviation": 1773.9335544419528,
        "median_rank": 1936.5,
        "standard_deviation": 1394.8422718846691,
        "variance": 1945584.9634363852,
        "z_arithmetic_mean_rank": -2159.603448275862,
        "z_hits_at_1": 0.0,
        "z_hits_at_10": 0.008620689655172414,
        "z_hits_at_3": 0.0,
        "z_hits_at_5": 0.0,
        "z_inverse_harmonic_mean_rank": 0.0030302580583845486
      },
      "realistic": {
        "adjusted_arithmetic_mean_rank": 0.9089782290410436,
        "adjusted_arithmetic_mean_rank_index": 0.0910600982790879,
        "adjusted_hits_at_1": -0.00021056216689364367,
        "adjusted_hits_at_10": 0.006529256506914592,
        "adjusted_hits_at_3": -0.0006319526313117773,
        "adjusted_hits_at_5": -0.0010536983104662341,
        "adjusted_inverse_harmonic_mean_rank": 0.0012500506693662252,
        "arithmetic_mean_rank": 2159.59912109375,
        "count": 232.0,
        "geometric_mean_rank": 1482.35986328125,
        "harmonic_mean_rank": 330.0048472545083,
        "hits_at_1": 0.0,
        "hits_at_10": 0.008620689655172414,
        "hits_at_3": 0.0,
        "hits_at_5": 0.0,
        "inverse_arithmetic_mean_rank": 0.0004630488983821124,
        "inverse_geometric_mean_rank": 0.0006746000144630671,
        "inverse_harmonic_mean_rank": 0.0030302585198961457,
        "inverse_median_rank": 0.0005163955502212048,
        "median_absolute_deviation": 1773.9335544419528,
        "median_rank": 1936.5,
        "standard_deviation": 1394.8404541015625,
        "variance": 1945579.75,
        "z_arithmetic_mean_rank": -2159.59912109375,
        "z_hits_at_1": 0.0,
        "z_hits_at_10": 0.008620689655172414,
        "z_hits_at_3": 0.0,
        "z_hits_at_5": 0.0,
        "z_inverse_harmonic_mean_rank": 0.0030302585198961457
      }
    },
    "head": {
      "optimistic": {
        "adjusted_arithmetic_mean_rank": 0.8897591226757867,
        "adjusted_arithmetic_mean_rank_index": 0.1102877422625661,
        "adjusted_hits_at_1": -0.0002125647677931381,
        "adjusted_hits_at_10": 0.006509327314978582,
        "adjusted_hits_at_3": -0.0006379655213652322,
        "adjusted_hits_at_5": -0.0010637282835880741,
        "adjusted_inverse_harmonic_mean_rank": 0.0014911705586473953,
        "arithmetic_mean_rank": 2093.8793103448274,
        "count": 116.0,
        "geometric_mean_rank": 1409.9739733697415,
        "harmonic_mean_rank": 304.3231100296566,
        "hits_at_1": 0.0,
        "hits_at_10": 0.008620689655172414,
        "hits_at_3": 0.0,
        "hits_at_5": 0.0,
        "inverse_arithmetic_mean_rank": 0.0004775824447280662,
        "inverse_geometric_mean_rank": 0.0007092329496054939,
        "inverse_harmonic_mean_rank": 0.0032859811399224624,
        "inverse_median_rank": 0.0005422993492407809,
        "median_absolute_deviation": 1735.385896760807,
        "median_rank": 1844.0,
        "standard_deviation": 1388.78713616304,
        "variance": 1928729.7095719383,
        "z_arithmetic_mean_rank": -2093.8793103448274,
        "z_hits_at_1": 0.0,
        "z_hits_at_10": 0.008620689655172414,
        "z_hits_at_3": 0.0,
        "z_hits_at_5": 0.0,
        "z_inverse_harmonic_mean_rank": 0.0032859811399224624
      },
      "pessimistic": {
        "adjusted_arithmetic_mean_rank": 0.8897627858942094,
        "adjusted_arithmetic_mean_rank_index": 0.11028407748685798,
        "adjusted_hits_at_1": -0.0002125647677931381,
        "adjusted_hits_at_10": 0.006509327314978582,
        "adjusted_hits_at_3": -0.0006379655213652322,
        "adjusted_hits_at_5": -0.0010637282835880741,
        "adjusted_inverse_harmonic_mean_rank": 0.001491168783194103,
        "arithmetic_mean_rank": 2093.887931034483,
        "count": 116.0,
        "geometric_mean_rank": 1409.9794845789959,
        "harmonic_mean_rank": 304.32327416345123,
        "hits_at_1": 0.0,
        "hits_at_10": 0.008620689655172414,
        "hits_at_3": 0.0,
        "hits_at_5": 0.0,
        "inverse_arithmetic_mean_rank": 0.00047758047848623454,
        "inverse_geometric_mean_rank": 0.0007092301774153749,
        "inverse_harmonic_mean_rank": 0.0032859793676605314,
        "inverse_median_rank": 0.0005422993492407809,
        "median_absolute_deviation": 1735.385896760807,
        "median_rank": 1844.0,
        "standard_deviation": 1388.7878290049462,
        "variance": 1928731.6339922713,
        "z_arithmetic_mean_rank": -2093.887931034483,
        "z_hits_at_1": 0.0,
        "z_hits_at_10": 0.008620689655172414,
        "z_hits_at_3": 0.0,
        "z_hits_at_5": 0.0,
        "z_inverse_harmonic_mean_rank": 0.0032859793676605314
      },
      "realistic": {
        "adjusted_arithmetic_mean_rank": 0.8897609220887424,