{
  "losses": [
    0.0040124535208746264,
    0.003978872979938908,
    0.003954362943943535,
    0.0039366446994211395,
    0.003923516856296314,
    0.003917934434843755,
    0.003916336501853221,
    0.00391578970885508,
    0.0039152767986972955,
    0.003914716125116255,
    0.0039135691854050554,
    0.003912268869920378,
    0.003910164536212512,
    0.003907311182411009,
    0.0039035939113266976,
    0.00389782508937187,
    0.0038906100442428044,
    0.0038830342834796196,
    0.0038746608846784033,
    0.0038655218169830067,
    0.0038542205235676755,
    0.00384105285185876,
    0.0038289185439482573,
    0.003814386298919139,
    0.0038001474993220727,
    0.0037771769154754707,
    0.003753892158673518,
    0.003725975448485922,
    0.003687975546816919,
    0.003653022379237811
  ],
  "metrics": {
    "both": {
      "optimistic": {
        "adjusted_arithmetic_mean_rank": 0.9246166116798611,
        "adjusted_arithmetic_mean_rank_index": 0.07541514647651604,
        "adjusted_hits_at_1": -0.00021066886899837758,
        "adjusted_hits_at_10": 0.0022087520307021045,
        "adjusted_hits_at_3": 0.003680797134799696,
        "adjusted_hits_at_5": 0.0032606562130905567,
        "adjusted_inverse_harmonic_mean_rank": 0.0009833215097918243,
        "arithmetic_mean_rank": 2195.6594827586205,
        "count": 232.0,
        "geometric_mean_rank": 1462.5920543033924,
        "harmonic_mean_rank": 361.6914299801909,
        "hits_at_1": 0.0,
        "hits_at_10": 0.004310344827586207,
        "hits_at_3": 0.004310344827586207,
        "hits_at_5": 0.004310344827586207,
        "inverse_arithmetic_mean_rank": 0.0004554440284809568,
        "inverse_geometric_mean_rank": 0.0006837176484431832,
        "inverse_harmonic_mean_rank": 0.0027647876535387304,
        "inverse_median_rank": 0.0004950495049504951,
        "median_absolute_deviation": 2017.8216193861242,
        "median_rank": 2020.0,
        "standard_deviation": 1497.4046802015105,
        "variance": 2242220.7762893876,
        "z_arithmetic_mean_rank": -2195.6594827586205,
        "z_hits_at_1": 0.0,
        "z_hits_at_10": 0.004310344827586207,
        "z_hits_at_3": 0.004310344827586207,
        "z_hits_at_5": 0.004310344827586207,
        "z_inverse_harmonic_mean_rank": 0.0027647876535387304
      },
      "pessimistic": {
        "adjusted_arithmetic_mean_rank": 0.9246166116798611,
        "adjusted_arithmetic_mean_rank_index": 0.07541514647651604,
        "adjusted_hits_at_1": -0.00021066886899837758,
        "adjusted_hits_at_10": 0.0022087520307021045,
        "adjusted_hits_at_3": 0.003680797134799696,
        "adjusted_hits_at_5": 0.0032606562130905567,
        "adjusted_inverse_harmonic_mean_rank": 0.0009833215097918243,
        "arithmetic_mean_rank": 2195.6594827586205,
        "count": 232.0,
        "geometric_mean_rank": 1462.5920543033924,
        "harmonic_mean_rank": 361.6914299801909,
        "hits_at_1": 0.0,
        "hits_at_10": 0.004310344827586207,
        "hits_at_3": 0.004310344827586207,
        "hits_at_5": 0.004310344827586207,
        "inverse_arithmetic_mean_rank": 0.0004554440284809568,
        "inverse_geometric_mean_rank": 0.0006837176484431832,
        "inverse_harmonic_mean_rank": 0.0027647876535387304,
        "inverse_median_rank": 0.0004950495049504951,
        "median_absolute_deviation": 2017.8216193861242,
        "median_rank": 2020.0,
        "standard_deviation": 1497.4046802015105,
        "variance": 2242220.7762893876,
        "z_arithmetic_mean_rank": -2195.6594827586205,
        "z_hits_at_1": 0.0,
        "z_hits_at_10": 0.004310344827586207,
        "z_hits_at_3": 0.004310344827586207,
        "z_hits_at_5": 0.004310344827586207,
        "z_inverse_harmonic_mean_rank": 0.0027647876535387304
      },
      "realistic": {
        "adjusted_arithmetic_mean_rank": 0.9246165868635745,
        "adjusted_arithmetic_mean_rank_index": 0.07541517130325748,
        "adjusted_hits_at_1": -0.00021066886899837758,
        "adjusted_hits_at_10": 0.0022087520307021045,
        "adjusted_hits_at_3": 0.003680797134799696,
        "adjusted_hits_at_5": 0.0032606562130905567,
        "adjusted_inverse_harmonic_mean_rank": 0.0009833215096497101,
        "arithmetic_mean_rank": 2195.659423828125,
        "count": 232.0,
        "geometric_mean_rank": 1462.5916748046875,
        "harmonic_mean_rank": 361.69142999874924,
        "hits_at_1": 0.0,
        "hits_at_10": 0.004310344827586207,
        "hits_at_3": 0.004310344827586207,
        "hits_at_5": 0.004310344827586207,
        "inverse_arithmetic_mean_rank": 0.0004554440383799374,
        "inverse_geometric_mean_rank": 0.0006837178370915353,
        "inverse_harmonic_mean_rank": 0.0027647876533968695,
        "inverse_median_rank": 0.0004950495203956962,
        "median_absolute_deviation": 2017.8216193861242,
        "median_rank": 2020.0,
        "standard_deviation": 1497.4046630859375,
        "variance": 2242220.75,
        "z_arithmetic_mean_rank": -2195.659423828125,
        "z_hits_at_1": 0.0,
        "z_hits_at_10": 0.004310344827586207,
        "z_hits_at_3": 0.004310344827586207,
        "z_hits_at_5": 0.004310344827586207,
        "z_inverse_harmonic_mean_rank": 0.0027647876533968695
      }
    },
    "head": {
      "optimistic": {
        "adjusted_arithmetic_mean_rank": 0.8341284751605973,
        "adjusted_arithmetic_mean_rank_index": 0.16594210976494228,
        "adjusted_hits_at_1": -0.00021277704780802407,
        "adjusted_hits_at_10": 0.006507214735454836,
        "adjusted_hits_at_3": 0.007987591949111292,
        "adjusted_hits_at_5": 0.007565077400369949,
        "adjusted_inverse_harmonic_mean_rank": 0.002688860676007528,
        "arithmetic_mean_rank": 1961.0,
        "count": 116.0,
        "geometric_mean_rank": 1248.0441130394383,
        "harmonic_mean_rank": 223.05986529670358,
        "hits_at_1": 0.0,
        "hits_at_10": 0.008620689655172414,
        "hits_at_3": 0.008620689655172414,
        "hits_at_5": 0.008620689655172414,
        "inverse_arithmetic_mean_rank": 0.0005099439061703213,
        "inverse_geometric_mean_rank": 0.0008012537293771121,
        "inverse_harmonic_mean_rank": 0.004483101425125707,
        "inverse_median_rank": 0.0005580357142857143,
        "median_absolute_deviation": 1833.9789442914296,
        "median_rank": 1792.0,
        "standard_deviation": 1378.5089208371437,
        "variance": 1900286.8448275863,
        "z_arithmetic_mean_rank": -1961.0,
        "z_hits_at_1": 0.0,
        "z_hits_at_10": 0.008620689655172414,
        "z_hits_at_3": 0.008620689655172414,
        "z_hits_at_5": 0.008620689655172414,
        "z_inverse_harmonic_mean_rank": 0.004483101425125707
      },
      "pessimistic": {
        "adjusted_arithmetic_mean_rank": 0.8341284751605973,
        "adjusted_arithmetic_mean_rank_index": 0.16594210976494228,
        "adjusted_hits_at_1": -0.00021277704780802407,
        "adjusted_hits_at_10": 0.006507214735454836,
        "adjusted_hits_at_3": 0.007987591949111292,
        "adjusted_hits_at_5": 0.007565077400369949,
        "adjusted_inverse_harmonic_mean_rank": 0.002688860676007528,
        "arithmetic_mean_rank": 1961.0,
        "count": 116.0,
        "geometric_mean_rank": 1248.0441130394383,
        "harmonic_mean_rank": 223.05986529670358,
        "hits_at_1": 0.0,
        "hits_at_10": 0.008620689655172414,
        "hits_at_3": 0.008620689655172414,
        "hits_at_5": 0.008620689655172414,
        "inverse_arithmetic_mean_rank": 0.0005099439061703213,
        "inverse_geometric_mean_rank": 0.0008012537293771121,
        "inverse_harmonic_mean_rank": 0.004483101425125707,
        "inverse_median_rank": 0.0005580357142857143,
        "median_absolute_deviation": 1833.9789442914296,
        "median_rank": 1792.0,
        "standard_deviation": 1378.5089208371437,
        "variance": 1900286.8448275863,
        "z_arithmetic_mean_rank": -1961.0,
        "z_hits_at_1": 0.0,