{
  "losses": [
    0.003934562003626027,
    0.003747977464884553,
    0.003533241713208347,
    0.00329361898995552,
    0.0030455452053954257,
    0.0028350805014055987,
    0.0026748117133225053,
    0.0025090021210093156,
    0.002434848594741816,
    0.0024257655597020767,
    0.0024035981508678025,
    0.0023736374536026924,
    0.002362192249259951,
    0.0023626507611983886,
    0.0023111623848655147,
    0.0022902126694018025,
    0.00232782627167634,
    0.0023274216228513335,
    0.0023141533929056726,
    0.0022933309407689065,
    0.002314088491747899,
    0.0022822614689920993,
    0.0022522439424868114,
    0.002283200974242225,
    0.002264050835490616,
    0.002260279205670143,
    0.0022955909823347796,
    0.002279813460815462,
    0.0022816543010590624,
    0.002287881889785737
  ],
  "metrics": {
    "both": {
      "optimistic": {
        "adjusted_arithmetic_mean_rank": 0.8627409576358132,
        "adjusted_arithmetic_mean_rank_index": 0.13732220034709708,
        "adjusted_hits_at_1": -0.00023010141548593596,
        "adjusted_hits_at_10": 0.0063347779054707155,
        "adjusted_hits_at_3": -0.0006906220726907919,
        "adjusted_hits_at_5": -0.0011515669862038893,
        "adjusted_inverse_harmonic_mean_rank": 0.0009810191757131082,
        "arithmetic_mean_rank": 1875.8275862068965,
        "count": 232.0,
        "geometric_mean_rank": 1235.119930802113,
        "harmonic_mean_rank": 344.05685659208274,
        "hits_at_1": 0.0,
        "hits_at_10": 0.008620689655172414,
        "hits_at_3": 0.0,
        "hits_at_5": 0.0,
        "inverse_arithmetic_mean_rank": 0.0005330980348903473,
        "inverse_geometric_mean_rank": 0.0008096379752778978,
        "inverse_harmonic_mean_rank": 0.00290649635616944,
        "inverse_median_rank": 0.0006033182503770739,
        "median_absolute_deviation": 1567.8518460696741,
        "median_rank": 1657.5,
        "standard_deviation": 1259.8594152267756,
        "variance": 1587245.7461355529,
        "z_arithmetic_mean_rank": -1875.8275862068965,
        "z_hits_at_1": 0.0,
        "z_hits_at_10": 0.008620689655172414,
        "z_hits_at_3": 0.0,
        "z_hits_at_5": 0.0,
        "z_inverse_harmonic_mean_rank": 0.00290649635616944
      },
      "pessimistic": {
        "adjusted_arithmetic_mean_rank": 0.8627409576358132,
        "adjusted_arithmetic_mean_rank_index": 0.13732220034709708,
        "adjusted_hits_at_1": -0.00023010141548593596,
        "adjusted_hits_at_10": 0.0063347779054707155,
        "adjusted_hits_at_3": -0.0006906220726907919,
        "adjusted_hits_at_5": -0.0011515669862038893,
        "adjusted_inverse_harmonic_mean_rank": 0.0009810191757131082,
        "arithmetic_mean_rank": 1875.8275862068965,
        "count": 232.0,
        "geometric_mean_rank": 1235.119930802113,
        "harmonic_mean_rank": 344.05685659208274,
        "hits_at_1": 0.0,
        "hits_at_10": 0.008620689655172414,
        "hits_at_3": 0.0,
        "hits_at_5": 0.0,
        "inverse_arithmetic_mean_rank": 0.0005330980348903473,
        "inverse_geometric_mean_rank": 0.0008096379752778978,
        "inverse_harmonic_mean_rank": 0.00290649635616944,
        "inverse_median_rank": 0.0006033182503770739,
        "median_absolute_deviation": 1567.8518460696741,
        "median_rank": 1657.5,
        "standard_deviation": 1259.8594152267756,
        "variance": 1587245.7461355529,
        "z_arithmetic_mean_rank": -1875.8275862068965,
        "z_hits_at_1": 0.0,
        "z_hits_at_10": 0.008620689655172414,
        "z_hits_at_3": 0.0,
        "z_hits_at_5": 0.0,
        "z_inverse_harmonic_mean_rank": 0.00290649635616944
      },
      "realistic": {
        "adjusted_arithmetic_mean_rank": 0.8627409808675031,
        "adjusted_arithmetic_mean_rank_index": 0.1373221771047174,
        "adjusted_hits_at_1": -0.00023010141548593596,
        "adjusted_hits_at_10": 0.0063347779054707155,
        "adjusted_hits_at_3": -0.0006906220726907919,
        "adjusted_hits_at_5": -0.0011515669862038893,
        "adjusted_inverse_harmonic_mean_rank": 0.000981018974005831,
        "arithmetic_mean_rank": 1875.82763671875,
        "count": 232.0,
        "geometric_mean_rank": 1235.1197509765625,
        "harmonic_mean_rank": 344.05688042318764,
        "hits_at_1": 0.0,
        "hits_at_10": 0.008620689655172414,
        "hits_at_3": 0.0,
        "hits_at_5": 0.0,
        "inverse_arithmetic_mean_rank": 0.0005330980056896806,
        "inverse_geometric_mean_rank": 0.0008096381206996739,
        "inverse_harmonic_mean_rank": 0.002906496154850927,
        "inverse_median_rank": 0.0006033182726241648,
        "median_absolute_deviation": 1567.8518460696741,
        "median_rank": 1657.5,
        "standard_deviation": 1259.859375,
        "variance": 1587245.75,
        "z_arithmetic_mean_rank": -1875.82763671875,
        "z_hits_at_1": 0.0,
        "z_hits_at_10": 0.008620689655172414,
        "z_hits_at_3": 0.0,
        "z_hits_at_5": 0.0,
        "z_inverse_harmonic_mean_rank": 0.002906496154850927
      }
    },
    "head": {
      "optimistic": {
        "adjusted_arithmetic_mean_rank": 0.8307245693489814,
        "adjusted_arithmetic_mean_rank_index": 0.16935419499068405,
        "adjusted_hits_at_1": -0.00023266039854272065,
        "adjusted_hits_at_10": 0.006309302686734694,
        "adjusted_hits_at_3": -0.0006983061319941112,
        "adjusted_hits_at_5": -0.0011643856184017421,
        "adjusted_inverse_harmonic_mean_rank": 0.0009182330858224225,
        "arithmetic_mean_rank": 1786.1724137931035,
        "count": 116.0,
        "geometric_mean_rank": 1166.1154518518947,
        "harmonic_mean_rank": 349.3017070128422,
        "hits_at_1": 0.0,
        "hits_at_10": 0.008620689655172414,
        "hits_at_3": 0.0,
        "hits_at_5": 0.0,
        "inverse_arithmetic_mean_rank": 0.0005598563678835499,
        "inverse_geometric_mean_rank": 0.0008575480227210019,
        "inverse_harmonic_mean_rank": 0.0028628546036943204,
        "inverse_median_rank": 0.000646830530401035,
        "median_absolute_deviation": 1517.4433706404836,
        "median_rank": 1546.0,
        "standard_deviation": 1232.611911935747,
        "variance": 1519332.1254458977,
        "z_arithmetic_mean_rank": -1786.1724137931035,
        "z_hits_at_1": 0.0,
        "z_hits_at_10": 0.008620689655172414,
        "z_hits_at_3": 0.0,
        "z_hits_at_5": 0.0,
        "z_inverse_harmonic_mean_rank": 0.0028628546036943204
      },
      "pessimistic": {
        "adjusted_arithmetic_mean_rank": 0.8307245693489814,
        "adjusted_arithmetic_mean_rank_index": 0.16935419499068405,
        "adjusted_hits_at_1": -0.00023266039854272065,
        "adjusted_hits_at_10": 0.006309302686734694,
        "adjusted_hits_at_3": -0.0006983061319941112,
        "adjusted_hits_at_5": -0.0011643856184017421,
        "adjusted_inverse_harmonic_mean_rank": 0.0009182330858224225,
        "arithmetic_mean_rank": 1786.1724137931035,
        "count": 116.0,
        "geometric_mean_rank": 1166.1154518518947,
        "harmonic_mean_rank": 349.3017070128422,
        "hits_at_1": 0.0,
        "hits_at_10": 0.008620689655172414,
        "hits_at_3": 0.0,
        "hits_at_5": 0.0,
        "inverse_arithmetic_mean_rank": 0.0005598563678835499,
        "inverse_geometric_mean_rank": 0.0008575480227210019,
        "inverse_harmonic_mean_rank": 0.0028628546036943204,
        "inverse_median_rank": 0.000646830530401035,
        "median_absolute_deviation": 1517.4433706404836,
        "median_rank": 1546.0,
        "standard_deviation": 1232.611911935747,
        "variance": 1519332.1254458977,
        "z_arithmetic_mean_rank": -1786.1724137931035,
        "z_hits_at_1": 0.0,
        "z_hits_at_10": 0.008620689655172414,
        "z_hits_at_3": 0.0,
        "z_hits_at_5": 0.0,
        "z_inverse_harmonic_mean_rank": 0.0028628546036943204
      },
      "realistic": {
        "adjusted_arithmetic_mean_rank": 0.8307245458566033,