{
  "losses": [
    0.003908456168931031,
    0.0035136353789334642,
    0.0019440617082234026,
    0.001184664765838169,
    0.0009182745215045595,
    0.0007778368066731767,
    0.0006628778280820353,
    0.0005533837738378056,
    0.00048017973702655167,
    0.00043744526672891793,
    0.0003892197880958349,
    0.00036256060113742277,
    0.0003337636419458782,
    0.00029654464962740817,
    0.00027665219566856664,
    0.0002777489345067668,
    0.00025115629439199265,
    0.00023721359276561863,
    0.000230837781420961,
    0.00020519966083106905,
    0.00022123042761320867,
    0.00020368078675415708,
    0.0001966404373419873,
    0.0001876411696866897,
    0.00018705121181426397,
    0.00018788078511151182,
    0.00017536629675116988,
    0.000181594712399523,
    0.0001683938840137003,
    0.0001714946309980962
  ],
  "metrics": {
    "both": {
      "optimistic": {
        "adjusted_arithmetic_mean_rank": 0.7878150782769698,
        "adjusted_arithmetic_mean_rank_index": 0.21227435996818023,
        "adjusted_hits_at_1": 0.004100471547784703,
        "adjusted_hits_at_10": 0.02380486068535405,
        "adjusted_hits_at_3": 0.020932745867832888,
        "adjusted_hits_at_5": 0.02051965842289164,
        "adjusted_inverse_harmonic_mean_rank": 0.014703105883312634,
        "arithmetic_mean_rank": 1869.8146551724137,
        "count": 232.0,
        "geometric_mean_rank": 882.1279890246639,
        "harmonic_mean_rank": 60.74993007230084,
        "hits_at_1": 0.004310344827586207,
        "hits_at_10": 0.02586206896551724,
        "hits_at_3": 0.021551724137931036,
        "hits_at_5": 0.021551724137931036,
        "inverse_arithmetic_mean_rank": 0.0005348123661528319,
        "inverse_geometric_mean_rank": 0.001133622345557432,
        "inverse_harmonic_mean_rank": 0.016460924297523657,
        "inverse_median_rank": 0.0006071645415907711,
        "median_absolute_deviation": 1991.1347794530234,
        "median_rank": 1647.0,
        "standard_deviation": 1528.3603325670738,
        "variance": 2335885.306164536,
        "z_arithmetic_mean_rank": -1869.8146551724137,
        "z_hits_at_1": 0.004310344827586207,
        "z_hits_at_10": 0.02586206896551724,
        "z_hits_at_3": 0.021551724137931036,
        "z_hits_at_5": 0.021551724137931036,
        "z_inverse_harmonic_mean_rank": 0.016460924297523657
      },
      "pessimistic": {
        "adjusted_arithmetic_mean_rank": 0.7878150782769698,
        "adjusted_arithmetic_mean_rank_index": 0.21227435996818023,
        "adjusted_hits_at_1": 0.004100471547784703,
        "adjusted_hits_at_10": 0.02380486068535405,
        "adjusted_hits_at_3": 0.020932745867832888,
        "adjusted_hits_at_5": 0.02051965842289164,
        "adjusted_inverse_harmonic_mean_rank": 0.014703105883312634,
        "arithmetic_mean_rank": 1869.8146551724137,
        "count": 232.0,
        "geometric_mean_rank": 882.1279890246639,
        "harmonic_mean_rank": 60.74993007230084,
        "hits_at_1": 0.004310344827586207,
        "hits_at_10": 0.02586206896551724,
        "hits_at_3": 0.021551724137931036,
        "hits_at_5": 0.021551724137931036,
        "inverse_arithmetic_mean_rank": 0.0005348123661528319,
        "inverse_geometric_mean_rank": 0.001133622345557432,
        "inverse_harmonic_mean_rank": 0.016460924297523657,
        "inverse_median_rank": 0.0006071645415907711,
        "median_absolute_deviation": 1991.1347794530234,
        "median_rank": 1647.0,
        "standard_deviation": 1528.3603325670738,
        "variance": 2335885.306164536,
        "z_arithmetic_mean_rank": -1869.8146551724137,
        "z_hits_at_1": 0.004310344827586207,
        "z_hits_at_10": 0.02586206896551724,
        "z_hits_at_3": 0.021551724137931036,
        "z_hits_at_5": 0.021551724137931036,
        "z_inverse_harmonic_mean_rank": 0.016460924297523657
      },
      "realistic": {
        "adjusted_arithmetic_mean_rank": 0.7878150960122392,
        "adjusted_arithmetic_mean_rank_index": 0.2122743422254353,
        "adjusted_hits_at_1": 0.004100471547784703,
        "adjusted_hits_at_10": 0.02380486068535405,
        "adjusted_hits_at_3": 0.020932745867832888,
        "adjusted_hits_at_5": 0.02051965842289164,
        "adjusted_inverse_harmonic_mean_rank": 0.01470310589880279,
        "arithmetic_mean_rank": 1869.814697265625,
        "count": 232.0,
        "geometric_mean_rank": 882.1279907226562,
        "harmonic_mean_rank": 60.74993001523558,
        "hits_at_1": 0.004310344827586207,
        "hits_at_10": 0.02586206896551724,
        "hits_at_3": 0.021551724137931036,
        "hits_at_5": 0.021551724137931036,
        "inverse_arithmetic_mean_rank": 0.000534812337718904,
        "inverse_geometric_mean_rank": 0.0011336223687976599,
        "inverse_harmonic_mean_rank": 0.016460924312986177,
        "inverse_median_rank": 0.0006071645184420049,
        "median_absolute_deviation": 1991.1347794530234,
        "median_rank": 1647.0,
        "standard_deviation": 1528.3603515625,
        "variance": 2335885.25,
        "z_arithmetic_mean_rank": -1869.814697265625,
        "z_hits_at_1": 0.004310344827586207,
        "z_hits_at_10": 0.02586206896551724,
        "z_hits_at_3": 0.021551724137931036,
        "z_hits_at_5": 0.021551724137931036,
        "z_inverse_harmonic_mean_rank": 0.016460924312986177
      }
    },
    "head": {
      "optimistic": {
        "adjusted_arithmetic_mean_rank": 0.7819470048251982,
        "adjusted_arithmetic_mean_rank_index": 0.2181458845477201,
        "adjusted_hits_at_1": 0.008409522560686803,
        "adjusted_hits_at_10": 0.041061311918573484,
        "adjusted_hits_at_3": 0.04249172121985584,
        "adjusted_hits_at_5": 0.04208346847914518,
        "adjusted_inverse_harmonic_mean_rank": 0.02699419530581637,
        "arithmetic_mean_rank": 1836.3620689655172,
        "count": 116.0,
        "geometric_mean_rank": 765.0843636753965,
        "harmonic_mean_rank": 34.78701521615391,
        "hits_at_1": 0.008620689655172414,
        "hits_at_10": 0.04310344827586207,
        "hits_at_3": 0.04310344827586207,
        "hits_at_5": 0.04310344827586207,
        "inverse_arithmetic_mean_rank": 0.0005445549202414819,
        "inverse_geometric_mean_rank": 0.0013070454024129965,
        "inverse_harmonic_mean_rank": 0.0287463581967686,
        "inverse_median_rank": 0.0005920663114268798,
        "median_absolute_deviation": 2021.5281249323882,
        "median_rank": 1689.0,
        "standard_deviation": 1512.9102828913808,
        "variance": 2288897.524078478,
        "z_arithmetic_mean_rank": -1836.3620689655172,
        "z_hits_at_1": 0.008620689655172414,
        "z_hits_at_10": 0.04310344827586207,
        "z_hits_at_3": 0.04310344827586207,
        "z_hits_at_5": 0.04310344827586207,
        "z_inverse_harmonic_mean_rank": 0.0287463581967686
      },
      "pessimistic": {
        "adjusted_arithmetic_mean_rank": 0.7819470048251982,
        "adjusted_arithmetic_mean_rank_index": 0.2181458845477201,
        "adjusted_hits_at_1": 0.008409522560686803,
        "adjusted_hits_at_10": 0.041061311918573484,
        "adjusted_hits_at_3": 0.04249172121985584,
        "adjusted_hits_at_5": 0.04208346847914518,
        "adjusted_inverse_harmonic_mean_rank": 0.02699419530581637,
        "arithmetic_mean_rank": 1836.3620689655172,
        "count": 116.0,
        "geometric_mean_rank": 765.0843636753965,
        "harmonic_mean_rank": 34.78701521615391,
        "hits_at_1": 0.008620689655172414,
        "hits_at_10": 0.04310344827586207,
        "hits_at_3": 0.04310344827586207,
        "hits_at_5": 0.04310344827586207,
        "inverse_arithmetic_mean_rank": 0.0005445549202414819,
        "inverse_geometric_mean_rank": 0.0013070454024129965,
        "inverse_harmonic_mean_rank": 0.0287463581967686,
        "inverse_median_rank": 0.0005920663114268798,
        "median_absolute_deviation": 2021.5281249323882,
        "median_rank": 1689.0,
        "standard_deviation": 1512.9102828913808,