{
  "losses": [
    0.023519958180512168,
    0.022051654571803775,
    0.021022400310234852,
    0.019400201760230957,
    0.0181798021059562,
    0.017042476791881273,
    0.015767087666847396,
    0.014684756496224227,
    0.01407438679922661,
    0.013360574018016718,
    0.012400040713304456,
    0.011703769379191046,
    0.011007792329352726,
    0.010350985397029644,
    0.009597472799324162,
    0.009350791437436275,
    0.008584966056228169,
    0.007968863251447503,
    0.007755075984855913,
    0.007150012336963892,
    0.007037263585363942,
    0.006468214159702891,
    0.006062729582294815,
    0.0058673080241916165,
    0.005446636699039247,
    0.005310337238808916,
    0.005040768869447197,
    0.004719048549744155,
    0.004436495458910477,
    0.004295461543853517
  ],
  "metrics": {
    "both": {
      "optimistic": {
        "adjusted_arithmetic_mean_rank": 1.0053793210314048,
        "adjusted_arithmetic_mean_rank_index": -0.005381796256788363,
        "adjusted_hits_at_1": -0.00023010141548593596,
        "adjusted_hits_at_10": 0.0020144943311466747,
        "adjusted_hits_at_3": -0.0006906220726907919,
        "adjusted_hits_at_5": 0.0031637414921849207,
        "adjusted_inverse_harmonic_mean_rank": 0.0011866823853513174,
        "arithmetic_mean_rank": 2185.9612068965516,
        "count": 232.0,
        "geometric_mean_rank": 1445.104402234444,
        "harmonic_mean_rank": 321.3612164803871,
        "hits_at_1": 0.0,
        "hits_at_10": 0.004310344827586207,
        "hits_at_3": 0.0,
        "hits_at_5": 0.004310344827586207,
        "inverse_arithmetic_mean_rank": 0.0004574646598691099,
        "inverse_geometric_mean_rank": 0.0006919915256321852,
        "inverse_harmonic_mean_rank": 0.0031117631771257334,
        "inverse_median_rank": 0.0004095004095004095,
        "median_absolute_deviation": 1619.74292371737,
        "median_rank": 2442.0,
        "standard_deviation": 1313.9139192839837,
        "variance": 1726369.7872881985,
        "z_arithmetic_mean_rank": -2185.9612068965516,
        "z_hits_at_1": 0.0,
        "z_hits_at_10": 0.004310344827586207,
        "z_hits_at_3": 0.0,
        "z_hits_at_5": 0.004310344827586207,
        "z_inverse_harmonic_mean_rank": 0.0031117631771257334
      },
      "pessimistic": {
        "adjusted_arithmetic_mean_rank": 1.0053793210314048,
        "adjusted_arithmetic_mean_rank_index": -0.005381796256788363,
        "adjusted_hits_at_1": -0.00023010141548593596,
        "adjusted_hits_at_10": 0.0020144943311466747,
        "adjusted_hits_at_3": -0.0006906220726907919,
        "adjusted_hits_at_5": 0.0031637414921849207,
        "adjusted_inverse_harmonic_mean_rank": 0.0011866823853513174,
        "arithmetic_mean_rank": 2185.9612068965516,
        "count": 232.0,
        "geometric_mean_rank": 1445.104402234444,
        "harmonic_mean_rank": 321.3612164803871,
        "hits_at_1": 0.0,
        "hits_at_10": 0.004310344827586207,
        "hits_at_3": 0.0,
        "hits_at_5": 0.004310344827586207,
        "inverse_arithmetic_mean_rank": 0.0004574646598691099,
        "inverse_geometric_mean_rank": 0.0006919915256321852,
        "inverse_harmonic_mean_rank": 0.0031117631771257334,
        "inverse_median_rank": 0.0004095004095004095,
        "median_absolute_deviation": 1619.74292371737,
        "median_rank": 2442.0,
        "standard_deviation": 1313.9139192839837,
        "variance": 1726369.7872881985,
        "z_arithmetic_mean_rank": -2185.9612068965516,
        "z_hits_at_1": 0.0,
        "z_hits_at_10": 0.004310344827586207,
        "z_hits_at_3": 0.0,
        "z_hits_at_5": 0.004310344827586207,
        "z_inverse_harmonic_mean_rank": 0.0031117631771257334
      },
      "realistic": {
        "adjusted_arithmetic_mean_rank": 1.00537930941556,
        "adjusted_arithmetic_mean_rank_index": -0.005381784635598574,
        "adjusted_hits_at_1": -0.00023010141548593596,
        "adjusted_hits_at_10": 0.0020144943311466747,
        "adjusted_hits_at_3": -0.0006906220726907919,
        "adjusted_hits_at_5": 0.0031637414921849207,
        "adjusted_inverse_harmonic_mean_rank": 0.001186682455488956,
        "arithmetic_mean_rank": 2185.961181640625,
        "count": 232.0,
        "geometric_mean_rank": 1445.1041259765625,
        "harmonic_mean_rank": 321.3612092510213,
        "hits_at_1": 0.0,
        "hits_at_10": 0.004310344827586207,
        "hits_at_3": 0.0,
        "hits_at_5": 0.004310344827586207,
        "inverse_arithmetic_mean_rank": 0.0004574646591208875,
        "inverse_geometric_mean_rank": 0.0006919916486367583,
        "inverse_harmonic_mean_rank": 0.0031117632471281908,
        "inverse_median_rank": 0.00040950041147880256,
        "median_absolute_deviation": 1619.74292371737,
        "median_rank": 2442.0,
        "standard_deviation": 1313.9139404296875,
        "variance": 1726369.75,
        "z_arithmetic_mean_rank": -2185.961181640625,
        "z_hits_at_1": 0.0,
        "z_hits_at_10": 0.004310344827586207,
        "z_hits_at_3": 0.0,
        "z_hits_at_5": 0.004310344827586207,
        "z_inverse_harmonic_mean_rank": 0.0031117632471281908
      }
    },
    "head": {
      "optimistic": {
        "adjusted_arithmetic_mean_rank": 1.0038048842885854,
        "adjusted_arithmetic_mean_rank_index": -0.003806654712074087,
        "adjusted_hits_at_1": -0.00023266039854272065,
        "adjusted_hits_at_10": -0.0023314859855545693,
        "adjusted_hits_at_3": -0.0006983061319941112,
        "adjusted_hits_at_5": -0.0011643856184017421,
        "adjusted_inverse_harmonic_mean_rank": 0.0005257765187089724,
        "arithmetic_mean_rank": 2158.3189655172414,
        "count": 116.0,
        "geometric_mean_rank": 1467.176780454508,
        "harmonic_mean_rank": 404.66793896573114,
        "hits_at_1": 0.0,
        "hits_at_10": 0.0,
        "hits_at_3": 0.0,
        "hits_at_5": 0.0,
        "inverse_arithmetic_mean_rank": 0.0004633235476204741,
        "inverse_geometric_mean_rank": 0.0006815811245937357,
        "inverse_harmonic_mean_rank": 0.002471161917486831,
        "inverse_median_rank": 0.00041511000415110004,
        "median_absolute_deviation": 1538.9411028088148,
        "median_rank": 2409.0,
        "standard_deviation": 1274.9640130089535,
        "variance": 1625533.2344678948,
        "z_arithmetic_mean_rank": -2158.3189655172414,
        "z_hits_at_1": 0.0,
        "z_hits_at_10": 0.0,
        "z_hits_at_3": 0.0,
        "z_hits_at_5": 0.0,
        "z_inverse_harmonic_mean_rank": 0.002471161917486831
      },
      "pessimistic": {
        "adjusted_arithmetic_mean_rank": 1.0038048842885854,
        "adjusted_arithmetic_mean_rank_index": -0.003806654712074087,
        "adjusted_hits_at_1": -0.00023266039854272065,
        "adjusted_hits_at_10": -0.0023314859855545693,
        "adjusted_hits_at_3": -0.0006983061319941112,
        "adjusted_hits_at_5": -0.0011643856184017421,
        "adjusted_inverse_harmonic_mean_rank": 0.0005257765187089724,
        "arithmetic_mean_rank": 2158.3189655172414,
        "count": 116.0,
        "geometric_mean_rank": 1467.176780454508,
        "harmonic_mean_rank": 404.66793896573114,
        "hits_at_1": 0.0,
        "hits_at_10": 0.0,
        "hits_at_3": 0.0,
        "hits_at_5": 0.0,
        "inverse_arithmetic_mean_rank": 0.0004633235476204741,
        "inverse_geometric_mean_rank": 0.0006815811245937357,
        "inverse_harmonic_mean_rank": 0.002471161917486831,
        "inverse_median_rank": 0.00041511000415110004,
        "median_absolute_deviation": 1538.9411028088148,
        "median_rank": 2409.0,
        "standard_deviation": 1274.9640130089535,
        "variance": 1625533.2344678948,
        "z_arithmetic_mean_rank": -2158.3189655172414,
        "z_hits_at_1": 0.0,
        "z_hits_at_10": 0.0,
        "z_hits_at_3": 0.0,
        "z_hits_at_5": 0.0,
        "z_inverse_harmonic_mean_rank": 0.002471161917486831
      },
      "realistic": {
        "adjusted_arithmetic_mean_rank": 1.0038048294730364,