{
  "losses": [
    12.388692772044363,
    10.196978909088353,
    8.346575625427056,
    6.783983997421005,
    5.4652576872479335,
    4.3542247980993976,
    3.420500144554165,
    2.638194917051103,
    1.9851047548164757,
    1.442096924576773,
    0.9927775119354022,
    0.6241260155003339,
    0.3318945617248564,
    0.12890953970276492,
    0.029862664046426447,
    0.005931960607431673,
    0.00397911472929596,
    0.00393133240615151,
    0.003930290661909669,
    0.003928334945345328,
    0.003927626523818344,
    0.003928796528705032,
    0.003924438507745571,
    0.0039215545544313765,
    0.003921591931999099,
    0.003924069798125417,
    0.003920947966611542,
    0.003924935132326678,
    0.003919133519531925,
    0.003919050181899799
  ],
  "metrics": {
    "both": {
      "optimistic": {
        "adjusted_arithmetic_mean_rank": 1.040584518442757,
        "adjusted_arithmetic_mean_rank_index": -0.040603179248255516,
        "adjusted_hits_at_1": -0.0002299303187033594,
        "adjusted_hits_at_10": -0.0023040711693982485,
        "adjusted_hits_at_3": -0.0006901083097572828,
        "adjusted_hits_at_5": -0.0011507099259168018,
        "adjusted_inverse_harmonic_mean_rank": -0.0011358303993336033,
        "arithmetic_mean_rank": 2264.1594827586205,
        "count": 232.0,
        "geometric_mean_rank": 1979.6585340947581,
        "harmonic_mean_rank": 1261.852552203535,
        "hits_at_1": 0.0,
        "hits_at_10": 0.0,
        "hits_at_3": 0.0,
        "hits_at_5": 0.0,
        "inverse_arithmetic_mean_rank": 0.00044166500090427106,
        "inverse_geometric_mean_rank": 0.0005051376198356712,
        "inverse_harmonic_mean_rank": 0.0007924856182711128,
        "inverse_median_rank": 0.00045045045045045046,
        "median_absolute_deviation": 796.1573913375082,
        "median_rank": 2220.0,
        "standard_deviation": 919.1396114994276,
        "variance": 844817.6254273186,
        "z_arithmetic_mean_rank": -2264.1594827586205,
        "z_hits_at_1": 0.0,
        "z_hits_at_10": 0.0,
        "z_hits_at_3": 0.0,
        "z_hits_at_5": 0.0,
        "z_inverse_harmonic_mean_rank": 0.0007924856182711128
      },
      "pessimistic": {
        "adjusted_arithmetic_mean_rank": 1.040590461413821,
        "adjusted_arithmetic_mean_rank_index": -0.04060912495190405,
        "adjusted_hits_at_1": -0.0002299303187033594,
        "adjusted_hits_at_10": -0.0023040711693982485,
        "adjusted_hits_at_3": -0.0006901083097572828,
        "adjusted_hits_at_5": -0.0011507099259168018,
        "adjusted_inverse_harmonic_mean_rank": -0.0011358736426108705,
        "arithmetic_mean_rank": 2264.1724137931033,
        "count": 232.0,
        "geometric_mean_rank": 1979.6938945062004,
        "harmonic_mean_rank": 1261.9212783764813,
        "hits_at_1": 0.0,
        "hits_at_10": 0.0,
        "hits_at_3": 0.0,
        "hits_at_5": 0.0,
        "inverse_arithmetic_mean_rank": 0.00044166247848799136,
        "inverse_geometric_mean_rank": 0.000505128597292276,
        "inverse_harmonic_mean_rank": 0.0007924424582859441,
        "inverse_median_rank": 0.00045045045045045046,
        "median_absolute_deviation": 796.1573913375082,
        "median_rank": 2220.0,
        "standard_deviation": 919.1267995884789,
        "variance": 844794.0737217598,
        "z_arithmetic_mean_rank": -2264.1724137931033,
        "z_hits_at_1": 0.0,
        "z_hits_at_10": 0.0,
        "z_hits_at_3": 0.0,
        "z_hits_at_5": 0.0,
        "z_inverse_harmonic_mean_rank": 0.0007924424582859441
      },
      "realistic": {
        "adjusted_arithmetic_mean_rank": 1.0405875208812634,
        "adjusted_arithmetic_mean_rank_index": -0.04060618306728636,
        "adjusted_hits_at_1": -0.0002299303187033594,
        "adjusted_hits_at_10": -0.0023040711693982485,
        "adjusted_hits_at_3": -0.0006901083097572828,
        "adjusted_hits_at_5": -0.0011507099259168018,
        "adjusted_inverse_harmonic_mean_rank": -0.0011358520105326268,
        "arithmetic_mean_rank": 2264.166015625,
        "count": 232.0,
        "geometric_mean_rank": 1979.676513671875,
        "harmonic_mean_rank": 1261.8868977626657,
        "hits_at_1": 0.0,
        "hits_at_10": 0.0,
        "hits_at_3": 0.0,
        "hits_at_5": 0.0,
        "inverse_arithmetic_mean_rank": 0.0004416637239046395,
        "inverse_geometric_mean_rank": 0.0005051330081187189,
        "inverse_harmonic_mean_rank": 0.0007924640486980306,
        "inverse_median_rank": 0.00045045046135783195,
        "median_absolute_deviation": 796.1573913375082,
        "median_rank": 2220.0,
        "standard_deviation": 919.1331787109375,
        "variance": 844805.8125,
        "z_arithmetic_mean_rank": -2264.166015625,
        "z_hits_at_1": 0.0,
        "z_hits_at_10": 0.0,
        "z_hits_at_3": 0.0,
        "z_hits_at_5": 0.0,
        "z_inverse_harmonic_mean_rank": 0.0007924640486980306
      }
    },
    "head": {
      "optimistic": {
        "adjusted_arithmetic_mean_rank": 1.108830050820746,
        "adjusted_arithmetic_mean_rank_index": -0.10888061511469682,
        "adjusted_hits_at_1": -0.00023231864968828038,
        "adjusted_hits_at_10": -0.002328054150452513,
        "adjusted_hits_at_3": -0.0006972799313290434,
        "adjusted_hits_at_5": -0.0011626736915696162,
        "adjusted_inverse_harmonic_mean_rank": -0.0008459475518453434,
        "arithmetic_mean_rank": 2387.655172413793,
        "count": 116.0,
        "geometric_mean_rank": 1865.0297015376966,
        "harmonic_mean_rank": 909.4386884365313,
        "hits_at_1": 0.0,
        "hits_at_10": 0.0,
        "hits_at_3": 0.0,
        "hits_at_5": 0.0,
        "inverse_arithmetic_mean_rank": 0.00041882094682418186,
        "inverse_geometric_mean_rank": 0.0005361844903464598,
        "inverse_harmonic_mean_rank": 0.0010995793479153147,
        "inverse_median_rank": 0.0003996003996003996,
        "median_absolute_deviation": 1558.9562327586405,
        "median_rank": 2502.5,
        "standard_deviation": 1223.4200303857658,
        "variance": 1496756.5707491082,
        "z_arithmetic_mean_rank": -2387.655172413793,
        "z_hits_at_1": 0.0,
        "z_hits_at_10": 0.0,
        "z_hits_at_3": 0.0,
        "z_hits_at_5": 0.0,
        "z_inverse_harmonic_mean_rank": 0.0010995793479153147
      },
      "pessimistic": {
        "adjusted_arithmetic_mean_rank": 1.1088380577388797,
        "adjusted_arithmetic_mean_rank_index": -0.10888862575298086,
        "adjusted_hits_at_1": -0.00023231864968828038,
        "adjusted_hits_at_10": -0.002328054150452513,
        "adjusted_hits_at_3": -0.0006972799313290434,
        "adjusted_hits_at_5": -0.0011626736915696162,
        "adjusted_inverse_harmonic_mean_rank": -0.0008460314251397706,
        "arithmetic_mean_rank": 2387.6724137931033,
        "count": 116.0,
        "geometric_mean_rank": 1865.0874815582677,
        "harmonic_mean_rank": 909.5079286786425,
        "hits_at_1": 0.0,
        "hits_at_10": 0.0,
        "hits_at_3": 0.0,
        "hits_at_5": 0.0,
        "inverse_arithmetic_mean_rank": 0.00041881792251868437,
        "inverse_geometric_mean_rank": 0.0005361678794629552,
        "inverse_harmonic_mean_rank": 0.0010994956376607148,
        "inverse_median_rank": 0.0003996003996003996,
        "median_absolute_deviation": 1558.9562327586405,
        "median_rank": 2502.5,
        "standard_deviation": 1223.4021864982328,
        "variance": 1496712.9099286566,
        "z_arithmetic_mean_rank": -2387.6724137931033,
        "z_hits_at_1": 0.0,
        "z_hits_at_10": 0.0,
        "z_hits_at_3": 0.0,
        "z_hits_at_5": 0.0,
        "z_inverse_harmonic_mean_rank": 0.0010994956376607148
      },
      "realistic": {
        "adjusted_arithmetic_mean_rank": 1.1088340660086968,
        "adjusted_arithmetic_mean_rank_index": -0.10888463216817224,
        "adjusted_hits_at_1": -0.00023231864968828038,
        "adjusted_hits_at_10": -0.002328054150452513,
        "adjusted_hits_at_3": -0.0006972799313290434,