{
  "losses": [
    0.005039406533193909,
    0.004619957295968273,
    0.0043959249799136015,
    0.004079209876913967,
    0.0038965039511981246,
    0.0036649449842229348,
    0.00355265422802227,
    0.0034191015879080047,
    0.00329566572469184,
    0.0031989143177808326,
    0.0031171047316417002,
    0.0030052236784029766,
    0.0029896061171389337,
    0.002869237526982047,
    0.0028498503146398213,
    0.0028318870020710572,
    0.002741892618637436,
    0.0027402629932398222,
    0.0027071277456802967,
    0.002644611123355021,
    0.00258641404776913,
    0.002575603586603392,
    0.002542953214345952,
    0.0025183800124905916,
    0.0024593076215776695,
    0.0024434682941621134,
    0.0024513469267810123,
    0.002401870454552094,
    0.002375769985492178,
    0.0023384104449862947
  ],
  "metrics": {
    "both": {
      "optimistic": {
        "adjusted_arithmetic_mean_rank": 0.7120438010220729,
        "adjusted_arithmetic_mean_rank_index": 0.28808874997444767,
        "adjusted_hits_at_1": -0.00023019265019276925,
        "adjusted_hits_at_10": -0.002306705381552634,
        "adjusted_hits_at_3": -0.000690896028954133,
        "adjusted_hits_at_5": -0.0011520240007951612,
        "adjusted_inverse_harmonic_mean_rank": 0.0006910686583365004,
        "arithmetic_mean_rank": 1547.5689655172414,
        "count": 232.0,
        "geometric_mean_rank": 949.7928790846851,
        "harmonic_mean_rank": 382.00512547343357,
        "hits_at_1": 0.0,
        "hits_at_10": 0.0,
        "hits_at_3": 0.0,
        "hits_at_5": 0.0,
        "inverse_arithmetic_mean_rank": 0.0006461747568488954,
        "inverse_geometric_mean_rank": 0.0010528611258527223,
        "inverse_harmonic_mean_rank": 0.002617765923325405,
        "inverse_median_rank": 0.0007858546168958742,
        "median_absolute_deviation": 1369.9244498991761,
        "median_rank": 1272.5,
        "standard_deviation": 1207.1804976325816,
        "variance": 1457284.7538644471,
        "z_arithmetic_mean_rank": -1547.5689655172414,
        "z_hits_at_1": 0.0,
        "z_hits_at_10": 0.0,
        "z_hits_at_3": 0.0,
        "z_hits_at_5": 0.0,
        "z_inverse_harmonic_mean_rank": 0.002617765923325405
      },
      "pessimistic": {
        "adjusted_arithmetic_mean_rank": 0.7120438010220729,
        "adjusted_arithmetic_mean_rank_index": 0.28808874997444767,
        "adjusted_hits_at_1": -0.00023019265019276925,
        "adjusted_hits_at_10": -0.002306705381552634,
        "adjusted_hits_at_3": -0.000690896028954133,
        "adjusted_hits_at_5": -0.0011520240007951612,
        "adjusted_inverse_harmonic_mean_rank": 0.0006910686583365004,
        "arithmetic_mean_rank": 1547.5689655172414,
        "count": 232.0,
        "geometric_mean_rank": 949.7928790846851,
        "harmonic_mean_rank": 382.00512547343357,
        "hits_at_1": 0.0,
        "hits_at_10": 0.0,
        "hits_at_3": 0.0,
        "hits_at_5": 0.0,
        "inverse_arithmetic_mean_rank": 0.0006461747568488954,
        "inverse_geometric_mean_rank": 0.0010528611258527223,
        "inverse_harmonic_mean_rank": 0.002617765923325405,
        "inverse_median_rank": 0.0007858546168958742,
        "median_absolute_deviation": 1369.9244498991761,
        "median_rank": 1272.5,
        "standard_deviation": 1207.1804976325816,
        "variance": 1457284.7538644471,
        "z_arithmetic_mean_rank": -1547.5689655172414,
        "z_hits_at_1": 0.0,
        "z_hits_at_10": 0.0,
        "z_hits_at_3": 0.0,
        "z_hits_at_5": 0.0,
        "z_inverse_harmonic_mean_rank": 0.002617765923325405
      },
      "realistic": {
        "adjusted_arithmetic_mean_rank": 0.7120438029588014,
        "adjusted_arithmetic_mean_rank_index": 0.2880887480368276,
        "adjusted_hits_at_1": -0.00023019265019276925,
        "adjusted_hits_at_10": -0.002306705381552634,
        "adjusted_hits_at_3": -0.000690896028954133,
        "adjusted_hits_at_5": -0.0011520240007951612,
        "adjusted_inverse_harmonic_mean_rank": 0.0006910688526131552,
        "arithmetic_mean_rank": 1547.5689697265625,
        "count": 232.0,
        "geometric_mean_rank": 949.7930297851562,
        "harmonic_mean_rank": 382.0050971777087,
        "hits_at_1": 0.0,
        "hits_at_10": 0.0,
        "hits_at_3": 0.0,
        "hits_at_5": 0.0,
        "inverse_arithmetic_mean_rank": 0.0006461747689172626,
        "inverse_geometric_mean_rank": 0.0010528609855100513,
        "inverse_harmonic_mean_rank": 0.0026177661172274887,
        "inverse_median_rank": 0.0007858546450734138,
        "median_absolute_deviation": 1369.9244498991761,
        "median_rank": 1272.5,
        "standard_deviation": 1207.1805419921875,
        "variance": 1457284.75,
        "z_arithmetic_mean_rank": -1547.5689697265625,
        "z_hits_at_1": 0.0,
        "z_hits_at_10": 0.0,
        "z_hits_at_3": 0.0,
        "z_hits_at_5": 0.0,
        "z_inverse_harmonic_mean_rank": 0.0026177661172274887
      }
    },
    "head": {
      "optimistic": {
        "adjusted_arithmetic_mean_rank": 0.9487561339622769,
        "adjusted_arithmetic_mean_rank_index": 0.05126772871577556,
        "adjusted_hits_at_1": -0.0002328424225031101,
        "adjusted_hits_at_10": -0.002333313875127404,
        "adjusted_hits_at_3": -0.000698852712626492,
        "adjusted_hits_at_5": -0.0011652974352265699,
        "adjusted_inverse_harmonic_mean_rank": -0.0003793006699858414,
        "arithmetic_mean_rank": 2038.353448275862,
        "count": 116.0,
        "geometric_mean_rank": 1474.9716664901198,
        "harmonic_mean_rank": 637.2693007798536,
        "hits_at_1": 0.0,
        "hits_at_10": 0.0,
        "hits_at_3": 0.0,
        "hits_at_5": 0.0,
        "inverse_arithmetic_mean_rank": 0.0004905920515629164,
        "inverse_geometric_mean_rank": 0.0006779791251038913,
        "inverse_harmonic_mean_rank": 0.0015691953131529441,
        "inverse_median_rank": 0.0004978839930296241,
        "median_absolute_deviation": 1660.514484726274,
        "median_rank": 2008.5,
        "standard_deviation": 1244.8948041301235,
        "variance": 1549763.0733501785,
        "z_arithmetic_mean_rank": -2038.353448275862,
        "z_hits_at_1": 0.0,
        "z_hits_at_10": 0.0,
        "z_hits_at_3": 0.0,
        "z_hits_at_5": 0.0,
        "z_inverse_harmonic_mean_rank": 0.0015691953131529441
      },
      "pessimistic": {
        "adjusted_arithmetic_mean_rank": 0.9487561339622769,
        "adjusted_arithmetic_mean_rank_index": 0.05126772871577556,
        "adjusted_hits_at_1": -0.0002328424225031101,
        "adjusted_hits_at_10": -0.002333313875127404,
        "adjusted_hits_at_3": -0.000698852712626492,
        "adjusted_hits_at_5": -0.0011652974352265699,
        "adjusted_inverse_harmonic_mean_rank": -0.0003793006699858414,
        "arithmetic_mean_rank": 2038.353448275862,
        "count": 116.0,
        "geometric_mean_rank": 1474.9716664901198,
        "harmonic_mean_rank": 637.2693007798536,
        "hits_at_1": 0.0,
        "hits_at_10": 0.0,
        "hits_at_3": 0.0,
        "hits_at_5": 0.0,
        "inverse_arithmetic_mean_rank": 0.0004905920515629164,
        "inverse_geometric_mean_rank": 0.0006779791251038913,
        "inverse_harmonic_mean_rank": 0.0015691953131529441,
        "inverse_median_rank": 0.0004978839930296241,
        "median_absolute_deviation": 1660.514484726274,
        "median_rank": 2008.5,
        "standard_deviation": 1244.8948041301235,
        "variance": 1549763.0733501785,
        "z_arithmetic_mean_rank": -2038.353448275862,
        "z_hits_at_1": 0.0,
        "z_hits_at_10": 0.0,
        "z_hits_at_3": 0.0,
        "z_hits_at_5": 0.0,
        "z_inverse_harmonic_mean_rank": 0.0015691953131529441
      },
      "realistic": {
        "adjusted_arithmetic_mean_rank": 0.9487561084921848,
        "adjusted_arithmetic_mean_rank_index": 0.05126775419772833,
        "adjusted_hits_at_1": -0.0002328424225031101,
        "adjusted_hits_at_10": -0.002333313875127404,