{
  "losses": [
    0.003914120089439777,
    0.003730568664776662,
    0.003558024057644863,
    0.0033935120713099697,
    0.0032434170701821003,
    0.003083533547339788,
    0.002941330975275802,
    0.002797016016180763,
    0.002658692905467847,
    0.0025317687908142966,
    0.002401789030636099,
    0.002271772931766872,
    0.002168040937360859,
    0.0020504103145802728,
    0.00194756193093798,
    0.001845569865444067,
    0.0017445741608289199,
    0.001656688011509059,
    0.0015673625505830098,
    0.0014894588166967544,
    0.001411548980883278,
    0.001333876730670312,
    0.0012607537230183781,
    0.0011990526093609987,
    0.001146679010443512,
    0.0010872923206201584,
    0.0010350390736449664,
    0.000977435903185556,
    0.0009298348263813554,
    0.0008738288537729692
  ],
  "metrics": {
    "both": {
      "optimistic": {
        "adjusted_arithmetic_mean_rank": 0.8791579653720544,
        "adjusted_arithmetic_mean_rank_index": 0.12089292693644682,
        "adjusted_hits_at_1": -0.00021059714390775285,
        "adjusted_hits_at_10": 0.010848347962484083,
        "adjusted_hits_at_3": 0.003681011563216705,
        "adjusted_hits_at_5": 0.007575901280942719,
        "adjusted_inverse_harmonic_mean_rank": 0.0025784104897997656,
        "arithmetic_mean_rank": 2088.4094827586205,
        "count": 232.0,
        "geometric_mean_rank": 1396.896650687436,
        "harmonic_mean_rank": 229.54170623140382,
        "hits_at_1": 0.0,
        "hits_at_10": 0.01293103448275862,
        "hits_at_3": 0.004310344827586207,
        "hits_at_5": 0.008620689655172414,
        "inverse_arithmetic_mean_rank": 0.0004788332979024213,
        "inverse_geometric_mean_rank": 0.0007158725733273706,
        "inverse_harmonic_mean_rank": 0.0043565067822223455,
        "inverse_median_rank": 0.0005547850208044383,
        "median_absolute_deviation": 1621.9668270451286,
        "median_rank": 1802.5,
        "standard_deviation": 1399.9745411772888,
        "variance": 1959928.71594456,
        "z_arithmetic_mean_rank": -2088.4094827586205,
        "z_hits_at_1": 0.0,
        "z_hits_at_10": 0.01293103448275862,
        "z_hits_at_3": 0.004310344827586207,
        "z_hits_at_5": 0.008620689655172414,
        "z_inverse_harmonic_mean_rank": 0.0043565067822223455
      },
      "pessimistic": {
        "adjusted_arithmetic_mean_rank": 0.8791615944247091,
        "adjusted_arithmetic_mean_rank_index": 0.120889296355426,
        "adjusted_hits_at_1": -0.00021059714390775285,
        "adjusted_hits_at_10": 0.010848347962484083,
        "adjusted_hits_at_3": 0.003681011563216705,
        "adjusted_hits_at_5": 0.007575901280942719,
        "adjusted_inverse_harmonic_mean_rank": 0.0025784084920634142,
        "arithmetic_mean_rank": 2088.418103448276,
        "count": 232.0,
        "geometric_mean_rank": 1396.901952240395,
        "harmonic_mean_rank": 229.54181130332606,
        "hits_at_1": 0.0,
        "hits_at_10": 0.01293103448275862,
        "hits_at_3": 0.004310344827586207,
        "hits_at_5": 0.008620689655172414,
        "inverse_arithmetic_mean_rank": 0.00047883132134741486,
        "inverse_geometric_mean_rank": 0.0007158698564320629,
        "inverse_harmonic_mean_rank": 0.004356504788047344,
        "inverse_median_rank": 0.0005547850208044383,
        "median_absolute_deviation": 1621.9668270451286,
        "median_rank": 1802.5,
        "standard_deviation": 1399.9790245410907,
        "variance": 1959941.2691550239,
        "z_arithmetic_mean_rank": -2088.418103448276,
        "z_hits_at_1": 0.0,
        "z_hits_at_10": 0.01293103448275862,
        "z_hits_at_3": 0.004310344827586207,
        "z_hits_at_5": 0.008620689655172414,
        "z_inverse_harmonic_mean_rank": 0.004356504788047344
      },
      "realistic": {
        "adjusted_arithmetic_mean_rank": 0.879159790530372,
        "adjusted_arithmetic_mean_rank_index": 0.12089110100946854,
        "adjusted_hits_at_1": -0.00021059714390775285,
        "adjusted_hits_at_10": 0.010848347962484083,
        "adjusted_hits_at_3": 0.003681011563216705,
        "adjusted_hits_at_5": 0.007575901280942719,
        "adjusted_inverse_harmonic_mean_rank": 0.002578409762079142,
        "arithmetic_mean_rank": 2088.413818359375,
        "count": 232.0,
        "geometric_mean_rank": 1396.8990478515625,
        "harmonic_mean_rank": 229.54174450621548,
        "hits_at_1": 0.0,
        "hits_at_10": 0.01293103448275862,
        "hits_at_3": 0.004310344827586207,
        "hits_at_5": 0.008620689655172414,
        "inverse_arithmetic_mean_rank": 0.00047883231309242547,
        "inverse_geometric_mean_rank": 0.0007158713415265083,
        "inverse_harmonic_mean_rank": 0.004356506055799024,
        "inverse_median_rank": 0.0005547850159928203,
        "median_absolute_deviation": 1621.9668270451286,
        "median_rank": 1802.5,
        "standard_deviation": 1399.976806640625,
        "variance": 1959935.0,
        "z_arithmetic_mean_rank": -2088.413818359375,
        "z_hits_at_1": 0.0,
        "z_hits_at_10": 0.01293103448275862,
        "z_hits_at_3": 0.004310344827586207,
        "z_hits_at_5": 0.008620689655172414,
        "z_inverse_harmonic_mean_rank": 0.004356506055799024
      }
    },
    "head": {
      "optimistic": {
        "adjusted_arithmetic_mean_rank": 0.8646585280891543,
        "adjusted_arithmetic_mean_rank_index": 0.13539902623141642,
        "adjusted_hits_at_1": -0.0002126339720562082,
        "adjusted_hits_at_10": 0.006508638605207308,
        "adjusted_hits_at_3": 0.007988017838410705,
        "adjusted_hits_at_5": 0.007565787820438593,
        "adjusted_inverse_harmonic_mean_rank": 0.0032212878049240916,
        "arithmetic_mean_rank": 2034.146551724138,
        "count": 116.0,
        "geometric_mean_rank": 1329.1545471196391,
        "harmonic_mean_rank": 199.46130008216542,
        "hits_at_1": 0.0,
        "hits_at_10": 0.008620689655172414,
        "hits_at_3": 0.008620689655172414,
        "hits_at_5": 0.008620689655172414,
        "inverse_arithmetic_mean_rank": 0.0004916066638130877,
        "inverse_geometric_mean_rank": 0.00075235795729478,
        "inverse_harmonic_mean_rank": 0.005013503870615821,
        "inverse_median_rank": 0.0006341154090044388,
        "median_absolute_deviation": 1513.7368650942196,
        "median_rank": 1577.0,
        "standard_deviation": 1404.1342298438367,
        "variance": 1971592.935419144,
        "z_arithmetic_mean_rank": -2034.146551724138,
        "z_hits_at_1": 0.0,
        "z_hits_at_10": 0.008620689655172414,
        "z_hits_at_3": 0.008620689655172414,
        "z_hits_at_5": 0.008620689655172414,
        "z_inverse_harmonic_mean_rank": 0.005013503870615821
      },
      "pessimistic": {
        "adjusted_arithmetic_mean_rank": 0.8646658569149187,
        "adjusted_arithmetic_mean_rank_index": 0.1353916942890494,
        "adjusted_hits_at_1": -0.0002126339720562082,
        "adjusted_hits_at_10": 0.006508638605207308,
        "adjusted_hits_at_3": 0.007988017838410705,
        "adjusted_hits_at_5": 0.007565787820438593,
        "adjusted_inverse_harmonic_mean_rank": 0.003221283809390086,
        "arithmetic_mean_rank": 2034.1637931034484,
        "count": 116.0,
        "geometric_mean_rank": 1329.1646360501097,
        "harmonic_mean_rank": 199.46145875803967,
        "hits_at_1": 0.0,
        "hits_at_10": 0.008620689655172414,
        "hits_at_3": 0.008620689655172414,
        "hits_at_5": 0.008620689655172414,
        "inverse_arithmetic_mean_rank": 0.0004916024970016485,
        "inverse_geometric_mean_rank": 0.0007523522465747425,
        "inverse_harmonic_mean_rank": 0.005013499882265817,
        "inverse_median_rank": 0.0006339144215530904,
        "median_absolute_deviation": 1512.9955639849668,
        "median_rank": 1577.5,
        "standard_deviation": 1404.1438362315278,
        "variance": 1971619.9128269916,
        "z_arithmetic_mean_rank": -2034.1637931034484,
        "z_hits_at_1": 0.0,