{
  "losses": [
    0.0030961496084104035,
    0.002606368483674422,
    0.0024387411066440173,
    0.00235050185172846,
    0.002294590449970521,
    0.002268585194969851,
    0.0022260333234393973,
    0.0021929438770091516,
    0.002169421403203501,
    0.0021307969020212597,
    0.002057341442657434,
    0.0019659605250979383,
    0.00182623509510097,
    0.0016188591859728628,
    0.0013841476017503324,
    0.0012282506967495222,
    0.001082337734643781,
    0.001002009858942677,
    0.0009696620524736191,
    0.0008893407676134274,
    0.0008630740792343962,
    0.0008398064946533878,
    0.0008335917737116679,
    0.0007819575495691619,
    0.000781655562900637,
    0.0007638586931535065,
    0.0007342830847663948,
    0.0007117855855603431,
    0.0007311010317407953,
    0.0007230169218338758
  ],
  "metrics": {
    "both": {
      "optimistic": {
        "adjusted_arithmetic_mean_rank": 0.14773346171974366,
        "adjusted_arithmetic_mean_rank_index": 0.8526586246931838,
        "adjusted_hits_at_1": 0.025637960985054997,
        "adjusted_hits_at_10": 0.11866253638938759,
        "adjusted_hits_at_3": 0.029502756616766795,
        "adjusted_hits_at_5": 0.06789357231372267,
        "adjusted_inverse_harmonic_mean_rank": 0.05026420613330468,
        "arithmetic_mean_rank": 321.2715517241379,
        "count": 232.0,
        "geometric_mean_rank": 137.7387936275666,
        "harmonic_mean_rank": 19.195922689006434,
        "hits_at_1": 0.02586206896551724,
        "hits_at_10": 0.1206896551724138,
        "hits_at_3": 0.03017241379310345,
        "hits_at_5": 0.06896551724137931,
        "inverse_arithmetic_mean_rank": 0.0031126316495606095,
        "inverse_geometric_mean_rank": 0.007260118762938426,
        "inverse_harmonic_mean_rank": 0.052094396096557694,
        "inverse_median_rank": 0.003861003861003861,
        "median_absolute_deviation": 318.0181758694516,
        "median_rank": 259.0,
        "standard_deviation": 324.02551445570117,
        "variance": 104992.53401828182,
        "z_arithmetic_mean_rank": -321.2715517241379,
        "z_hits_at_1": 0.02586206896551724,
        "z_hits_at_10": 0.1206896551724138,
        "z_hits_at_3": 0.03017241379310345,
        "z_hits_at_5": 0.06896551724137931,
        "z_inverse_harmonic_mean_rank": 0.052094396096557694
      },
      "pessimistic": {
        "adjusted_arithmetic_mean_rank": 0.14773346171974366,
        "adjusted_arithmetic_mean_rank_index": 0.8526586246931838,
        "adjusted_hits_at_1": 0.025637960985054997,
        "adjusted_hits_at_10": 0.11866253638938759,
        "adjusted_hits_at_3": 0.029502756616766795,
        "adjusted_hits_at_5": 0.06789357231372267,
        "adjusted_inverse_harmonic_mean_rank": 0.05026420613330468,
        "arithmetic_mean_rank": 321.2715517241379,
        "count": 232.0,
        "geometric_mean_rank": 137.7387936275666,
        "harmonic_mean_rank": 19.195922689006434,
        "hits_at_1": 0.02586206896551724,
        "hits_at_10": 0.1206896551724138,
        "hits_at_3": 0.03017241379310345,
        "hits_at_5": 0.06896551724137931,
        "inverse_arithmetic_mean_rank": 0.0031126316495606095,
        "inverse_geometric_mean_rank": 0.007260118762938426,
        "inverse_harmonic_mean_rank": 0.052094396096557694,
        "inverse_median_rank": 0.003861003861003861,
        "median_absolute_deviation": 318.0181758694516,
        "median_rank": 259.0,
        "standard_deviation": 324.02551445570117,
        "variance": 104992.53401828182,
        "z_arithmetic_mean_rank": -321.2715517241379,
        "z_hits_at_1": 0.02586206896551724,
        "z_hits_at_10": 0.1206896551724138,
        "z_hits_at_3": 0.03017241379310345,
        "z_hits_at_5": 0.06896551724137931,
        "z_inverse_harmonic_mean_rank": 0.052094396096557694
      },
      "realistic": {
        "adjusted_arithmetic_mean_rank": 0.14773345881632327,
        "adjusted_arithmetic_mean_rank_index": 0.8526586275979398,
        "adjusted_hits_at_1": 0.025637960985054997,
        "adjusted_hits_at_10": 0.11866253638938759,
        "adjusted_hits_at_3": 0.029502756616766795,
        "adjusted_hits_at_5": 0.06789357231372267,
        "adjusted_inverse_harmonic_mean_rank": 0.05026420791389232,
        "arithmetic_mean_rank": 321.27154541015625,
        "count": 232.0,
        "geometric_mean_rank": 137.7388153076172,
        "harmonic_mean_rank": 19.195922034153753,
        "hits_at_1": 0.02586206896551724,
        "hits_at_10": 0.1206896551724138,
        "hits_at_3": 0.03017241379310345,
        "hits_at_5": 0.06896551724137931,
        "inverse_arithmetic_mean_rank": 0.003112631617113948,
        "inverse_geometric_mean_rank": 0.007260117679834366,
        "inverse_harmonic_mean_rank": 0.05209439787371405,
        "inverse_median_rank": 0.0038610037881881,
        "median_absolute_deviation": 318.0181758694516,
        "median_rank": 259.0,
        "standard_deviation": 324.0255126953125,
        "variance": 104992.53125,
        "z_arithmetic_mean_rank": -321.27154541015625,
        "z_hits_at_1": 0.02586206896551724,
        "z_hits_at_10": 0.1206896551724138,
        "z_hits_at_3": 0.03017241379310345,
        "z_hits_at_5": 0.06896551724137931,
        "z_inverse_harmonic_mean_rank": 0.05209439787371405
      }
    },
    "head": {
      "optimistic": {
        "adjusted_arithmetic_mean_rank": 0.10582299515234195,
        "adjusted_arithmetic_mean_rank_index": 0.8945929094882578,
        "adjusted_hits_at_1": 0.051503595352211766,
        "adjusted_hits_at_10": 0.23961126893914445,
        "adjusted_hits_at_3": 0.059688909550776055,
        "adjusted_hits_at_5": 0.13692763476396658,
        "adjusted_inverse_harmonic_mean_rank": 0.09877712346689023,
        "arithmetic_mean_rank": 227.6206896551724,
        "count": 116.0,
        "geometric_mean_rank": 52.574153587413896,
        "harmonic_mean_rank": 9.947211807370543,
        "hits_at_1": 0.05172413793103448,
        "hits_at_10": 0.2413793103448276,
        "hits_at_3": 0.0603448275862069,
        "hits_at_5": 0.13793103448275862,
        "inverse_arithmetic_mean_rank": 0.0043932737464020604,
        "inverse_geometric_mean_rank": 0.01902075319838144,
        "inverse_harmonic_mean_rank": 0.10053068330756104,
        "inverse_median_rank": 0.01639344262295082,
        "median_absolute_deviation": 81.5431220178081,
        "median_rank": 61.0,
        "standard_deviation": 402.2369274182006,
        "variance": 161794.54577883476,
        "z_arithmetic_mean_rank": -227.6206896551724,
        "z_hits_at_1": 0.05172413793103448,
        "z_hits_at_10": 0.2413793103448276,
        "z_hits_at_3": 0.0603448275862069,
        "z_hits_at_5": 0.13793103448275862,
        "z_inverse_harmonic_mean_rank": 0.10053068330756104
      },
      "pessimistic": {
        "adjusted_arithmetic_mean_rank": 0.10582299515234195,
        "adjusted_arithmetic_mean_rank_index": 0.8945929094882578,
        "adjusted_hits_at_1": 0.051503595352211766,
        "adjusted_hits_at_10": 0.23961126893914445,
        "adjusted_hits_at_3": 0.059688909550776055,
        "adjusted_hits_at_5": 0.13692763476396658,
        "adjusted_inverse_harmonic_mean_rank": 0.09877712346689023,
        "arithmetic_mean_rank": 227.6206896551724,
        "count": 116.0,
        "geometric_mean_rank": 52.574153587413896,
        "harmonic_mean_rank": 9.947211807370543,
        "hits_at_1": 0.05172413793103448,
        "hits_at_10": 0.2413793103448276,
        "hits_at_3": 0.0603448275862069,
        "hits_at_5": 0.13793103448275862,
        "inverse_arithmetic_mean_rank": 0.0043932737464020604,
        "inverse_geometric_mean_rank": 0.01902075319838144,
        "inverse_harmonic_mean_rank": 0.10053068330756104,
        "inverse_median_rank": 0.01639344262295082,
        "median_absolute_deviation": 81.5431220178081,
        "median_rank": 61.0,
        "standard_deviation": 402.2369274182006,
        "variance": 161794.54577883476,