{
  "losses": [
    0.003124412686183836,
    0.002545094635104438,
    0.0023825982056298275,
    0.0023236460810964004,
    0.002254130804253647,
    0.0022291874757739954,
    0.0021936395471192694,
    0.002163365141296019,
    0.0021334156653413025,
    0.002071662458208166,
    0.002009385145972216,
    0.0018834298213241574,
    0.0017008258559518417,
    0.0014666894061559224,
    0.0013041337221029702,
    0.0011607312147577558,
    0.0010753554187620355,
    0.0010138238117598775,
    0.0009452350575423702,
    0.0009298119562719609,
    0.000886210539270457,
    0.0008629761175336367,
    0.0008076150866777277,
    0.0007877512948569473,
    0.0007872002525908654,
    0.0007525389488616138,
    0.0007468476405912664,
    0.0007487721272200233,
    0.0007370295149254142,
    0.0007014983526576492
  ],
  "metrics": {
    "both": {
      "optimistic": {
        "adjusted_arithmetic_mean_rank": 0.31101778501375005,
        "adjusted_arithmetic_mean_rank_index": 0.6892724752864595,
        "adjusted_hits_at_1": -0.00021066886899837758,
        "adjusted_hits_at_10": -0.002110690601199618,
        "adjusted_hits_at_3": -0.0006322730074738982,
        "adjusted_hits_at_5": -0.0010542327210519083,
        "adjusted_inverse_harmonic_mean_rank": 0.002450466798091824,
        "arithmetic_mean_rank": 738.5646551724138,
        "count": 232.0,
        "geometric_mean_rank": 423.0310901772452,
        "harmonic_mean_rank": 236.44481391074606,
        "hits_at_1": 0.0,
        "hits_at_10": 0.0,
        "hits_at_3": 0.0,
        "hits_at_5": 0.0,
        "inverse_arithmetic_mean_rank": 0.0013539776010084799,
        "inverse_geometric_mean_rank": 0.0023638924495620675,
        "inverse_harmonic_mean_rank": 0.004229316699572371,
        "inverse_median_rank": 0.0023923444976076554,
        "median_absolute_deviation": 412.90471785381015,
        "median_rank": 418.0,
        "standard_deviation": 804.8703392852092,
        "variance": 647816.2630610878,
        "z_arithmetic_mean_rank": -738.5646551724138,
        "z_hits_at_1": 0.0,
        "z_hits_at_10": 0.0,
        "z_hits_at_3": 0.0,
        "z_hits_at_5": 0.0,
        "z_inverse_harmonic_mean_rank": 0.004229316699572371
      },
      "pessimistic": {
        "adjusted_arithmetic_mean_rank": 0.31101778501375005,
        "adjusted_arithmetic_mean_rank_index": 0.6892724752864595,
        "adjusted_hits_at_1": -0.00021066886899837758,
        "adjusted_hits_at_10": -0.002110690601199618,
        "adjusted_hits_at_3": -0.0006322730074738982,
        "adjusted_hits_at_5": -0.0010542327210519083,
        "adjusted_inverse_harmonic_mean_rank": 0.002450466798091824,
        "arithmetic_mean_rank": 738.5646551724138,
        "count": 232.0,
        "geometric_mean_rank": 423.0310901772452,
        "harmonic_mean_rank": 236.44481391074606,
        "hits_at_1": 0.0,
        "hits_at_10": 0.0,
        "hits_at_3": 0.0,
        "hits_at_5": 0.0,
        "inverse_arithmetic_mean_rank": 0.0013539776010084799,
        "inverse_geometric_mean_rank": 0.0023638924495620675,
        "inverse_harmonic_mean_rank": 0.004229316699572371,
        "inverse_median_rank": 0.0023923444976076554,
        "median_absolute_deviation": 412.90471785381015,
        "median_rank": 418.0,
        "standard_deviation": 804.8703392852092,
        "variance": 647816.2630610878,
        "z_arithmetic_mean_rank": -738.5646551724138,
        "z_hits_at_1": 0.0,
        "z_hits_at_10": 0.0,
        "z_hits_at_3": 0.0,
        "z_hits_at_5": 0.0,
        "z_inverse_harmonic_mean_rank": 0.004229316699572371
      },
      "realistic": {
        "adjusted_arithmetic_mean_rank": 0.31101777703708644,
        "adjusted_arithmetic_mean_rank_index": 0.6892724832664836,
        "adjusted_hits_at_1": -0.00021066886899837758,
        "adjusted_hits_at_10": -0.002110690601199618,
        "adjusted_hits_at_3": -0.0006322730074738982,
        "adjusted_hits_at_5": -0.0010542327210519083,
        "adjusted_inverse_harmonic_mean_rank": 0.002450466779081346,
        "arithmetic_mean_rank": 738.5646362304688,
        "count": 232.0,
        "geometric_mean_rank": 423.0311279296875,
        "harmonic_mean_rank": 236.44481497165353,
        "hits_at_1": 0.0,
        "hits_at_10": 0.0,
        "hits_at_3": 0.0,
        "hits_at_5": 0.0,
        "inverse_arithmetic_mean_rank": 0.0013539775973185897,
        "inverse_geometric_mean_rank": 0.0023638922721147537,
        "inverse_harmonic_mean_rank": 0.004229316680595793,
        "inverse_median_rank": 0.0023923444095999002,
        "median_absolute_deviation": 412.90471785381015,
        "median_rank": 418.0,
        "standard_deviation": 804.870361328125,
        "variance": 647816.25,
        "z_arithmetic_mean_rank": -738.5646362304688,
        "z_hits_at_1": 0.0,
        "z_hits_at_10": 0.0,
        "z_hits_at_3": 0.0,
        "z_hits_at_5": 0.0,
        "z_inverse_harmonic_mean_rank": 0.004229316680595793
      }
    },
    "head": {
      "optimistic": {
        "adjusted_arithmetic_mean_rank": 0.47707648777143236,
        "adjusted_arithmetic_mean_rank_index": 0.5231460369639573,
        "adjusted_hits_at_1": -0.00021277704780802407,
        "adjusted_hits_at_10": -0.00213185296249773,
        "adjusted_hits_at_3": -0.0006386029035051311,
        "adjusted_hits_at_5": -0.0010647914918007462,
        "adjusted_inverse_harmonic_mean_rank": 0.0013191455956511325,
        "arithmetic_mean_rank": 1121.5862068965516,
        "count": 116.0,
        "geometric_mean_rank": 715.9092707047649,
        "harmonic_mean_rank": 320.9396528321177,
        "hits_at_1": 0.0,
        "hits_at_10": 0.0,
        "hits_at_3": 0.0,
        "hits_at_5": 0.0,
        "inverse_arithmetic_mean_rank": 0.000891594416774273,
        "inverse_geometric_mean_rank": 0.0013968250460223357,
        "inverse_harmonic_mean_rank": 0.003115850569337707,
        "inverse_median_rank": 0.0013726835964310226,
        "median_absolute_deviation": 676.8079127478073,
        "median_rank": 728.5,
        "standard_deviation": 942.4209567967757,
        "variance": 888157.2598097501,
        "z_arithmetic_mean_rank": -1121.5862068965516,
        "z_hits_at_1": 0.0,
        "z_hits_at_10": 0.0,
        "z_hits_at_3": 0.0,
        "z_hits_at_5": 0.0,
        "z_inverse_harmonic_mean_rank": 0.003115850569337707
      },
      "pessimistic": {
        "adjusted_arithmetic_mean_rank": 0.47707648777143236,
        "adjusted_arithmetic_mean_rank_index": 0.5231460369639573,
        "adjusted_hits_at_1": -0.00021277704780802407,
        "adjusted_hits_at_10": -0.00213185296249773,
        "adjusted_hits_at_3": -0.0006386029035051311,
        "adjusted_hits_at_5": -0.0010647914918007462,
        "adjusted_inverse_harmonic_mean_rank": 0.0013191455956511325,
        "arithmetic_mean_rank": 1121.5862068965516,
        "count": 116.0,
        "geometric_mean_rank": 715.9092707047649,
        "harmonic_mean_rank": 320.9396528321177,
        "hits_at_1": 0.0,
        "hits_at_10": 0.0,
        "hits_at_3": 0.0,
        "hits_at_5": 0.0,
        "inverse_arithmetic_mean_rank": 0.000891594416774273,
        "inverse_geometric_mean_rank": 0.0013968250460223357,
        "inverse_harmonic_mean_rank": 0.003115850569337707,
        "inverse_median_rank": 0.0013726835964310226,
        "median_absolute_deviation": 676.8079127478073,
        "median_rank": 728.5,
        "standard_deviation": 942.4209567967757,
        "variance": 888157.2598097501,
        "z_arithmetic_mean_rank": -1121.5862068965516,
        "z_hits_at_1": 0.0,
        "z_hits_at_10": 0.0,
        "z_hits_at_3": 0.0,
        "z_hits_at_5": 0.0,
        "z_inverse_harmonic_mean_rank": 0.003115850569337707
      },
      "realistic": {
        "adjusted_arithmetic_mean_rank": 0.4770764770286034,
        "adjusted_arithmetic_mean_rank_index": 0.5231460477113576,
        "adjusted_hits_at_1": -0.00021277704780802407,
        "adjusted_hits_at_10": -0.00213185296249773,