{
  "losses": [
    0.003937762996751653,
    0.0037615183202213197,
    0.0035900736791230417,
    0.0034278571291785505,
    0.0032719792894391757,
    0.003128961009761825,
    0.002986309647711108,
    0.002859153029807575,
    0.0027263377691998368,
    0.002594158392128615,
    0.0024688435184121982,
    0.0023563032738010644,
    0.0022330866854283486,
    0.0021305468255508326,
    0.002018034138303464,
    0.0019188620640304785,
    0.0018407318498458746,
    0.0017511163041731665,
    0.00165803890912964,
    0.0015794005515408368,
    0.0015026484916277087,
    0.0014386937627155981,
    0.0013609736230037871,
    0.0012908838969947069,
    0.0012351099065713632,
    0.0011704224966723206,
    0.001118074187945703,
    0.0010750023949250374,
    0.0010041175949661726,
    0.0009749681661466099
  ],
  "metrics": {
    "both": {
      "optimistic": {
        "adjusted_arithmetic_mean_rank": 0.9518515762195129,
        "adjusted_arithmetic_mean_rank_index": 0.04817058729554824,
        "adjusted_hits_at_1": -0.00023019265019276925,
        "adjusted_hits_at_10": 0.002013582141643713,
        "adjusted_hits_at_3": 0.0036224267987568764,
        "adjusted_hits_at_5": 0.003163286447484128,
        "adjusted_inverse_harmonic_mean_rank": 0.0018689267241221792,
        "arithmetic_mean_rank": 2068.771551724138,
        "count": 232.0,
        "geometric_mean_rank": 1455.0206219322836,
        "harmonic_mean_rank": 263.6190168562543,
        "hits_at_1": 0.0,
        "hits_at_10": 0.004310344827586207,
        "hits_at_3": 0.004310344827586207,
        "hits_at_5": 0.004310344827586207,
        "inverse_arithmetic_mean_rank": 0.00048337865008177847,
        "inverse_geometric_mean_rank": 0.0006872754825096492,
        "inverse_harmonic_mean_rank": 0.0037933530438180726,
        "inverse_median_rank": 0.0005046681806712087,
        "median_absolute_deviation": 1821.376825434132,
        "median_rank": 1981.5,
        "standard_deviation": 1284.3685435146742,
        "variance": 1649602.555570006,
        "z_arithmetic_mean_rank": -2068.771551724138,
        "z_hits_at_1": 0.0,
        "z_hits_at_10": 0.004310344827586207,
        "z_hits_at_3": 0.004310344827586207,
        "z_hits_at_5": 0.004310344827586207,
        "z_inverse_harmonic_mean_rank": 0.0037933530438180726
      },
      "pessimistic": {
        "adjusted_arithmetic_mean_rank": 0.9518535594295559,
        "adjusted_arithmetic_mean_rank_index": 0.048168603172600966,
        "adjusted_hits_at_1": -0.00023019265019276925,
        "adjusted_hits_at_10": 0.002013582141643713,
        "adjusted_hits_at_3": 0.0036224267987568764,
        "adjusted_hits_at_5": 0.003163286447484128,
        "adjusted_inverse_harmonic_mean_rank": 0.0018689262560448636,
        "arithmetic_mean_rank": 2068.7758620689656,
        "count": 232.0,
        "geometric_mean_rank": 1455.0226866714174,
        "harmonic_mean_rank": 263.6190493225679,
        "hits_at_1": 0.0,
        "hits_at_10": 0.004310344827586207,
        "hits_at_3": 0.004310344827586207,
        "hits_at_5": 0.004310344827586207,
        "inverse_arithmetic_mean_rank": 0.0004833776429506038,
        "inverse_geometric_mean_rank": 0.0006872745072364816,
        "inverse_harmonic_mean_rank": 0.003793352576643224,
        "inverse_median_rank": 0.0005046681806712087,
        "median_absolute_deviation": 1821.376825434132,
        "median_rank": 1981.5,
        "standard_deviation": 1284.371794559013,
        "variance": 1649610.9066587396,
        "z_arithmetic_mean_rank": -2068.7758620689656,
        "z_hits_at_1": 0.0,
        "z_hits_at_10": 0.004310344827586207,
        "z_hits_at_3": 0.004310344827586207,
        "z_hits_at_5": 0.004310344827586207,
        "z_inverse_harmonic_mean_rank": 0.003793352576643224
      },
      "realistic": {
        "adjusted_arithmetic_mean_rank": 0.951852556204163,
        "adjusted_arithmetic_mean_rank_index": 0.0481696068597951,
        "adjusted_hits_at_1": -0.00023019265019276925,
        "adjusted_hits_at_10": 0.002013582141643713,
        "adjusted_hits_at_3": 0.0036224267987568764,
        "adjusted_hits_at_5": 0.003163286447484128,
        "adjusted_inverse_harmonic_mean_rank": 0.0018689265737283898,
        "arithmetic_mean_rank": 2068.773681640625,
        "count": 232.0,
        "geometric_mean_rank": 1455.021240234375,
        "harmonic_mean_rank": 263.619027287718,
        "hits_at_1": 0.0,
        "hits_at_10": 0.004310344827586207,
        "hits_at_3": 0.004310344827586207,
        "hits_at_5": 0.004310344827586207,
        "inverse_arithmetic_mean_rank": 0.00048337815678678453,
        "inverse_geometric_mean_rank": 0.0006872751982882619,
        "inverse_harmonic_mean_rank": 0.003793352893714247,
        "inverse_median_rank": 0.0005046681617386639,
        "median_absolute_deviation": 1821.376825434132,
        "median_rank": 1981.5,
        "standard_deviation": 1284.3701171875,
        "variance": 1649606.75,
        "z_arithmetic_mean_rank": -2068.773681640625,
        "z_hits_at_1": 0.0,
        "z_hits_at_10": 0.004310344827586207,
        "z_hits_at_3": 0.004310344827586207,
        "z_hits_at_5": 0.004310344827586207,
        "z_inverse_harmonic_mean_rank": 0.003793352893714247
      }
    },
    "head": {
      "optimistic": {
        "adjusted_arithmetic_mean_rank": 0.9382794465338018,
        "adjusted_arithmetic_mean_rank_index": 0.061749294812440514,
        "adjusted_hits_at_1": -0.0002328424225031101,
        "adjusted_hits_at_10": 0.006307490554830591,
        "adjusted_hits_at_3": 0.00792786153489615,
        "adjusted_hits_at_5": 0.0074654378874909,
        "adjusted_inverse_harmonic_mean_rank": 0.0036535084023485735,
        "arithmetic_mean_rank": 2015.844827586207,
        "count": 116.0,
        "geometric_mean_rank": 1404.004099957022,
        "harmonic_mean_rank": 178.7581845059456,
        "hits_at_1": 0.0,
        "hits_at_10": 0.008620689655172414,
        "hits_at_3": 0.008620689655172414,
        "hits_at_5": 0.008620689655172414,
        "inverse_arithmetic_mean_rank": 0.0004960699287540947,
        "inverse_geometric_mean_rank": 0.0007122486323441726,
        "inverse_harmonic_mean_rank": 0.00559414945259046,
        "inverse_median_rank": 0.000508001016002032,
        "median_absolute_deviation": 1786.5356732992504,
        "median_rank": 1968.5,
        "standard_deviation": 1266.5756141132474,
        "variance": 1604213.7862663497,
        "z_arithmetic_mean_rank": -2015.844827586207,
        "z_hits_at_1": 0.0,
        "z_hits_at_10": 0.008620689655172414,
        "z_hits_at_3": 0.008620689655172414,
        "z_hits_at_5": 0.008620689655172414,
        "z_inverse_harmonic_mean_rank": 0.00559414945259046
      },
      "pessimistic": {
        "adjusted_arithmetic_mean_rank": 0.9382794465338018,
        "adjusted_arithmetic_mean_rank_index": 0.061749294812440514,
        "adjusted_hits_at_1": -0.0002328424225031101,
        "adjusted_hits_at_10": 0.006307490554830591,
        "adjusted_hits_at_3": 0.00792786153489615,
        "adjusted_hits_at_5": 0.0074654378874909,
        "adjusted_inverse_harmonic_mean_rank": 0.0036535084023485735,
        "arithmetic_mean_rank": 2015.844827586207,
        "count": 116.0,
        "geometric_mean_rank": 1404.004099957022,
        "harmonic_mean_rank": 178.7581845059456,
        "hits_at_1": 0.0,
        "hits_at_10": 0.008620689655172414,
        "hits_at_3": 0.008620689655172414,
        "hits_at_5": 0.008620689655172414,
        "inverse_arithmetic_mean_rank": 0.0004960699287540947,
        "inverse_geometric_mean_rank": 0.0007122486323441726,
        "inverse_harmonic_mean_rank": 0.00559414945259046,
        "inverse_median_rank": 0.000508001016002032,
        "median_absolute_deviation": 1786.5356732992504,
        "median_rank": 1968.5,
        "standard_deviation": 1266.5756141132474,
        "variance": 1604213.7862663497,
        "z_arithmetic_mean_rank": -2015.844827586207,
        "z_hits_at_1": 0.0,