{
  "losses": [
    0.003650589109571701,
    0.0030364501270466857,
    0.002775350055506401,
    0.00267581079540376,
    0.0025979935363979073,
    0.0025578444381211887,
    0.0024973473964663446,
    0.002469546679186587,
    0.0024289664534932493,
    0.0023878104813408354,
    0.0023335524777016413,
    0.00229973041981858,
    0.0022380679585553673,
    0.002200067230053214,
    0.0021172832603510534,
    0.0020578359196276818,
    0.0019815843722461248,
    0.001911927869610608,
    0.0018343092159353632,
    0.0017597320778959076,
    0.001692560819949828,
    0.0016168224283889345,
    0.0015135603335354934,
    0.0014718192298049475,
    0.0013988694722044826,
    0.001353260066364457,
    0.0012823058465235822,
    0.0012284340949688234,
    0.0011938993441773275,
    0.001125936717456535
  ],
  "metrics": {
    "both": {
      "optimistic": {
        "adjusted_arithmetic_mean_rank": 0.7754564785588735,
        "adjusted_arithmetic_mean_rank_index": 0.22464682300221517,
        "adjusted_hits_at_1": -0.00023005774985504658,
        "adjusted_hits_at_10": 0.0020149309115124183,
        "adjusted_hits_at_3": -0.0006904909551560167,
        "adjusted_hits_at_5": -0.001151348255631193,
        "adjusted_inverse_harmonic_mean_rank": 0.0004962870699072204,
        "arithmetic_mean_rank": 1686.3620689655172,
        "count": 232.0,
        "geometric_mean_rank": 1104.3923561429406,
        "harmonic_mean_rank": 412.8167402374469,
        "hits_at_1": 0.0,
        "hits_at_10": 0.004310344827586207,
        "hits_at_3": 0.0,
        "hits_at_5": 0.0,
        "inverse_arithmetic_mean_rank": 0.0005929924649060925,
        "inverse_geometric_mean_rank": 0.0009054753000034083,
        "inverse_harmonic_mean_rank": 0.002422382385522479,
        "inverse_median_rank": 0.0007042253521126761,
        "median_absolute_deviation": 1408.4721075803218,
        "median_rank": 1420.0,
        "standard_deviation": 1213.5248984882394,
        "variance": 1472642.6792508918,
        "z_arithmetic_mean_rank": -1686.3620689655172,
        "z_hits_at_1": 0.0,
        "z_hits_at_10": 0.004310344827586207,
        "z_hits_at_3": 0.0,
        "z_hits_at_5": 0.0,
        "z_inverse_harmonic_mean_rank": 0.002422382385522479
      },
      "pessimistic": {
        "adjusted_arithmetic_mean_rank": 0.7754564785588735,
        "adjusted_arithmetic_mean_rank_index": 0.22464682300221517,
        "adjusted_hits_at_1": -0.00023005774985504658,
        "adjusted_hits_at_10": 0.0020149309115124183,
        "adjusted_hits_at_3": -0.0006904909551560167,
        "adjusted_hits_at_5": -0.001151348255631193,
        "adjusted_inverse_harmonic_mean_rank": 0.0004962870699072204,
        "arithmetic_mean_rank": 1686.3620689655172,
        "count": 232.0,
        "geometric_mean_rank": 1104.3923561429406,
        "harmonic_mean_rank": 412.8167402374469,
        "hits_at_1": 0.0,
        "hits_at_10": 0.004310344827586207,
        "hits_at_3": 0.0,
        "hits_at_5": 0.0,
        "inverse_arithmetic_mean_rank": 0.0005929924649060925,
        "inverse_geometric_mean_rank": 0.0009054753000034083,
        "inverse_harmonic_mean_rank": 0.002422382385522479,
        "inverse_median_rank": 0.0007042253521126761,
        "median_absolute_deviation": 1408.4721075803218,
        "median_rank": 1420.0,
        "standard_deviation": 1213.5248984882394,
        "variance": 1472642.6792508918,
        "z_arithmetic_mean_rank": -1686.3620689655172,
        "z_hits_at_1": 0.0,
        "z_hits_at_10": 0.004310344827586207,
        "z_hits_at_3": 0.0,
        "z_hits_at_5": 0.0,
        "z_inverse_harmonic_mean_rank": 0.002422382385522479
      },
      "realistic": {
        "adjusted_arithmetic_mean_rank": 0.7754564746876462,
        "adjusted_arithmetic_mean_rank_index": 0.2246468268752233,
        "adjusted_hits_at_1": -0.00023005774985504658,
        "adjusted_hits_at_10": 0.0020149309115124183,
        "adjusted_hits_at_3": -0.0006904909551560167,
        "adjusted_hits_at_5": -0.001151348255631193,
        "adjusted_inverse_harmonic_mean_rank": 0.0004962870328837259,
        "arithmetic_mean_rank": 1686.362060546875,
        "count": 232.0,
        "geometric_mean_rank": 1104.392333984375,
        "harmonic_mean_rank": 412.8167465347457,
        "hits_at_1": 0.0,
        "hits_at_10": 0.004310344827586207,
        "hits_at_3": 0.0,
        "hits_at_5": 0.0,
        "inverse_arithmetic_mean_rank": 0.0005929924664087594,
        "inverse_geometric_mean_rank": 0.0009054753463715315,
        "inverse_harmonic_mean_rank": 0.0024223823485703304,
        "inverse_median_rank": 0.0007042253273539245,
        "median_absolute_deviation": 1408.4721075803218,
        "median_rank": 1420.0,
        "standard_deviation": 1213.52490234375,
        "variance": 1472642.625,
        "z_arithmetic_mean_rank": -1686.362060546875,
        "z_hits_at_1": 0.0,
        "z_hits_at_10": 0.004310344827586207,
        "z_hits_at_3": 0.0,
        "z_hits_at_5": 0.0,
        "z_inverse_harmonic_mean_rank": 0.0024223823485703304
      }
    },
    "head": {
      "optimistic": {
        "adjusted_arithmetic_mean_rank": 1.0363872260431792,
        "adjusted_arithmetic_mean_rank_index": -0.03640415067453051,
        "adjusted_hits_at_1": -0.00023257217403122084,
        "adjusted_hits_at_10": -0.0023306000347641494,
        "adjusted_hits_at_3": -0.0006980412120181476,
        "adjusted_hits_at_5": -0.0011639436737987652,
        "adjusted_inverse_harmonic_mean_rank": -0.0009403358476466596,
        "arithmetic_mean_rank": 2229.2241379310344,
        "count": 116.0,
        "geometric_mean_rank": 1695.2239956558103,
        "harmonic_mean_rank": 992.8023417228642,
        "hits_at_1": 0.0,
        "hits_at_10": 0.0,
        "hits_at_3": 0.0,
        "hits_at_5": 0.0,
        "inverse_arithmetic_mean_rank": 0.00044858656560578525,
        "inverse_geometric_mean_rank": 0.0005898925466856328,
        "inverse_harmonic_mean_rank": 0.0010072498401490929,
        "inverse_median_rank": 0.0004219409282700422,
        "median_absolute_deviation": 1619.74292371737,
        "median_rank": 2370.0,
        "standard_deviation": 1248.6097723289256,
        "variance": 1559026.3635552914,
        "z_arithmetic_mean_rank": -2229.2241379310344,
        "z_hits_at_1": 0.0,
        "z_hits_at_10": 0.0,
        "z_hits_at_3": 0.0,
        "z_hits_at_5": 0.0,
        "z_inverse_harmonic_mean_rank": 0.0010072498401490929
      },
      "pessimistic": {
        "adjusted_arithmetic_mean_rank": 1.0363872260431792,
        "adjusted_arithmetic_mean_rank_index": -0.03640415067453051,
        "adjusted_hits_at_1": -0.00023257217403122084,
        "adjusted_hits_at_10": -0.0023306000347641494,
        "adjusted_hits_at_3": -0.0006980412120181476,
        "adjusted_hits_at_5": -0.0011639436737987652,
        "adjusted_inverse_harmonic_mean_rank": -0.0009403358476466596,
        "arithmetic_mean_rank": 2229.2241379310344,
        "count": 116.0,
        "geometric_mean_rank": 1695.2239956558103,
        "harmonic_mean_rank": 992.8023417228642,
        "hits_at_1": 0.0,
        "hits_at_10": 0.0,
        "hits_at_3": 0.0,
        "hits_at_5": 0.0,
        "inverse_arithmetic_mean_rank": 0.00044858656560578525,
        "inverse_geometric_mean_rank": 0.0005898925466856328,
        "inverse_harmonic_mean_rank": 0.0010072498401490929,
        "inverse_median_rank": 0.0004219409282700422,
        "median_absolute_deviation": 1619.74292371737,
        "median_rank": 2370.0,
        "standard_deviation": 1248.6097723289256,
        "variance": 1559026.3635552914,
        "z_arithmetic_mean_rank": -2229.2241379310344,
        "z_hits_at_1": 0.0,
        "z_hits_at_10": 0.0,
        "z_hits_at_3": 0.0,
        "z_hits_at_5": 0.0,
        "z_inverse_harmonic_mean_rank": 0.0010072498401490929
      },
      "realistic": {
        "adjusted_arithmetic_mean_rank": 1.0363872182153677,
        "adjusted_arithmetic_mean_rank_index": -0.036404142843078136,