{
  "losses": [
    0.0035385070604830216,
    0.002993832520781982,
    0.002748229490562445,
    0.0026437571828433256,
    0.0025594503892041797,
    0.0025171800827622436,
    0.002484767173156775,
    0.002452201336580948,
    0.002396132240711325,
    0.002374624902243701,
    0.0023189826289125755,
    0.0022799298279429477,
    0.0022337134398147935,
    0.0021751285942123136,
    0.0021127838089152868,
    0.0020462780065273966,
    0.001960578120822584,
    0.0018991381836529202,
    0.001820895104341913,
    0.0017398938659616036,
    0.0016558892730057766,
    0.001573496041229838,
    0.0014977232425099833,
    0.0014330544559203475,
    0.0013524081472043323,
    0.001294567774422276,
    0.0012157417806428093,
    0.0011629191963911474,
    0.0011406675807812596,
    0.001072123164721594
  ],
  "metrics": {
    "both": {
      "optimistic": {
        "adjusted_arithmetic_mean_rank": 0.7687621836184187,
        "adjusted_arithmetic_mean_rank_index": 0.23133520158636256,
        "adjusted_hits_at_1": -0.00021059714390775285,
        "adjusted_hits_at_10": 0.010848347962484083,
        "adjusted_hits_at_3": 0.003681011563216705,
        "adjusted_hits_at_5": 0.0032610138952076867,
        "adjusted_inverse_harmonic_mean_rank": 0.0038326307885088976,
        "arithmetic_mean_rank": 1826.1681034482758,
        "count": 232.0,
        "geometric_mean_rank": 982.9361017465749,
        "harmonic_mean_rank": 178.301073473822,
        "hits_at_1": 0.0,
        "hits_at_10": 0.01293103448275862,
        "hits_at_3": 0.004310344827586207,
        "hits_at_5": 0.004310344827586207,
        "inverse_arithmetic_mean_rank": 0.000547594713822754,
        "inverse_geometric_mean_rank": 0.0010173601297409917,
        "inverse_harmonic_mean_rank": 0.00560849119142751,
        "inverse_median_rank": 0.000758150113722517,
        "median_absolute_deviation": 1553.0258238846181,
        "median_rank": 1319.0,
        "standard_deviation": 1500.5054758141093,
        "variance": 2251516.682948127,
        "z_arithmetic_mean_rank": -1826.1681034482758,
        "z_hits_at_1": 0.0,
        "z_hits_at_10": 0.01293103448275862,
        "z_hits_at_3": 0.004310344827586207,
        "z_hits_at_5": 0.004310344827586207,
        "z_inverse_harmonic_mean_rank": 0.00560849119142751
      },
      "pessimistic": {
        "adjusted_arithmetic_mean_rank": 0.7687621836184187,
        "adjusted_arithmetic_mean_rank_index": 0.23133520158636256,
        "adjusted_hits_at_1": -0.00021059714390775285,
        "adjusted_hits_at_10": 0.010848347962484083,
        "adjusted_hits_at_3": 0.003681011563216705,
        "adjusted_hits_at_5": 0.0032610138952076867,
        "adjusted_inverse_harmonic_mean_rank": 0.0038326307885088976,
        "arithmetic_mean_rank": 1826.1681034482758,
        "count": 232.0,
        "geometric_mean_rank": 982.9361017465749,
        "harmonic_mean_rank": 178.301073473822,
        "hits_at_1": 0.0,
        "hits_at_10": 0.01293103448275862,
        "hits_at_3": 0.004310344827586207,
        "hits_at_5": 0.004310344827586207,
        "inverse_arithmetic_mean_rank": 0.000547594713822754,
        "inverse_geometric_mean_rank": 0.0010173601297409917,
        "inverse_harmonic_mean_rank": 0.00560849119142751,
        "inverse_median_rank": 0.000758150113722517,
        "median_absolute_deviation": 1553.0258238846181,
        "median_rank": 1319.0,
        "standard_deviation": 1500.5054758141093,
        "variance": 2251516.682948127,
        "z_arithmetic_mean_rank": -1826.1681034482758,
        "z_hits_at_1": 0.0,
        "z_hits_at_10": 0.01293103448275862,
        "z_hits_at_3": 0.004310344827586207,
        "z_hits_at_5": 0.004310344827586207,
        "z_inverse_harmonic_mean_rank": 0.00560849119142751
      },
      "realistic": {
        "adjusted_arithmetic_mean_rank": 0.7687621783024237,
        "adjusted_arithmetic_mean_rank_index": 0.2313352069045964,
        "adjusted_hits_at_1": -0.00021059714390775285,
        "adjusted_hits_at_10": 0.010848347962484083,
        "adjusted_hits_at_3": 0.003681011563216705,
        "adjusted_hits_at_5": 0.0032610138952076867,
        "adjusted_inverse_harmonic_mean_rank": 0.003832630939994651,
        "arithmetic_mean_rank": 1826.1680908203125,
        "count": 232.0,
        "geometric_mean_rank": 982.93603515625,
        "harmonic_mean_rank": 178.3010686664825,
        "hits_at_1": 0.0,
        "hits_at_10": 0.01293103448275862,
        "hits_at_3": 0.004310344827586207,
        "hits_at_5": 0.004310344827586207,
        "inverse_arithmetic_mean_rank": 0.0005475947400555015,
        "inverse_geometric_mean_rank": 0.0010173602495342493,
        "inverse_harmonic_mean_rank": 0.005608491342643212,
        "inverse_median_rank": 0.0007581501267850399,
        "median_absolute_deviation": 1553.0258238846181,
        "median_rank": 1319.0,
        "standard_deviation": 1500.5054931640625,
        "variance": 2251516.75,
        "z_arithmetic_mean_rank": -1826.1680908203125,
        "z_hits_at_1": 0.0,
        "z_hits_at_10": 0.01293103448275862,
        "z_hits_at_3": 0.004310344827586207,
        "z_hits_at_5": 0.004310344827586207,
        "z_inverse_harmonic_mean_rank": 0.005608491342643212
      }
    },
    "head": {
      "optimistic": {
        "adjusted_arithmetic_mean_rank": 1.1938657170102114,
        "adjusted_arithmetic_mean_rank_index": -0.1939481589215264,
        "adjusted_hits_at_1": -0.0002126339720562082,
        "adjusted_hits_at_10": -0.0021304167112691503,
        "adjusted_hits_at_3": -0.0006381733108205046,
        "adjusted_hits_at_5": -0.0010640748941662885,
        "adjusted_inverse_harmonic_mean_rank": -0.0010567348288027282,
        "arithmetic_mean_rank": 2808.6206896551726,
        "count": 116.0,
        "geometric_mean_rank": 2267.935278436311,
        "harmonic_mean_rank": 1345.5814333106293,
        "hits_at_1": 0.0,
        "hits_at_10": 0.0,
        "hits_at_3": 0.0,
        "hits_at_5": 0.0,
        "inverse_arithmetic_mean_rank": 0.0003560466543891958,
        "inverse_geometric_mean_rank": 0.00044092969032585313,
        "inverse_harmonic_mean_rank": 0.0007431731556667136,
        "inverse_median_rank": 0.0003414134516899966,
        "median_absolute_deviation": 1566.3692438511684,
        "median_rank": 2929.0,
        "standard_deviation": 1362.2951643253941,
        "variance": 1855848.1147443524,
        "z_arithmetic_mean_rank": -2808.6206896551726,
        "z_hits_at_1": 0.0,
        "z_hits_at_10": 0.0,
        "z_hits_at_3": 0.0,
        "z_hits_at_5": 0.0,
        "z_inverse_harmonic_mean_rank": 0.0007431731556667136
      },
      "pessimistic": {
        "adjusted_arithmetic_mean_rank": 1.1938657170102114,
        "adjusted_arithmetic_mean_rank_index": -0.1939481589215264,
        "adjusted_hits_at_1": -0.0002126339720562082,
        "adjusted_hits_at_10": -0.0021304167112691503,
        "adjusted_hits_at_3": -0.0006381733108205046,
        "adjusted_hits_at_5": -0.0010640748941662885,
        "adjusted_inverse_harmonic_mean_rank": -0.0010567348288027282,
        "arithmetic_mean_rank": 2808.6206896551726,
        "count": 116.0,
        "geometric_mean_rank": 2267.935278436311,
        "harmonic_mean_rank": 1345.5814333106293,
        "hits_at_1": 0.0,
        "hits_at_10": 0.0,
        "hits_at_3": 0.0,
        "hits_at_5": 0.0,
        "inverse_arithmetic_mean_rank": 0.0003560466543891958,
        "inverse_geometric_mean_rank": 0.00044092969032585313,
        "inverse_harmonic_mean_rank": 0.0007431731556667136,
        "inverse_median_rank": 0.0003414134516899966,
        "median_absolute_deviation": 1566.3692438511684,
        "median_rank": 2929.0,
        "standard_deviation": 1362.2951643253941,
        "variance": 1855848.1147443524,
        "z_arithmetic_mean_rank": -2808.6206896551726,
        "z_hits_at_1": 0.0,
        "z_hits_at_10": 0.0,
        "z_hits_at_3": 0.0,
        "z_hits_at_5": 0.0,