{
  "losses": [
    0.08639725010662538,
    0.07904233259245932,
    0.07222265453706081,
    0.06500909042536406,
    0.05903776260497021,
    0.053316310297432806,
    0.047895908705370166,
    0.04305235712252158,
    0.03824669265340196,
    0.034904587261677264,
    0.030872575744502775,
    0.027778135046276457,
    0.024988012483585485,
    0.02325467406634561,
    0.020614950889412956,
    0.0195466136067766,
    0.017402432599184347,
    0.017041001683210946,
    0.015335543713055644,
    0.014438836878597336,
    0.013581611054649783,
    0.013038942984092809,
    0.012609439932118336,
    0.012243736776445129,
    0.011727606119390218,
    0.011090122257166803,
    0.01114560384669627,
    0.01078846821601562,
    0.010555276433020209,
    0.009855613296218382
  ],
  "metrics": {
    "both": {
      "optimistic": {
        "adjusted_arithmetic_mean_rank": 1.155832661988974,
        "adjusted_arithmetic_mean_rank_index": -0.15590439433823544,
        "adjusted_hits_at_1": -0.00023019265019276925,
        "adjusted_hits_at_10": -0.002306705381552634,
        "adjusted_hits_at_3": -0.000690896028954133,
        "adjusted_hits_at_5": -0.0011520240007951612,
        "adjusted_inverse_harmonic_mean_rank": -0.0012127924848952425,
        "arithmetic_mean_rank": 2512.1077586206898,
        "count": 232.0,
        "geometric_mean_rank": 2083.0977796045104,
        "harmonic_mean_rank": 1393.5816184870298,
        "hits_at_1": 0.0,
        "hits_at_10": 0.0,
        "hits_at_3": 0.0,
        "hits_at_5": 0.0,
        "inverse_arithmetic_mean_rank": 0.00039807209566084255,
        "inverse_geometric_mean_rank": 0.00048005427771607366,
        "inverse_harmonic_mean_rank": 0.0007175754808574975,
        "inverse_median_rank": 0.00038528221922558276,
        "median_absolute_deviation": 1414.4025164543443,
        "median_rank": 2595.5,
        "standard_deviation": 1191.8952205778642,
        "variance": 1420614.2168363554,
        "z_arithmetic_mean_rank": -2512.1077586206898,
        "z_hits_at_1": 0.0,
        "z_hits_at_10": 0.0,
        "z_hits_at_3": 0.0,
        "z_hits_at_5": 0.0,
        "z_inverse_harmonic_mean_rank": 0.0007175754808574975
      },
      "pessimistic": {
        "adjusted_arithmetic_mean_rank": 1.155832661988974,
        "adjusted_arithmetic_mean_rank_index": -0.15590439433823544,
        "adjusted_hits_at_1": -0.00023019265019276925,
        "adjusted_hits_at_10": -0.002306705381552634,
        "adjusted_hits_at_3": -0.000690896028954133,
        "adjusted_hits_at_5": -0.0011520240007951612,
        "adjusted_inverse_harmonic_mean_rank": -0.0012127924848952425,
        "arithmetic_mean_rank": 2512.1077586206898,
        "count": 232.0,
        "geometric_mean_rank": 2083.0977796045104,
        "harmonic_mean_rank": 1393.5816184870298,
        "hits_at_1": 0.0,
        "hits_at_10": 0.0,
        "hits_at_3": 0.0,
        "hits_at_5": 0.0,
        "inverse_arithmetic_mean_rank": 0.00039807209566084255,
        "inverse_geometric_mean_rank": 0.00048005427771607366,
        "inverse_harmonic_mean_rank": 0.0007175754808574975,
        "inverse_median_rank": 0.00038528221922558276,
        "median_absolute_deviation": 1414.4025164543443,
        "median_rank": 2595.5,
        "standard_deviation": 1191.8952205778642,
        "variance": 1420614.2168363554,
        "z_arithmetic_mean_rank": -2512.1077586206898,
        "z_hits_at_1": 0.0,
        "z_hits_at_10": 0.0,
        "z_hits_at_3": 0.0,
        "z_hits_at_5": 0.0,
        "z_inverse_harmonic_mean_rank": 0.0007175754808574975
      },
      "realistic": {
        "adjusted_arithmetic_mean_rank": 1.1558326193809456,
        "adjusted_arithmetic_mean_rank_index": -0.15590435171059402,
        "adjusted_hits_at_1": -0.00023019265019276925,
        "adjusted_hits_at_10": -0.002306705381552634,
        "adjusted_hits_at_3": -0.000690896028954133,
        "adjusted_hits_at_5": -0.0011520240007951612,
        "adjusted_inverse_harmonic_mean_rank": -0.0012127925288013383,
        "arithmetic_mean_rank": 2512.107666015625,
        "count": 232.0,
        "geometric_mean_rank": 2083.09814453125,
        "harmonic_mean_rank": 1393.581703591334,
        "hits_at_1": 0.0,
        "hits_at_10": 0.0,
        "hits_at_3": 0.0,
        "hits_at_5": 0.0,
        "inverse_arithmetic_mean_rank": 0.00039807212306186557,
        "inverse_geometric_mean_rank": 0.0004800541792064905,
        "inverse_harmonic_mean_rank": 0.0007175754370360539,
        "inverse_median_rank": 0.0003852822119370103,
        "median_absolute_deviation": 1414.4025164543443,
        "median_rank": 2595.5,
        "standard_deviation": 1191.895263671875,
        "variance": 1420614.375,
        "z_arithmetic_mean_rank": -2512.107666015625,
        "z_hits_at_1": 0.0,
        "z_hits_at_10": 0.0,
        "z_hits_at_3": 0.0,
        "z_hits_at_5": 0.0,
        "z_inverse_harmonic_mean_rank": 0.0007175754370360539
      }
    },
    "head": {
      "optimistic": {
        "adjusted_arithmetic_mean_rank": 1.1564922739649626,
        "adjusted_arithmetic_mean_rank_index": -0.15656514756018614,
        "adjusted_hits_at_1": -0.0002328424225031101,
        "adjusted_hits_at_10": -0.002333313875127404,
        "adjusted_hits_at_3": -0.000698852712626492,
        "adjusted_hits_at_5": -0.0011652974352265699,
        "adjusted_inverse_harmonic_mean_rank": -0.001192820817038709,
        "arithmetic_mean_rank": 2484.6637931034484,
        "count": 116.0,
        "geometric_mean_rank": 2045.0872942618946,
        "harmonic_mean_rank": 1320.5509184127618,
        "hits_at_1": 0.0,
        "hits_at_10": 0.0,
        "hits_at_3": 0.0,
        "hits_at_5": 0.0,
        "inverse_arithmetic_mean_rank": 0.00040246893876573877,
        "inverse_geometric_mean_rank": 0.000488976682220754,
        "inverse_harmonic_mean_rank": 0.0007572597058218334,
        "inverse_median_rank": 0.00039093041438623924,
        "median_absolute_deviation": 1423.2981297653778,
        "median_rank": 2558.0,
        "standard_deviation": 1189.2281903356734,
        "variance": 1414263.6886890605,
        "z_arithmetic_mean_rank": -2484.6637931034484,
        "z_hits_at_1": 0.0,
        "z_hits_at_10": 0.0,
        "z_hits_at_3": 0.0,
        "z_hits_at_5": 0.0,
        "z_inverse_harmonic_mean_rank": 0.0007572597058218334
      },
      "pessimistic": {
        "adjusted_arithmetic_mean_rank": 1.1564922739649626,
        "adjusted_arithmetic_mean_rank_index": -0.15656514756018614,
        "adjusted_hits_at_1": -0.0002328424225031101,
        "adjusted_hits_at_10": -0.002333313875127404,
        "adjusted_hits_at_3": -0.000698852712626492,
        "adjusted_hits_at_5": -0.0011652974352265699,
        "adjusted_inverse_harmonic_mean_rank": -0.001192820817038709,
        "arithmetic_mean_rank": 2484.6637931034484,
        "count": 116.0,
        "geometric_mean_rank": 2045.0872942618946,
        "harmonic_mean_rank": 1320.5509184127618,
        "hits_at_1": 0.0,
        "hits_at_10": 0.0,
        "hits_at_3": 0.0,
        "hits_at_5": 0.0,
        "inverse_arithmetic_mean_rank": 0.00040246893876573877,
        "inverse_geometric_mean_rank": 0.000488976682220754,
        "inverse_harmonic_mean_rank": 0.0007572597058218334,
        "inverse_median_rank": 0.00039093041438623924,
        "median_absolute_deviation": 1423.2981297653778,
        "median_rank": 2558.0,
        "standard_deviation": 1189.2281903356734,
        "variance": 1414263.6886890605,
        "z_arithmetic_mean_rank": -2484.6637931034484,
        "z_hits_at_1": 0.0,
        "z_hits_at_10": 0.0,
        "z_hits_at_3": 0.0,
        "z_hits_at_5": 0.0,
        "z_inverse_harmonic_mean_rank": 0.0007572597058218334
      },
      "realistic": {
        "adjusted_arithmetic_mean_rank": 1.1564922857203896,
        "adjusted_arithmetic_mean_rank_index": -0.1565651593210875,
        "adjusted_hits_at_1": -0.0002328424225031101,
        "adjusted_hits_at_10": -0.002333313875127404,