{
  "losses": [
    0.004012805806190937,
    0.003978988993750244,
    0.003954571849229458,
    0.00393670791962385,
    0.003923472428377849,
    0.0039178649960250125,
    0.003916367530305733,
    0.003915775174814839,
    0.003915328770098604,
    0.003914802787203536,
    0.003913736937240077,
    0.003912596000719412,
    0.0039105998357443425,
    0.003907657209616613,
    0.003904110828398739,
    0.0038987801890869858,
    0.0038915798862428092,
    0.0038840942307844426,
    0.003875710294085966,
    0.003866038436049776,
    0.003855174722086126,
    0.003841032386436483,
    0.003829703902732923,
    0.0038134735662185616,
    0.003798333957722213,
    0.0037701447594130615,
    0.003745044891995541,
    0.0037135989735926586,
    0.0036729927357690363,
    0.00363846970110024
  ],
  "metrics": {
    "both": {
      "optimistic": {
        "adjusted_arithmetic_mean_rank": 0.9368561215788503,
        "adjusted_arithmetic_mean_rank_index": 0.06317048475242049,
        "adjusted_hits_at_1": -0.00021070542960217688,
        "adjusted_hits_at_10": 0.0022083866160790863,
        "adjusted_hits_at_3": -0.0006323827817779457,
        "adjusted_hits_at_5": -0.0010544158325748122,
        "adjusted_inverse_harmonic_mean_rank": 0.0014286684445016453,
        "arithmetic_mean_rank": 2224.344827586207,
        "count": 232.0,
        "geometric_mean_rank": 1295.9925572148989,
        "harmonic_mean_rank": 311.5644849057419,
        "hits_at_1": 0.0,
        "hits_at_10": 0.004310344827586207,
        "hits_at_3": 0.0,
        "hits_at_5": 0.0,
        "inverse_arithmetic_mean_rank": 0.00044957058258146527,
        "inverse_geometric_mean_rank": 0.0007716093695391354,
        "inverse_harmonic_mean_rank": 0.003209608438851853,
        "inverse_median_rank": 0.0004452359750667854,
        "median_absolute_deviation": 2309.8942564317276,
        "median_rank": 2246.0,
        "standard_deviation": 1582.3589309212844,
        "variance": 2503859.7862663497,
        "z_arithmetic_mean_rank": -2224.344827586207,
        "z_hits_at_1": 0.0,
        "z_hits_at_10": 0.004310344827586207,
        "z_hits_at_3": 0.0,
        "z_hits_at_5": 0.0,
        "z_inverse_harmonic_mean_rank": 0.003209608438851853
      },
      "pessimistic": {
        "adjusted_arithmetic_mean_rank": 0.9368561215788503,
        "adjusted_arithmetic_mean_rank_index": 0.06317048475242049,
        "adjusted_hits_at_1": -0.00021070542960217688,
        "adjusted_hits_at_10": 0.0022083866160790863,
        "adjusted_hits_at_3": -0.0006323827817779457,
        "adjusted_hits_at_5": -0.0010544158325748122,
        "adjusted_inverse_harmonic_mean_rank": 0.0014286684445016453,
        "arithmetic_mean_rank": 2224.344827586207,
        "count": 232.0,
        "geometric_mean_rank": 1295.9925572148989,
        "harmonic_mean_rank": 311.5644849057419,
        "hits_at_1": 0.0,
        "hits_at_10": 0.004310344827586207,
        "hits_at_3": 0.0,
        "hits_at_5": 0.0,
        "inverse_arithmetic_mean_rank": 0.00044957058258146527,
        "inverse_geometric_mean_rank": 0.0007716093695391354,
        "inverse_harmonic_mean_rank": 0.003209608438851853,
        "inverse_median_rank": 0.0004452359750667854,
        "median_absolute_deviation": 2309.8942564317276,
        "median_rank": 2246.0,
        "standard_deviation": 1582.3589309212844,
        "variance": 2503859.7862663497,
        "z_arithmetic_mean_rank": -2224.344827586207,
        "z_hits_at_1": 0.0,
        "z_hits_at_10": 0.004310344827586207,
        "z_hits_at_3": 0.0,
        "z_hits_at_5": 0.0,
        "z_inverse_harmonic_mean_rank": 0.003209608438851853
      },
      "realistic": {
        "adjusted_arithmetic_mean_rank": 0.9368560790293872,
        "adjusted_arithmetic_mean_rank_index": 0.06317052731981232,
        "adjusted_hits_at_1": -0.00021070542960217688,
        "adjusted_hits_at_10": 0.0022083866160790863,
        "adjusted_hits_at_3": -0.0006323827817779457,
        "adjusted_hits_at_5": -0.0010544158325748122,
        "adjusted_inverse_harmonic_mean_rank": 0.0014286683877407114,
        "arithmetic_mean_rank": 2224.3447265625,
        "count": 232.0,
        "geometric_mean_rank": 1295.99267578125,
        "harmonic_mean_rank": 311.5644904058368,
        "hits_at_1": 0.0,
        "hits_at_10": 0.004310344827586207,
        "hits_at_3": 0.0,
        "hits_at_5": 0.0,
        "inverse_arithmetic_mean_rank": 0.000449570594355464,
        "inverse_geometric_mean_rank": 0.0007716093095950782,
        "inverse_harmonic_mean_rank": 0.0032096083821921517,
        "inverse_median_rank": 0.0004452359862625599,
        "median_absolute_deviation": 2309.8942564317276,
        "median_rank": 2246.0,
        "standard_deviation": 1582.35888671875,
        "variance": 2503859.75,
        "z_arithmetic_mean_rank": -2224.3447265625,
        "z_hits_at_1": 0.0,
        "z_hits_at_10": 0.004310344827586207,
        "z_hits_at_3": 0.0,
        "z_hits_at_5": 0.0,
        "z_inverse_harmonic_mean_rank": 0.0032096083821921517
      }
    },
    "head": {
      "optimistic": {
        "adjusted_arithmetic_mean_rank": 0.8515824425872894,
        "adjusted_arithmetic_mean_rank_index": 0.14848073699655706,
        "adjusted_hits_at_1": -0.00021285091937457584,
        "adjusted_hits_at_10": 0.006506479574579472,
        "adjusted_hits_at_3": -0.0006388247069761256,
        "adjusted_hits_at_5": -0.001065161479273462,
        "adjusted_inverse_harmonic_mean_rank": 0.0017650273367024946,
        "arithmetic_mean_rank": 2001.3362068965516,
        "count": 116.0,
        "geometric_mean_rank": 1186.3355147884902,
        "harmonic_mean_rank": 280.7819806754648,
        "hits_at_1": 0.0,
        "hits_at_10": 0.008620689655172414,
        "hits_at_3": 0.0,
        "hits_at_5": 0.0,
        "inverse_arithmetic_mean_rank": 0.0004996661713079623,
        "inverse_geometric_mean_rank": 0.0008429318582595821,
        "inverse_harmonic_mean_rank": 0.0035614821064882587,
        "inverse_median_rank": 0.0005186721991701245,
        "median_absolute_deviation": 1901.4373452334346,
        "median_rank": 1928.0,
        "standard_deviation": 1443.2305473579029,
        "variance": 2082914.4128269919,
        "z_arithmetic_mean_rank": -2001.3362068965516,
        "z_hits_at_1": 0.0,
        "z_hits_at_10": 0.008620689655172414,
        "z_hits_at_3": 0.0,
        "z_hits_at_5": 0.0,
        "z_inverse_harmonic_mean_rank": 0.0035614821064882587
      },
      "pessimistic": {
        "adjusted_arithmetic_mean_rank": 0.8515824425872894,
        "adjusted_arithmetic_mean_rank_index": 0.14848073699655706,
        "adjusted_hits_at_1": -0.00021285091937457584,
        "adjusted_hits_at_10": 0.006506479574579472,
        "adjusted_hits_at_3": -0.0006388247069761256,
        "adjusted_hits_at_5": -0.001065161479273462,
        "adjusted_inverse_harmonic_mean_rank": 0.0017650273367024946,
        "arithmetic_mean_rank": 2001.3362068965516,
        "count": 116.0,
        "geometric_mean_rank": 1186.3355147884902,
        "harmonic_mean_rank": 280.7819806754648,
        "hits_at_1": 0.0,
        "hits_at_10": 0.008620689655172414,
        "hits_at_3": 0.0,
        "hits_at_5": 0.0,
        "inverse_arithmetic_mean_rank": 0.0004996661713079623,
        "inverse_geometric_mean_rank": 0.0008429318582595821,
        "inverse_harmonic_mean_rank": 0.0035614821064882587,
        "inverse_median_rank": 0.0005186721991701245,
        "median_absolute_deviation": 1901.4373452334346,
        "median_rank": 1928.0,
        "standard_deviation": 1443.2305473579029,
        "variance": 2082914.4128269919,
        "z_arithmetic_mean_rank": -2001.3362068965516,
        "z_hits_at_1": 0.0,
        "z_hits_at_10": 0.008620689655172414,
        "z_hits_at_3": 0.0,
        "z_hits_at_5": 0.0,
        "z_inverse_harmonic_mean_rank": 0.0035614821064882587
      },
      "realistic": {
        "adjusted_arithmetic_mean_rank": 0.8515824318407175,