{
  "losses": [
    0.0041059026423150334,
    0.003937205200661781,
    0.003847213421490643,
    0.0037858973827055295,
    0.0036821570656944574,
    0.0035890872906032914,
    0.003455237375455523,
    0.0033421583200361304,
    0.003230427896450115,
    0.003097246963642755,
    0.0030266941760607596,
    0.0029630941961495375,
    0.0029238235066507347,
    0.0028500618162546365,
    0.0028457930882101598,
    0.002832331633569246,
    0.002811437593541313,
    0.002793717963114883,
    0.0027839031738514253,
    0.00278234702981701,
    0.002741703243329147,
    0.0027646400089630426,
    0.0027642049356279845,
    0.002731210459758629,
    0.002704265081597397,
    0.0027291347596898265,
    0.0026995525447139324,
    0.0027203879602831047,
    0.002693890462502766,
    0.0027043679005970015
  ],
  "metrics": {
    "both": {
      "optimistic": {
        "adjusted_arithmetic_mean_rank": 0.6966474637920751,
        "adjusted_arithmetic_mean_rank_index": 0.3034802923393475,
        "adjusted_hits_at_1": -0.00021059714390775285,
        "adjusted_hits_at_10": -0.0021099706231602297,
        "adjusted_hits_at_3": -0.0006320576507953436,
        "adjusted_hits_at_5": -0.0010538734905273447,
        "adjusted_inverse_harmonic_mean_rank": 0.0013143557040815048,
        "arithmetic_mean_rank": 1654.8620689655172,
        "count": 232.0,
        "geometric_mean_rank": 1027.329308782953,
        "harmonic_mean_rank": 323.13253281661775,
        "hits_at_1": 0.0,
        "hits_at_10": 0.0,
        "hits_at_3": 0.0,
        "hits_at_5": 0.0,
        "inverse_arithmetic_mean_rank": 0.0006042799691608844,
        "inverse_geometric_mean_rank": 0.0009733977133239495,
        "inverse_harmonic_mean_rank": 0.003094705417877296,
        "inverse_median_rank": 0.0006691201070592171,
        "median_absolute_deviation": 1481.8609173963491,
        "median_rank": 1494.5,
        "standard_deviation": 1248.6248808365126,
        "variance": 1559064.0930439953,
        "z_arithmetic_mean_rank": -1654.8620689655172,
        "z_hits_at_1": 0.0,
        "z_hits_at_10": 0.0,
        "z_hits_at_3": 0.0,
        "z_hits_at_5": 0.0,
        "z_inverse_harmonic_mean_rank": 0.003094705417877296
      },
      "pessimistic": {
        "adjusted_arithmetic_mean_rank": 0.6966492783184025,
        "adjusted_arithmetic_mean_rank_index": 0.3034784770488371,
        "adjusted_hits_at_1": -0.00021059714390775285,
        "adjusted_hits_at_10": -0.0021099706231602297,
        "adjusted_hits_at_3": -0.0006320576507953436,
        "adjusted_hits_at_5": -0.0010538734905273447,
        "adjusted_inverse_harmonic_mean_rank": 0.001314355126186716,
        "arithmetic_mean_rank": 1654.8663793103449,
        "count": 232.0,
        "geometric_mean_rank": 1027.3309287379966,
        "harmonic_mean_rank": 323.1325930497328,
        "hits_at_1": 0.0,
        "hits_at_10": 0.0,
        "hits_at_3": 0.0,
        "hits_at_5": 0.0,
        "inverse_arithmetic_mean_rank": 0.000604278395224117,
        "inverse_geometric_mean_rank": 0.0009733961784139306,
        "inverse_harmonic_mean_rank": 0.003094704841012716,
        "inverse_median_rank": 0.0006691201070592171,
        "median_absolute_deviation": 1481.8609173963491,
        "median_rank": 1494.5,
        "standard_deviation": 1248.6286043609084,
        "variance": 1559073.39162827,
        "z_arithmetic_mean_rank": -1654.8663793103449,
        "z_hits_at_1": 0.0,
        "z_hits_at_10": 0.0,
        "z_hits_at_3": 0.0,
        "z_hits_at_5": 0.0,
        "z_inverse_harmonic_mean_rank": 0.003094704841012716
      },
      "realistic": {
        "adjusted_arithmetic_mean_rank": 0.6966483852312257,
        "adjusted_arithmetic_mean_rank_index": 0.30347937051213514,
        "adjusted_hits_at_1": -0.00021059714390775285,
        "adjusted_hits_at_10": -0.0021099706231602297,
        "adjusted_hits_at_3": -0.0006320576507953436,
        "adjusted_hits_at_5": -0.0010538734905273447,
        "adjusted_inverse_harmonic_mean_rank": 0.0013143552998768839,
        "arithmetic_mean_rank": 1654.8642578125,
        "count": 232.0,
        "geometric_mean_rank": 1027.330078125,
        "harmonic_mean_rank": 323.13257494626237,
        "hits_at_1": 0.0,
        "hits_at_10": 0.0,
        "hits_at_3": 0.0,
        "hits_at_5": 0.0,
        "inverse_arithmetic_mean_rank": 0.0006042791646905243,
        "inverse_geometric_mean_rank": 0.0009733969927765429,
        "inverse_harmonic_mean_rank": 0.0030947050143932476,
        "inverse_median_rank": 0.0006691201124340296,
        "median_absolute_deviation": 1481.8609173963491,
        "median_rank": 1494.5,
        "standard_deviation": 1248.626708984375,
        "variance": 1559068.75,
        "z_arithmetic_mean_rank": -1654.8642578125,
        "z_hits_at_1": 0.0,
        "z_hits_at_10": 0.0,
        "z_hits_at_3": 0.0,
        "z_hits_at_5": 0.0,
        "z_inverse_harmonic_mean_rank": 0.0030947050143932476
      }
    },
    "head": {
      "optimistic": {
        "adjusted_arithmetic_mean_rank": 0.6092929231566571,
        "adjusted_arithmetic_mean_rank_index": 0.3908732260659902,
        "adjusted_hits_at_1": -0.0002126339720562082,
        "adjusted_hits_at_10": -0.0021304167112691503,
        "adjusted_hits_at_3": -0.0006381733108205046,
        "adjusted_hits_at_5": -0.0010640748941662885,
        "adjusted_inverse_harmonic_mean_rank": 0.003363917252664336,
        "arithmetic_mean_rank": 1433.3879310344828,
        "count": 116.0,
        "geometric_mean_rank": 711.1698429441838,
        "harmonic_mean_rank": 193.95342932273456,
        "hits_at_1": 0.0,
        "hits_at_10": 0.0,
        "hits_at_3": 0.0,
        "hits_at_5": 0.0,
        "inverse_arithmetic_mean_rank": 0.0006976478442080194,
        "inverse_geometric_mean_rank": 0.0014061338650976586,
        "inverse_harmonic_mean_rank": 0.005155876869472724,
        "inverse_median_rank": 0.0011280315848843769,
        "median_absolute_deviation": 1015.5825196763374,
        "median_rank": 886.5,
        "standard_deviation": 1413.9090760623828,
        "variance": 1999138.8753715814,
        "z_arithmetic_mean_rank": -1433.3879310344828,
        "z_hits_at_1": 0.0,
        "z_hits_at_10": 0.0,
        "z_hits_at_3": 0.0,
        "z_hits_at_5": 0.0,
        "z_inverse_harmonic_mean_rank": 0.005155876869472724
      },
      "pessimistic": {
        "adjusted_arithmetic_mean_rank": 0.6092929231566571,
        "adjusted_arithmetic_mean_rank_index": 0.3908732260659902,
        "adjusted_hits_at_1": -0.0002126339720562082,
        "adjusted_hits_at_10": -0.0021304167112691503,
        "adjusted_hits_at_3": -0.0006381733108205046,
        "adjusted_hits_at_5": -0.0010640748941662885,
        "adjusted_inverse_harmonic_mean_rank": 0.003363917252664336,
        "arithmetic_mean_rank": 1433.3879310344828,
        "count": 116.0,
        "geometric_mean_rank": 711.1698429441838,
        "harmonic_mean_rank": 193.95342932273456,
        "hits_at_1": 0.0,
        "hits_at_10": 0.0,
        "hits_at_3": 0.0,
        "hits_at_5": 0.0,
        "inverse_arithmetic_mean_rank": 0.0006976478442080194,
        "inverse_geometric_mean_rank": 0.0014061338650976586,
        "inverse_harmonic_mean_rank": 0.005155876869472724,
        "inverse_median_rank": 0.0011280315848843769,
        "median_absolute_deviation": 1015.5825196763374,
        "median_rank": 886.5,
        "standard_deviation": 1413.9090760623828,
        "variance": 1999138.8753715814,
        "z_arithmetic_mean_rank": -1433.3879310344828,
        "z_hits_at_1": 0.0,
        "z_hits_at_10": 0.0,
        "z_hits_at_3": 0.0,
        "z_hits_at_5": 0.0,
        "z_inverse_harmonic_mean_rank": 0.005155876869472724
      },
      "realistic": {
        "adjusted_arithmetic_mean_rank": 0.6092929267351853,
        "adjusted_arithmetic_mean_rank_index": 0.39087322248594025,
        "adjusted_hits_at_1": -0.0002126339720562082,
        "adjusted_hits_at_10": -0.0021304167112691503,