{
  "losses": [
    0.0036538283385147167,
    0.0027957121043767573,
    0.0024094608781910064,
    0.002170569184986514,
    0.0019476759072963607,
    0.001756432703928696,
    0.0016331196061754759,
    0.0014599404206443458,
    0.0013353824675079186,
    0.0012474495958037458,
    0.0011282693993273627,
    0.0010413690973350139,
    0.0009716613391154401,
    0.0009037397256033252,
    0.000829326698012562,
    0.0007960252937146262,
    0.0007329808955239929,
    0.0006884204187867451,
    0.0006266190308418665,
    0.0005869950239169312,
    0.0005623645661799211,
    0.0005255422422857446,
    0.0005074961836215187,
    0.00047753991071291504,
    0.0004753697633496937,
    0.00043699478981503007,
    0.0004308870952889551,
    0.00040904764163240606,
    0.0004072224058379222,
    0.00037504090361893634
  ],
  "metrics": {
    "both": {
      "optimistic": {
        "adjusted_arithmetic_mean_rank": 0.8296482083083805,
        "adjusted_arithmetic_mean_rank_index": 0.17043016227164354,
        "adjusted_hits_at_1": -0.00023005774985504658,
        "adjusted_hits_at_10": 0.006335212595878165,
        "adjusted_hits_at_3": -0.0006904909551560167,
        "adjusted_hits_at_5": -0.001151348255631193,
        "adjusted_inverse_harmonic_mean_rank": 0.0012418150423724426,
        "arithmetic_mean_rank": 1804.2112068965516,
        "count": 232.0,
        "geometric_mean_rank": 1220.232637779849,
        "harmonic_mean_rank": 315.80871936166284,
        "hits_at_1": 0.0,
        "hits_at_10": 0.008620689655172414,
        "hits_at_3": 0.0,
        "hits_at_5": 0.0,
        "inverse_arithmetic_mean_rank": 0.0005542588340974301,
        "inverse_geometric_mean_rank": 0.0008195158603686006,
        "inverse_harmonic_mean_rank": 0.003166473687051066,
        "inverse_median_rank": 0.0006186204763377668,
        "median_absolute_deviation": 1422.5568286561252,
        "median_rank": 1616.5,
        "standard_deviation": 1190.9028896012521,
        "variance": 1418249.6924606122,
        "z_arithmetic_mean_rank": -1804.2112068965516,
        "z_hits_at_1": 0.0,
        "z_hits_at_10": 0.008620689655172414,
        "z_hits_at_3": 0.0,
        "z_hits_at_5": 0.0,
        "z_inverse_harmonic_mean_rank": 0.003166473687051066
      },
      "pessimistic": {
        "adjusted_arithmetic_mean_rank": 0.8296482083083805,
        "adjusted_arithmetic_mean_rank_index": 0.17043016227164354,
        "adjusted_hits_at_1": -0.00023005774985504658,
        "adjusted_hits_at_10": 0.006335212595878165,
        "adjusted_hits_at_3": -0.0006904909551560167,
        "adjusted_hits_at_5": -0.001151348255631193,
        "adjusted_inverse_harmonic_mean_rank": 0.0012418150423724426,
        "arithmetic_mean_rank": 1804.2112068965516,
        "count": 232.0,
        "geometric_mean_rank": 1220.232637779849,
        "harmonic_mean_rank": 315.80871936166284,
        "hits_at_1": 0.0,
        "hits_at_10": 0.008620689655172414,
        "hits_at_3": 0.0,
        "hits_at_5": 0.0,
        "inverse_arithmetic_mean_rank": 0.0005542588340974301,
        "inverse_geometric_mean_rank": 0.0008195158603686006,
        "inverse_harmonic_mean_rank": 0.003166473687051066,
        "inverse_median_rank": 0.0006186204763377668,
        "median_absolute_deviation": 1422.5568286561252,
        "median_rank": 1616.5,
        "standard_deviation": 1190.9028896012521,
        "variance": 1418249.6924606122,
        "z_arithmetic_mean_rank": -1804.2112068965516,
        "z_hits_at_1": 0.0,
        "z_hits_at_10": 0.008620689655172414,
        "z_hits_at_3": 0.0,
        "z_hits_at_5": 0.0,
        "z_inverse_harmonic_mean_rank": 0.003166473687051066
      },
      "realistic": {
        "adjusted_arithmetic_mean_rank": 0.829648196694699,
        "adjusted_arithmetic_mean_rank_index": 0.17043017389066795,
        "adjusted_hits_at_1": -0.00023005774985504658,
        "adjusted_hits_at_10": 0.006335212595878165,
        "adjusted_hits_at_3": -0.0006904909551560167,
        "adjusted_hits_at_5": -0.001151348255631193,
        "adjusted_inverse_harmonic_mean_rank": 0.0012418149864146621,
        "arithmetic_mean_rank": 1804.211181640625,
        "count": 232.0,
        "geometric_mean_rank": 1220.2325439453125,
        "harmonic_mean_rank": 315.80872493186564,
        "hits_at_1": 0.0,
        "hits_at_10": 0.008620689655172414,
        "hits_at_3": 0.0,
        "hits_at_5": 0.0,
        "inverse_arithmetic_mean_rank": 0.0005542588187381625,
        "inverse_geometric_mean_rank": 0.0008195159025490284,
        "inverse_harmonic_mean_rank": 0.003166473631201119,
        "inverse_median_rank": 0.0006186204846017063,
        "median_absolute_deviation": 1422.5568286561252,
        "median_rank": 1616.5,
        "standard_deviation": 1190.90283203125,
        "variance": 1418249.625,
        "z_arithmetic_mean_rank": -1804.211181640625,
        "z_hits_at_1": 0.0,
        "z_hits_at_10": 0.008620689655172414,
        "z_hits_at_3": 0.0,
        "z_hits_at_5": 0.0,
        "z_inverse_harmonic_mean_rank": 0.003166473631201119
      }
    },
    "head": {
      "optimistic": {
        "adjusted_arithmetic_mean_rank": 0.7504439063893773,
        "adjusted_arithmetic_mean_rank_index": 0.2496721685452944,
        "adjusted_hits_at_1": -0.00023257217403122084,
        "adjusted_hits_at_10": 0.006310181000018299,
        "adjusted_hits_at_3": -0.0006980412120181476,
        "adjusted_hits_at_5": -0.0011639436737987652,
        "adjusted_inverse_harmonic_mean_rank": 0.0012881826179654454,
        "arithmetic_mean_rank": 1614.1724137931035,
        "count": 116.0,
        "geometric_mean_rank": 1057.6539918646115,
        "harmonic_mean_rank": 309.46031134095347,
        "hits_at_1": 0.0,
        "hits_at_10": 0.008620689655172414,
        "hits_at_3": 0.0,
        "hits_at_5": 0.0,
        "inverse_arithmetic_mean_rank": 0.0006195125077439063,
        "inverse_geometric_mean_rank": 0.0009454887966120477,
        "inverse_harmonic_mean_rank": 0.0032314321525329045,
        "inverse_median_rank": 0.0007077140835102619,
        "median_absolute_deviation": 1275.7792090240705,
        "median_rank": 1413.0,
        "standard_deviation": 1165.136156582969,
        "variance": 1357542.2633769328,
        "z_arithmetic_mean_rank": -1614.1724137931035,
        "z_hits_at_1": 0.0,
        "z_hits_at_10": 0.008620689655172414,
        "z_hits_at_3": 0.0,
        "z_hits_at_5": 0.0,
        "z_inverse_harmonic_mean_rank": 0.0032314321525329045
      },
      "pessimistic": {
        "adjusted_arithmetic_mean_rank": 0.7504439063893773,
        "adjusted_arithmetic_mean_rank_index": 0.2496721685452944,
        "adjusted_hits_at_1": -0.00023257217403122084,
        "adjusted_hits_at_10": 0.006310181000018299,
        "adjusted_hits_at_3": -0.0006980412120181476,
        "adjusted_hits_at_5": -0.0011639436737987652,
        "adjusted_inverse_harmonic_mean_rank": 0.0012881826179654454,
        "arithmetic_mean_rank": 1614.1724137931035,
        "count": 116.0,
        "geometric_mean_rank": 1057.6539918646115,
        "harmonic_mean_rank": 309.46031134095347,
        "hits_at_1": 0.0,
        "hits_at_10": 0.008620689655172414,
        "hits_at_3": 0.0,
        "hits_at_5": 0.0,
        "inverse_arithmetic_mean_rank": 0.0006195125077439063,
        "inverse_geometric_mean_rank": 0.0009454887966120477,
        "inverse_harmonic_mean_rank": 0.0032314321525329045,
        "inverse_median_rank": 0.0007077140835102619,
        "median_absolute_deviation": 1275.7792090240705,
        "median_rank": 1413.0,
        "standard_deviation": 1165.136156582969,
        "variance": 1357542.2633769328,
        "z_arithmetic_mean_rank": -1614.1724137931035,
        "z_hits_at_1": 0.0,
        "z_hits_at_10": 0.008620689655172414,
        "z_hits_at_3": 0.0,
        "z_hits_at_5": 0.0,
        "z_inverse_harmonic_mean_rank": 0.0032314321525329045
      },
      "realistic": {
        "adjusted_arithmetic_mean_rank": 0.7504438829059424,