{
  "losses": [
    0.005429108892549762,
    0.0045525944675575,
    0.003963588778237233,
    0.003615056285936986,
    0.0032057971582755383,
    0.00295749644217241,
    0.002778946705702408,
    0.002564587272665404,
    0.002383220576022547,
    0.0022396619944054,
    0.002138080723912992,
    0.002032648306371021,
    0.0018759064277516437,
    0.00180865553734851,
    0.0017244830865652098,
    0.0016132904330012593,
    0.0015550230365698754,
    0.0014997088116857579,
    0.001410468758189609,
    0.0013660444997801843,
    0.0013023660696472265,
    0.0012084579246853615,
    0.0012049729234337384,
    0.0011193121137575153,
    0.0010632735927075866,
    0.001047098483056134,
    0.0010302208722110559,
    0.001002076780563211,
    0.0009440372672989149,
    0.0009714461836717295
  ],
  "metrics": {
    "both": {
      "optimistic": {
        "adjusted_arithmetic_mean_rank": 0.7152238154558187,
        "adjusted_arithmetic_mean_rank_index": 0.2849072206426917,
        "adjusted_hits_at_1": -0.00023010141548593596,
        "adjusted_hits_at_10": 0.0020144943311466747,
        "adjusted_hits_at_3": -0.0006906220726907919,
        "adjusted_hits_at_5": 0.0031637414921849207,
        "adjusted_inverse_harmonic_mean_rank": 0.0015864780392271665,
        "arithmetic_mean_rank": 1555.0862068965516,
        "count": 232.0,
        "geometric_mean_rank": 967.7238578326411,
        "harmonic_mean_rank": 284.8363162089973,
        "hits_at_1": 0.0,
        "hits_at_10": 0.004310344827586207,
        "hits_at_3": 0.0,
        "hits_at_5": 0.004310344827586207,
        "inverse_arithmetic_mean_rank": 0.0006430511669161262,
        "inverse_geometric_mean_rank": 0.0010333526366081809,
        "inverse_harmonic_mean_rank": 0.0035107882776656005,
        "inverse_median_rank": 0.0007002801120448179,
        "median_absolute_deviation": 1424.7807319838835,
        "median_rank": 1428.0,
        "standard_deviation": 1152.2224033173034,
        "variance": 1327616.4667063022,
        "z_arithmetic_mean_rank": -1555.0862068965516,
        "z_hits_at_1": 0.0,
        "z_hits_at_10": 0.004310344827586207,
        "z_hits_at_3": 0.0,
        "z_hits_at_5": 0.004310344827586207,
        "z_inverse_harmonic_mean_rank": 0.0035107882776656005
      },
      "pessimistic": {
        "adjusted_arithmetic_mean_rank": 0.715225797893358,
        "adjusted_arithmetic_mean_rank_index": 0.28490523729295913,
        "adjusted_hits_at_1": -0.00023010141548593596,
        "adjusted_hits_at_10": 0.0020144943311466747,
        "adjusted_hits_at_3": -0.0006906220726907919,
        "adjusted_hits_at_5": 0.0031637414921849207,
        "adjusted_inverse_harmonic_mean_rank": 0.001586477536687805,
        "arithmetic_mean_rank": 1555.0905172413793,
        "count": 232.0,
        "geometric_mean_rank": 967.7252807310307,
        "harmonic_mean_rank": 284.836356902307,
        "hits_at_1": 0.0,
        "hits_at_10": 0.004310344827586207,
        "hits_at_3": 0.0,
        "hits_at_5": 0.004310344827586207,
        "inverse_arithmetic_mean_rank": 0.0006430493845296731,
        "inverse_geometric_mean_rank": 0.0010333511172143696,
        "inverse_harmonic_mean_rank": 0.0035107877760948173,
        "inverse_median_rank": 0.0007002801120448179,
        "median_absolute_deviation": 1424.7807319838835,
        "median_rank": 1428.0,
        "standard_deviation": 1152.227552319363,
        "variance": 1327628.3323238702,
        "z_arithmetic_mean_rank": -1555.0905172413793,
        "z_hits_at_1": 0.0,
        "z_hits_at_10": 0.004310344827586207,
        "z_hits_at_3": 0.0,
        "z_hits_at_5": 0.004310344827586207,
        "z_inverse_harmonic_mean_rank": 0.0035107877760948173
      },
      "realistic": {
        "adjusted_arithmetic_mean_rank": 0.7152248144184851,
        "adjusted_arithmetic_mean_rank_index": 0.28490622122036546,
        "adjusted_hits_at_1": -0.00023010141548593596,
        "adjusted_hits_at_10": 0.0020144943311466747,
        "adjusted_hits_at_3": -0.0006906220726907919,
        "adjusted_hits_at_5": 0.0031637414921849207,
        "adjusted_inverse_harmonic_mean_rank": 0.001586477844262274,
        "arithmetic_mean_rank": 1555.08837890625,
        "count": 232.0,
        "geometric_mean_rank": 967.7250366210938,
        "harmonic_mean_rank": 284.8363319963498,
        "hits_at_1": 0.0,
        "hits_at_10": 0.004310344827586207,
        "hits_at_3": 0.0,
        "hits_at_5": 0.004310344827586207,
        "inverse_arithmetic_mean_rank": 0.0006430502398870885,
        "inverse_geometric_mean_rank": 0.0010333514073863626,
        "inverse_harmonic_mean_rank": 0.003510788083076477,
        "inverse_median_rank": 0.0007002801285125315,
        "median_absolute_deviation": 1424.7807319838835,
        "median_rank": 1428.0,
        "standard_deviation": 1152.2249755859375,
        "variance": 1327622.5,
        "z_arithmetic_mean_rank": -1555.08837890625,
        "z_hits_at_1": 0.0,
        "z_hits_at_10": 0.004310344827586207,
        "z_hits_at_3": 0.0,
        "z_hits_at_5": 0.004310344827586207,
        "z_inverse_harmonic_mean_rank": 0.003510788083076477
      }
    },
    "head": {
      "optimistic": {
        "adjusted_arithmetic_mean_rank": 0.6341894641108604,
        "adjusted_arithmetic_mean_rank_index": 0.36598074857264107,
        "adjusted_hits_at_1": -0.00023266039854272065,
        "adjusted_hits_at_10": 0.006309302686734694,
        "adjusted_hits_at_3": -0.0006983061319941112,
        "adjusted_hits_at_5": 0.007466341843825859,
        "adjusted_inverse_harmonic_mean_rank": 0.002789925129105371,
        "arithmetic_mean_rank": 1363.594827586207,
        "count": 116.0,
        "geometric_mean_rank": 795.2008351197167,
        "harmonic_mean_rank": 211.3761114301159,
        "hits_at_1": 0.0,
        "hits_at_10": 0.008620689655172414,
        "hits_at_3": 0.0,
        "hits_at_5": 0.008620689655172414,
        "inverse_arithmetic_mean_rank": 0.0007333556711784898,
        "inverse_geometric_mean_rank": 0.0012575439509560514,
        "inverse_harmonic_mean_rank": 0.004730903569160486,
        "inverse_median_rank": 0.0010576414595452142,
        "median_absolute_deviation": 1108.9864594421902,
        "median_rank": 945.5,
        "standard_deviation": 1138.7604572247685,
        "variance": 1296775.3789387636,
        "z_arithmetic_mean_rank": -1363.594827586207,
        "z_hits_at_1": 0.0,
        "z_hits_at_10": 0.008620689655172414,
        "z_hits_at_3": 0.0,
        "z_hits_at_5": 0.008620689655172414,
        "z_inverse_harmonic_mean_rank": 0.004730903569160486
      },
      "pessimistic": {
        "adjusted_arithmetic_mean_rank": 0.6341894641108604,
        "adjusted_arithmetic_mean_rank_index": 0.36598074857264107,
        "adjusted_hits_at_1": -0.00023266039854272065,
        "adjusted_hits_at_10": 0.006309302686734694,
        "adjusted_hits_at_3": -0.0006983061319941112,
        "adjusted_hits_at_5": 0.007466341843825859,
        "adjusted_inverse_harmonic_mean_rank": 0.002789925129105371,
        "arithmetic_mean_rank": 1363.594827586207,
        "count": 116.0,
        "geometric_mean_rank": 795.2008351197167,
        "harmonic_mean_rank": 211.3761114301159,
        "hits_at_1": 0.0,
        "hits_at_10": 0.008620689655172414,
        "hits_at_3": 0.0,
        "hits_at_5": 0.008620689655172414,
        "inverse_arithmetic_mean_rank": 0.0007333556711784898,
        "inverse_geometric_mean_rank": 0.0012575439509560514,
        "inverse_harmonic_mean_rank": 0.004730903569160486,
        "inverse_median_rank": 0.0010576414595452142,
        "median_absolute_deviation": 1108.9864594421902,
        "median_rank": 945.5,
        "standard_deviation": 1138.7604572247685,
        "variance": 1296775.3789387636,
        "z_arithmetic_mean_rank": -1363.594827586207,
        "z_hits_at_1": 0.0,
        "z_hits_at_10": 0.008620689655172414,
        "z_hits_at_3": 0.0,
        "z_hits_at_5": 0.008620689655172414,