{
  "losses": [
    0.003132890738691812,
    0.0025450925634292357,
    0.0023832213561956112,
    0.0023227641147473125,
    0.0022583926961289983,
    0.002225948675491244,
    0.002206037823072895,
    0.0021752083339602693,
    0.002140895319404347,
    0.0020901837425629467,
    0.0020402407051604825,
    0.001933883738499091,
    0.0017710057635399515,
    0.001526073286471744,
    0.001327675267893337,
    0.0011552248133728932,
    0.0010644641806006353,
    0.0009914514052782437,
    0.0009137129835332491,
    0.0009205617774905128,
    0.0008792866327254056,
    0.0008464576709587152,
    0.000810357547511495,
    0.0007767542567456187,
    0.0007841372790088726,
    0.0007483270482682053,
    0.0007515282576992228,
    0.0007479640787448175,
    0.0007405506375036888,
    0.0007039097027063126
  ],
  "metrics": {
    "both": {
      "optimistic": {
        "adjusted_arithmetic_mean_rank": 0.4847543373939396,
        "adjusted_arithmetic_mean_rank_index": 0.5154626569764049,
        "adjusted_hits_at_1": -0.00021059714390775285,
        "adjusted_hits_at_10": 0.002209468905387875,
        "adjusted_hits_at_3": -0.0006320576507953436,
        "adjusted_hits_at_5": -0.0010538734905273447,
        "adjusted_inverse_harmonic_mean_rank": 0.0019273417404401618,
        "arithmetic_mean_rank": 1151.5172413793102,
        "count": 232.0,
        "geometric_mean_rank": 633.5645899224064,
        "harmonic_mean_rank": 269.7891204459602,
        "hits_at_1": 0.0,
        "hits_at_10": 0.004310344827586207,
        "hits_at_3": 0.0,
        "hits_at_5": 0.0,
        "inverse_arithmetic_mean_rank": 0.0008684194765526742,
        "inverse_geometric_mean_rank": 0.0015783710388904018,
        "inverse_harmonic_mean_rank": 0.003706598688438602,
        "inverse_median_rank": 0.0015710919088766694,
        "median_absolute_deviation": 665.6883961090152,
        "median_rank": 636.5,
        "standard_deviation": 1183.9275991578043,
        "variance": 1401684.5600475622,
        "z_arithmetic_mean_rank": -1151.5172413793102,
        "z_hits_at_1": 0.0,
        "z_hits_at_10": 0.004310344827586207,
        "z_hits_at_3": 0.0,
        "z_hits_at_5": 0.0,
        "z_inverse_harmonic_mean_rank": 0.003706598688438602
      },
      "pessimistic": {
        "adjusted_arithmetic_mean_rank": 0.4847543373939396,
        "adjusted_arithmetic_mean_rank_index": 0.5154626569764049,
        "adjusted_hits_at_1": -0.00021059714390775285,
        "adjusted_hits_at_10": 0.002209468905387875,
        "adjusted_hits_at_3": -0.0006320576507953436,
        "adjusted_hits_at_5": -0.0010538734905273447,
        "adjusted_inverse_harmonic_mean_rank": 0.0019273417404401618,
        "arithmetic_mean_rank": 1151.5172413793102,
        "count": 232.0,
        "geometric_mean_rank": 633.5645899224064,
        "harmonic_mean_rank": 269.7891204459602,
        "hits_at_1": 0.0,
        "hits_at_10": 0.004310344827586207,
        "hits_at_3": 0.0,
        "hits_at_5": 0.0,
        "inverse_arithmetic_mean_rank": 0.0008684194765526742,
        "inverse_geometric_mean_rank": 0.0015783710388904018,
        "inverse_harmonic_mean_rank": 0.003706598688438602,
        "inverse_median_rank": 0.0015710919088766694,
        "median_absolute_deviation": 665.6883961090152,
        "median_rank": 636.5,
        "standard_deviation": 1183.9275991578043,
        "variance": 1401684.5600475622,
        "z_arithmetic_mean_rank": -1151.5172413793102,
        "z_hits_at_1": 0.0,
        "z_hits_at_10": 0.004310344827586207,
        "z_hits_at_3": 0.0,
        "z_hits_at_5": 0.0,
        "z_inverse_harmonic_mean_rank": 0.003706598688438602
      },
      "realistic": {
        "adjusted_arithmetic_mean_rank": 0.4847543249899511,
        "adjusted_arithmetic_mean_rank_index": 0.5154626693856172,
        "adjusted_hits_at_1": -0.00021059714390775285,
        "adjusted_hits_at_10": 0.002209468905387875,
        "adjusted_hits_at_3": -0.0006320576507953436,
        "adjusted_hits_at_5": -0.0010538734905273447,
        "adjusted_inverse_harmonic_mean_rank": 0.001927341899361679,
        "arithmetic_mean_rank": 1151.5172119140625,
        "count": 232.0,
        "geometric_mean_rank": 633.564697265625,
        "harmonic_mean_rank": 269.7891088992931,
        "hits_at_1": 0.0,
        "hits_at_10": 0.004310344827586207,
        "hits_at_3": 0.0,
        "hits_at_5": 0.0,
        "inverse_arithmetic_mean_rank": 0.0008684194763191044,
        "inverse_geometric_mean_rank": 0.0015783708076924086,
        "inverse_harmonic_mean_rank": 0.003706598847076811,
        "inverse_median_rank": 0.0015710919396951795,
        "median_absolute_deviation": 665.6883961090152,
        "median_rank": 636.5,
        "standard_deviation": 1183.927734375,
        "variance": 1401684.75,
        "z_arithmetic_mean_rank": -1151.5172119140625,
        "z_hits_at_1": 0.0,
        "z_hits_at_10": 0.004310344827586207,
        "z_hits_at_3": 0.0,
        "z_hits_at_5": 0.0,
        "z_inverse_harmonic_mean_rank": 0.003706598847076811
      }
    },
    "head": {
      "optimistic": {
        "adjusted_arithmetic_mean_rank": 0.7425016602492145,
        "adjusted_arithmetic_mean_rank_index": 0.25760784160401085,
        "adjusted_hits_at_1": -0.0002126339720562082,
        "adjusted_hits_at_10": 0.006508638605207308,
        "adjusted_hits_at_3": -0.0006381733108205046,
        "adjusted_hits_at_5": -0.0010640748941662885,
        "adjusted_inverse_harmonic_mean_rank": 0.001430293155515295,
        "arithmetic_mean_rank": 1746.7672413793102,
        "count": 116.0,
        "geometric_mean_rank": 1072.7983158432667,
        "harmonic_mean_rank": 310.0074006221852,
        "hits_at_1": 0.0,
        "hits_at_10": 0.008620689655172414,
        "hits_at_3": 0.0,
        "hits_at_5": 0.0,
        "inverse_arithmetic_mean_rank": 0.0005724861196792104,
        "inverse_geometric_mean_rank": 0.0009321416572265552,
        "inverse_harmonic_mean_rank": 0.003225729443855208,
        "inverse_median_rank": 0.000727802037845706,
        "median_absolute_deviation": 1430.7111408579058,
        "median_rank": 1374.0,
        "standard_deviation": 1365.4854849527064,
        "variance": 1864550.609616528,
        "z_arithmetic_mean_rank": -1746.7672413793102,
        "z_hits_at_1": 0.0,
        "z_hits_at_10": 0.008620689655172414,
        "z_hits_at_3": 0.0,
        "z_hits_at_5": 0.0,
        "z_inverse_harmonic_mean_rank": 0.003225729443855208
      },
      "pessimistic": {
        "adjusted_arithmetic_mean_rank": 0.7425016602492145,
        "adjusted_arithmetic_mean_rank_index": 0.25760784160401085,
        "adjusted_hits_at_1": -0.0002126339720562082,
        "adjusted_hits_at_10": 0.006508638605207308,
        "adjusted_hits_at_3": -0.0006381733108205046,
        "adjusted_hits_at_5": -0.0010640748941662885,
        "adjusted_inverse_harmonic_mean_rank": 0.001430293155515295,
        "arithmetic_mean_rank": 1746.7672413793102,
        "count": 116.0,
        "geometric_mean_rank": 1072.7983158432667,
        "harmonic_mean_rank": 310.0074006221852,
        "hits_at_1": 0.0,
        "hits_at_10": 0.008620689655172414,
        "hits_at_3": 0.0,
        "hits_at_5": 0.0,
        "inverse_arithmetic_mean_rank": 0.0005724861196792104,
        "inverse_geometric_mean_rank": 0.0009321416572265552,
        "inverse_harmonic_mean_rank": 0.003225729443855208,
        "inverse_median_rank": 0.000727802037845706,
        "median_absolute_deviation": 1430.7111408579058,
        "median_rank": 1374.0,
        "standard_deviation": 1365.4854849527064,
        "variance": 1864550.609616528,
        "z_arithmetic_mean_rank": -1746.7672413793102,
        "z_hits_at_1": 0.0,
        "z_hits_at_10": 0.008620689655172414,
        "z_hits_at_3": 0.0,
        "z_hits_at_5": 0.0,
        "z_inverse_harmonic_mean_rank": 0.003225729443855208
      },
      "realistic": {
        "adjusted_arithmetic_mean_rank": 0.7425016477243658,