{
  "losses": [
    0.08631613050951226,
    0.07879685716671624,
    0.07236580689440854,
    0.06478826691806971,
    0.05903573376632883,
    0.05313400096650458,
    0.047899780110687934,
    0.043320055747300766,
    0.038696868667109204,
    0.03482044033190146,
    0.030947666455567593,
    0.027641692802704346,
    0.025088900399600638,
    0.022906080642292305,
    0.020710879552762483,
    0.019460154854371605,
    0.017702967760904766,
    0.01678916985381008,
    0.015334591977747749,
    0.01457924884475475,
    0.013722583839284779,
    0.013363151993404094,
    0.012643641626411307,
    0.012311467821777174,
    0.01187308411082938,
    0.01094465075028069,
    0.01109746401885789,
    0.010906384099476274,
    0.010565492170873098,
    0.01012834666784696
  ],
  "metrics": {
    "both": {
      "optimistic": {
        "adjusted_arithmetic_mean_rank": 1.1363510395077732,
        "adjusted_arithmetic_mean_rank_index": -0.1364137796848477,
        "adjusted_hits_at_1": -0.00023010141548593596,
        "adjusted_hits_at_10": -0.0023057892431773658,
        "adjusted_hits_at_3": -0.0006906220726907919,
        "adjusted_hits_at_5": -0.0011515669862038893,
        "adjusted_inverse_harmonic_mean_rank": -0.0011283965408885508,
        "arithmetic_mean_rank": 2470.728448275862,
        "count": 232.0,
        "geometric_mean_rank": 2028.8112654801107,
        "harmonic_mean_rank": 1248.2115315531337,
        "hits_at_1": 0.0,
        "hits_at_10": 0.0,
        "hits_at_3": 0.0,
        "hits_at_5": 0.0,
        "inverse_arithmetic_mean_rank": 0.00040473893466431965,
        "inverse_geometric_mean_rank": 0.0004928994712395555,
        "inverse_harmonic_mean_rank": 0.0008011462598456471,
        "inverse_median_rank": 0.000390015600624025,
        "median_absolute_deviation": 1381.785267647221,
        "median_rank": 2564.0,
        "standard_deviation": 1190.3160727234592,
        "variance": 1416852.3529837993,
        "z_arithmetic_mean_rank": -2470.728448275862,
        "z_hits_at_1": 0.0,
        "z_hits_at_10": 0.0,
        "z_hits_at_3": 0.0,
        "z_hits_at_5": 0.0,
        "z_inverse_harmonic_mean_rank": 0.0008011462598456471
      },
      "pessimistic": {
        "adjusted_arithmetic_mean_rank": 1.1363510395077732,
        "adjusted_arithmetic_mean_rank_index": -0.1364137796848477,
        "adjusted_hits_at_1": -0.00023010141548593596,
        "adjusted_hits_at_10": -0.0023057892431773658,
        "adjusted_hits_at_3": -0.0006906220726907919,
        "adjusted_hits_at_5": -0.0011515669862038893,
        "adjusted_inverse_harmonic_mean_rank": -0.0011283965408885508,
        "arithmetic_mean_rank": 2470.728448275862,
        "count": 232.0,
        "geometric_mean_rank": 2028.8112654801107,
        "harmonic_mean_rank": 1248.2115315531337,
        "hits_at_1": 0.0,
        "hits_at_10": 0.0,
        "hits_at_3": 0.0,
        "hits_at_5": 0.0,
        "inverse_arithmetic_mean_rank": 0.00040473893466431965,
        "inverse_geometric_mean_rank": 0.0004928994712395555,
        "inverse_harmonic_mean_rank": 0.0008011462598456471,
        "inverse_median_rank": 0.000390015600624025,
        "median_absolute_deviation": 1381.785267647221,
        "median_rank": 2564.0,
        "standard_deviation": 1190.3160727234592,
        "variance": 1416852.3529837993,
        "z_arithmetic_mean_rank": -2470.728448275862,
        "z_hits_at_1": 0.0,
        "z_hits_at_10": 0.0,
        "z_hits_at_3": 0.0,
        "z_hits_at_5": 0.0,
        "z_inverse_harmonic_mean_rank": 0.0008011462598456471
      },
      "realistic": {
        "adjusted_arithmetic_mean_rank": 1.1363510704833597,
        "adjusted_arithmetic_mean_rank_index": -0.13641381067468727,
        "adjusted_hits_at_1": -0.00023010141548593596,
        "adjusted_hits_at_10": -0.0023057892431773658,
        "adjusted_hits_at_3": -0.0006906220726907919,
        "adjusted_hits_at_5": -0.0011515669862038893,
        "adjusted_inverse_harmonic_mean_rank": -0.0011283965133385013,
        "arithmetic_mean_rank": 2470.728515625,
        "count": 232.0,
        "geometric_mean_rank": 2028.8101806640625,
        "harmonic_mean_rank": 1248.2114887120056,
        "hits_at_1": 0.0,
        "hits_at_10": 0.0,
        "hits_at_3": 0.0,
        "hits_at_5": 0.0,
        "inverse_arithmetic_mean_rank": 0.00040473893750458956,
        "inverse_geometric_mean_rank": 0.0004928997368551791,
        "inverse_harmonic_mean_rank": 0.0008011462873425976,
        "inverse_median_rank": 0.00039001560071483254,
        "median_absolute_deviation": 1381.785267647221,
        "median_rank": 2564.0,
        "standard_deviation": 1190.3160400390625,
        "variance": 1416852.375,
        "z_arithmetic_mean_rank": -2470.728515625,
        "z_hits_at_1": 0.0,
        "z_hits_at_10": 0.0,
        "z_hits_at_3": 0.0,
        "z_hits_at_5": 0.0,
        "z_inverse_harmonic_mean_rank": 0.0008011462873425976
      }
    },
    "head": {
      "optimistic": {
        "adjusted_arithmetic_mean_rank": 1.136506875621973,
        "adjusted_arithmetic_mean_rank_index": -0.13657039265971926,
        "adjusted_hits_at_1": -0.00023266039854272065,
        "adjusted_hits_at_10": -0.0023314859855545693,
        "adjusted_hits_at_3": -0.0006983061319941112,
        "adjusted_hits_at_5": -0.0011643856184017421,
        "adjusted_inverse_harmonic_mean_rank": -0.0010898298119992383,
        "arithmetic_mean_rank": 2443.646551724138,
        "count": 116.0,
        "geometric_mean_rank": 1992.400465586274,
        "harmonic_mean_rank": 1164.5507711142757,
        "hits_at_1": 0.0,
        "hits_at_10": 0.0,
        "hits_at_3": 0.0,
        "hits_at_5": 0.0,
        "inverse_arithmetic_mean_rank": 0.00040922448432423276,
        "inverse_geometric_mean_rank": 0.0005019071302544315,
        "inverse_harmonic_mean_rank": 0.0008587002171173449,
        "inverse_median_rank": 0.0003922337713277113,
        "median_absolute_deviation": 1362.5114388066481,
        "median_rank": 2549.5,
        "standard_deviation": 1185.8341110237213,
        "variance": 1406202.5388674194,
        "z_arithmetic_mean_rank": -2443.646551724138,
        "z_hits_at_1": 0.0,
        "z_hits_at_10": 0.0,
        "z_hits_at_3": 0.0,
        "z_hits_at_5": 0.0,
        "z_inverse_harmonic_mean_rank": 0.0008587002171173449
      },
      "pessimistic": {
        "adjusted_arithmetic_mean_rank": 1.136506875621973,
        "adjusted_arithmetic_mean_rank_index": -0.13657039265971926,
        "adjusted_hits_at_1": -0.00023266039854272065,
        "adjusted_hits_at_10": -0.0023314859855545693,
        "adjusted_hits_at_3": -0.0006983061319941112,
        "adjusted_hits_at_5": -0.0011643856184017421,
        "adjusted_inverse_harmonic_mean_rank": -0.0010898298119992383,
        "arithmetic_mean_rank": 2443.646551724138,
        "count": 116.0,
        "geometric_mean_rank": 1992.400465586274,
        "harmonic_mean_rank": 1164.5507711142757,
        "hits_at_1": 0.0,
        "hits_at_10": 0.0,
        "hits_at_3": 0.0,
        "hits_at_5": 0.0,
        "inverse_arithmetic_mean_rank": 0.00040922448432423276,
        "inverse_geometric_mean_rank": 0.0005019071302544315,
        "inverse_harmonic_mean_rank": 0.0008587002171173449,
        "inverse_median_rank": 0.0003922337713277113,
        "median_absolute_deviation": 1362.5114388066481,
        "median_rank": 2549.5,
        "standard_deviation": 1185.8341110237213,
        "variance": 1406202.5388674194,
        "z_arithmetic_mean_rank": -2443.646551724138,
        "z_hits_at_1": 0.0,
        "z_hits_at_10": 0.0,
        "z_hits_at_3": 0.0,
        "z_hits_at_5": 0.0,
        "z_inverse_harmonic_mean_rank": 0.0008587002171173449
      },
      "realistic": {
        "adjusted_arithmetic_mean_rank": 1.1365068442988022,
        "adjusted_arithmetic_mean_rank_index": -0.13657036132197353,
        "adjusted_hits_at_1": -0.00023266039854272065,
        "adjusted_hits_at_10": -0.0023314859855545693,