{
  "losses": [
    0.004012342081264691,
    0.003978855580739548,
    0.003954377844207122,
    0.003936650602079775,
    0.003923589153093327,
    0.0039178961250094235,
    0.003916190572621111,
    0.003915700576555427,
    0.003915109165346297,
    0.003914379863866546,
    0.00391292104189112,
    0.00391136526408005,
    0.003909018407937353,
    0.003905533925645804,
    0.0039010218421879047,
    0.0038946694864163117,
    0.0038864291487641454,
    0.0038789754552687804,
    0.0038704323801647634,
    0.0038610181530716403,
    0.0038495929540909098,
    0.003837072628821589,
    0.003826134093992179,
    0.003810155611427123,
    0.00379362764663563,
    0.003769030564377505,
    0.0037447076326076914,
    0.0037144506116221017,
    0.003676944982214912,
    0.003639563904649615
  ],
  "metrics": {
    "both": {
      "optimistic": {
        "adjusted_arithmetic_mean_rank": 0.9835621811929074,
        "adjusted_arithmetic_mean_rank_index": 0.0164447415517186,
        "adjusted_hits_at_1": -0.00021059714390775285,
        "adjusted_hits_at_10": 0.002209468905387875,
        "adjusted_hits_at_3": -0.0006320576507953436,
        "adjusted_hits_at_5": -0.0010538734905273447,
        "adjusted_inverse_harmonic_mean_rank": 0.0010745536973584754,
        "arithmetic_mean_rank": 2336.418103448276,
        "count": 232.0,
        "geometric_mean_rank": 1548.3674390911667,
        "harmonic_mean_rank": 350.22210505819345,
        "hits_at_1": 0.0,
        "hits_at_10": 0.004310344827586207,
        "hits_at_3": 0.0,
        "hits_at_5": 0.0,
        "inverse_arithmetic_mean_rank": 0.00042800558621084074,
        "inverse_geometric_mean_rank": 0.0006458415326706703,
        "inverse_harmonic_mean_rank": 0.002855330904466577,
        "inverse_median_rank": 0.0004365858982754857,
        "median_absolute_deviation": 1802.844297702812,
        "median_rank": 2290.5,
        "standard_deviation": 1444.8238414935322,
        "variance": 2087515.9329481272,
        "z_arithmetic_mean_rank": -2336.418103448276,
        "z_hits_at_1": 0.0,
        "z_hits_at_10": 0.004310344827586207,
        "z_hits_at_3": 0.0,
        "z_hits_at_5": 0.0,
        "z_inverse_harmonic_mean_rank": 0.002855330904466577
      },
      "pessimistic": {
        "adjusted_arithmetic_mean_rank": 0.9835621811929074,
        "adjusted_arithmetic_mean_rank_index": 0.0164447415517186,
        "adjusted_hits_at_1": -0.00021059714390775285,
        "adjusted_hits_at_10": 0.002209468905387875,
        "adjusted_hits_at_3": -0.0006320576507953436,
        "adjusted_hits_at_5": -0.0010538734905273447,
        "adjusted_inverse_harmonic_mean_rank": 0.0010745536973584754,
        "arithmetic_mean_rank": 2336.418103448276,
        "count": 232.0,
        "geometric_mean_rank": 1548.3674390911667,
        "harmonic_mean_rank": 350.22210505819345,
        "hits_at_1": 0.0,
        "hits_at_10": 0.004310344827586207,
        "hits_at_3": 0.0,
        "hits_at_5": 0.0,
        "inverse_arithmetic_mean_rank": 0.00042800558621084074,
        "inverse_geometric_mean_rank": 0.0006458415326706703,
        "inverse_harmonic_mean_rank": 0.002855330904466577,
        "inverse_median_rank": 0.0004365858982754857,
        "median_absolute_deviation": 1802.844297702812,
        "median_rank": 2290.5,
        "standard_deviation": 1444.8238414935322,
        "variance": 2087515.9329481272,
        "z_arithmetic_mean_rank": -2336.418103448276,
        "z_hits_at_1": 0.0,
        "z_hits_at_10": 0.004310344827586207,
        "z_hits_at_3": 0.0,
        "z_hits_at_5": 0.0,
        "z_inverse_harmonic_mean_rank": 0.002855330904466577
      },
      "realistic": {
        "adjusted_arithmetic_mean_rank": 0.9835622272648649,
        "adjusted_arithmetic_mean_rank_index": 0.016444695460357983,
        "adjusted_hits_at_1": -0.00021059714390775285,
        "adjusted_hits_at_10": 0.002209468905387875,
        "adjusted_hits_at_3": -0.0006320576507953436,
        "adjusted_hits_at_5": -0.0010538734905273447,
        "adjusted_inverse_harmonic_mean_rank": 0.0010745537555549175,
        "arithmetic_mean_rank": 2336.418212890625,
        "count": 232.0,
        "geometric_mean_rank": 1548.3673095703125,
        "harmonic_mean_rank": 350.22209793280365,
        "hits_at_1": 0.0,
        "hits_at_10": 0.004310344827586207,
        "hits_at_3": 0.0,
        "hits_at_5": 0.0,
        "inverse_arithmetic_mean_rank": 0.00042800555820576847,
        "inverse_geometric_mean_rank": 0.0006458415882661939,
        "inverse_harmonic_mean_rank": 0.0028553309625592724,
        "inverse_median_rank": 0.0004365858912933618,
        "median_absolute_deviation": 1802.844297702812,
        "median_rank": 2290.5,
        "standard_deviation": 1444.8238525390625,
        "variance": 2087515.875,
        "z_arithmetic_mean_rank": -2336.418212890625,
        "z_hits_at_1": 0.0,
        "z_hits_at_10": 0.004310344827586207,
        "z_hits_at_3": 0.0,
        "z_hits_at_5": 0.0,
        "z_inverse_harmonic_mean_rank": 0.0028553309625592724
      }
    },
    "head": {
      "optimistic": {
        "adjusted_arithmetic_mean_rank": 0.8981329397677557,
        "adjusted_arithmetic_mean_rank_index": 0.1019103794702978,
        "adjusted_hits_at_1": -0.0002126339720562082,
        "adjusted_hits_at_10": 0.006508638605207308,
        "adjusted_hits_at_3": -0.0006381733108205046,
        "adjusted_hits_at_5": -0.0010640748941662885,
        "adjusted_inverse_harmonic_mean_rank": 0.0020110771754167614,
        "arithmetic_mean_rank": 2112.896551724138,
        "count": 116.0,
        "geometric_mean_rank": 1357.5236420934816,
        "harmonic_mean_rank": 262.7796849633178,
        "hits_at_1": 0.0,
        "hits_at_10": 0.008620689655172414,
        "hits_at_3": 0.0,
        "hits_at_5": 0.0,
        "inverse_arithmetic_mean_rank": 0.0004732839377223618,
        "inverse_geometric_mean_rank": 0.0007366354212865621,
        "inverse_harmonic_mean_rank": 0.0038054692094618846,
        "inverse_median_rank": 0.0005068423720223011,
        "median_absolute_deviation": 1722.0424767942566,
        "median_rank": 1973.0,
        "standard_deviation": 1366.985933000992,
        "variance": 1868650.5410225922,
        "z_arithmetic_mean_rank": -2112.896551724138,
        "z_hits_at_1": 0.0,
        "z_hits_at_10": 0.008620689655172414,
        "z_hits_at_3": 0.0,
        "z_hits_at_5": 0.0,
        "z_inverse_harmonic_mean_rank": 0.0038054692094618846
      },
      "pessimistic": {
        "adjusted_arithmetic_mean_rank": 0.8981329397677557,
        "adjusted_arithmetic_mean_rank_index": 0.1019103794702978,
        "adjusted_hits_at_1": -0.0002126339720562082,
        "adjusted_hits_at_10": 0.006508638605207308,
        "adjusted_hits_at_3": -0.0006381733108205046,
        "adjusted_hits_at_5": -0.0010640748941662885,
        "adjusted_inverse_harmonic_mean_rank": 0.0020110771754167614,
        "arithmetic_mean_rank": 2112.896551724138,
        "count": 116.0,
        "geometric_mean_rank": 1357.5236420934816,
        "harmonic_mean_rank": 262.7796849633178,
        "hits_at_1": 0.0,
        "hits_at_10": 0.008620689655172414,
        "hits_at_3": 0.0,
        "hits_at_5": 0.0,
        "inverse_arithmetic_mean_rank": 0.0004732839377223618,
        "inverse_geometric_mean_rank": 0.0007366354212865621,
        "inverse_harmonic_mean_rank": 0.0038054692094618846,
        "inverse_median_rank": 0.0005068423720223011,
        "median_absolute_deviation": 1722.0424767942566,
        "median_rank": 1973.0,
        "standard_deviation": 1366.985933000992,
        "variance": 1868650.5410225922,
        "z_arithmetic_mean_rank": -2112.896551724138,
        "z_hits_at_1": 0.0,
        "z_hits_at_10": 0.008620689655172414,
        "z_hits_at_3": 0.0,
        "z_hits_at_5": 0.0,
        "z_inverse_harmonic_mean_rank": 0.0038054692094618846
      },
      "realistic": {
        "adjusted_arithmetic_mean_rank": 0.89813291113953,