{
  "losses": [
    0.003920053711900308,
    0.00385841649165032,
    0.00379413917088938,
    0.0037283522344110933,
    0.003665126836355189,
    0.003594723510983464,
    0.0035458907191491,
    0.0034920142993935047,
    0.003429123751550301,
    0.0033826347460452926,
    0.0033252262960003914,
    0.00325261824504847,
    0.003210867781874918,
    0.0031404066757942982,
    0.003092063047047028,
    0.0030355003431442092,
    0.0029701426060657443,
    0.0029345217630609133,
    0.002848036278012962,
    0.002814867361346883,
    0.0027879386427574694,
    0.002689079343321151,
    0.0026786522932508165,
    0.002615209455468857,
    0.0026005795113861283,
    0.0025639874979240564,
    0.0025241499269994566,
    0.00246151153111083,
    0.0024573775696672593,
    0.0024689129875134393
  ],
  "metrics": {
    "both": {
      "optimistic": {
        "adjusted_arithmetic_mean_rank": 1.053661267886572,
        "adjusted_arithmetic_mean_rank_index": -0.053683863498273254,
        "adjusted_hits_at_1": 0.004100690256239518,
        "adjusted_hits_at_10": 0.002209818491727263,
        "adjusted_hits_at_3": 0.003681116130030084,
        "adjusted_hits_at_5": 0.003261188320182327,
        "adjusted_inverse_harmonic_mean_rank": 0.004497445146904638,
        "arithmetic_mean_rank": 2503.344827586207,
        "count": 232.0,
        "geometric_mean_rank": 1722.9301685111798,
        "harmonic_mean_rank": 159.44221438139996,
        "hits_at_1": 0.004310344827586207,
        "hits_at_10": 0.004310344827586207,
        "hits_at_3": 0.004310344827586207,
        "hits_at_5": 0.004310344827586207,
        "inverse_arithmetic_mean_rank": 0.00039946554265327767,
        "inverse_geometric_mean_rank": 0.0005804065761203317,
        "inverse_harmonic_mean_rank": 0.006271864724657618,
        "inverse_median_rank": 0.00038336208548974505,
        "median_absolute_deviation": 1688.6839268778806,
        "median_rank": 2608.5,
        "standard_deviation": 1407.6737695356703,
        "variance": 1981545.4414387634,
        "z_arithmetic_mean_rank": -2503.344827586207,
        "z_hits_at_1": 0.004310344827586207,
        "z_hits_at_10": 0.004310344827586207,
        "z_hits_at_3": 0.004310344827586207,
        "z_hits_at_5": 0.004310344827586207,
        "z_inverse_harmonic_mean_rank": 0.006271864724657618
      },
      "pessimistic": {
        "adjusted_arithmetic_mean_rank": 1.0536630821166157,
        "adjusted_arithmetic_mean_rank_index": -0.053685678492250366,
        "adjusted_hits_at_1": 0.004100690256239518,
        "adjusted_hits_at_10": 0.002209818491727263,
        "adjusted_hits_at_3": 0.003681116130030084,
        "adjusted_hits_at_5": 0.003261188320182327,
        "adjusted_inverse_harmonic_mean_rank": 0.004497444630440195,
        "arithmetic_mean_rank": 2503.3491379310344,
        "count": 232.0,
        "geometric_mean_rank": 1722.932736876649,
        "harmonic_mean_rank": 159.44222748746458,
        "hits_at_1": 0.004310344827586207,
        "hits_at_10": 0.004310344827586207,
        "hits_at_3": 0.004310344827586207,
        "hits_at_5": 0.004310344827586207,
        "inverse_arithmetic_mean_rank": 0.00039946485484101474,
        "inverse_geometric_mean_rank": 0.0005804057109117392,
        "inverse_harmonic_mean_rank": 0.00627186420911374,
        "inverse_median_rank": 0.00038336208548974505,
        "median_absolute_deviation": 1688.6839268778806,
        "median_rank": 2608.5,
        "standard_deviation": 1407.6749580728726,
        "variance": 1981548.7875854636,
        "z_arithmetic_mean_rank": -2503.3491379310344,
        "z_hits_at_1": 0.004310344827586207,
        "z_hits_at_10": 0.004310344827586207,
        "z_hits_at_3": 0.004310344827586207,
        "z_hits_at_5": 0.004310344827586207,
        "z_inverse_harmonic_mean_rank": 0.00627186420911374
      },
      "realistic": {
        "adjusted_arithmetic_mean_rank": 1.0536621501976675,
        "adjusted_arithmetic_mean_rank_index": -0.05368474618089114,
        "adjusted_hits_at_1": 0.004100690256239518,
        "adjusted_hits_at_10": 0.002209818491727263,
        "adjusted_hits_at_3": 0.003681116130030084,
        "adjusted_hits_at_5": 0.003261188320182327,
        "adjusted_inverse_harmonic_mean_rank": 0.004497444226443001,
        "arithmetic_mean_rank": 2503.346923828125,
        "count": 232.0,
        "geometric_mean_rank": 1722.9310302734375,
        "harmonic_mean_rank": 159.44223773950452,
        "hits_at_1": 0.004310344827586207,
        "hits_at_10": 0.004310344827586207,
        "hits_at_3": 0.004310344827586207,
        "hits_at_5": 0.004310344827586207,
        "inverse_arithmetic_mean_rank": 0.0003994652070105076,
        "inverse_geometric_mean_rank": 0.0005804062820971012,
        "inverse_harmonic_mean_rank": 0.006271863805836646,
        "inverse_median_rank": 0.0003833620867226273,
        "median_absolute_deviation": 1688.6839268778806,
        "median_rank": 2608.5,
        "standard_deviation": 1407.67431640625,
        "variance": 1981547.125,
        "z_arithmetic_mean_rank": -2503.346923828125,
        "z_hits_at_1": 0.004310344827586207,
        "z_hits_at_10": 0.004310344827586207,
        "z_hits_at_3": 0.004310344827586207,
        "z_hits_at_5": 0.004310344827586207,
        "z_inverse_harmonic_mean_rank": 0.006271863805836646
      }
    },
    "head": {
      "optimistic": {
        "adjusted_arithmetic_mean_rank": 1.245278133811724,
        "adjusted_arithmetic_mean_rank_index": -0.2453824049759179,
        "adjusted_hits_at_1": 0.008409957342274045,
        "adjusted_hits_at_10": 0.006509327314978582,
        "adjusted_hits_at_3": 0.007988223836577572,
        "adjusted_hits_at_5": 0.007566131442994582,
        "adjusted_inverse_harmonic_mean_rank": 0.009191503479228853,
        "arithmetic_mean_rank": 2930.5258620689656,
        "count": 116.0,
        "geometric_mean_rank": 2009.9579619271217,
        "harmonic_mean_rank": 91.137159315581,
        "hits_at_1": 0.008620689655172414,
        "hits_at_10": 0.008620689655172414,
        "hits_at_3": 0.008620689655172414,
        "hits_at_5": 0.008620689655172414,
        "inverse_arithmetic_mean_rank": 0.00034123568501592924,
        "inverse_geometric_mean_rank": 0.0004975228432345983,
        "inverse_harmonic_mean_rank": 0.01097247278179141,
        "inverse_median_rank": 0.0002979737783075089,
        "median_absolute_deviation": 1539.6824039180676,
        "median_rank": 3356.0,
        "standard_deviation": 1438.8917997542828,
        "variance": 2070409.6114001193,
        "z_arithmetic_mean_rank": -2930.5258620689656,
        "z_hits_at_1": 0.008620689655172414,
        "z_hits_at_10": 0.008620689655172414,
        "z_hits_at_3": 0.008620689655172414,
        "z_hits_at_5": 0.008620689655172414,
        "z_inverse_harmonic_mean_rank": 0.01097247278179141
      },
      "pessimistic": {
        "adjusted_arithmetic_mean_rank": 1.2452817970301464,
        "adjusted_arithmetic_mean_rank_index": -0.2453860697516259,
        "adjusted_hits_at_1": 0.008409957342274045,
        "adjusted_hits_at_10": 0.006509327314978582,
        "adjusted_hits_at_3": 0.007988223836577572,
        "adjusted_hits_at_5": 0.007566131442994582,
        "adjusted_inverse_harmonic_mean_rank": 0.009191502446284389,
        "arithmetic_mean_rank": 2930.5344827586205,
        "count": 116.0,
        "geometric_mean_rank": 2009.9639544050099,
        "harmonic_mean_rank": 91.13716787977796,
        "hits_at_1": 0.008620689655172414,
        "hits_at_10": 0.008620689655172414,
        "hits_at_3": 0.008620689655172414,
        "hits_at_5": 0.008620689655172414,
        "inverse_arithmetic_mean_rank": 0.00034123468121032414,
        "inverse_geometric_mean_rank": 0.000497521359927084,
        "inverse_harmonic_mean_rank": 0.010972471750703653,
        "inverse_median_rank": 0.0002979737783075089,
        "median_absolute_deviation": 1539.6824039180676,
        "median_rank": 3356.0,