{
  "losses": [
    0.05942169849172169,
    0.05388846695261557,
    0.04965481247702863,
    0.04694196360849859,
    0.0434231462553893,
    0.041049036173409464,
    0.039544879165832325,
    0.036788641849947755,
    0.035693906458104475,
    0.03310790308110219,
    0.031848734067539214,
    0.030321730324234075,
    0.028698300548392845,
    0.02666198132332675,
    0.02618598682350024,
    0.025075356074610602,
    0.023631272276627948,
    0.02264627457584188,
    0.021241209017398177,
    0.020002079113414003,
    0.019028412233698146,
    0.018192913494773044,
    0.01766941721313984,
    0.016782586699932083,
    0.01609845634225147,
    0.015181794223150039,
    0.014375910156642477,
    0.013840500112542417,
    0.013455160295637996,
    0.012171693892588379
  ],
  "metrics": {
    "both": {
      "optimistic": {
        "adjusted_arithmetic_mean_rank": 0.9520752708170637,
        "adjusted_arithmetic_mean_rank_index": 0.047944909260935975,
        "adjusted_hits_at_1": -0.00021056216689364367,
        "adjusted_hits_at_10": -0.002109619523460065,
        "adjusted_hits_at_3": -0.0006319526313117773,
        "adjusted_hits_at_5": -0.0010536983104662341,
        "adjusted_inverse_harmonic_mean_rank": -0.0008554899386957671,
        "arithmetic_mean_rank": 2261.9913793103447,
        "count": 232.0,
        "geometric_mean_rank": 1725.5704248903537,
        "harmonic_mean_rank": 1077.0396752026957,
        "hits_at_1": 0.0,
        "hits_at_10": 0.0,
        "hits_at_3": 0.0,
        "hits_at_5": 0.0,
        "inverse_arithmetic_mean_rank": 0.00044208833382242536,
        "inverse_geometric_mean_rank": 0.0005795185091118735,
        "inverse_harmonic_mean_rank": 0.0009284709031835833,
        "inverse_median_rank": 0.0004961548002976929,
        "median_absolute_deviation": 1774.6748555512056,
        "median_rank": 2015.5,
        "standard_deviation": 1368.7868968145483,
        "variance": 1873577.568891201,
        "z_arithmetic_mean_rank": -2261.9913793103447,
        "z_hits_at_1": 0.0,
        "z_hits_at_10": 0.0,
        "z_hits_at_3": 0.0,
        "z_hits_at_5": 0.0,
        "z_inverse_harmonic_mean_rank": 0.0009284709031835833
      },
      "pessimistic": {
        "adjusted_arithmetic_mean_rank": 0.9520752708170637,
        "adjusted_arithmetic_mean_rank_index": 0.047944909260935975,
        "adjusted_hits_at_1": -0.00021056216689364367,
        "adjusted_hits_at_10": -0.002109619523460065,
        "adjusted_hits_at_3": -0.0006319526313117773,
        "adjusted_hits_at_5": -0.0010536983104662341,
        "adjusted_inverse_harmonic_mean_rank": -0.0008554899386957671,
        "arithmetic_mean_rank": 2261.9913793103447,
        "count": 232.0,
        "geometric_mean_rank": 1725.5704248903537,
        "harmonic_mean_rank": 1077.0396752026957,
        "hits_at_1": 0.0,
        "hits_at_10": 0.0,
        "hits_at_3": 0.0,
        "hits_at_5": 0.0,
        "inverse_arithmetic_mean_rank": 0.00044208833382242536,
        "inverse_geometric_mean_rank": 0.0005795185091118735,
        "inverse_harmonic_mean_rank": 0.0009284709031835833,
        "inverse_median_rank": 0.0004961548002976929,
        "median_absolute_deviation": 1774.6748555512056,
        "median_rank": 2015.5,
        "standard_deviation": 1368.7868968145483,
        "variance": 1873577.568891201,
        "z_arithmetic_mean_rank": -2261.9913793103447,
        "z_hits_at_1": 0.0,
        "z_hits_at_10": 0.0,
        "z_hits_at_3": 0.0,
        "z_hits_at_5": 0.0,
        "z_inverse_harmonic_mean_rank": 0.0009284709031835833
      },
      "realistic": {
        "adjusted_arithmetic_mean_rank": 0.9520753027078263,
        "adjusted_arithmetic_mean_rank_index": 0.04794487735674491,
        "adjusted_hits_at_1": -0.00021056216689364367,
        "adjusted_hits_at_10": -0.002109619523460065,
        "adjusted_hits_at_3": -0.0006319526313117773,
        "adjusted_hits_at_5": -0.0010536983104662341,
        "adjusted_inverse_harmonic_mean_rank": -0.0008554899127118868,
        "arithmetic_mean_rank": 2261.991455078125,
        "count": 232.0,
        "geometric_mean_rank": 1725.571044921875,
        "harmonic_mean_rank": 1077.039645114745,
        "hits_at_1": 0.0,
        "hits_at_10": 0.0,
        "hits_at_3": 0.0,
        "hits_at_5": 0.0,
        "inverse_arithmetic_mean_rank": 0.00044208831968717277,
        "inverse_geometric_mean_rank": 0.0005795183242298663,
        "inverse_harmonic_mean_rank": 0.000928470929121149,
        "inverse_median_rank": 0.000496154825668782,
        "median_absolute_deviation": 1774.6748555512056,
        "median_rank": 2015.5,
        "standard_deviation": 1368.786865234375,
        "variance": 1873577.5,
        "z_arithmetic_mean_rank": -2261.991455078125,
        "z_hits_at_1": 0.0,
        "z_hits_at_10": 0.0,
        "z_hits_at_3": 0.0,
        "z_hits_at_5": 0.0,
        "z_inverse_harmonic_mean_rank": 0.000928470929121149
      }
    },
    "head": {
      "optimistic": {
        "adjusted_arithmetic_mean_rank": 1.0901151910838294,
        "adjusted_arithmetic_mean_rank_index": -0.09015350031156144,
        "adjusted_hits_at_1": -0.0002125647677931381,
        "adjusted_hits_at_10": -0.0021297220127172553,
        "adjusted_hits_at_3": -0.0006379655213652322,
        "adjusted_hits_at_5": -0.0010637282835880741,
        "adjusted_inverse_harmonic_mean_rank": -0.0011295425731480179,
        "arithmetic_mean_rank": 2565.3793103448274,
        "count": 116.0,
        "geometric_mean_rank": 2086.4233456663983,
        "harmonic_mean_rank": 1492.5847280471899,
        "hits_at_1": 0.0,
        "hits_at_10": 0.0,
        "hits_at_3": 0.0,
        "hits_at_5": 0.0,
        "inverse_arithmetic_mean_rank": 0.00038980590354320126,
        "inverse_geometric_mean_rank": 0.00047928911554649163,
        "inverse_harmonic_mean_rank": 0.000669978716255754,
        "inverse_median_rank": 0.00036913990402362494,
        "median_absolute_deviation": 1859.9244831152776,
        "median_rank": 2709.0,
        "standard_deviation": 1357.4923741144314,
        "variance": 1842785.5457788352,
        "z_arithmetic_mean_rank": -2565.3793103448274,
        "z_hits_at_1": 0.0,
        "z_hits_at_10": 0.0,
        "z_hits_at_3": 0.0,
        "z_hits_at_5": 0.0,
        "z_inverse_harmonic_mean_rank": 0.000669978716255754
      },
      "pessimistic": {
        "adjusted_arithmetic_mean_rank": 1.0901151910838294,
        "adjusted_arithmetic_mean_rank_index": -0.09015350031156144,
        "adjusted_hits_at_1": -0.0002125647677931381,
        "adjusted_hits_at_10": -0.0021297220127172553,
        "adjusted_hits_at_3": -0.0006379655213652322,
        "adjusted_hits_at_5": -0.0010637282835880741,
        "adjusted_inverse_harmonic_mean_rank": -0.0011295425731480179,
        "arithmetic_mean_rank": 2565.3793103448274,
        "count": 116.0,
        "geometric_mean_rank": 2086.4233456663983,
        "harmonic_mean_rank": 1492.5847280471899,
        "hits_at_1": 0.0,
        "hits_at_10": 0.0,
        "hits_at_3": 0.0,
        "hits_at_5": 0.0,
        "inverse_arithmetic_mean_rank": 0.00038980590354320126,
        "inverse_geometric_mean_rank": 0.00047928911554649163,
        "inverse_harmonic_mean_rank": 0.000669978716255754,
        "inverse_median_rank": 0.00036913990402362494,
        "median_absolute_deviation": 1859.9244831152776,
        "median_rank": 2709.0,
        "standard_deviation": 1357.4923741144314,
        "variance": 1842785.5457788352,
        "z_arithmetic_mean_rank": -2565.3793103448274,
        "z_hits_at_1": 0.0,
        "z_hits_at_10": 0.0,
        "z_hits_at_3": 0.0,
        "z_hits_at_5": 0.0,
        "z_inverse_harmonic_mean_rank": 0.000669978716255754
      },
      "realistic": {
        "adjusted_arithmetic_mean_rank": 1.0901152268574468,
        "adjusted_arithmetic_mean_rank_index": -0.09015353610038668,
        "adjusted_hits_at_1": -0.0002125647677931381,
        "adjusted_hits_at_10": -0.0021297220127172553,