{
  "losses": [
    0.058761392743549724,
    0.03633226695444762,
    0.02712536119537234,
    0.021946669213707623,
    0.018390235222432206,
    0.01569996719711926,
    0.013806277258942899,
    0.012219383906014073,
    0.010879693781853468,
    0.009756253258405439,
    0.008887373814417092,
    0.008250835781879837,
    0.007341451267471989,
    0.006846841283106214,
    0.006122538421708528,
    0.00557574691718461,
    0.005125009513075083,
    0.00474664134639163,
    0.004273293862234547,
    0.003954312092754814,
    0.0036246428058259593,
    0.003329903966267061,
    0.003135760888501281,
    0.0028623932636284654,
    0.002666863628370447,
    0.0023884417066286287,
    0.002285354180936605,
    0.002079180808076226,
    0.0019437137332122575,
    0.0017616370343119328
  ],
  "metrics": {
    "both": {
      "optimistic": {
        "adjusted_arithmetic_mean_rank": 1.1957292237110522,
        "adjusted_arithmetic_mean_rank_index": -0.19581172570106697,
        "adjusted_hits_at_1": -0.00021078182213830787,
        "adjusted_hits_at_10": -0.002111824429194074,
        "adjusted_hits_at_3": -0.0006326121526994293,
        "adjusted_hits_at_5": -0.0010547984400402608,
        "adjusted_inverse_harmonic_mean_rank": -0.0006004722654884293,
        "arithmetic_mean_rank": 2837.9655172413795,
        "count": 232.0,
        "geometric_mean_rank": 2189.224288745056,
        "harmonic_mean_rank": 844.1322543744685,
        "hits_at_1": 0.0,
        "hits_at_10": 0.0,
        "hits_at_3": 0.0,
        "hits_at_5": 0.0,
        "inverse_arithmetic_mean_rank": 0.0003523650988444855,
        "inverse_geometric_mean_rank": 0.0004567827997985701,
        "inverse_harmonic_mean_rank": 0.0011846484894017407,
        "inverse_median_rank": 0.0003013863773357444,
        "median_absolute_deviation": 951.0893231713436,
        "median_rank": 3318.0,
        "standard_deviation": 1283.544526120959,
        "variance": 1647486.5505350772,
        "z_arithmetic_mean_rank": -2837.9655172413795,
        "z_hits_at_1": 0.0,
        "z_hits_at_10": 0.0,
        "z_hits_at_3": 0.0,
        "z_hits_at_5": 0.0,
        "z_inverse_harmonic_mean_rank": 0.0011846484894017407
      },
      "pessimistic": {
        "adjusted_arithmetic_mean_rank": 1.1957292237110522,
        "adjusted_arithmetic_mean_rank_index": -0.19581172570106697,
        "adjusted_hits_at_1": -0.00021078182213830787,
        "adjusted_hits_at_10": -0.002111824429194074,
        "adjusted_hits_at_3": -0.0006326121526994293,
        "adjusted_hits_at_5": -0.0010547984400402608,
        "adjusted_inverse_harmonic_mean_rank": -0.0006004722654884293,
        "arithmetic_mean_rank": 2837.9655172413795,
        "count": 232.0,
        "geometric_mean_rank": 2189.224288745056,
        "harmonic_mean_rank": 844.1322543744685,
        "hits_at_1": 0.0,
        "hits_at_10": 0.0,
        "hits_at_3": 0.0,
        "hits_at_5": 0.0,
        "inverse_arithmetic_mean_rank": 0.0003523650988444855,
        "inverse_geometric_mean_rank": 0.0004567827997985701,
        "inverse_harmonic_mean_rank": 0.0011846484894017407,
        "inverse_median_rank": 0.0003013863773357444,
        "median_absolute_deviation": 951.0893231713436,
        "median_rank": 3318.0,
        "standard_deviation": 1283.544526120959,
        "variance": 1647486.5505350772,
        "z_arithmetic_mean_rank": -2837.9655172413795,
        "z_hits_at_1": 0.0,
        "z_hits_at_10": 0.0,
        "z_hits_at_3": 0.0,
        "z_hits_at_5": 0.0,
        "z_inverse_harmonic_mean_rank": 0.0011846484894017407
      },
      "realistic": {
        "adjusted_arithmetic_mean_rank": 1.195729248540429,
        "adjusted_arithmetic_mean_rank_index": -0.19581175054090982,
        "adjusted_hits_at_1": -0.00021078182213830787,
        "adjusted_hits_at_10": -0.002111824429194074,
        "adjusted_hits_at_3": -0.0006326121526994293,
        "adjusted_hits_at_5": -0.0010547984400402608,
        "adjusted_inverse_harmonic_mean_rank": -0.0006004722739967251,
        "arithmetic_mean_rank": 2837.965576171875,
        "count": 232.0,
        "geometric_mean_rank": 2189.225830078125,
        "harmonic_mean_rank": 844.1322604263174,
        "hits_at_1": 0.0,
        "hits_at_10": 0.0,
        "hits_at_3": 0.0,
        "hits_at_5": 0.0,
        "inverse_arithmetic_mean_rank": 0.0003523650811985135,
        "inverse_geometric_mean_rank": 0.0004567824653349817,
        "inverse_harmonic_mean_rank": 0.001184648480908624,
        "inverse_median_rank": 0.0003013863752130419,
        "median_absolute_deviation": 951.0893231713436,
        "median_rank": 3318.0,
        "standard_deviation": 1283.5445556640625,
        "variance": 1647486.625,
        "z_arithmetic_mean_rank": -2837.965576171875,
        "z_hits_at_1": 0.0,
        "z_hits_at_10": 0.0,
        "z_hits_at_3": 0.0,
        "z_hits_at_5": 0.0,
        "z_inverse_harmonic_mean_rank": 0.001184648480908624
      }
    },
    "head": {
      "optimistic": {
        "adjusted_arithmetic_mean_rank": 0.8805337473004367,
        "adjusted_arithmetic_mean_rank_index": 0.11951714466410279,
        "adjusted_hits_at_1": -0.00021300333008983274,
        "adjusted_hits_at_10": -0.0021341244814907815,
        "adjusted_hits_at_3": -0.0006392823287993019,
        "adjusted_hits_at_5": -0.001065924832605045,
        "adjusted_inverse_harmonic_mean_rank": 0.0002859072824062125,
        "arithmetic_mean_rank": 2067.887931034483,
        "count": 116.0,
        "geometric_mean_rank": 1341.618299698385,
        "harmonic_mean_rank": 479.3482981964919,
        "hits_at_1": 0.0,
        "hits_at_10": 0.0,
        "hits_at_3": 0.0,
        "hits_at_5": 0.0,
        "inverse_arithmetic_mean_rank": 0.0004835852006253257,
        "inverse_geometric_mean_rank": 0.0007453684853768127,
        "inverse_harmonic_mean_rank": 0.0020861657457894745,
        "inverse_median_rank": 0.000485319097306479,
        "median_absolute_deviation": 1856.2179775690136,
        "median_rank": 2060.5,
        "standard_deviation": 1370.8510179091732,
        "variance": 1879232.513302616,
        "z_arithmetic_mean_rank": -2067.887931034483,
        "z_hits_at_1": 0.0,
        "z_hits_at_10": 0.0,
        "z_hits_at_3": 0.0,
        "z_hits_at_5": 0.0,
        "z_inverse_harmonic_mean_rank": 0.0020861657457894745
      },
      "pessimistic": {
        "adjusted_arithmetic_mean_rank": 0.8805337473004367,
        "adjusted_arithmetic_mean_rank_index": 0.11951714466410279,
        "adjusted_hits_at_1": -0.00021300333008983274,
        "adjusted_hits_at_10": -0.0021341244814907815,
        "adjusted_hits_at_3": -0.0006392823287993019,
        "adjusted_hits_at_5": -0.001065924832605045,
        "adjusted_inverse_harmonic_mean_rank": 0.0002859072824062125,
        "arithmetic_mean_rank": 2067.887931034483,
        "count": 116.0,
        "geometric_mean_rank": 1341.618299698385,
        "harmonic_mean_rank": 479.3482981964919,
        "hits_at_1": 0.0,
        "hits_at_10": 0.0,
        "hits_at_3": 0.0,
        "hits_at_5": 0.0,
        "inverse_arithmetic_mean_rank": 0.0004835852006253257,
        "inverse_geometric_mean_rank": 0.0007453684853768127,
        "inverse_harmonic_mean_rank": 0.0020861657457894745,
        "inverse_median_rank": 0.000485319097306479,
        "median_absolute_deviation": 1856.2179775690136,
        "median_rank": 2060.5,
        "standard_deviation": 1370.8510179091732,
        "variance": 1879232.513302616,
        "z_arithmetic_mean_rank": -2067.887931034483,
        "z_hits_at_1": 0.0,
        "z_hits_at_10": 0.0,
        "z_hits_at_3": 0.0,
        "z_hits_at_5": 0.0,
        "z_inverse_harmonic_mean_rank": 0.0020861657457894745
      },
      "realistic": {
        "adjusted_arithmetic_mean_rank": 0.8805337508852047,
        "adjusted_arithmetic_mean_rank_index": 0.11951714107780764,
        "adjusted_hits_at_1": -0.00021300333008983274,
        "adjusted_hits_at_10": -0.0021341244814907815,