{
  "losses": [
    0.0039084548907397446,
    0.0035071827964490887,
    0.0019367323170353954,
    0.0011794160932354536,
    0.0009176862985927954,
    0.0007828185275896264,
    0.0006620671096770679,
    0.000558416236883818,
    0.0004852449016631077,
    0.0004427486170157561,
    0.0003902122919605867,
    0.00036406191938268543,
    0.0003444474563204548,
    0.0003015343480193179,
    0.0002801960927611711,
    0.0002820879913465739,
    0.0002568511445043633,
    0.00024425429000020653,
    0.00023649338919831632,
    0.00021055355151046738,
    0.0002263242431677477,
    0.00020913346573233813,
    0.0001984657163776466,
    0.0001897878861172028,
    0.0001863926253249276,
    0.00018899250073423155,
    0.0001779039645698026,
    0.00018326442909290272,
    0.00016965319089868415,
    0.00017388340804503055
  ],
  "metrics": {
    "both": {
      "optimistic": {
        "adjusted_arithmetic_mean_rank": 0.6376263659436119,
        "adjusted_arithmetic_mean_rank_index": 0.36252624676962053,
        "adjusted_hits_at_1": 0.004100655429988402,
        "adjusted_hits_at_10": 0.01516778749103219,
        "adjusted_hits_at_3": 0.003681011563216705,
        "adjusted_hits_at_5": 0.007575901280942719,
        "adjusted_inverse_harmonic_mean_rank": 0.010185763062594689,
        "arithmetic_mean_rank": 1514.6594827586207,
        "count": 232.0,
        "geometric_mean_rank": 596.3153489434076,
        "harmonic_mean_rank": 83.67992314636756,
        "hits_at_1": 0.004310344827586207,
        "hits_at_10": 0.017241379310344827,
        "hits_at_3": 0.004310344827586207,
        "hits_at_5": 0.008620689655172414,
        "inverse_arithmetic_mean_rank": 0.0006602143989345505,
        "inverse_geometric_mean_rank": 0.0016769650517496632,
        "inverse_harmonic_mean_rank": 0.011950297782311105,
        "inverse_median_rank": 0.001145475372279496,
        "median_absolute_deviation": 1166.8079459639087,
        "median_rank": 873.0,
        "standard_deviation": 1560.341695694847,
        "variance": 2434666.20732387,
        "z_arithmetic_mean_rank": -1514.6594827586207,
        "z_hits_at_1": 0.004310344827586207,
        "z_hits_at_10": 0.017241379310344827,
        "z_hits_at_3": 0.004310344827586207,
        "z_hits_at_5": 0.008620689655172414,
        "z_inverse_harmonic_mean_rank": 0.011950297782311105
      },
      "pessimistic": {
        "adjusted_arithmetic_mean_rank": 0.6376263659436119,
        "adjusted_arithmetic_mean_rank_index": 0.36252624676962053,
        "adjusted_hits_at_1": 0.004100655429988402,
        "adjusted_hits_at_10": 0.01516778749103219,
        "adjusted_hits_at_3": 0.003681011563216705,
        "adjusted_hits_at_5": 0.007575901280942719,
        "adjusted_inverse_harmonic_mean_rank": 0.010185763062594689,
        "arithmetic_mean_rank": 1514.6594827586207,
        "count": 232.0,
        "geometric_mean_rank": 596.3153489434076,
        "harmonic_mean_rank": 83.67992314636756,
        "hits_at_1": 0.004310344827586207,
        "hits_at_10": 0.017241379310344827,
        "hits_at_3": 0.004310344827586207,
        "hits_at_5": 0.008620689655172414,
        "inverse_arithmetic_mean_rank": 0.0006602143989345505,
        "inverse_geometric_mean_rank": 0.0016769650517496632,
        "inverse_harmonic_mean_rank": 0.011950297782311105,
        "inverse_median_rank": 0.001145475372279496,
        "median_absolute_deviation": 1166.8079459639087,
        "median_rank": 873.0,
        "standard_deviation": 1560.341695694847,
        "variance": 2434666.20732387,
        "z_arithmetic_mean_rank": -1514.6594827586207,
        "z_hits_at_1": 0.004310344827586207,
        "z_hits_at_10": 0.017241379310344827,
        "z_hits_at_3": 0.004310344827586207,
        "z_hits_at_5": 0.008620689655172414,
        "z_inverse_harmonic_mean_rank": 0.011950297782311105
      },
      "realistic": {
        "adjusted_arithmetic_mean_rank": 0.6376263411356347,
        "adjusted_arithmetic_mean_rank_index": 0.3625262715880455,
        "adjusted_hits_at_1": 0.004100655429988402,
        "adjusted_hits_at_10": 0.01516778749103219,
        "adjusted_hits_at_3": 0.003681011563216705,
        "adjusted_hits_at_5": 0.007575901280942719,
        "adjusted_inverse_harmonic_mean_rank": 0.010185762882253856,
        "arithmetic_mean_rank": 1514.659423828125,
        "count": 232.0,
        "geometric_mean_rank": 596.3152465820312,
        "harmonic_mean_rank": 83.67992440692232,
        "hits_at_1": 0.004310344827586207,
        "hits_at_10": 0.017241379310344827,
        "hits_at_3": 0.004310344827586207,
        "hits_at_5": 0.008620689655172414,
        "inverse_arithmetic_mean_rank": 0.00066021439852193,
        "inverse_geometric_mean_rank": 0.001676965388469398,
        "inverse_harmonic_mean_rank": 0.011950297602291765,
        "inverse_median_rank": 0.001145475427620113,
        "median_absolute_deviation": 1166.8079459639087,
        "median_rank": 873.0,
        "standard_deviation": 1560.3416748046875,
        "variance": 2434666.25,
        "z_arithmetic_mean_rank": -1514.659423828125,
        "z_hits_at_1": 0.004310344827586207,
        "z_hits_at_10": 0.017241379310344827,
        "z_hits_at_3": 0.004310344827586207,
        "z_hits_at_5": 0.008620689655172414,
        "z_inverse_harmonic_mean_rank": 0.011950297602291765
      }
    },
    "head": {
      "optimistic": {
        "adjusted_arithmetic_mean_rank": 0.6334120887470844,
        "adjusted_arithmetic_mean_rank_index": 0.3667438037363041,
        "adjusted_hits_at_1": 0.00840988873459945,
        "adjusted_hits_at_10": 0.023786749238160224,
        "adjusted_hits_at_3": 0.007988017838410705,
        "adjusted_hits_at_5": 0.016195650535043474,
        "adjusted_inverse_harmonic_mean_rank": 0.014986456997670851,
        "arithmetic_mean_rank": 1490.1293103448277,
        "count": 116.0,
        "geometric_mean_rank": 576.1512074567928,
        "harmonic_mean_rank": 59.674704133600805,
        "hits_at_1": 0.008620689655172414,
        "hits_at_10": 0.02586206896551724,
        "hits_at_3": 0.008620689655172414,
        "hits_at_5": 0.017241379310344827,
        "inverse_arithmetic_mean_rank": 0.0006710826993723062,
        "inverse_geometric_mean_rank": 0.0017356554790783681,
        "inverse_harmonic_mean_rank": 0.016757519195422937,
        "inverse_median_rank": 0.0011185682326621924,
        "median_absolute_deviation": 1197.9425925525263,
        "median_rank": 894.0,
        "standard_deviation": 1544.8913282290944,
        "variance": 2386689.2160374555,
        "z_arithmetic_mean_rank": -1490.1293103448277,
        "z_hits_at_1": 0.008620689655172414,
        "z_hits_at_10": 0.02586206896551724,
        "z_hits_at_3": 0.008620689655172414,
        "z_hits_at_5": 0.017241379310344827,
        "z_inverse_harmonic_mean_rank": 0.016757519195422937
      },
      "pessimistic": {
        "adjusted_arithmetic_mean_rank": 0.6334120887470844,
        "adjusted_arithmetic_mean_rank_index": 0.3667438037363041,
        "adjusted_hits_at_1": 0.00840988873459945,
        "adjusted_hits_at_10": 0.023786749238160224,
        "adjusted_hits_at_3": 0.007988017838410705,
        "adjusted_hits_at_5": 0.016195650535043474,
        "adjusted_inverse_harmonic_mean_rank": 0.014986456997670851,
        "arithmetic_mean_rank": 1490.1293103448277,
        "count": 116.0,
        "geometric_mean_rank": 576.1512074567928,
        "harmonic_mean_rank": 59.674704133600805,
        "hits_at_1": 0.008620689655172414,
        "hits_at_10": 0.02586206896551724,
        "hits_at_3": 0.008620689655172414,
        "hits_at_5": 0.017241379310344827,
        "inverse_arithmetic_mean_rank": 0.0006710826993723062,
        "inverse_geometric_mean_rank": 0.0017356554790783681,
        "inverse_harmonic_mean_rank": 0.016757519195422937,
        "inverse_median_rank": 0.0011185682326621924,
        "median_absolute_deviation": 1197.9425925525263,
        "median_rank": 894.0,