{
  "losses": [
    0.003919919964980091,
    0.0038577484356395507,
    0.0037974053553433084,
    0.0037329693018948486,
    0.0036675771900878083,
    0.003597044526837718,
    0.003546935532812713,
    0.003490546749094999,
    0.0034322907971902094,
    0.003383593637249167,
    0.003322277731309777,
    0.0032533119725977095,
    0.003211506432305258,
    0.00314665730046505,
    0.0030918753755343233,
    0.0030366398075906405,
    0.0029700537861330626,
    0.0029337626036071867,
    0.0028481049843850133,
    0.0028102820798953064,
    0.002787468882326864,
    0.002692218940162234,
    0.0026790921310797977,
    0.002612332864437008,
    0.0026002514973425535,
    0.002563255252295837,
    0.0025280710767747465,
    0.002461821898215722,
    0.002460047664588334,
    0.0024681946045159936
  ],
  "metrics": {
    "both": {
      "optimistic": {
        "adjusted_arithmetic_mean_rank": 1.0859468292114625,
        "adjusted_arithmetic_mean_rank_index": -0.08598302549498582,
        "adjusted_hits_at_1": 0.004100655429988402,
        "adjusted_hits_at_10": 0.002209468905387875,
        "adjusted_hits_at_3": 0.003681011563216705,
        "adjusted_hits_at_5": 0.0032610138952076867,
        "adjusted_inverse_harmonic_mean_rank": 0.003962699211208723,
        "arithmetic_mean_rank": 2579.6293103448274,
        "count": 232.0,
        "geometric_mean_rank": 1861.2638456074767,
        "harmonic_mean_rank": 174.26679774071295,
        "hits_at_1": 0.004310344827586207,
        "hits_at_10": 0.004310344827586207,
        "hits_at_3": 0.004310344827586207,
        "hits_at_5": 0.004310344827586207,
        "inverse_arithmetic_mean_rank": 0.000387652596436938,
        "inverse_geometric_mean_rank": 0.000537269341130742,
        "inverse_harmonic_mean_rank": 0.005738327742085868,
        "inverse_median_rank": 0.00036744442403086535,
        "median_absolute_deviation": 1598.9864926582918,
        "median_rank": 2721.5,
        "standard_deviation": 1375.6053622275467,
        "variance": 1892290.1125891798,
        "z_arithmetic_mean_rank": -2579.6293103448274,
        "z_hits_at_1": 0.004310344827586207,
        "z_hits_at_10": 0.004310344827586207,
        "z_hits_at_3": 0.004310344827586207,
        "z_hits_at_5": 0.004310344827586207,
        "z_inverse_harmonic_mean_rank": 0.005738327742085868
      },
      "pessimistic": {
        "adjusted_arithmetic_mean_rank": 1.0859486437377899,
        "adjusted_arithmetic_mean_rank_index": -0.08598484078549617,
        "adjusted_hits_at_1": 0.004100655429988402,
        "adjusted_hits_at_10": 0.002209468905387875,
        "adjusted_hits_at_3": 0.003681011563216705,
        "adjusted_hits_at_5": 0.0032610138952076867,
        "adjusted_inverse_harmonic_mean_rank": 0.003962698759114003,
        "arithmetic_mean_rank": 2579.6336206896553,
        "count": 232.0,
        "geometric_mean_rank": 1861.2664415287347,
        "harmonic_mean_rank": 174.26681144586524,
        "hits_at_1": 0.004310344827586207,
        "hits_at_10": 0.004310344827586207,
        "hits_at_3": 0.004310344827586207,
        "hits_at_5": 0.004310344827586207,
        "inverse_arithmetic_mean_rank": 0.0003876519487029533,
        "inverse_geometric_mean_rank": 0.0005372685917974532,
        "inverse_harmonic_mean_rank": 0.005738327290797094,
        "inverse_median_rank": 0.00036744442403086535,
        "median_absolute_deviation": 1598.9864926582918,
        "median_rank": 2721.5,
        "standard_deviation": 1375.6069629906174,
        "variance": 1892294.51662827,
        "z_arithmetic_mean_rank": -2579.6336206896553,
        "z_hits_at_1": 0.004310344827586207,
        "z_hits_at_10": 0.004310344827586207,
        "z_hits_at_3": 0.004310344827586207,
        "z_hits_at_5": 0.004310344827586207,
        "z_inverse_harmonic_mean_rank": 0.005738327290797094
      },
      "realistic": {
        "adjusted_arithmetic_mean_rank": 1.085947686858672,
        "adjusted_arithmetic_mean_rank_index": -0.08598388350339103,
        "adjusted_hits_at_1": 0.004100655429988402,
        "adjusted_hits_at_10": 0.002209468905387875,
        "adjusted_hits_at_3": 0.003681011563216705,
        "adjusted_hits_at_5": 0.0032610138952076867,
        "adjusted_inverse_harmonic_mean_rank": 0.003962699198390934,
        "arithmetic_mean_rank": 2579.63134765625,
        "count": 232.0,
        "geometric_mean_rank": 1861.26513671875,
        "harmonic_mean_rank": 174.26679812928137,
        "hits_at_1": 0.004310344827586207,
        "hits_at_10": 0.004310344827586207,
        "hits_at_3": 0.004310344827586207,
        "hits_at_5": 0.004310344827586207,
        "inverse_arithmetic_mean_rank": 0.0003876522823702544,
        "inverse_geometric_mean_rank": 0.0005372689920477569,
        "inverse_harmonic_mean_rank": 0.005738327729290929,
        "inverse_median_rank": 0.0003674444160424173,
        "median_absolute_deviation": 1598.9864926582918,
        "median_rank": 2721.5,
        "standard_deviation": 1375.6060791015625,
        "variance": 1892292.25,
        "z_arithmetic_mean_rank": -2579.63134765625,
        "z_hits_at_1": 0.004310344827586207,
        "z_hits_at_10": 0.004310344827586207,
        "z_hits_at_3": 0.004310344827586207,
        "z_hits_at_5": 0.004310344827586207,
        "z_inverse_harmonic_mean_rank": 0.005738327729290929
      }
    },
    "head": {
      "optimistic": {
        "adjusted_arithmetic_mean_rank": 1.247197582097279,
        "adjusted_arithmetic_mean_rank_index": -0.24730270352594008,
        "adjusted_hits_at_1": 0.00840988873459945,
        "adjusted_hits_at_10": 0.006508638605207308,
        "adjusted_hits_at_3": 0.007988017838410705,
        "adjusted_hits_at_5": 0.007565787820438593,
        "adjusted_inverse_harmonic_mean_rank": 0.00861934522738707,
        "arithmetic_mean_rank": 2934.0862068965516,
        "count": 116.0,
        "geometric_mean_rank": 2039.58700510427,
        "harmonic_mean_rank": 96.1366936776497,
        "hits_at_1": 0.008620689655172414,
        "hits_at_10": 0.008620689655172414,
        "hits_at_3": 0.008620689655172414,
        "hits_at_5": 0.008620689655172414,
        "inverse_arithmetic_mean_rank": 0.0003408216151418817,
        "inverse_geometric_mean_rank": 0.000490295337976463,
        "inverse_harmonic_mean_rank": 0.010401855542827812,
        "inverse_median_rank": 0.00030432136335970786,
        "median_absolute_deviation": 1610.1060092970838,
        "median_rank": 3286.0,
        "standard_deviation": 1433.671147120431,
        "variance": 2055412.9580856122,
        "z_arithmetic_mean_rank": -2934.0862068965516,
        "z_hits_at_1": 0.008620689655172414,
        "z_hits_at_10": 0.008620689655172414,
        "z_hits_at_3": 0.008620689655172414,
        "z_hits_at_5": 0.008620689655172414,
        "z_inverse_harmonic_mean_rank": 0.010401855542827812
      },
      "pessimistic": {
        "adjusted_arithmetic_mean_rank": 1.247197582097279,
        "adjusted_arithmetic_mean_rank_index": -0.24730270352594008,
        "adjusted_hits_at_1": 0.00840988873459945,
        "adjusted_hits_at_10": 0.006508638605207308,
        "adjusted_hits_at_3": 0.007988017838410705,
        "adjusted_hits_at_5": 0.007565787820438593,
        "adjusted_inverse_harmonic_mean_rank": 0.00861934522738707,
        "arithmetic_mean_rank": 2934.0862068965516,
        "count": 116.0,
        "geometric_mean_rank": 2039.58700510427,
        "harmonic_mean_rank": 96.1366936776497,
        "hits_at_1": 0.008620689655172414,
        "hits_at_10": 0.008620689655172414,
        "hits_at_3": 0.008620689655172414,
        "hits_at_5": 0.008620689655172414,
        "inverse_arithmetic_mean_rank": 0.0003408216151418817,
        "inverse_geometric_mean_rank": 0.000490295337976463,
        "inverse_harmonic_mean_rank": 0.010401855542827812,
        "inverse_median_rank": 0.00030432136335970786,
        "median_absolute_deviation": 1610.1060092970838,
        "median_rank": 3286.0,