{
  "losses": [
    0.003913406987957449,
    0.0037301578052675397,
    0.003509157774326464,
    0.003270587187403333,
    0.0030206858655801917,
    0.002770196367520811,
    0.0026057032560499365,
    0.0025093856112625677,
    0.0024545348901991657,
    0.0023814729125907165,
    0.0023677636899041036,
    0.002366799133009641,
    0.002326355106995326,
    0.00231881202268971,
    0.002324916269325232,
    0.002328505696147962,
    0.0022870067889184434,
    0.0022841523508086033,
    0.002318438334850208,
    0.0022686515150425785,
    0.002285730285132106,
    0.002278640481206525,
    0.0022861466451722682,
    0.0022546503387454848,
    0.002274477297294198,
    0.0022687723130951744,
    0.002257483905715028,
    0.0022869666012918567,
    0.00225931512297697,
    0.0022713821750471055
  ],
  "metrics": {
    "both": {
      "optimistic": {
        "adjusted_arithmetic_mean_rank": 0.6544179925765531,
        "adjusted_arithmetic_mean_rank_index": 0.34572754838680786,
        "adjusted_hits_at_1": -0.00021059714390775285,
        "adjusted_hits_at_10": -0.0021099706231602297,
        "adjusted_hits_at_3": -0.0006320576507953436,
        "adjusted_hits_at_5": -0.0010538734905273447,
        "adjusted_inverse_harmonic_mean_rank": 0.00122518259403069,
        "arithmetic_mean_rank": 1554.5474137931035,
        "count": 232.0,
        "geometric_mean_rank": 921.9958632640099,
        "harmonic_mean_rank": 332.7021667047049,
        "hits_at_1": 0.0,
        "hits_at_10": 0.0,
        "hits_at_3": 0.0,
        "hits_at_5": 0.0,
        "inverse_arithmetic_mean_rank": 0.0006432740430605426,
        "inverse_geometric_mean_rank": 0.0010846035647707173,
        "inverse_harmonic_mean_rank": 0.00300569127608828,
        "inverse_median_rank": 0.0008329862557267805,
        "median_absolute_deviation": 1361.7701376973953,
        "median_rank": 1200.5,
        "standard_deviation": 1291.8681265410266,
        "variance": 1668923.2563726217,
        "z_arithmetic_mean_rank": -1554.5474137931035,
        "z_hits_at_1": 0.0,
        "z_hits_at_10": 0.0,
        "z_hits_at_3": 0.0,
        "z_hits_at_5": 0.0,
        "z_inverse_harmonic_mean_rank": 0.00300569127608828
      },
      "pessimistic": {
        "adjusted_arithmetic_mean_rank": 0.6544179925765531,
        "adjusted_arithmetic_mean_rank_index": 0.34572754838680786,
        "adjusted_hits_at_1": -0.00021059714390775285,
        "adjusted_hits_at_10": -0.0021099706231602297,
        "adjusted_hits_at_3": -0.0006320576507953436,
        "adjusted_hits_at_5": -0.0010538734905273447,
        "adjusted_inverse_harmonic_mean_rank": 0.00122518259403069,
        "arithmetic_mean_rank": 1554.5474137931035,
        "count": 232.0,
        "geometric_mean_rank": 921.9958632640099,
        "harmonic_mean_rank": 332.7021667047049,
        "hits_at_1": 0.0,
        "hits_at_10": 0.0,
        "hits_at_3": 0.0,
        "hits_at_5": 0.0,
        "inverse_arithmetic_mean_rank": 0.0006432740430605426,
        "inverse_geometric_mean_rank": 0.0010846035647707173,
        "inverse_harmonic_mean_rank": 0.00300569127608828,
        "inverse_median_rank": 0.0008329862557267805,
        "median_absolute_deviation": 1361.7701376973953,
        "median_rank": 1200.5,
        "standard_deviation": 1291.8681265410266,
        "variance": 1668923.2563726217,
        "z_arithmetic_mean_rank": -1554.5474137931035,
        "z_hits_at_1": 0.0,
        "z_hits_at_10": 0.0,
        "z_hits_at_3": 0.0,
        "z_hits_at_5": 0.0,
        "z_inverse_harmonic_mean_rank": 0.00300569127608828
      },
      "realistic": {
        "adjusted_arithmetic_mean_rank": 0.6544179713125726,
        "adjusted_arithmetic_mean_rank_index": 0.3457275696597435,
        "adjusted_hits_at_1": -0.00021059714390775285,
        "adjusted_hits_at_10": -0.0021099706231602297,
        "adjusted_hits_at_3": -0.0006320576507953436,
        "adjusted_hits_at_5": -0.0010538734905273447,
        "adjusted_inverse_harmonic_mean_rank": 0.0012251827046419605,
        "arithmetic_mean_rank": 1554.54736328125,
        "count": 232.0,
        "geometric_mean_rank": 921.9951782226562,
        "harmonic_mean_rank": 332.7021544828895,
        "hits_at_1": 0.0,
        "hits_at_10": 0.0,
        "hits_at_3": 0.0,
        "hits_at_5": 0.0,
        "inverse_arithmetic_mean_rank": 0.0006432740483433008,
        "inverse_geometric_mean_rank": 0.0010846044169738889,
        "inverse_harmonic_mean_rank": 0.0030056913865023644,
        "inverse_median_rank": 0.0008329862612299621,
        "median_absolute_deviation": 1361.7701376973953,
        "median_rank": 1200.5,
        "standard_deviation": 1291.8681640625,
        "variance": 1668923.25,
        "z_arithmetic_mean_rank": -1554.54736328125,
        "z_hits_at_1": 0.0,
        "z_hits_at_10": 0.0,
        "z_hits_at_3": 0.0,
        "z_hits_at_5": 0.0,
        "z_inverse_harmonic_mean_rank": 0.0030056913865023644
      }
    },
    "head": {
      "optimistic": {
        "adjusted_arithmetic_mean_rank": 0.6022242707069557,
        "adjusted_arithmetic_mean_rank_index": 0.3979448844789293,
        "adjusted_hits_at_1": -0.0002126339720562082,
        "adjusted_hits_at_10": -0.0021304167112691503,
        "adjusted_hits_at_3": -0.0006381733108205046,
        "adjusted_hits_at_5": -0.0010640748941662885,
        "adjusted_inverse_harmonic_mean_rank": 0.002230909097578449,
        "arithmetic_mean_rank": 1416.7586206896551,
        "count": 116.0,
        "geometric_mean_rank": 780.8125159900659,
        "harmonic_mean_rank": 248.4530152463345,
        "hits_at_1": 0.0,
        "hits_at_10": 0.0,
        "hits_at_3": 0.0,
        "hits_at_5": 0.0,
        "inverse_arithmetic_mean_rank": 0.0007058365379934771,
        "inverse_geometric_mean_rank": 0.0012807171754054244,
        "inverse_harmonic_mean_rank": 0.004024905872076163,
        "inverse_median_rank": 0.001037344398340249,
        "median_absolute_deviation": 1140.1211060308078,
        "median_rank": 964.0,
        "standard_deviation": 1263.3345218705224,
        "variance": 1596014.1141498217,
        "z_arithmetic_mean_rank": -1416.7586206896551,
        "z_hits_at_1": 0.0,
        "z_hits_at_10": 0.0,
        "z_hits_at_3": 0.0,
        "z_hits_at_5": 0.0,
        "z_inverse_harmonic_mean_rank": 0.004024905872076163
      },
      "pessimistic": {
        "adjusted_arithmetic_mean_rank": 0.6022242707069557,
        "adjusted_arithmetic_mean_rank_index": 0.3979448844789293,
        "adjusted_hits_at_1": -0.0002126339720562082,
        "adjusted_hits_at_10": -0.0021304167112691503,
        "adjusted_hits_at_3": -0.0006381733108205046,
        "adjusted_hits_at_5": -0.0010640748941662885,
        "adjusted_inverse_harmonic_mean_rank": 0.002230909097578449,
        "arithmetic_mean_rank": 1416.7586206896551,
        "count": 116.0,
        "geometric_mean_rank": 780.8125159900659,
        "harmonic_mean_rank": 248.4530152463345,
        "hits_at_1": 0.0,
        "hits_at_10": 0.0,
        "hits_at_3": 0.0,
        "hits_at_5": 0.0,
        "inverse_arithmetic_mean_rank": 0.0007058365379934771,
        "inverse_geometric_mean_rank": 0.0012807171754054244,
        "inverse_harmonic_mean_rank": 0.004024905872076163,
        "inverse_median_rank": 0.001037344398340249,
        "median_absolute_deviation": 1140.1211060308078,
        "median_rank": 964.0,
        "standard_deviation": 1263.3345218705224,
        "variance": 1596014.1141498217,
        "z_arithmetic_mean_rank": -1416.7586206896551,
        "z_hits_at_1": 0.0,
        "z_hits_at_10": 0.0,
        "z_hits_at_3": 0.0,
        "z_hits_at_5": 0.0,
        "z_inverse_harmonic_mean_rank": 0.004024905872076163
      },
      "realistic": {
        "adjusted_arithmetic_mean_rank": 0.6022242903888608,
        "adjusted_arithmetic_mean_rank_index": 0.3979448647886543,
        "adjusted_hits_at_1": -0.0002126339720562082,
        "adjusted_hits_at_10": -0.0021304167112691503,