{
  "losses": [
    0.003944078605736536,
    0.003901881064170917,
    0.0038151332922168085,
    0.0036364696668105224,
    0.003399102093895136,
    0.0031355833555887433,
    0.0029824918154501673,
    0.002918862222107353,
    0.0028339801339433714,
    0.0028065065329618893,
    0.002736221400191566,
    0.0027221615620751627,
    0.002669249115113568,
    0.002646081547412576,
    0.0026208279999198375,
    0.0026055945292225474,
    0.002571599216161112,
    0.0025512927508769007,
    0.0025148700733247115,
    0.002501435227715471,
    0.0024497873877995843,
    0.0024590434674286584,
    0.002431347778452038,
    0.0024206727657721176,
    0.0023918914227523485,
    0.0023968264854921434,
    0.0023760218460093688,
    0.0023545203713701292,
    0.0023598596736769876,
    0.0023180364958485496
  ],
  "metrics": {
    "both": {
      "optimistic": {
        "adjusted_arithmetic_mean_rank": 1.265790448204527,
        "adjusted_arithmetic_mean_rank_index": -0.26591272547196154,
        "adjusted_hits_at_1": -0.00023005774985504658,
        "adjusted_hits_at_10": -0.0023053507728533285,
        "adjusted_hits_at_3": -0.0006904909551560167,
        "adjusted_hits_at_5": -0.001151348255631193,
        "adjusted_inverse_harmonic_mean_rank": -0.0006498647147351816,
        "arithmetic_mean_rank": 2752.676724137931,
        "count": 232.0,
        "geometric_mean_rank": 1814.8150873278373,
        "harmonic_mean_rank": 782.2037418721336,
        "hits_at_1": 0.0,
        "hits_at_10": 0.0,
        "hits_at_3": 0.0,
        "hits_at_5": 0.0,
        "inverse_arithmetic_mean_rank": 0.00036328276082371234,
        "inverse_geometric_mean_rank": 0.0005510203254219227,
        "inverse_harmonic_mean_rank": 0.0012784392946095999,
        "inverse_median_rank": 0.00026705835224996664,
        "median_absolute_deviation": 806.5356068670475,
        "median_rank": 3744.5,
        "standard_deviation": 1669.5872021745768,
        "variance": 2787521.425665131,
        "z_arithmetic_mean_rank": -2752.676724137931,
        "z_hits_at_1": 0.0,
        "z_hits_at_10": 0.0,
        "z_hits_at_3": 0.0,
        "z_hits_at_5": 0.0,
        "z_inverse_harmonic_mean_rank": 0.0012784392946095999
      },
      "pessimistic": {
        "adjusted_arithmetic_mean_rank": 1.26579243027284,
        "adjusted_arithmetic_mean_rank_index": -0.26591470845212806,
        "adjusted_hits_at_1": -0.00023005774985504658,
        "adjusted_hits_at_10": -0.0023053507728533285,
        "adjusted_hits_at_3": -0.0006904909551560167,
        "adjusted_hits_at_5": -0.001151348255631193,
        "adjusted_inverse_harmonic_mean_rank": -0.0006498650669774571,
        "arithmetic_mean_rank": 2752.6810344827586,
        "count": 232.0,
        "geometric_mean_rank": 1814.8173213657333,
        "harmonic_mean_rank": 782.2039569737433,
        "hits_at_1": 0.0,
        "hits_at_10": 0.0,
        "hits_at_3": 0.0,
        "hits_at_5": 0.0,
        "inverse_arithmetic_mean_rank": 0.0003632821919695845,
        "inverse_geometric_mean_rank": 0.0005510196471165781,
        "inverse_harmonic_mean_rank": 0.0012784389430461134,
        "inverse_median_rank": 0.00026705835224996664,
        "median_absolute_deviation": 806.5356068670475,
        "median_rank": 3744.5,
        "standard_deviation": 1669.5891353921836,
        "variance": 2787527.8810196193,
        "z_arithmetic_mean_rank": -2752.6810344827586,
        "z_hits_at_1": 0.0,
        "z_hits_at_10": 0.0,
        "z_hits_at_3": 0.0,
        "z_hits_at_5": 0.0,
        "z_inverse_harmonic_mean_rank": 0.0012784389430461134
      },
      "realistic": {
        "adjusted_arithmetic_mean_rank": 1.265791474079728,
        "adjusted_arithmetic_mean_rank_index": -0.26591375181911814,
        "adjusted_hits_at_1": -0.00023005774985504658,
        "adjusted_hits_at_10": -0.0023053507728533285,
        "adjusted_hits_at_3": -0.0006904909551560167,
        "adjusted_hits_at_5": -0.001151348255631193,
        "adjusted_inverse_harmonic_mean_rank": -0.0006498649226587503,
        "arithmetic_mean_rank": 2752.678955078125,
        "count": 232.0,
        "geometric_mean_rank": 1814.8150634765625,
        "harmonic_mean_rank": 782.2038688435179,
        "hits_at_1": 0.0,
        "hits_at_10": 0.0,
        "hits_at_3": 0.0,
        "hits_at_5": 0.0,
        "inverse_arithmetic_mean_rank": 0.00036328245187178254,
        "inverse_geometric_mean_rank": 0.0005510203191079199,
        "inverse_harmonic_mean_rank": 0.0012784390870867106,
        "inverse_median_rank": 0.0002670583489816636,
        "median_absolute_deviation": 806.5356068670475,
        "median_rank": 3744.5,
        "standard_deviation": 1669.5882568359375,
        "variance": 2787524.75,
        "z_arithmetic_mean_rank": -2752.678955078125,
        "z_hits_at_1": 0.0,
        "z_hits_at_10": 0.0,
        "z_hits_at_3": 0.0,
        "z_hits_at_5": 0.0,
        "z_inverse_harmonic_mean_rank": 0.0012784390870867106
      }
    },
    "head": {
      "optimistic": {
        "adjusted_arithmetic_mean_rank": 1.6613216294712347,
        "adjusted_arithmetic_mean_rank_index": -0.6616292271092135,
        "adjusted_hits_at_1": -0.00023257217403122084,
        "adjusted_hits_at_10": -0.0023306000347641494,
        "adjusted_hits_at_3": -0.0006980412120181476,
        "adjusted_hits_at_5": -0.0011639436737987652,
        "adjusted_inverse_harmonic_mean_rank": -0.0012321646151616985,
        "arithmetic_mean_rank": 3573.4310344827586,
        "count": 116.0,
        "geometric_mean_rank": 3080.170896778166,
        "harmonic_mean_rank": 1396.6696965523756,
        "hits_at_1": 0.0,
        "hits_at_10": 0.0,
        "hits_at_3": 0.0,
        "hits_at_5": 0.0,
        "inverse_arithmetic_mean_rank": 0.00027984309487163404,
        "inverse_geometric_mean_rank": 0.0003246573107505145,
        "inverse_harmonic_mean_rank": 0.0007159889002163223,
        "inverse_median_rank": 0.00023880597014925374,
        "median_absolute_deviation": 149.001522959813,
        "median_rank": 4187.5,
        "standard_deviation": 1173.6799938664617,
        "variance": 1377524.7280023778,
        "z_arithmetic_mean_rank": -3573.4310344827586,
        "z_hits_at_1": 0.0,
        "z_hits_at_10": 0.0,
        "z_hits_at_3": 0.0,
        "z_hits_at_5": 0.0,
        "z_inverse_harmonic_mean_rank": 0.0007159889002163223
      },
      "pessimistic": {
        "adjusted_arithmetic_mean_rank": 1.6613256373107725,
        "adjusted_arithmetic_mean_rank_index": -0.6616332368129001,
        "adjusted_hits_at_1": -0.00023257217403122084,
        "adjusted_hits_at_10": -0.0023306000347641494,
        "adjusted_hits_at_3": -0.0006980412120181476,
        "adjusted_hits_at_5": -0.0011639436737987652,
        "adjusted_inverse_harmonic_mean_rank": -0.0012321653196594522,
        "arithmetic_mean_rank": 3573.439655172414,
        "count": 116.0,
        "geometric_mean_rank": 3080.178480165353,
        "harmonic_mean_rank": 1396.6710681338343,
        "hits_at_1": 0.0,
        "hits_at_10": 0.0,
        "hits_at_3": 0.0,
        "hits_at_5": 0.0,
        "inverse_arithmetic_mean_rank": 0.0002798424197684545,
        "inverse_geometric_mean_rank": 0.00032465651144550464,
        "inverse_harmonic_mean_rank": 0.0007159881970893495,
        "inverse_median_rank": 0.00023880597014925374,
        "median_absolute_deviation": 149.001522959813,
        "median_rank": 4187.5,
        "standard_deviation": 1173.6794655006163,
        "variance": 1377523.487737812,
        "z_arithmetic_mean_rank": -3573.439655172414,
        "z_hits_at_1": 0.0,
        "z_hits_at_10": 0.0,
        "z_hits_at_3": 0.0,
        "z_hits_at_5": 0.0,
        "z_inverse_harmonic_mean_rank": 0.0007159881970893495
      },
      "realistic": {
        "adjusted_arithmetic_mean_rank": 1.6613236138214746,
        "adjusted_arithmetic_mean_rank_index": -0.6616312123824255,
        "adjusted_hits_at_1": -0.00023257217403122084,
        "adjusted_hits_at_10": -0.0023306000347641494,