{
  "losses": [
    0.004110986526080926,
    0.003936346931117434,
    0.0038422440758714275,
    0.003789869642180137,
    0.0036884721923496314,
    0.003615405443066409,
    0.003503210896016977,
    0.0033798209874502587,
    0.0032768773175199293,
    0.003150290508929753,
    0.0030842224780812796,
    0.0029934996560742845,
    0.002942206202397238,
    0.0028649868860882986,
    0.002862013163289983,
    0.0028540419208077836,
    0.0028237143802855376,
    0.0027951600932046654,
    0.002790594304170201,
    0.0027823978343302067,
    0.0027474551112973097,
    0.0027659917429235857,
    0.002757016531452128,
    0.002733130518495803,
    0.002705616341621845,
    0.0027281298500092285,
    0.0027009460999444196,
    0.0027175567234993614,
    0.002688597073849982,
    0.002701675430147571
  ],
  "metrics": {
    "both": {
      "optimistic": {
        "adjusted_arithmetic_mean_rank": 0.6871654331281823,
        "adjusted_arithmetic_mean_rank_index": 0.31296638297699353,
        "adjusted_hits_at_1": -0.00021070542960217688,
        "adjusted_hits_at_10": 0.0022083866160790863,
        "adjusted_hits_at_3": -0.0006323827817779457,
        "adjusted_hits_at_5": -0.0010544158325748122,
        "adjusted_inverse_harmonic_mean_rank": 0.001792083640491914,
        "arithmetic_mean_rank": 1631.5129310344828,
        "count": 232.0,
        "geometric_mean_rank": 998.0309884870469,
        "harmonic_mean_rank": 279.9257814033212,
        "hits_at_1": 0.0,
        "hits_at_10": 0.004310344827586207,
        "hits_at_3": 0.0,
        "hits_at_5": 0.0,
        "inverse_arithmetic_mean_rank": 0.0006129280258697898,
        "inverse_geometric_mean_rank": 0.0010019728961682222,
        "inverse_harmonic_mean_rank": 0.0035723754881983706,
        "inverse_median_rank": 0.0006618133686300463,
        "median_absolute_deviation": 1451.4675719169843,
        "median_rank": 1511.0,
        "standard_deviation": 1216.0641465208478,
        "variance": 1478812.008453478,
        "z_arithmetic_mean_rank": -1631.5129310344828,
        "z_hits_at_1": 0.0,
        "z_hits_at_10": 0.004310344827586207,
        "z_hits_at_3": 0.0,
        "z_hits_at_5": 0.0,
        "z_inverse_harmonic_mean_rank": 0.0035723754881983706
      },
      "pessimistic": {
        "adjusted_arithmetic_mean_rank": 0.6871654331281823,
        "adjusted_arithmetic_mean_rank_index": 0.31296638297699353,
        "adjusted_hits_at_1": -0.00021070542960217688,
        "adjusted_hits_at_10": 0.0022083866160790863,
        "adjusted_hits_at_3": -0.0006323827817779457,
        "adjusted_hits_at_5": -0.0010544158325748122,
        "adjusted_inverse_harmonic_mean_rank": 0.001792083640491914,
        "arithmetic_mean_rank": 1631.5129310344828,
        "count": 232.0,
        "geometric_mean_rank": 998.0309884870469,
        "harmonic_mean_rank": 279.9257814033212,
        "hits_at_1": 0.0,
        "hits_at_10": 0.004310344827586207,
        "hits_at_3": 0.0,
        "hits_at_5": 0.0,
        "inverse_arithmetic_mean_rank": 0.0006129280258697898,
        "inverse_geometric_mean_rank": 0.0010019728961682222,
        "inverse_harmonic_mean_rank": 0.0035723754881983706,
        "inverse_median_rank": 0.0006618133686300463,
        "median_absolute_deviation": 1451.4675719169843,
        "median_rank": 1511.0,
        "standard_deviation": 1216.0641465208478,
        "variance": 1478812.008453478,
        "z_arithmetic_mean_rank": -1631.5129310344828,
        "z_hits_at_1": 0.0,
        "z_hits_at_10": 0.004310344827586207,
        "z_hits_at_3": 0.0,
        "z_hits_at_5": 0.0,
        "z_inverse_harmonic_mean_rank": 0.0035723754881983706
      },
      "realistic": {
        "adjusted_arithmetic_mean_rank": 0.6871654366739709,
        "adjusted_arithmetic_mean_rank_index": 0.31296637942971084,
        "adjusted_hits_at_1": -0.00021070542960217688,
        "adjusted_hits_at_10": 0.0022083866160790863,
        "adjusted_hits_at_3": -0.0006323827817779457,
        "adjusted_hits_at_5": -0.0010544158325748122,
        "adjusted_inverse_harmonic_mean_rank": 0.0017920837624680252,
        "arithmetic_mean_rank": 1631.512939453125,
        "count": 232.0,
        "geometric_mean_rank": 998.03173828125,
        "harmonic_mean_rank": 279.9257718625097,
        "hits_at_1": 0.0,
        "hits_at_10": 0.004310344827586207,
        "hits_at_3": 0.0,
        "hits_at_5": 0.0,
        "inverse_arithmetic_mean_rank": 0.0006129280081950128,
        "inverse_geometric_mean_rank": 0.0010019721230491996,
        "inverse_harmonic_mean_rank": 0.003572375609956939,
        "inverse_median_rank": 0.0006618133629672229,
        "median_absolute_deviation": 1451.4675719169843,
        "median_rank": 1511.0,
        "standard_deviation": 1216.0640869140625,
        "variance": 1478812.0,
        "z_arithmetic_mean_rank": -1631.512939453125,
        "z_hits_at_1": 0.0,
        "z_hits_at_10": 0.004310344827586207,
        "z_hits_at_3": 0.0,
        "z_hits_at_5": 0.0,
        "z_inverse_harmonic_mean_rank": 0.003572375609956939
      }
    },
    "head": {
      "optimistic": {
        "adjusted_arithmetic_mean_rank": 0.5723948683900455,
        "adjusted_arithmetic_mean_rank_index": 0.42778715801395084,
        "adjusted_hits_at_1": -0.00021285091937457584,
        "adjusted_hits_at_10": 0.006506479574579472,
        "adjusted_hits_at_3": -0.0006388247069761256,
        "adjusted_hits_at_5": -0.001065161479273462,
        "adjusted_inverse_harmonic_mean_rank": 0.004009846579777128,
        "arithmetic_mean_rank": 1345.2068965517242,
        "count": 116.0,
        "geometric_mean_rank": 676.9157510169338,
        "harmonic_mean_rank": 172.34659270398515,
        "hits_at_1": 0.0,
        "hits_at_10": 0.008620689655172414,
        "hits_at_3": 0.0,
        "hits_at_5": 0.0,
        "inverse_arithmetic_mean_rank": 0.0007433800722873035,
        "inverse_geometric_mean_rank": 0.0014772887150250164,
        "inverse_harmonic_mean_rank": 0.0058022615028865444,
        "inverse_median_rank": 0.0011248593925759281,
        "median_absolute_deviation": 960.72623759163,
        "median_rank": 889.0,
        "standard_deviation": 1344.5113746280326,
        "variance": 1807710.8365041616,
        "z_arithmetic_mean_rank": -1345.2068965517242,
        "z_hits_at_1": 0.0,
        "z_hits_at_10": 0.008620689655172414,
        "z_hits_at_3": 0.0,
        "z_hits_at_5": 0.0,
        "z_inverse_harmonic_mean_rank": 0.0058022615028865444
      },
      "pessimistic": {
        "adjusted_arithmetic_mean_rank": 0.5723948683900455,
        "adjusted_arithmetic_mean_rank_index": 0.42778715801395084,
        "adjusted_hits_at_1": -0.00021285091937457584,
        "adjusted_hits_at_10": 0.006506479574579472,
        "adjusted_hits_at_3": -0.0006388247069761256,
        "adjusted_hits_at_5": -0.001065161479273462,
        "adjusted_inverse_harmonic_mean_rank": 0.004009846579777128,
        "arithmetic_mean_rank": 1345.2068965517242,
        "count": 116.0,
        "geometric_mean_rank": 676.9157510169338,
        "harmonic_mean_rank": 172.34659270398515,
        "hits_at_1": 0.0,
        "hits_at_10": 0.008620689655172414,
        "hits_at_3": 0.0,
        "hits_at_5": 0.0,
        "inverse_arithmetic_mean_rank": 0.0007433800722873035,
        "inverse_geometric_mean_rank": 0.0014772887150250164,
        "inverse_harmonic_mean_rank": 0.0058022615028865444,
        "inverse_median_rank": 0.0011248593925759281,
        "median_absolute_deviation": 960.72623759163,
        "median_rank": 889.0,
        "standard_deviation": 1344.5113746280326,
        "variance": 1807710.8365041616,
        "z_arithmetic_mean_rank": -1345.2068965517242,
        "z_hits_at_1": 0.0,
        "z_hits_at_10": 0.008620689655172414,
        "z_hits_at_3": 0.0,
        "z_hits_at_5": 0.0,
        "z_inverse_harmonic_mean_rank": 0.0058022615028865444
      },
      "realistic": {
        "adjusted_arithmetic_mean_rank": 0.5723948737633315,