{
  "losses": [
    0.003927772732212038,
    0.0037402085531283184,
    0.0035310151910600673,
    0.0032884415829390673,
    0.003039961742978121,
    0.0028443825689127237,
    0.0026740825030813374,
    0.0025178499439860746,
    0.0024467923110202587,
    0.002427276857900076,
    0.0024085776916019726,
    0.0023652815070202187,
    0.0023587203075087757,
    0.0023621144107831065,
    0.0023108290303636334,
    0.0022915886184484368,
    0.0023280290649474586,
    0.0023276368567692616,
    0.0023149033839142677,
    0.002293704056865366,
    0.0023152837613591923,
    0.0022833107666256954,
    0.002257402769987301,
    0.002286737344319181,
    0.0022633615159788146,
    0.002262858949210769,
    0.0022950467646308727,
    0.0022798659431800057,
    0.0022766359443943006,
    0.0022917698342898203
  ],
  "metrics": {
    "both": {
      "optimistic": {
        "adjusted_arithmetic_mean_rank": 0.8841774059816561,
        "adjusted_arithmetic_mean_rank_index": 0.1158758493724108,
        "adjusted_hits_at_1": -0.0002299303187033594,
        "adjusted_hits_at_10": 0.006336481168268977,
        "adjusted_hits_at_3": -0.0006901083097572828,
        "adjusted_hits_at_5": -0.0011507099259168018,
        "adjusted_inverse_harmonic_mean_rank": 0.0007594721847390207,
        "arithmetic_mean_rank": 1923.8405172413793,
        "count": 232.0,
        "geometric_mean_rank": 1327.3578133401777,
        "harmonic_mean_rank": 372.559140630265,
        "hits_at_1": 0.0,
        "hits_at_10": 0.008620689655172414,
        "hits_at_3": 0.0,
        "hits_at_5": 0.0,
        "inverse_arithmetic_mean_rank": 0.0005197936060905472,
        "inverse_geometric_mean_rank": 0.0007533763616334838,
        "inverse_harmonic_mean_rank": 0.0026841376064704304,
        "inverse_median_rank": 0.0005515719801434088,
        "median_absolute_deviation": 1550.8019205568596,
        "median_rank": 1813.0,
        "standard_deviation": 1217.4643963836484,
        "variance": 1482219.5564618013,
        "z_arithmetic_mean_rank": -1923.8405172413793,
        "z_hits_at_1": 0.0,
        "z_hits_at_10": 0.008620689655172414,
        "z_hits_at_3": 0.0,
        "z_hits_at_5": 0.0,
        "z_inverse_harmonic_mean_rank": 0.0026841376064704304
      },
      "pessimistic": {
        "adjusted_arithmetic_mean_rank": 0.8841774059816561,
        "adjusted_arithmetic_mean_rank_index": 0.1158758493724108,
        "adjusted_hits_at_1": -0.0002299303187033594,
        "adjusted_hits_at_10": 0.006336481168268977,
        "adjusted_hits_at_3": -0.0006901083097572828,
        "adjusted_hits_at_5": -0.0011507099259168018,
        "adjusted_inverse_harmonic_mean_rank": 0.0007594721847390207,
        "arithmetic_mean_rank": 1923.8405172413793,
        "count": 232.0,
        "geometric_mean_rank": 1327.3578133401777,
        "harmonic_mean_rank": 372.559140630265,
        "hits_at_1": 0.0,
        "hits_at_10": 0.008620689655172414,
        "hits_at_3": 0.0,
        "hits_at_5": 0.0,
        "inverse_arithmetic_mean_rank": 0.0005197936060905472,
        "inverse_geometric_mean_rank": 0.0007533763616334838,
        "inverse_harmonic_mean_rank": 0.0026841376064704304,
        "inverse_median_rank": 0.0005515719801434088,
        "median_absolute_deviation": 1550.8019205568596,
        "median_rank": 1813.0,
        "standard_deviation": 1217.4643963836484,
        "variance": 1482219.5564618013,
        "z_arithmetic_mean_rank": -1923.8405172413793,
        "z_hits_at_1": 0.0,
        "z_hits_at_10": 0.008620689655172414,
        "z_hits_at_3": 0.0,
        "z_hits_at_5": 0.0,
        "z_inverse_harmonic_mean_rank": 0.0026841376064704304
      },
      "realistic": {
        "adjusted_arithmetic_mean_rank": 0.8841774330655086,
        "adjusted_arithmetic_mean_rank_index": 0.11587582227610516,
        "adjusted_hits_at_1": -0.0002299303187033594,
        "adjusted_hits_at_10": 0.006336481168268977,
        "adjusted_hits_at_3": -0.0006901083097572828,
        "adjusted_hits_at_5": -0.0011507099259168018,
        "adjusted_inverse_harmonic_mean_rank": 0.0007594722660260516,
        "arithmetic_mean_rank": 1923.840576171875,
        "count": 232.0,
        "geometric_mean_rank": 1327.3577880859375,
        "harmonic_mean_rank": 372.55912936933186,
        "hits_at_1": 0.0,
        "hits_at_10": 0.008620689655172414,
        "hits_at_3": 0.0,
        "hits_at_5": 0.0,
        "inverse_arithmetic_mean_rank": 0.0005197935970500112,
        "inverse_geometric_mean_rank": 0.0007533764000982046,
        "inverse_harmonic_mean_rank": 0.002684137687600892,
        "inverse_median_rank": 0.0005515719531103969,
        "median_absolute_deviation": 1550.8019205568596,
        "median_rank": 1813.0,
        "standard_deviation": 1217.4644775390625,
        "variance": 1482219.625,
        "z_arithmetic_mean_rank": -1923.840576171875,
        "z_hits_at_1": 0.0,
        "z_hits_at_10": 0.008620689655172414,
        "z_hits_at_3": 0.0,
        "z_hits_at_5": 0.0,
        "z_inverse_harmonic_mean_rank": 0.002684137687600892
      }
    },
    "head": {
      "optimistic": {
        "adjusted_arithmetic_mean_rank": 0.8510633353440681,
        "adjusted_arithmetic_mean_rank_index": 0.1490058631653043,
        "adjusted_hits_at_1": -0.00023231864968828038,
        "adjusted_hits_at_10": 0.0063127049370513885,
        "adjusted_hits_at_3": -0.0006972799313290434,
        "adjusted_hits_at_5": -0.0011626736915696162,
        "adjusted_inverse_harmonic_mean_rank": 0.0006332438458853081,
        "arithmetic_mean_rank": 1832.603448275862,
        "count": 116.0,
        "geometric_mean_rank": 1244.5820016307687,
        "harmonic_mean_rank": 388.2145257528668,
        "hits_at_1": 0.0,
        "hits_at_10": 0.008620689655172414,
        "hits_at_3": 0.0,
        "hits_at_5": 0.0,
        "inverse_arithmetic_mean_rank": 0.0005456717878277559,
        "inverse_geometric_mean_rank": 0.0008034826139938596,
        "inverse_harmonic_mean_rank": 0.0025758953714075843,
        "inverse_median_rank": 0.0005765350245027386,
        "median_absolute_deviation": 1490.7565307073828,
        "median_rank": 1734.5,
        "standard_deviation": 1204.9412553953102,
        "variance": 1451883.4289536262,
        "z_arithmetic_mean_rank": -1832.603448275862,
        "z_hits_at_1": 0.0,
        "z_hits_at_10": 0.008620689655172414,
        "z_hits_at_3": 0.0,
        "z_hits_at_5": 0.0,
        "z_inverse_harmonic_mean_rank": 0.0025758953714075843
      },
      "pessimistic": {
        "adjusted_arithmetic_mean_rank": 0.8510633353440681,
        "adjusted_arithmetic_mean_rank_index": 0.1490058631653043,
        "adjusted_hits_at_1": -0.00023231864968828038,
        "adjusted_hits_at_10": 0.0063127049370513885,
        "adjusted_hits_at_3": -0.0006972799313290434,
        "adjusted_hits_at_5": -0.0011626736915696162,
        "adjusted_inverse_harmonic_mean_rank": 0.0006332438458853081,
        "arithmetic_mean_rank": 1832.603448275862,
        "count": 116.0,
        "geometric_mean_rank": 1244.5820016307687,
        "harmonic_mean_rank": 388.2145257528668,
        "hits_at_1": 0.0,
        "hits_at_10": 0.008620689655172414,
        "hits_at_3": 0.0,
        "hits_at_5": 0.0,
        "inverse_arithmetic_mean_rank": 0.0005456717878277559,
        "inverse_geometric_mean_rank": 0.0008034826139938596,
        "inverse_harmonic_mean_rank": 0.0025758953714075843,
        "inverse_median_rank": 0.0005765350245027386,
        "median_absolute_deviation": 1490.7565307073828,
        "median_rank": 1734.5,
        "standard_deviation": 1204.9412553953102,
        "variance": 1451883.4289536262,
        "z_arithmetic_mean_rank": -1832.603448275862,
        "z_hits_at_1": 0.0,
        "z_hits_at_10": 0.008620689655172414,
        "z_hits_at_3": 0.0,
        "z_hits_at_5": 0.0,
        "z_inverse_harmonic_mean_rank": 0.0025758953714075843
      },
      "realistic": {
        "adjusted_arithmetic_mean_rank": 0.851063309931486,