{
  "losses": [
    0.0036519396250251613,
    0.003043066242616754,
    0.002776260074317698,
    0.002668073678619027,
    0.0025953640898707135,
    0.0025572078234831035,
    0.002500095027151541,
    0.0024695043746300297,
    0.0024203586543403415,
    0.0023873373235307467,
    0.0023320455859799473,
    0.0023046137531489803,
    0.002238094401386577,
    0.0022067511910542226,
    0.002131850818706889,
    0.0020666587818432597,
    0.0019999983691984823,
    0.0019377205985505201,
    0.0018425648009472708,
    0.0017732059083043095,
    0.001702798830573618,
    0.001636638670204147,
    0.0015300426230606386,
    0.0014923386562348175,
    0.0014007532467850685,
    0.0013688306066721458,
    0.001290329402148362,
    0.0012275519672850514,
    0.001193178338961922,
    0.0011250204415680861
  ],
  "metrics": {
    "both": {
      "optimistic": {
        "adjusted_arithmetic_mean_rank": 0.823087782929628,
        "adjusted_arithmetic_mean_rank_index": 0.1769935760116259,
        "adjusted_hits_at_1": -0.00022997208989089375,
        "adjusted_hits_at_10": 0.0020157873611754465,
        "adjusted_hits_at_3": -0.0006902337386634684,
        "adjusted_hits_at_5": 0.0031643865194643035,
        "adjusted_inverse_harmonic_mean_rank": 0.0008029516810726295,
        "arithmetic_mean_rank": 1790.5991379310344,
        "count": 232.0,
        "geometric_mean_rank": 1201.90542190171,
        "harmonic_mean_rank": 366.5909887511533,
        "hits_at_1": 0.0,
        "hits_at_10": 0.004310344827586207,
        "hits_at_3": 0.0,
        "hits_at_5": 0.004310344827586207,
        "inverse_arithmetic_mean_rank": 0.0005584722894234496,
        "inverse_geometric_mean_rank": 0.0008320122214090307,
        "inverse_harmonic_mean_rank": 0.00272783573706121,
        "inverse_median_rank": 0.0006222775357809583,
        "median_absolute_deviation": 1505.5825528924388,
        "median_rank": 1607.0,
        "standard_deviation": 1249.3240960888502,
        "variance": 1560810.6970682223,
        "z_arithmetic_mean_rank": -1790.5991379310344,
        "z_hits_at_1": 0.0,
        "z_hits_at_10": 0.004310344827586207,
        "z_hits_at_3": 0.0,
        "z_hits_at_5": 0.004310344827586207,
        "z_inverse_harmonic_mean_rank": 0.00272783573706121
      },
      "pessimistic": {
        "adjusted_arithmetic_mean_rank": 0.823087782929628,
        "adjusted_arithmetic_mean_rank_index": 0.1769935760116259,
        "adjusted_hits_at_1": -0.00022997208989089375,
        "adjusted_hits_at_10": 0.0020157873611754465,
        "adjusted_hits_at_3": -0.0006902337386634684,
        "adjusted_hits_at_5": 0.0031643865194643035,
        "adjusted_inverse_harmonic_mean_rank": 0.0008029516810726295,
        "arithmetic_mean_rank": 1790.5991379310344,
        "count": 232.0,
        "geometric_mean_rank": 1201.90542190171,
        "harmonic_mean_rank": 366.5909887511533,
        "hits_at_1": 0.0,
        "hits_at_10": 0.004310344827586207,
        "hits_at_3": 0.0,
        "hits_at_5": 0.004310344827586207,
        "inverse_arithmetic_mean_rank": 0.0005584722894234496,
        "inverse_geometric_mean_rank": 0.0008320122214090307,
        "inverse_harmonic_mean_rank": 0.00272783573706121,
        "inverse_median_rank": 0.0006222775357809583,
        "median_absolute_deviation": 1505.5825528924388,
        "median_rank": 1607.0,
        "standard_deviation": 1249.3240960888502,
        "variance": 1560810.6970682223,
        "z_arithmetic_mean_rank": -1790.5991379310344,
        "z_hits_at_1": 0.0,
        "z_hits_at_10": 0.004310344827586207,
        "z_hits_at_3": 0.0,
        "z_hits_at_5": 0.004310344827586207,
        "z_inverse_harmonic_mean_rank": 0.00272783573706121
      },
      "realistic": {
        "adjusted_arithmetic_mean_rank": 0.8230877751900045,
        "adjusted_arithmetic_mean_rank_index": 0.17699358375480867,
        "adjusted_hits_at_1": -0.00022997208989089375,
        "adjusted_hits_at_10": 0.0020157873611754465,
        "adjusted_hits_at_3": -0.0006902337386634684,
        "adjusted_hits_at_5": 0.0031643865194643035,
        "adjusted_inverse_harmonic_mean_rank": 0.0008029515434647501,
        "arithmetic_mean_rank": 1790.59912109375,
        "count": 232.0,
        "geometric_mean_rank": 1201.9053955078125,
        "harmonic_mean_rank": 366.5910072085076,
        "hits_at_1": 0.0,
        "hits_at_10": 0.004310344827586207,
        "hits_at_3": 0.0,
        "hits_at_5": 0.004310344827586207,
        "inverse_arithmetic_mean_rank": 0.0005584722966887057,
        "inverse_geometric_mean_rank": 0.0008320122142322361,
        "inverse_harmonic_mean_rank": 0.0027278355997184226,
        "inverse_median_rank": 0.0006222775555215776,
        "median_absolute_deviation": 1505.5825528924388,
        "median_rank": 1607.0,
        "standard_deviation": 1249.3240966796875,
        "variance": 1560810.75,
        "z_arithmetic_mean_rank": -1790.59912109375,
        "z_hits_at_1": 0.0,
        "z_hits_at_10": 0.004310344827586207,
        "z_hits_at_3": 0.0,
        "z_hits_at_5": 0.004310344827586207,
        "z_inverse_harmonic_mean_rank": 0.0027278355997184226
      }
    },
    "head": {
      "optimistic": {
        "adjusted_arithmetic_mean_rank": 1.0693485509292777,
        "adjusted_arithmetic_mean_rank_index": -0.06938078293396788,
        "adjusted_hits_at_1": -0.0002324012996594279,
        "adjusted_hits_at_10": -0.002328884117855992,
        "adjusted_hits_at_3": -0.0006975281118577733,
        "adjusted_hits_at_5": -0.0011630877106794588,
        "adjusted_inverse_harmonic_mean_rank": -0.0010274837318970966,
        "arithmetic_mean_rank": 2301.8189655172414,
        "count": 116.0,
        "geometric_mean_rank": 1780.5679732976373,
        "harmonic_mean_rank": 1088.1310978435192,
        "hits_at_1": 0.0,
        "hits_at_10": 0.0,
        "hits_at_3": 0.0,
        "hits_at_5": 0.0,
        "inverse_arithmetic_mean_rank": 0.0004344390306017355,
        "inverse_geometric_mean_rank": 0.0005616185481242739,
        "inverse_harmonic_mean_rank": 0.0009190069119261647,
        "inverse_median_rank": 0.000432152117545376,
        "median_absolute_deviation": 1633.8276447931732,
        "median_rank": 2314.0,
        "standard_deviation": 1271.0460978043864,
        "variance": 1615558.1827437577,
        "z_arithmetic_mean_rank": -2301.8189655172414,
        "z_hits_at_1": 0.0,
        "z_hits_at_10": 0.0,
        "z_hits_at_3": 0.0,
        "z_hits_at_5": 0.0,
        "z_inverse_harmonic_mean_rank": 0.0009190069119261647
      },
      "pessimistic": {
        "adjusted_arithmetic_mean_rank": 1.0693485509292777,
        "adjusted_arithmetic_mean_rank_index": -0.06938078293396788,
        "adjusted_hits_at_1": -0.0002324012996594279,
        "adjusted_hits_at_10": -0.002328884117855992,
        "adjusted_hits_at_3": -0.0006975281118577733,
        "adjusted_hits_at_5": -0.0011630877106794588,
        "adjusted_inverse_harmonic_mean_rank": -0.0010274837318970966,
        "arithmetic_mean_rank": 2301.8189655172414,
        "count": 116.0,
        "geometric_mean_rank": 1780.5679732976373,
        "harmonic_mean_rank": 1088.1310978435192,
        "hits_at_1": 0.0,
        "hits_at_10": 0.0,
        "hits_at_3": 0.0,
        "hits_at_5": 0.0,
        "inverse_arithmetic_mean_rank": 0.0004344390306017355,
        "inverse_geometric_mean_rank": 0.0005616185481242739,
        "inverse_harmonic_mean_rank": 0.0009190069119261647,
        "inverse_median_rank": 0.000432152117545376,
        "median_absolute_deviation": 1633.8276447931732,
        "median_rank": 2314.0,
        "standard_deviation": 1271.0460978043864,
        "variance": 1615558.1827437577,
        "z_arithmetic_mean_rank": -2301.8189655172414,
        "z_hits_at_1": 0.0,
        "z_hits_at_10": 0.0,
        "z_hits_at_3": 0.0,
        "z_hits_at_5": 0.0,
        "z_inverse_harmonic_mean_rank": 0.0009190069119261647
      },