{
  "losses": [
    0.005423614457642012,
    0.004543673156952907,
    0.003971696940988439,
    0.003599928817020465,
    0.0032191180315075552,
    0.0029774403923329145,
    0.0027566986968935144,
    0.0025663700201345933,
    0.0023767295682218087,
    0.0022414105012888716,
    0.002124899415586497,
    0.0020416589981158187,
    0.001889704873216811,
    0.0018146542197632382,
    0.0017304541003615862,
    0.0016293603574011406,
    0.0015503342477776719,
    0.0014951657644153222,
    0.0014105021842328177,
    0.0013557976007095996,
    0.0013030839279471822,
    0.0012001870421677952,
    0.0012081328467300483,
    0.0011176658041452887,
    0.0010717396326569205,
    0.0010536753972779352,
    0.001041726010988954,
    0.0009997623692782002,
    0.0009398304909898809,
    0.0009728268540848828
  ],
  "metrics": {
    "both": {
      "optimistic": {
        "adjusted_arithmetic_mean_rank": 0.6979722366058975,
        "adjusted_arithmetic_mean_rank_index": 0.30216663608655026,
        "adjusted_hits_at_1": -0.0002299303187033594,
        "adjusted_hits_at_10": 0.0020162049994353645,
        "adjusted_hits_at_3": -0.0006901083097572828,
        "adjusted_hits_at_5": 0.003164594858246633,
        "adjusted_inverse_harmonic_mean_rank": 0.001553360361021664,
        "arithmetic_mean_rank": 1518.6853448275863,
        "count": 232.0,
        "geometric_mean_rank": 941.37892821852,
        "harmonic_mean_rank": 287.6458975844498,
        "hits_at_1": 0.0,
        "hits_at_10": 0.004310344827586207,
        "hits_at_3": 0.0,
        "hits_at_5": 0.004310344827586207,
        "inverse_arithmetic_mean_rank": 0.0006584642456752806,
        "inverse_geometric_mean_rank": 0.0010622714934701326,
        "inverse_harmonic_mean_rank": 0.0034764966522994145,
        "inverse_median_rank": 0.0007459903021260724,
        "median_absolute_deviation": 1421.0742264376195,
        "median_rank": 1340.5,
        "standard_deviation": 1147.8275808249546,
        "variance": 1317508.1553024675,
        "z_arithmetic_mean_rank": -1518.6853448275863,
        "z_hits_at_1": 0.0,
        "z_hits_at_10": 0.004310344827586207,
        "z_hits_at_3": 0.0,
        "z_hits_at_5": 0.004310344827586207,
        "z_inverse_harmonic_mean_rank": 0.0034764966522994145
      },
      "pessimistic": {
        "adjusted_arithmetic_mean_rank": 0.6979722366058975,
        "adjusted_arithmetic_mean_rank_index": 0.30216663608655026,
        "adjusted_hits_at_1": -0.0002299303187033594,
        "adjusted_hits_at_10": 0.0020162049994353645,
        "adjusted_hits_at_3": -0.0006901083097572828,
        "adjusted_hits_at_5": 0.003164594858246633,
        "adjusted_inverse_harmonic_mean_rank": 0.001553360361021664,
        "arithmetic_mean_rank": 1518.6853448275863,
        "count": 232.0,
        "geometric_mean_rank": 941.37892821852,
        "harmonic_mean_rank": 287.6458975844498,
        "hits_at_1": 0.0,
        "hits_at_10": 0.004310344827586207,
        "hits_at_3": 0.0,
        "hits_at_5": 0.004310344827586207,
        "inverse_arithmetic_mean_rank": 0.0006584642456752806,
        "inverse_geometric_mean_rank": 0.0010622714934701326,
        "inverse_harmonic_mean_rank": 0.0034764966522994145,
        "inverse_median_rank": 0.0007459903021260724,
        "median_absolute_deviation": 1421.0742264376195,
        "median_rank": 1340.5,
        "standard_deviation": 1147.8275808249546,
        "variance": 1317508.1553024675,
        "z_arithmetic_mean_rank": -1518.6853448275863,
        "z_hits_at_1": 0.0,
        "z_hits_at_10": 0.004310344827586207,
        "z_hits_at_3": 0.0,
        "z_hits_at_5": 0.004310344827586207,
        "z_inverse_harmonic_mean_rank": 0.0034764966522994145
      },
      "realistic": {
        "adjusted_arithmetic_mean_rank": 0.6979722172602885,
        "adjusted_arithmetic_mean_rank_index": 0.30216665544105425,
        "adjusted_hits_at_1": -0.0002299303187033594,
        "adjusted_hits_at_10": 0.0020162049994353645,
        "adjusted_hits_at_3": -0.0006901083097572828,
        "adjusted_hits_at_5": 0.003164594858246633,
        "adjusted_inverse_harmonic_mean_rank": 0.0015533603661529816,
        "arithmetic_mean_rank": 1518.685302734375,
        "count": 232.0,
        "geometric_mean_rank": 941.3789672851562,
        "harmonic_mean_rank": 287.6458971607015,
        "hits_at_1": 0.0,
        "hits_at_10": 0.004310344827586207,
        "hits_at_3": 0.0,
        "hits_at_5": 0.004310344827586207,
        "inverse_arithmetic_mean_rank": 0.0006584642687812448,
        "inverse_geometric_mean_rank": 0.0010622714180499315,
        "inverse_harmonic_mean_rank": 0.0034764966574208486,
        "inverse_median_rank": 0.0007459903135895729,
        "median_absolute_deviation": 1421.0742264376195,
        "median_rank": 1340.5,
        "standard_deviation": 1147.8275146484375,
        "variance": 1317508.125,
        "z_arithmetic_mean_rank": -1518.685302734375,
        "z_hits_at_1": 0.0,
        "z_hits_at_10": 0.004310344827586207,
        "z_hits_at_3": 0.0,
        "z_hits_at_5": 0.004310344827586207,
        "z_inverse_harmonic_mean_rank": 0.0034764966574208486
      }
    },
    "head": {
      "optimistic": {
        "adjusted_arithmetic_mean_rank": 0.623490708149394,
        "adjusted_arithmetic_mean_rank_index": 0.37668422447596783,
        "adjusted_hits_at_1": -0.00023231864968828038,
        "adjusted_hits_at_10": 0.0063127049370513885,
        "adjusted_hits_at_3": -0.0006972799313290434,
        "adjusted_hits_at_5": 0.007468039012668053,
        "adjusted_inverse_harmonic_mean_rank": 0.002852884086002011,
        "arithmetic_mean_rank": 1342.5689655172414,
        "count": 116.0,
        "geometric_mean_rank": 783.1496727051776,
        "harmonic_mean_rank": 208.71506920514824,
        "hits_at_1": 0.0,
        "hits_at_10": 0.008620689655172414,
        "hits_at_3": 0.0,
        "hits_at_5": 0.008620689655172414,
        "inverse_arithmetic_mean_rank": 0.0007448406939860535,
        "inverse_geometric_mean_rank": 0.001276895125992675,
        "inverse_harmonic_mean_rank": 0.004791220891755973,
        "inverse_median_rank": 0.0010570824524312897,
        "median_absolute_deviation": 1040.7867573909325,
        "median_rank": 946.0,
        "standard_deviation": 1143.4258357215308,
        "variance": 1307422.6417954813,
        "z_arithmetic_mean_rank": -1342.5689655172414,
        "z_hits_at_1": 0.0,
        "z_hits_at_10": 0.008620689655172414,
        "z_hits_at_3": 0.0,
        "z_hits_at_5": 0.008620689655172414,
        "z_inverse_harmonic_mean_rank": 0.004791220891755973
      },
      "pessimistic": {
        "adjusted_arithmetic_mean_rank": 0.623490708149394,
        "adjusted_arithmetic_mean_rank_index": 0.37668422447596783,
        "adjusted_hits_at_1": -0.00023231864968828038,
        "adjusted_hits_at_10": 0.0063127049370513885,
        "adjusted_hits_at_3": -0.0006972799313290434,
        "adjusted_hits_at_5": 0.007468039012668053,
        "adjusted_inverse_harmonic_mean_rank": 0.002852884086002011,
        "arithmetic_mean_rank": 1342.5689655172414,
        "count": 116.0,
        "geometric_mean_rank": 783.1496727051776,
        "harmonic_mean_rank": 208.71506920514824,
        "hits_at_1": 0.0,
        "hits_at_10": 0.008620689655172414,
        "hits_at_3": 0.0,
        "hits_at_5": 0.008620689655172414,
        "inverse_arithmetic_mean_rank": 0.0007448406939860535,
        "inverse_geometric_mean_rank": 0.001276895125992675,
        "inverse_harmonic_mean_rank": 0.004791220891755973,
        "inverse_median_rank": 0.0010570824524312897,
        "median_absolute_deviation": 1040.7867573909325,
        "median_rank": 946.0,
        "standard_deviation": 1143.4258357215308,
        "variance": 1307422.6417954813,
        "z_arithmetic_mean_rank": -1342.5689655172414,
        "z_hits_at_1": 0.0,
        "z_hits_at_10": 0.008620689655172414,
        "z_hits_at_3": 0.0,
        "z_hits_at_5": 0.008620689655172414,