{
  "losses": [
    0.0036548193387449302,
    0.002782623077756476,
    0.002403544641385022,
    0.0021668043675227813,
    0.0019329917084399116,
    0.0017475549117476692,
    0.0016305717688609375,
    0.001462685740810181,
    0.0013313415777475848,
    0.001243873086661293,
    0.001123270293679462,
    0.0010419327984984004,
    0.0009786619356366589,
    0.0009055025485680665,
    0.0008178081729238681,
    0.0007896807128433767,
    0.0007378249679054549,
    0.0006824227624969096,
    0.0006172867110272851,
    0.0005878688864775971,
    0.0005669958030738065,
    0.0005238599860185815,
    0.0005110844360829258,
    0.0004736602134517364,
    0.00046863089523015996,
    0.00043865408790357094,
    0.0004297091803998282,
    0.0004070859148370275,
    0.00040480024051240315,
    0.00037718988827376135
  ],
  "metrics": {
    "both": {
      "optimistic": {
        "adjusted_arithmetic_mean_rank": 0.8677446299851964,
        "adjusted_arithmetic_mean_rank_index": 0.13231622562223977,
        "adjusted_hits_at_1": -0.00023010141548593596,
        "adjusted_hits_at_10": 0.0063347779054707155,
        "adjusted_hits_at_3": -0.0006906220726907919,
        "adjusted_hits_at_5": 0.0074790499705737305,
        "adjusted_inverse_harmonic_mean_rank": 0.0018107643173158924,
        "arithmetic_mean_rank": 1886.7068965517242,
        "count": 232.0,
        "geometric_mean_rank": 1335.364625642886,
        "harmonic_mean_rank": 267.76326264976524,
        "hits_at_1": 0.0,
        "hits_at_10": 0.008620689655172414,
        "hits_at_3": 0.0,
        "hits_at_5": 0.008620689655172414,
        "inverse_arithmetic_mean_rank": 0.0005300240338484314,
        "inverse_geometric_mean_rank": 0.0007488591361468549,
        "inverse_harmonic_mean_rank": 0.0037346422735668617,
        "inverse_median_rank": 0.0005361930294906167,
        "median_absolute_deviation": 1532.2693928255396,
        "median_rank": 1865.0,
        "standard_deviation": 1178.9439935605244,
        "variance": 1389908.9399524378,
        "z_arithmetic_mean_rank": -1886.7068965517242,
        "z_hits_at_1": 0.0,
        "z_hits_at_10": 0.008620689655172414,
        "z_hits_at_3": 0.0,
        "z_hits_at_5": 0.008620689655172414,
        "z_inverse_harmonic_mean_rank": 0.0037346422735668617
      },
      "pessimistic": {
        "adjusted_arithmetic_mean_rank": 0.8677446299851964,
        "adjusted_arithmetic_mean_rank_index": 0.13231622562223977,
        "adjusted_hits_at_1": -0.00023010141548593596,
        "adjusted_hits_at_10": 0.0063347779054707155,
        "adjusted_hits_at_3": -0.0006906220726907919,
        "adjusted_hits_at_5": 0.0074790499705737305,
        "adjusted_inverse_harmonic_mean_rank": 0.0018107643173158924,
        "arithmetic_mean_rank": 1886.7068965517242,
        "count": 232.0,
        "geometric_mean_rank": 1335.364625642886,
        "harmonic_mean_rank": 267.76326264976524,
        "hits_at_1": 0.0,
        "hits_at_10": 0.008620689655172414,
        "hits_at_3": 0.0,
        "hits_at_5": 0.008620689655172414,
        "inverse_arithmetic_mean_rank": 0.0005300240338484314,
        "inverse_geometric_mean_rank": 0.0007488591361468549,
        "inverse_harmonic_mean_rank": 0.0037346422735668617,
        "inverse_median_rank": 0.0005361930294906167,
        "median_absolute_deviation": 1532.2693928255396,
        "median_rank": 1865.0,
        "standard_deviation": 1178.9439935605244,
        "variance": 1389908.9399524378,
        "z_arithmetic_mean_rank": -1886.7068965517242,
        "z_hits_at_1": 0.0,
        "z_hits_at_10": 0.008620689655172414,
        "z_hits_at_3": 0.0,
        "z_hits_at_5": 0.008620689655172414,
        "z_inverse_harmonic_mean_rank": 0.0037346422735668617
      },
      "realistic": {
        "adjusted_arithmetic_mean_rank": 0.8677446357931189,
        "adjusted_arithmetic_mean_rank_index": 0.13231621981164488,
        "adjusted_hits_at_1": -0.00023010141548593596,
        "adjusted_hits_at_10": 0.0063347779054707155,
        "adjusted_hits_at_3": -0.0006906220726907919,
        "adjusted_hits_at_5": 0.0074790499705737305,
        "adjusted_inverse_harmonic_mean_rank": 0.0018107641050338003,
        "arithmetic_mean_rank": 1886.7069091796875,
        "count": 232.0,
        "geometric_mean_rank": 1335.364990234375,
        "harmonic_mean_rank": 267.76327784045566,
        "hits_at_1": 0.0,
        "hits_at_10": 0.008620689655172414,
        "hits_at_3": 0.0,
        "hits_at_5": 0.008620689655172414,
        "inverse_arithmetic_mean_rank": 0.0005300240591168404,
        "inverse_geometric_mean_rank": 0.0007488589035347104,
        "inverse_harmonic_mean_rank": 0.0037346420616939154,
        "inverse_median_rank": 0.0005361930234357715,
        "median_absolute_deviation": 1532.2693928255396,
        "median_rank": 1865.0,
        "standard_deviation": 1178.9439697265625,
        "variance": 1389909.0,
        "z_arithmetic_mean_rank": -1886.7069091796875,
        "z_hits_at_1": 0.0,
        "z_hits_at_10": 0.008620689655172414,
        "z_hits_at_3": 0.0,
        "z_hits_at_5": 0.008620689655172414,
        "z_inverse_harmonic_mean_rank": 0.0037346420616939154
      }
    },
    "head": {
      "optimistic": {
        "adjusted_arithmetic_mean_rank": 0.7492301988177579,
        "adjusted_arithmetic_mean_rank_index": 0.2508864850844611,
        "adjusted_hits_at_1": -0.00023266039854272065,
        "adjusted_hits_at_10": -0.0023314859855545693,
        "adjusted_hits_at_3": -0.0006983061319941112,
        "adjusted_hits_at_5": -0.0011643856184017421,
        "adjusted_inverse_harmonic_mean_rank": 0.00028531061593531755,
        "arithmetic_mean_rank": 1610.948275862069,
        "count": 116.0,
        "geometric_mean_rank": 1133.4057671570192,
        "harmonic_mean_rank": 448.1965347514655,
        "hits_at_1": 0.0,
        "hits_at_10": 0.0,
        "hits_at_3": 0.0,
        "hits_at_5": 0.0,
        "inverse_arithmetic_mean_rank": 0.0006207523947129019,
        "inverse_geometric_mean_rank": 0.0008822965516651218,
        "inverse_harmonic_mean_rank": 0.0022311640596563765,
        "inverse_median_rank": 0.000700770847932726,
        "median_absolute_deviation": 1151.2406226695998,
        "median_rank": 1427.0,
        "standard_deviation": 1079.304428346679,
        "variance": 1164898.0490487516,
        "z_arithmetic_mean_rank": -1610.948275862069,
        "z_hits_at_1": 0.0,
        "z_hits_at_10": 0.0,
        "z_hits_at_3": 0.0,
        "z_hits_at_5": 0.0,
        "z_inverse_harmonic_mean_rank": 0.0022311640596563765
      },
      "pessimistic": {
        "adjusted_arithmetic_mean_rank": 0.7492301988177579,
        "adjusted_arithmetic_mean_rank_index": 0.2508864850844611,
        "adjusted_hits_at_1": -0.00023266039854272065,
        "adjusted_hits_at_10": -0.0023314859855545693,
        "adjusted_hits_at_3": -0.0006983061319941112,
        "adjusted_hits_at_5": -0.0011643856184017421,
        "adjusted_inverse_harmonic_mean_rank": 0.00028531061593531755,
        "arithmetic_mean_rank": 1610.948275862069,
        "count": 116.0,
        "geometric_mean_rank": 1133.4057671570192,
        "harmonic_mean_rank": 448.1965347514655,
        "hits_at_1": 0.0,
        "hits_at_10": 0.0,
        "hits_at_3": 0.0,
        "hits_at_5": 0.0,
        "inverse_arithmetic_mean_rank": 0.0006207523947129019,
        "inverse_geometric_mean_rank": 0.0008822965516651218,
        "inverse_harmonic_mean_rank": 0.0022311640596563765,
        "inverse_median_rank": 0.000700770847932726,
        "median_absolute_deviation": 1151.2406226695998,
        "median_rank": 1427.0,
        "standard_deviation": 1079.304428346679,
        "variance": 1164898.0490487516,
        "z_arithmetic_mean_rank": -1610.948275862069,
        "z_hits_at_1": 0.0,
        "z_hits_at_10": 0.0,
        "z_hits_at_3": 0.0,
        "z_hits_at_5": 0.0,
        "z_inverse_harmonic_mean_rank": 0.0022311640596563765
      },