{
  "losses": [
    0.005041583022565239,
    0.004632023054554847,
    0.0044000014075676,
    0.004072825476834158,
    0.0038986295892766186,
    0.0036827725622226586,
    0.003531696629376421,
    0.0034214360389254283,
    0.0032930491916434495,
    0.0031848545233715887,
    0.0031165469567717395,
    0.003017662366337239,
    0.0029854719960350218,
    0.0028877720007315674,
    0.0028448056581854607,
    0.0028129930130982904,
    0.0027443427903184447,
    0.0027417971860423944,
    0.0027221636838590645,
    0.0026423511930437345,
    0.0025988510271508125,
    0.002554514679731699,
    0.0025502103788440575,
    0.0025148684521864497,
    0.0024551873953769497,
    0.0024315751510400403,
    0.0024510986423041054,
    0.0023968975692262302,
    0.0023637539179720375,
    0.0023335033031743604
  ],
  "metrics": {
    "both": {
      "optimistic": {
        "adjusted_arithmetic_mean_rank": 0.7138439313273598,
        "adjusted_arithmetic_mean_rank_index": 0.2862876435426793,
        "adjusted_hits_at_1": -0.0002299303187033594,
        "adjusted_hits_at_10": -0.0023040711693982485,
        "adjusted_hits_at_3": -0.0006901083097572828,
        "adjusted_hits_at_5": -0.0011507099259168018,
        "adjusted_inverse_harmonic_mean_rank": 0.000741470781894742,
        "arithmetic_mean_rank": 1553.219827586207,
        "count": 232.0,
        "geometric_mean_rank": 945.0316180867179,
        "harmonic_mean_rank": 375.06973343785955,
        "hits_at_1": 0.0,
        "hits_at_10": 0.0,
        "hits_at_3": 0.0,
        "hits_at_5": 0.0,
        "inverse_arithmetic_mean_rank": 0.0006438238697699717,
        "inverse_geometric_mean_rank": 0.0010581656537847583,
        "inverse_harmonic_mean_rank": 0.002666170876636936,
        "inverse_median_rank": 0.0007936507936507937,
        "median_absolute_deviation": 1373.6309554454401,
        "median_rank": 1260.0,
        "standard_deviation": 1213.1371482519755,
        "variance": 1471701.7404689358,
        "z_arithmetic_mean_rank": -1553.219827586207,
        "z_hits_at_1": 0.0,
        "z_hits_at_10": 0.0,
        "z_hits_at_3": 0.0,
        "z_hits_at_5": 0.0,
        "z_inverse_harmonic_mean_rank": 0.002666170876636936
      },
      "pessimistic": {
        "adjusted_arithmetic_mean_rank": 0.7138439313273598,
        "adjusted_arithmetic_mean_rank_index": 0.2862876435426793,
        "adjusted_hits_at_1": -0.0002299303187033594,
        "adjusted_hits_at_10": -0.0023040711693982485,
        "adjusted_hits_at_3": -0.0006901083097572828,
        "adjusted_hits_at_5": -0.0011507099259168018,
        "adjusted_inverse_harmonic_mean_rank": 0.000741470781894742,
        "arithmetic_mean_rank": 1553.219827586207,
        "count": 232.0,
        "geometric_mean_rank": 945.0316180867179,
        "harmonic_mean_rank": 375.06973343785955,
        "hits_at_1": 0.0,
        "hits_at_10": 0.0,
        "hits_at_3": 0.0,
        "hits_at_5": 0.0,
        "inverse_arithmetic_mean_rank": 0.0006438238697699717,
        "inverse_geometric_mean_rank": 0.0010581656537847583,
        "inverse_harmonic_mean_rank": 0.002666170876636936,
        "inverse_median_rank": 0.0007936507936507937,
        "median_absolute_deviation": 1373.6309554454401,
        "median_rank": 1260.0,
        "standard_deviation": 1213.1371482519755,
        "variance": 1471701.7404689358,
        "z_arithmetic_mean_rank": -1553.219827586207,
        "z_hits_at_1": 0.0,
        "z_hits_at_10": 0.0,
        "z_hits_at_3": 0.0,
        "z_hits_at_5": 0.0,
        "z_inverse_harmonic_mean_rank": 0.002666170876636936
      },
      "realistic": {
        "adjusted_arithmetic_mean_rank": 0.7138439410001642,
        "adjusted_arithmetic_mean_rank_index": 0.2862876338654273,
        "adjusted_hits_at_1": -0.0002299303187033594,
        "adjusted_hits_at_10": -0.0023040711693982485,
        "adjusted_hits_at_3": -0.0006901083097572828,
        "adjusted_hits_at_5": -0.0011507099259168018,
        "adjusted_inverse_harmonic_mean_rank": 0.0007414709033580285,
        "arithmetic_mean_rank": 1553.2198486328125,
        "count": 232.0,
        "geometric_mean_rank": 945.031494140625,
        "harmonic_mean_rank": 375.06971638364456,
        "hits_at_1": 0.0,
        "hits_at_10": 0.0,
        "hits_at_3": 0.0,
        "hits_at_5": 0.0,
        "inverse_arithmetic_mean_rank": 0.0006438238779082894,
        "inverse_geometric_mean_rank": 0.001058165798895061,
        "inverse_harmonic_mean_rank": 0.0026661709978662686,
        "inverse_median_rank": 0.0007936508045531809,
        "median_absolute_deviation": 1373.6309554454401,
        "median_rank": 1260.0,
        "standard_deviation": 1213.13720703125,
        "variance": 1471701.75,
        "z_arithmetic_mean_rank": -1553.2198486328125,
        "z_hits_at_1": 0.0,
        "z_hits_at_10": 0.0,
        "z_hits_at_3": 0.0,
        "z_hits_at_5": 0.0,
        "z_inverse_harmonic_mean_rank": 0.0026661709978662686
      }
    },
    "head": {
      "optimistic": {
        "adjusted_arithmetic_mean_rank": 0.9168201505166901,
        "adjusted_arithmetic_mean_rank_index": 0.08321849625714073,
        "adjusted_hits_at_1": -0.00023231864968828038,
        "adjusted_hits_at_10": -0.002328054150452513,
        "adjusted_hits_at_3": -0.0006972799313290434,
        "adjusted_hits_at_5": -0.0011626736915696162,
        "adjusted_inverse_harmonic_mean_rank": -0.00015004495087989425,
        "arithmetic_mean_rank": 1974.198275862069,
        "count": 116.0,
        "geometric_mean_rank": 1376.9485307646198,
        "harmonic_mean_rank": 557.3734613006154,
        "hits_at_1": 0.0,
        "hits_at_10": 0.0,
        "hits_at_3": 0.0,
        "hits_at_5": 0.0,
        "inverse_arithmetic_mean_rank": 0.0005065347347460995,
        "inverse_geometric_mean_rank": 0.0007262435578799011,
        "inverse_harmonic_mean_rank": 0.0017941291960089523,
        "inverse_median_rank": 0.0005274261603375527,
        "median_absolute_deviation": 1719.0772723572454,
        "median_rank": 1896.0,
        "standard_deviation": 1267.055459825216,
        "variance": 1605429.5382728898,
        "z_arithmetic_mean_rank": -1974.198275862069,
        "z_hits_at_1": 0.0,
        "z_hits_at_10": 0.0,
        "z_hits_at_3": 0.0,
        "z_hits_at_5": 0.0,
        "z_inverse_harmonic_mean_rank": 0.0017941291960089523
      },
      "pessimistic": {
        "adjusted_arithmetic_mean_rank": 0.9168201505166901,
        "adjusted_arithmetic_mean_rank_index": 0.08321849625714073,
        "adjusted_hits_at_1": -0.00023231864968828038,
        "adjusted_hits_at_10": -0.002328054150452513,
        "adjusted_hits_at_3": -0.0006972799313290434,
        "adjusted_hits_at_5": -0.0011626736915696162,
        "adjusted_inverse_harmonic_mean_rank": -0.00015004495087989425,
        "arithmetic_mean_rank": 1974.198275862069,
        "count": 116.0,
        "geometric_mean_rank": 1376.9485307646198,
        "harmonic_mean_rank": 557.3734613006154,
        "hits_at_1": 0.0,
        "hits_at_10": 0.0,
        "hits_at_3": 0.0,
        "hits_at_5": 0.0,
        "inverse_arithmetic_mean_rank": 0.0005065347347460995,
        "inverse_geometric_mean_rank": 0.0007262435578799011,
        "inverse_harmonic_mean_rank": 0.0017941291960089523,
        "inverse_median_rank": 0.0005274261603375527,
        "median_absolute_deviation": 1719.0772723572454,
        "median_rank": 1896.0,
        "standard_deviation": 1267.055459825216,
        "variance": 1605429.5382728898,
        "z_arithmetic_mean_rank": -1974.198275862069,
        "z_hits_at_1": 0.0,
        "z_hits_at_10": 0.0,
        "z_hits_at_3": 0.0,
        "z_hits_at_5": 0.0,
        "z_inverse_harmonic_mean_rank": 0.0017941291960089523
      },
      "realistic": {
        "adjusted_arithmetic_mean_rank": 0.916820134878178,
        "adjusted_arithmetic_mean_rank_index": 0.08321851190291862,
        "adjusted_hits_at_1": -0.00023231864968828038,
        "adjusted_hits_at_10": -0.002328054150452513,