{
  "losses": [
    0.00392806807737908,
    0.0036337278690443666,
    0.002218690121398752,
    0.0012964226648685304,
    0.000986836449828643,
    0.0008186128932423181,
    0.0007221652610199776,
    0.0006027791948844875,
    0.0005248434427904849,
    0.000464615875141246,
    0.00040373403565834845,
    0.0003911314053989539,
    0.0003532670236144032,
    0.00034910957455937047,
    0.00031384521618889745,
    0.0002948856965262654,
    0.0002748449968442179,
    0.0002631434691356791,
    0.00024093169728665897,
    0.00024406717536759514,
    0.00022958140229473162,
    0.00022178437764680702,
    0.00021796942881668148,
    0.00021006803681223275,
    0.00019353309183226103,
    0.00020420670128887426,
    0.0002021912042577778,
    0.00018505180044362055,
    0.00018676304399399,
    0.0001861046804500718
  ],
  "metrics": {
    "both": {
      "optimistic": {
        "adjusted_arithmetic_mean_rank": 1.2659865950826026,
        "adjusted_arithmetic_mean_rank_index": -0.26610898539319483,
        "adjusted_hits_at_1": 0.008392571872578598,
        "adjusted_hits_at_10": 0.014975345054118797,
        "adjusted_hits_at_3": 0.012249342867904347,
        "adjusted_hits_at_5": 0.01179435844896254,
        "adjusted_inverse_harmonic_mean_rank": 0.011098232268937873,
        "arithmetic_mean_rank": 2752.5905172413795,
        "count": 232.0,
        "geometric_mean_rank": 1838.2538478141737,
        "harmonic_mean_rank": 76.89817459100014,
        "hits_at_1": 0.008620689655172414,
        "hits_at_10": 0.017241379310344827,
        "hits_at_3": 0.01293103448275862,
        "hits_at_5": 0.01293103448275862,
        "inverse_arithmetic_mean_rank": 0.0003632941382803973,
        "inverse_geometric_mean_rank": 0.000543994509348683,
        "inverse_harmonic_mean_rank": 0.01300420985697931,
        "inverse_median_rank": 0.0003059975520195838,
        "median_absolute_deviation": 1445.537163042962,
        "median_rank": 3268.0,
        "standard_deviation": 1446.6636230853228,
        "variance": 2092835.6383583532,
        "z_arithmetic_mean_rank": -2752.5905172413795,
        "z_hits_at_1": 0.008620689655172414,
        "z_hits_at_10": 0.017241379310344827,
        "z_hits_at_3": 0.01293103448275862,
        "z_hits_at_5": 0.01293103448275862,
        "z_inverse_harmonic_mean_rank": 0.01300420985697931
      },
      "pessimistic": {
        "adjusted_arithmetic_mean_rank": 1.2659865950826026,
        "adjusted_arithmetic_mean_rank_index": -0.26610898539319483,
        "adjusted_hits_at_1": 0.008392571872578598,
        "adjusted_hits_at_10": 0.014975345054118797,
        "adjusted_hits_at_3": 0.012249342867904347,
        "adjusted_hits_at_5": 0.01179435844896254,
        "adjusted_inverse_harmonic_mean_rank": 0.011098232268937873,
        "arithmetic_mean_rank": 2752.5905172413795,
        "count": 232.0,
        "geometric_mean_rank": 1838.2538478141737,
        "harmonic_mean_rank": 76.89817459100014,
        "hits_at_1": 0.008620689655172414,
        "hits_at_10": 0.017241379310344827,
        "hits_at_3": 0.01293103448275862,
        "hits_at_5": 0.01293103448275862,
        "inverse_arithmetic_mean_rank": 0.0003632941382803973,
        "inverse_geometric_mean_rank": 0.000543994509348683,
        "inverse_harmonic_mean_rank": 0.01300420985697931,
        "inverse_median_rank": 0.0003059975520195838,
        "median_absolute_deviation": 1445.537163042962,
        "median_rank": 3268.0,
        "standard_deviation": 1446.6636230853228,
        "variance": 2092835.6383583532,
        "z_arithmetic_mean_rank": -2752.5905172413795,
        "z_hits_at_1": 0.008620689655172414,
        "z_hits_at_10": 0.017241379310344827,
        "z_hits_at_3": 0.01293103448275862,
        "z_hits_at_5": 0.01293103448275862,
        "z_inverse_harmonic_mean_rank": 0.01300420985697931
      },
      "realistic": {
        "adjusted_arithmetic_mean_rank": 1.2659866221862406,
        "adjusted_arithmetic_mean_rank_index": -0.2661090125093044,
        "adjusted_hits_at_1": 0.008392571872578598,
        "adjusted_hits_at_10": 0.014975345054118797,
        "adjusted_hits_at_3": 0.012249342867904347,
        "adjusted_hits_at_5": 0.01179435844896254,
        "adjusted_inverse_harmonic_mean_rank": 0.011098232901727777,
        "arithmetic_mean_rank": 2752.590576171875,
        "count": 232.0,
        "geometric_mean_rank": 1838.253173828125,
        "harmonic_mean_rank": 76.8981708563173,
        "hits_at_1": 0.008620689655172414,
        "hits_at_10": 0.017241379310344827,
        "hits_at_3": 0.01293103448275862,
        "hits_at_5": 0.01293103448275862,
        "inverse_arithmetic_mean_rank": 0.0003632941225077957,
        "inverse_geometric_mean_rank": 0.0005439947126433253,
        "inverse_harmonic_mean_rank": 0.013004210488549594,
        "inverse_median_rank": 0.00030599755700677633,
        "median_absolute_deviation": 1445.537163042962,
        "median_rank": 3268.0,
        "standard_deviation": 1446.66357421875,
        "variance": 2092835.625,
        "z_arithmetic_mean_rank": -2752.590576171875,
        "z_hits_at_1": 0.008620689655172414,
        "z_hits_at_10": 0.017241379310344827,
        "z_hits_at_3": 0.01293103448275862,
        "z_hits_at_5": 0.01293103448275862,
        "z_inverse_harmonic_mean_rank": 0.013004210488549594
      }
    },
    "head": {
      "optimistic": {
        "adjusted_arithmetic_mean_rank": 1.3064117727980855,
        "adjusted_arithmetic_mean_rank_index": -0.3065543470680627,
        "adjusted_hits_at_1": 0.017012730297983877,
        "adjusted_hits_at_10": 0.03223166870360249,
        "adjusted_hits_at_3": 0.025181822474867804,
        "adjusted_hits_at_5": 0.024727796768281057,
        "adjusted_inverse_harmonic_mean_rank": 0.022480923198593777,
        "arithmetic_mean_rank": 2808.9655172413795,
        "count": 116.0,
        "geometric_mean_rank": 1756.3467825398545,
        "harmonic_mean_rank": 41.011213647094394,
        "hits_at_1": 0.017241379310344827,
        "hits_at_10": 0.034482758620689655,
        "hits_at_3": 0.02586206896551724,
        "hits_at_5": 0.02586206896551724,
        "inverse_arithmetic_mean_rank": 0.0003560029462312791,
        "inverse_geometric_mean_rank": 0.0005693636415889914,
        "inverse_harmonic_mean_rank": 0.024383574907221723,
        "inverse_median_rank": 0.0002990430622009569,
        "median_absolute_deviation": 1330.6354911087778,
        "median_rank": 3344.0,
        "standard_deviation": 1421.434686426519,
        "variance": 2020476.5677764565,
        "z_arithmetic_mean_rank": -2808.9655172413795,
        "z_hits_at_1": 0.017241379310344827,
        "z_hits_at_10": 0.034482758620689655,
        "z_hits_at_3": 0.02586206896551724,
        "z_hits_at_5": 0.02586206896551724,
        "z_inverse_harmonic_mean_rank": 0.024383574907221723
      },
      "pessimistic": {
        "adjusted_arithmetic_mean_rank": 1.3064117727980855,
        "adjusted_arithmetic_mean_rank_index": -0.3065543470680627,
        "adjusted_hits_at_1": 0.017012730297983877,
        "adjusted_hits_at_10": 0.03223166870360249,
        "adjusted_hits_at_3": 0.025181822474867804,
        "adjusted_hits_at_5": 0.024727796768281057,
        "adjusted_inverse_harmonic_mean_rank": 0.022480923198593777,
        "arithmetic_mean_rank": 2808.9655172413795,
        "count": 116.0,
        "geometric_mean_rank": 1756.3467825398545,
        "harmonic_mean_rank": 41.011213647094394,
        "hits_at_1": 0.017241379310344827,
        "hits_at_10": 0.034482758620689655,
        "hits_at_3": 0.02586206896551724,
        "hits_at_5": 0.02586206896551724,
        "inverse_arithmetic_mean_rank": 0.0003560029462312791,
        "inverse_geometric_mean_rank": 0.0005693636415889914,
        "inverse_harmonic_mean_rank": 0.024383574907221723,
        "inverse_median_rank": 0.0002990430622009569,
        "median_absolute_deviation": 1330.6354911087778,
        "median_rank": 3344.0,