{
  "losses": [
    0.003918171338263524,
    0.0038542209651899455,
    0.0037334568744236845,
    0.0035273768615883506,
    0.0032401603105936946,
    0.0030257543823272517,
    0.002922242789747887,
    0.0028121689164303174,
    0.0027929905825124853,
    0.002742056569868696,
    0.002690491730330558,
    0.0026699220169797647,
    0.0026310747068019223,
    0.0025843676476081908,
    0.002552374620249771,
    0.002541302999138337,
    0.0025339569609449985,
    0.002507405484715798,
    0.0024568478886344823,
    0.0024384180470178175,
    0.0024521138881906015,
    0.0024107191571413225,
    0.0024125665564485635,
    0.0023930786884044297,
    0.0023500480915249044,
    0.002326228544515455,
    0.0023162040493013084,
    0.0023299629509028925,
    0.00230109100994967,
    0.0022966068133224416
  ],
  "metrics": {
    "both": {
      "optimistic": {
        "adjusted_arithmetic_mean_rank": 1.1515528431017394,
        "adjusted_arithmetic_mean_rank_index": -0.1516166691873322,
        "adjusted_hits_at_1": -0.00021059714390775285,
        "adjusted_hits_at_10": -0.0021099706231602297,
        "adjusted_hits_at_3": -0.0006320576507953436,
        "adjusted_hits_at_5": -0.0010538734905273447,
        "adjusted_inverse_harmonic_mean_rank": -0.0004931151115107481,
        "arithmetic_mean_rank": 2735.4741379310344,
        "count": 232.0,
        "geometric_mean_rank": 1718.270239069769,
        "harmonic_mean_rank": 774.9194123976937,
        "hits_at_1": 0.0,
        "hits_at_10": 0.0,
        "hits_at_3": 0.0,
        "hits_at_5": 0.0,
        "inverse_arithmetic_mean_rank": 0.0003655673384491751,
        "inverse_geometric_mean_rank": 0.0005819806321858757,
        "inverse_harmonic_mean_rank": 0.0012904567675055137,
        "inverse_median_rank": 0.0002962085308056872,
        "median_absolute_deviation": 1946.6567128978554,
        "median_rank": 3376.0,
        "standard_deviation": 1829.9286421983918,
        "variance": 3348638.83553805,
        "z_arithmetic_mean_rank": -2735.4741379310344,
        "z_hits_at_1": 0.0,
        "z_hits_at_10": 0.0,
        "z_hits_at_3": 0.0,
        "z_hits_at_5": 0.0,
        "z_inverse_harmonic_mean_rank": 0.0012904567675055137
      },
      "pessimistic": {
        "adjusted_arithmetic_mean_rank": 1.1515564721543943,
        "adjusted_arithmetic_mean_rank_index": -0.15162029976835312,
        "adjusted_hits_at_1": -0.00021059714390775285,
        "adjusted_hits_at_10": -0.0021099706231602297,
        "adjusted_hits_at_3": -0.0006320576507953436,
        "adjusted_hits_at_5": -0.0010538734905273447,
        "adjusted_inverse_harmonic_mean_rank": -0.0004931259795275449,
        "arithmetic_mean_rank": 2735.4827586206898,
        "count": 232.0,
        "geometric_mean_rank": 1718.2867373034976,
        "harmonic_mean_rank": 774.9259270632978,
        "hits_at_1": 0.0,
        "hits_at_10": 0.0,
        "hits_at_3": 0.0,
        "hits_at_5": 0.0,
        "inverse_arithmetic_mean_rank": 0.0003655661863883321,
        "inverse_geometric_mean_rank": 0.0005819750442637398,
        "inverse_harmonic_mean_rank": 0.0012904459188630524,
        "inverse_median_rank": 0.0002962085308056872,
        "median_absolute_deviation": 1946.6567128978554,
        "median_rank": 3376.0,
        "standard_deviation": 1829.9200471641047,
        "variance": 3348607.3790130797,
        "z_arithmetic_mean_rank": -2735.4827586206898,
        "z_hits_at_1": 0.0,
        "z_hits_at_10": 0.0,
        "z_hits_at_3": 0.0,
        "z_hits_at_5": 0.0,
        "z_inverse_harmonic_mean_rank": 0.0012904459188630524
      },
      "realistic": {
        "adjusted_arithmetic_mean_rank": 1.1515546859800407,
        "adjusted_arithmetic_mean_rank_index": -0.15161851284175687,
        "adjusted_hits_at_1": -0.00021059714390775285,
        "adjusted_hits_at_10": -0.0021099706231602297,
        "adjusted_hits_at_3": -0.0006320576507953436,
        "adjusted_hits_at_5": -0.0010538734905273447,
        "adjusted_inverse_harmonic_mean_rank": -0.0004931205388082219,
        "arithmetic_mean_rank": 2735.478515625,
        "count": 232.0,
        "geometric_mean_rank": 1718.2783203125,
        "harmonic_mean_rank": 774.9226656940433,
        "hits_at_1": 0.0,
        "hits_at_10": 0.0,
        "hits_at_3": 0.0,
        "hits_at_5": 0.0,
        "inverse_arithmetic_mean_rank": 0.00036556675331667066,
        "inverse_geometric_mean_rank": 0.0005819778889417648,
        "inverse_harmonic_mean_rank": 0.001290451349883244,
        "inverse_median_rank": 0.00029620854184031487,
        "median_absolute_deviation": 1946.6567128978554,
        "median_rank": 3376.0,
        "standard_deviation": 1829.92431640625,
        "variance": 3348623.0,
        "z_arithmetic_mean_rank": -2735.478515625,
        "z_hits_at_1": 0.0,
        "z_hits_at_10": 0.0,
        "z_hits_at_3": 0.0,
        "z_hits_at_5": 0.0,
        "z_inverse_harmonic_mean_rank": 0.001290451349883244
      }
    },
    "head": {
      "optimistic": {
        "adjusted_arithmetic_mean_rank": 1.4842850955735243,
        "adjusted_arithmetic_mean_rank_index": -0.48449103909729985,
        "adjusted_hits_at_1": -0.0002126339720562082,
        "adjusted_hits_at_10": -0.0021304167112691503,
        "adjusted_hits_at_3": -0.0006381733108205046,
        "adjusted_hits_at_5": -0.0010640748941662885,
        "adjusted_inverse_harmonic_mean_rank": -0.0011770038846235867,
        "arithmetic_mean_rank": 3491.844827586207,
        "count": 116.0,
        "geometric_mean_rank": 2783.343815560283,
        "harmonic_mean_rank": 1604.8264331601597,
        "hits_at_1": 0.0,
        "hits_at_10": 0.0,
        "hits_at_3": 0.0,
        "hits_at_5": 0.0,
        "inverse_arithmetic_mean_rank": 0.0002863815688772361,
        "inverse_geometric_mean_rank": 0.0003592800840519595,
        "inverse_harmonic_mean_rank": 0.0006231203445663841,
        "inverse_median_rank": 0.00023909145248057382,
        "median_absolute_deviation": 733.1467970510201,
        "median_rank": 4182.5,
        "standard_deviation": 1500.659370039397,
        "variance": 2251978.54488704,
        "z_arithmetic_mean_rank": -3491.844827586207,
        "z_hits_at_1": 0.0,
        "z_hits_at_10": 0.0,
        "z_hits_at_3": 0.0,
        "z_hits_at_5": 0.0,
        "z_inverse_harmonic_mean_rank": 0.0006231203445663841
      },
      "pessimistic": {
        "adjusted_arithmetic_mean_rank": 1.4842887599864063,
        "adjusted_arithmetic_mean_rank_index": -0.48449470506848313,
        "adjusted_hits_at_1": -0.0002126339720562082,
        "adjusted_hits_at_10": -0.0021304167112691503,
        "adjusted_hits_at_3": -0.0006381733108205046,
        "adjusted_hits_at_5": -0.0010640748941662885,
        "adjusted_inverse_harmonic_mean_rank": -0.001177012177356243,
        "arithmetic_mean_rank": 3491.853448275862,
        "count": 116.0,
        "geometric_mean_rank": 2783.3673280017374,
        "harmonic_mean_rank": 1604.847752708723,
        "hits_at_1": 0.0,
        "hits_at_10": 0.0,
        "hits_at_3": 0.0,
        "hits_at_5": 0.0,
        "inverse_arithmetic_mean_rank": 0.00028638086185826616,
        "inverse_geometric_mean_rank": 0.0003592770490404261,
        "inverse_harmonic_mean_rank": 0.000623112066744127,
        "inverse_median_rank": 0.00023909145248057382,
        "median_absolute_deviation": 733.1467970510201,
        "median_rank": 4182.5,
        "standard_deviation": 1500.6451730569568,
        "variance": 2251935.9354191436,
        "z_arithmetic_mean_rank": -3491.853448275862,
        "z_hits_at_1": 0.0,
        "z_hits_at_10": 0.0,
        "z_hits_at_3": 0.0,
        "z_hits_at_5": 0.0,
        "z_inverse_harmonic_mean_rank": 0.000623112066744127
      },
      "realistic": {
        "adjusted_arithmetic_mean_rank": 1.4842869206229088,
        "adjusted_arithmetic_mean_rank_index": -0.48449286492279153,
        "adjusted_hits_at_1": -0.0002126339720562082,
        "adjusted_hits_at_10": -0.0021304167112691503,