{
  "losses": [
    0.0039346877054153824,
    0.0039039498193686297,
    0.0038429120526092225,
    0.0037299838274941826,
    0.0035035485037564675,
    0.0032881059516915384,
    0.003121291444378053,
    0.0030459433418537378,
    0.002971885474663831,
    0.0029010384625239765,
    0.002822652680660421,
    0.0027767003325571754,
    0.0027642326389628324,
    0.0027661724500946663,
    0.0027517349423905085,
    0.0027549463139797128,
    0.00272309489666911,
    0.0027017249686584004,
    0.002701756131862785,
    0.002693885402292913,
    0.002665849087532501,
    0.0026443461904239038,
    0.0026486123190682044,
    0.002620864404009927,
    0.002600152860775875,
    0.0026143473964096364,
    0.0025899847478328105,
    0.0025610666331923188,
    0.002573764552260135,
    0.0025691516033355954
  ],
  "metrics": {
    "both": {
      "optimistic": {
        "adjusted_arithmetic_mean_rank": 1.1548888129384713,
        "adjusted_arithmetic_mean_rank_index": -0.15496008303355624,
        "adjusted_hits_at_1": -0.00023010141548593596,
        "adjusted_hits_at_10": -0.0023057892431773658,
        "adjusted_hits_at_3": -0.0006906220726907919,
        "adjusted_hits_at_5": -0.0011515669862038893,
        "adjusted_inverse_harmonic_mean_rank": -0.0004179117824412284,
        "arithmetic_mean_rank": 2511.0344827586205,
        "count": 232.0,
        "geometric_mean_rank": 1676.9547420192628,
        "harmonic_mean_rank": 662.1369205743944,
        "hits_at_1": 0.0,
        "hits_at_10": 0.0,
        "hits_at_3": 0.0,
        "hits_at_5": 0.0,
        "inverse_arithmetic_mean_rank": 0.0003982422411425433,
        "inverse_geometric_mean_rank": 0.0005963190150235511,
        "inverse_harmonic_mean_rank": 0.0015102616527296411,
        "inverse_median_rank": 0.0002628811777076761,
        "median_absolute_deviation": 280.9531204068116,
        "median_rank": 3804.0,
        "standard_deviation": 1600.4959814826072,
        "variance": 2561587.386741974,
        "z_arithmetic_mean_rank": -2511.0344827586205,
        "z_hits_at_1": 0.0,
        "z_hits_at_10": 0.0,
        "z_hits_at_3": 0.0,
        "z_hits_at_5": 0.0,
        "z_inverse_harmonic_mean_rank": 0.0015102616527296411
      },
      "pessimistic": {
        "adjusted_arithmetic_mean_rank": 1.1548888129384713,
        "adjusted_arithmetic_mean_rank_index": -0.15496008303355624,
        "adjusted_hits_at_1": -0.00023010141548593596,
        "adjusted_hits_at_10": -0.0023057892431773658,
        "adjusted_hits_at_3": -0.0006906220726907919,
        "adjusted_hits_at_5": -0.0011515669862038893,
        "adjusted_inverse_harmonic_mean_rank": -0.0004179117824412284,
        "arithmetic_mean_rank": 2511.0344827586205,
        "count": 232.0,
        "geometric_mean_rank": 1676.9547420192628,
        "harmonic_mean_rank": 662.1369205743944,
        "hits_at_1": 0.0,
        "hits_at_10": 0.0,
        "hits_at_3": 0.0,
        "hits_at_5": 0.0,
        "inverse_arithmetic_mean_rank": 0.0003982422411425433,
        "inverse_geometric_mean_rank": 0.0005963190150235511,
        "inverse_harmonic_mean_rank": 0.0015102616527296411,
        "inverse_median_rank": 0.0002628811777076761,
        "median_absolute_deviation": 280.9531204068116,
        "median_rank": 3804.0,
        "standard_deviation": 1600.4959814826072,
        "variance": 2561587.386741974,
        "z_arithmetic_mean_rank": -2511.0344827586205,
        "z_hits_at_1": 0.0,
        "z_hits_at_10": 0.0,
        "z_hits_at_3": 0.0,
        "z_hits_at_5": 0.0,
        "z_inverse_harmonic_mean_rank": 0.0015102616527296411
      },
      "realistic": {
        "adjusted_arithmetic_mean_rank": 1.1548887858348333,
        "adjusted_arithmetic_mean_rank_index": -0.15496005591744666,
        "adjusted_hits_at_1": -0.00023010141548593596,
        "adjusted_hits_at_10": -0.0023057892431773658,
        "adjusted_hits_at_3": -0.0006906220726907919,
        "adjusted_hits_at_5": -0.0011515669862038893,
        "adjusted_inverse_harmonic_mean_rank": -0.0004179117164745967,
        "arithmetic_mean_rank": 2511.034423828125,
        "count": 232.0,
        "geometric_mean_rank": 1676.9552001953125,
        "harmonic_mean_rank": 662.1368917086976,
        "hits_at_1": 0.0,
        "hits_at_10": 0.0,
        "hits_at_3": 0.0,
        "hits_at_5": 0.0,
        "inverse_arithmetic_mean_rank": 0.00039824226405471563,
        "inverse_geometric_mean_rank": 0.0005963188596069813,
        "inverse_harmonic_mean_rank": 0.0015102617185691308,
        "inverse_median_rank": 0.00026288116350769997,
        "median_absolute_deviation": 280.9531204068116,
        "median_rank": 3804.0,
        "standard_deviation": 1600.4959716796875,
        "variance": 2561587.25,
        "z_arithmetic_mean_rank": -2511.034423828125,
        "z_hits_at_1": 0.0,
        "z_hits_at_10": 0.0,
        "z_hits_at_3": 0.0,
        "z_hits_at_5": 0.0,
        "z_inverse_harmonic_mean_rank": 0.0015102617185691308
      }
    },
    "head": {
      "optimistic": {
        "adjusted_arithmetic_mean_rank": 0.4966361400832495,
        "adjusted_arithmetic_mean_rank_index": 0.5035980765534196,
        "adjusted_hits_at_1": -0.00023266039854272065,
        "adjusted_hits_at_10": -0.0023314859855545693,
        "adjusted_hits_at_3": -0.0006983061319941112,
        "adjusted_hits_at_5": -0.0011643856184017421,
        "adjusted_inverse_harmonic_mean_rank": 0.0008227752089758226,
        "arithmetic_mean_rank": 1067.8362068965516,
        "count": 116.0,
        "geometric_mean_rank": 711.2473629347279,
        "harmonic_mean_rank": 361.32617195023744,
        "hits_at_1": 0.0,
        "hits_at_10": 0.0,
        "hits_at_3": 0.0,
        "hits_at_5": 0.0,
        "inverse_arithmetic_mean_rank": 0.0009364732096004651,
        "inverse_geometric_mean_rank": 0.00140598060831302,
        "inverse_harmonic_mean_rank": 0.0027675825268968393,
        "inverse_median_rank": 0.001558846453624318,
        "median_absolute_deviation": 401.0439001057653,
        "median_rank": 641.5,
        "standard_deviation": 977.0785531541915,
        "variance": 954682.4990338882,
        "z_arithmetic_mean_rank": -1067.8362068965516,
        "z_hits_at_1": 0.0,
        "z_hits_at_10": 0.0,
        "z_hits_at_3": 0.0,
        "z_hits_at_5": 0.0,
        "z_inverse_harmonic_mean_rank": 0.0027675825268968393
      },
      "pessimistic": {
        "adjusted_arithmetic_mean_rank": 0.4966361400832495,
        "adjusted_arithmetic_mean_rank_index": 0.5035980765534196,
        "adjusted_hits_at_1": -0.00023266039854272065,
        "adjusted_hits_at_10": -0.0023314859855545693,
        "adjusted_hits_at_3": -0.0006983061319941112,
        "adjusted_hits_at_5": -0.0011643856184017421,
        "adjusted_inverse_harmonic_mean_rank": 0.0008227752089758226,
        "arithmetic_mean_rank": 1067.8362068965516,
        "count": 116.0,
        "geometric_mean_rank": 711.2473629347279,
        "harmonic_mean_rank": 361.32617195023744,
        "hits_at_1": 0.0,
        "hits_at_10": 0.0,
        "hits_at_3": 0.0,
        "hits_at_5": 0.0,
        "inverse_arithmetic_mean_rank": 0.0009364732096004651,
        "inverse_geometric_mean_rank": 0.00140598060831302,
        "inverse_harmonic_mean_rank": 0.0027675825268968393,
        "inverse_median_rank": 0.001558846453624318,
        "median_absolute_deviation": 401.0439001057653,
        "median_rank": 641.5,
        "standard_deviation": 977.0785531541915,
        "variance": 954682.4990338882,
        "z_arithmetic_mean_rank": -1067.8362068965516,
        "z_hits_at_1": 0.0,
        "z_hits_at_10": 0.0,
        "z_hits_at_3": 0.0,
        "z_hits_at_5": 0.0,
        "z_inverse_harmonic_mean_rank": 0.0027675825268968393
      },
      "realistic": {
        "adjusted_arithmetic_mean_rank": 0.4966361283370605,
        "adjusted_arithmetic_mean_rank_index": 0.5035980883050741,
        "adjusted_hits_at_1": -0.00023266039854272065,
        "adjusted_hits_at_10": -0.0023314859855545693,