{
  "losses": [
    0.05861719673882406,
    0.03630656295853576,
    0.027094810872571696,
    0.021950866736444277,
    0.018408013082370653,
    0.015744230142738954,
    0.013764584454403794,
    0.012223431808561756,
    0.010830085339743533,
    0.009711949740983687,
    0.008864983493510115,
    0.008189940601937363,
    0.007345923472079848,
    0.006841383700729544,
    0.006081485811482495,
    0.005571830101052247,
    0.005112260097150709,
    0.0047312821403238245,
    0.004280491285557905,
    0.0039531371405480695,
    0.003605827575174845,
    0.0033046260783991307,
    0.003125539813930102,
    0.0028556468730791167,
    0.0026471966950622396,
    0.002381716289546689,
    0.0022910976760337587,
    0.002100703901328579,
    0.0019236565422533535,
    0.001763124098570101
  ],
  "metrics": {
    "both": {
      "optimistic": {
        "adjusted_arithmetic_mean_rank": 1.0987575840839638,
        "adjusted_arithmetic_mean_rank_index": -0.09879916878947692,
        "adjusted_hits_at_1": -0.00021056216689364367,
        "adjusted_hits_at_10": -0.002109619523460065,
        "adjusted_hits_at_3": -0.0006319526313117773,
        "adjusted_hits_at_5": -0.0010536983104662341,
        "adjusted_inverse_harmonic_mean_rank": -0.000507144447616015,
        "arithmetic_mean_rank": 2610.487068965517,
        "count": 232.0,
        "geometric_mean_rank": 2051.4723218825125,
        "harmonic_mean_rank": 783.5790106359568,
        "hits_at_1": 0.0,
        "hits_at_10": 0.0,
        "hits_at_3": 0.0,
        "hits_at_5": 0.0,
        "inverse_arithmetic_mean_rank": 0.00038307027523269043,
        "inverse_geometric_mean_rank": 0.00048745478519659493,
        "inverse_harmonic_mean_rank": 0.0012761954907245343,
        "inverse_median_rank": 0.00033778078027360244,
        "median_absolute_deviation": 1070.4388017610447,
        "median_rank": 2960.5,
        "standard_deviation": 1174.6965161288265,
        "variance": 1379911.9050052022,
        "z_arithmetic_mean_rank": -2610.487068965517,
        "z_hits_at_1": 0.0,
        "z_hits_at_10": 0.0,
        "z_hits_at_3": 0.0,
        "z_hits_at_5": 0.0,
        "z_inverse_harmonic_mean_rank": 0.0012761954907245343
      },
      "pessimistic": {
        "adjusted_arithmetic_mean_rank": 1.0987593983140076,
        "adjusted_arithmetic_mean_rank_index": -0.09880098378345403,
        "adjusted_hits_at_1": -0.00021056216689364367,
        "adjusted_hits_at_10": -0.002109619523460065,
        "adjusted_hits_at_3": -0.0006319526313117773,
        "adjusted_hits_at_5": -0.0010536983104662341,
        "adjusted_inverse_harmonic_mean_rank": -0.0005071453163201252,
        "arithmetic_mean_rank": 2610.4913793103447,
        "count": 232.0,
        "geometric_mean_rank": 2051.476288046141,
        "harmonic_mean_rank": 783.5795430665074,
        "hits_at_1": 0.0,
        "hits_at_10": 0.0,
        "hits_at_3": 0.0,
        "hits_at_5": 0.0,
        "inverse_arithmetic_mean_rank": 0.0003830696427215117,
        "inverse_geometric_mean_rank": 0.0004874538427896801,
        "inverse_harmonic_mean_rank": 0.0012761946235688335,
        "inverse_median_rank": 0.00033778078027360244,
        "median_absolute_deviation": 1070.4388017610447,
        "median_rank": 2960.5,
        "standard_deviation": 1174.6951181542124,
        "variance": 1379908.620615339,
        "z_arithmetic_mean_rank": -2610.4913793103447,
        "z_hits_at_1": 0.0,
        "z_hits_at_10": 0.0,
        "z_hits_at_3": 0.0,
        "z_hits_at_5": 0.0,
        "z_inverse_harmonic_mean_rank": 0.0012761946235688335
      },
      "realistic": {
        "adjusted_arithmetic_mean_rank": 1.098758505372658,
        "adjusted_arithmetic_mean_rank_index": -0.09880009046610616,
        "adjusted_hits_at_1": -0.00021056216689364367,
        "adjusted_hits_at_10": -0.002109619523460065,
        "adjusted_hits_at_3": -0.0006319526313117773,
        "adjusted_hits_at_5": -0.0010536983104662341,
        "adjusted_inverse_harmonic_mean_rank": -0.0005071448898429017,
        "arithmetic_mean_rank": 2610.4892578125,
        "count": 232.0,
        "geometric_mean_rank": 2051.473876953125,
        "harmonic_mean_rank": 783.5792816776424,
        "hits_at_1": 0.0,
        "hits_at_10": 0.0,
        "hits_at_3": 0.0,
        "hits_at_5": 0.0,
        "inverse_arithmetic_mean_rank": 0.0003830699424725026,
        "inverse_geometric_mean_rank": 0.0004874544101767242,
        "inverse_harmonic_mean_rank": 0.0012761950492858887,
        "inverse_median_rank": 0.0003377807734068483,
        "median_absolute_deviation": 1070.4388017610447,
        "median_rank": 2960.5,
        "standard_deviation": 1174.6959228515625,
        "variance": 1379910.375,
        "z_arithmetic_mean_rank": -2610.4892578125,
        "z_hits_at_1": 0.0,
        "z_hits_at_10": 0.0,
        "z_hits_at_3": 0.0,
        "z_hits_at_5": 0.0,
        "z_inverse_harmonic_mean_rank": 0.0012761950492858887
      }
    },
    "head": {
      "optimistic": {
        "adjusted_arithmetic_mean_rank": 0.8653217925783344,
        "adjusted_arithmetic_mean_rank_index": 0.13473546101072864,
        "adjusted_hits_at_1": -0.0002125647677931381,
        "adjusted_hits_at_10": -0.0021297220127172553,
        "adjusted_hits_at_3": -0.0006379655213652322,
        "adjusted_hits_at_5": -0.0010637282835880741,
        "adjusted_inverse_harmonic_mean_rank": 0.00042933344546879705,
        "arithmetic_mean_rank": 2036.3706896551723,
        "count": 116.0,
        "geometric_mean_rank": 1345.3517504770787,
        "harmonic_mean_rank": 449.2256691732563,
        "hits_at_1": 0.0,
        "hits_at_10": 0.0,
        "hits_at_3": 0.0,
        "hits_at_5": 0.0,
        "inverse_arithmetic_mean_rank": 0.0004910697276679692,
        "inverse_geometric_mean_rank": 0.0007433000326088604,
        "inverse_harmonic_mean_rank": 0.002226052669341837,
        "inverse_median_rank": 0.0005074854097944684,
        "median_absolute_deviation": 1727.2315845590263,
        "median_rank": 1970.5,
        "standard_deviation": 1335.1854871151695,
        "variance": 1782720.2850029727,
        "z_arithmetic_mean_rank": -2036.3706896551723,
        "z_hits_at_1": 0.0,
        "z_hits_at_10": 0.0,
        "z_hits_at_3": 0.0,
        "z_hits_at_5": 0.0,
        "z_inverse_harmonic_mean_rank": 0.002226052669341837
      },
      "pessimistic": {
        "adjusted_arithmetic_mean_rank": 0.8653217925783344,
        "adjusted_arithmetic_mean_rank_index": 0.13473546101072864,
        "adjusted_hits_at_1": -0.0002125647677931381,
        "adjusted_hits_at_10": -0.0021297220127172553,
        "adjusted_hits_at_3": -0.0006379655213652322,
        "adjusted_hits_at_5": -0.0010637282835880741,
        "adjusted_inverse_harmonic_mean_rank": 0.00042933344546879705,
        "arithmetic_mean_rank": 2036.3706896551723,
        "count": 116.0,
        "geometric_mean_rank": 1345.3517504770787,
        "harmonic_mean_rank": 449.2256691732563,
        "hits_at_1": 0.0,
        "hits_at_10": 0.0,
        "hits_at_3": 0.0,
        "hits_at_5": 0.0,
        "inverse_arithmetic_mean_rank": 0.0004910697276679692,
        "inverse_geometric_mean_rank": 0.0007433000326088604,
        "inverse_harmonic_mean_rank": 0.002226052669341837,
        "inverse_median_rank": 0.0005074854097944684,
        "median_absolute_deviation": 1727.2315845590263,
        "median_rank": 1970.5,
        "standard_deviation": 1335.1854871151695,
        "variance": 1782720.2850029727,
        "z_arithmetic_mean_rank": -2036.3706896551723,
        "z_hits_at_1": 0.0,
        "z_hits_at_10": 0.0,
        "z_hits_at_3": 0.0,
        "z_hits_at_5": 0.0,
        "z_inverse_harmonic_mean_rank": 0.002226052669341837
      },
      "realistic": {
        "adjusted_arithmetic_mean_rank": 0.8653218086764624,
        "adjusted_arithmetic_mean_rank_index": 0.13473544490575728,
        "adjusted_hits_at_1": -0.0002125647677931381,
        "adjusted_hits_at_10": -0.0021297220127172553,