{
  "losses": [
    0.0039338259591745394,
    0.003908516712867692,
    0.003829948672151003,
    0.0036511254599869837,
    0.003380055650378313,
    0.003154272775190384,
    0.0029872179420763123,
    0.0029048772106471995,
    0.002819407849254294,
    0.002781584293681314,
    0.002702162628308605,
    0.0026431849150488863,
    0.0025939440681142702,
    0.002550630507950115,
    0.0025388189700673194,
    0.00251313763279556,
    0.0024795259811760434,
    0.0024380360704351683,
    0.0024207132306546184,
    0.0024002407258466502,
    0.002417402012047311,
    0.0023766587944112137,
    0.002353413439887292,
    0.002358236814942267,
    0.0023179190706057624,
    0.0023511322718700978,
    0.0023106332620249836,
    0.0022817624981312282,
    0.002282555302288777,
    0.0022665164397721385
  ],
  "metrics": {
    "both": {
      "optimistic": {
        "adjusted_arithmetic_mean_rank": 1.1117080151457857,
        "adjusted_arithmetic_mean_rank_index": -0.11175937861203433,
        "adjusted_hits_at_1": -0.0002299303187033594,
        "adjusted_hits_at_10": -0.0023040711693982485,
        "adjusted_hits_at_3": -0.0006901083097572828,
        "adjusted_hits_at_5": -0.0011507099259168018,
        "adjusted_inverse_harmonic_mean_rank": -0.0007135111307405784,
        "arithmetic_mean_rank": 2418.9137931034484,
        "count": 232.0,
        "geometric_mean_rank": 1859.9413818604407,
        "harmonic_mean_rank": 823.7290332415096,
        "hits_at_1": 0.0,
        "hits_at_10": 0.0,
        "hits_at_3": 0.0,
        "hits_at_5": 0.0,
        "inverse_arithmetic_mean_rank": 0.00041340869726366205,
        "inverse_geometric_mean_rank": 0.0005376513527537795,
        "inverse_harmonic_mean_rank": 0.0012139914457850723,
        "inverse_median_rank": 0.00039541320680110717,
        "median_absolute_deviation": 1544.8715116828373,
        "median_rank": 2529.0,
        "standard_deviation": 1228.0446791333293,
        "variance": 1508093.7339476815,
        "z_arithmetic_mean_rank": -2418.9137931034484,
        "z_hits_at_1": 0.0,
        "z_hits_at_10": 0.0,
        "z_hits_at_3": 0.0,
        "z_hits_at_5": 0.0,
        "z_inverse_harmonic_mean_rank": 0.0012139914457850723
      },
      "pessimistic": {
        "adjusted_arithmetic_mean_rank": 1.1117080151457857,
        "adjusted_arithmetic_mean_rank_index": -0.11175937861203433,
        "adjusted_hits_at_1": -0.0002299303187033594,
        "adjusted_hits_at_10": -0.0023040711693982485,
        "adjusted_hits_at_3": -0.0006901083097572828,
        "adjusted_hits_at_5": -0.0011507099259168018,
        "adjusted_inverse_harmonic_mean_rank": -0.0007135111307405784,
        "arithmetic_mean_rank": 2418.9137931034484,
        "count": 232.0,
        "geometric_mean_rank": 1859.9413818604407,
        "harmonic_mean_rank": 823.7290332415096,
        "hits_at_1": 0.0,
        "hits_at_10": 0.0,
        "hits_at_3": 0.0,
        "hits_at_5": 0.0,
        "inverse_arithmetic_mean_rank": 0.00041340869726366205,
        "inverse_geometric_mean_rank": 0.0005376513527537795,
        "inverse_harmonic_mean_rank": 0.0012139914457850723,
        "inverse_median_rank": 0.00039541320680110717,
        "median_absolute_deviation": 1544.8715116828373,
        "median_rank": 2529.0,
        "standard_deviation": 1228.0446791333293,
        "variance": 1508093.7339476815,
        "z_arithmetic_mean_rank": -2418.9137931034484,
        "z_hits_at_1": 0.0,
        "z_hits_at_10": 0.0,
        "z_hits_at_3": 0.0,
        "z_hits_at_5": 0.0,
        "z_inverse_harmonic_mean_rank": 0.0012139914457850723
      },
      "realistic": {
        "adjusted_arithmetic_mean_rank": 1.111708026753151,
        "adjusted_arithmetic_mean_rank_index": -0.11175939022473669,
        "adjusted_hits_at_1": -0.0002299303187033594,
        "adjusted_hits_at_10": -0.0023040711693982485,
        "adjusted_hits_at_3": -0.0006901083097572828,
        "adjusted_hits_at_5": -0.0011507099259168018,
        "adjusted_inverse_harmonic_mean_rank": -0.0007135111400786037,
        "arithmetic_mean_rank": 2418.913818359375,
        "count": 232.0,
        "geometric_mean_rank": 1859.94140625,
        "harmonic_mean_rank": 823.7290395654312,
        "hits_at_1": 0.0,
        "hits_at_10": 0.0,
        "hits_at_3": 0.0,
        "hits_at_5": 0.0,
        "inverse_arithmetic_mean_rank": 0.0004134087066631764,
        "inverse_geometric_mean_rank": 0.0005376513581722975,
        "inverse_harmonic_mean_rank": 0.0012139914364650332,
        "inverse_median_rank": 0.0003954131971113384,
        "median_absolute_deviation": 1544.8715116828373,
        "median_rank": 2529.0,
        "standard_deviation": 1228.044677734375,
        "variance": 1508093.75,
        "z_arithmetic_mean_rank": -2418.913818359375,
        "z_hits_at_1": 0.0,
        "z_hits_at_10": 0.0,
        "z_hits_at_3": 0.0,
        "z_hits_at_5": 0.0,
        "z_inverse_harmonic_mean_rank": 0.0012139914364650332
      }
    },
    "head": {
      "optimistic": {
        "adjusted_arithmetic_mean_rank": 0.8049755145667636,
        "adjusted_arithmetic_mean_rank_index": 0.19511509712857855,
        "adjusted_hits_at_1": -0.00023231864968828038,
        "adjusted_hits_at_10": -0.002328054150452513,
        "adjusted_hits_at_3": -0.0006972799313290434,
        "adjusted_hits_at_5": -0.0011626736915696162,
        "adjusted_inverse_harmonic_mean_rank": -6.949815728656694e-05,
        "arithmetic_mean_rank": 1733.3620689655172,
        "count": 116.0,
        "geometric_mean_rank": 1233.9687262968707,
        "harmonic_mean_rank": 533.4700677999201,
        "hits_at_1": 0.0,
        "hits_at_10": 0.0,
        "hits_at_3": 0.0,
        "hits_at_5": 0.0,
        "inverse_arithmetic_mean_rank": 0.0005769135127070174,
        "inverse_geometric_mean_rank": 0.0008103933095622214,
        "inverse_harmonic_mean_rank": 0.001874519416101624,
        "inverse_median_rank": 0.0005832604257801109,
        "median_absolute_deviation": 1278.7444134610816,
        "median_rank": 1714.5,
        "standard_deviation": 1042.9969781798368,
        "variance": 1087842.696492271,
        "z_arithmetic_mean_rank": -1733.3620689655172,
        "z_hits_at_1": 0.0,
        "z_hits_at_10": 0.0,
        "z_hits_at_3": 0.0,
        "z_hits_at_5": 0.0,
        "z_inverse_harmonic_mean_rank": 0.001874519416101624
      },
      "pessimistic": {
        "adjusted_arithmetic_mean_rank": 0.8049755145667636,
        "adjusted_arithmetic_mean_rank_index": 0.19511509712857855,
        "adjusted_hits_at_1": -0.00023231864968828038,
        "adjusted_hits_at_10": -0.002328054150452513,
        "adjusted_hits_at_3": -0.0006972799313290434,
        "adjusted_hits_at_5": -0.0011626736915696162,
        "adjusted_inverse_harmonic_mean_rank": -6.949815728656694e-05,
        "arithmetic_mean_rank": 1733.3620689655172,
        "count": 116.0,
        "geometric_mean_rank": 1233.9687262968707,
        "harmonic_mean_rank": 533.4700677999201,
        "hits_at_1": 0.0,
        "hits_at_10": 0.0,
        "hits_at_3": 0.0,
        "hits_at_5": 0.0,
        "inverse_arithmetic_mean_rank": 0.0005769135127070174,
        "inverse_geometric_mean_rank": 0.0008103933095622214,
        "inverse_harmonic_mean_rank": 0.001874519416101624,
        "inverse_median_rank": 0.0005832604257801109,
        "median_absolute_deviation": 1278.7444134610816,
        "median_rank": 1714.5,
        "standard_deviation": 1042.9969781798368,
        "variance": 1087842.696492271,
        "z_arithmetic_mean_rank": -1733.3620689655172,
        "z_hits_at_1": 0.0,
        "z_hits_at_10": 0.0,
        "z_hits_at_3": 0.0,
        "z_hits_at_5": 0.0,
        "z_inverse_harmonic_mean_rank": 0.001874519416101624
      },
      "realistic": {
        "adjusted_arithmetic_mean_rank": 0.8049755106571357,
        "adjusted_arithmetic_mean_rank_index": 0.19511510104002294,
        "adjusted_hits_at_1": -0.00023231864968828038,
        "adjusted_hits_at_10": -0.002328054150452513,