{
  "losses": [
    0.003914242831707489,
    0.0038538649494221006,
    0.0037589531032143353,
    0.003607376635300812,
    0.0033470369068931854,
    0.003154123093692533,
    0.00306743867037835,
    0.002996626700789704,
    0.002956782839440573,
    0.0028829350003879636,
    0.0028299598383347705,
    0.0027997399315720013,
    0.0027958737296603126,
    0.002768635164577626,
    0.0027431461345890215,
    0.0027204872822087973,
    0.0026915612461179015,
    0.002689543897635563,
    0.0026600781668166744,
    0.0026649282995559144,
    0.0026385770146512577,
    0.0026514252139375797,
    0.0026429176373651505,
    0.0026586880583941495,
    0.002636165268758242,
    0.002596051705457325,
    0.002617768308253369,
    0.002585762107625768,
    0.002598518198150144,
    0.0025848583581684426
  ],
  "metrics": {
    "both": {
      "optimistic": {
        "adjusted_arithmetic_mean_rank": 1.4239632832172755,
        "adjusted_arithmetic_mean_rank_index": -0.4241419245652891,
        "adjusted_hits_at_1": -0.00021070542960217688,
        "adjusted_hits_at_10": 0.0022083866160790863,
        "adjusted_hits_at_3": -0.0006323827817779457,
        "adjusted_hits_at_5": 0.003260473890841458,
        "adjusted_inverse_harmonic_mean_rank": 0.00022520788025580355,
        "arithmetic_mean_rank": 3380.8663793103447,
        "count": 232.0,
        "geometric_mean_rank": 2481.3415377342826,
        "harmonic_mean_rank": 497.9350057483666,
        "hits_at_1": 0.0,
        "hits_at_10": 0.004310344827586207,
        "hits_at_3": 0.0,
        "hits_at_5": 0.004310344827586207,
        "inverse_arithmetic_mean_rank": 0.000295782171729599,
        "inverse_geometric_mean_rank": 0.00040300780234916864,
        "inverse_harmonic_mean_rank": 0.0020082942320897076,
        "inverse_median_rank": 0.0002469745616201531,
        "median_absolute_deviation": 880.6657177923275,
        "median_rank": 4049.0,
        "standard_deviation": 1527.9175072200883,
        "variance": 2334531.908869649,
        "z_arithmetic_mean_rank": -3380.8663793103447,
        "z_hits_at_1": 0.0,
        "z_hits_at_10": 0.004310344827586207,
        "z_hits_at_3": 0.0,
        "z_hits_at_5": 0.004310344827586207,
        "z_inverse_harmonic_mean_rank": 0.0020082942320897076
      },
      "pessimistic": {
        "adjusted_arithmetic_mean_rank": 1.423965098661036,
        "adjusted_arithmetic_mean_rank_index": -0.42414374077400563,
        "adjusted_hits_at_1": -0.00021070542960217688,
        "adjusted_hits_at_10": 0.0022083866160790863,
        "adjusted_hits_at_3": -0.0006323827817779457,
        "adjusted_hits_at_5": 0.003260473890841458,
        "adjusted_inverse_harmonic_mean_rank": 0.00022520768025332028,
        "arithmetic_mean_rank": 3380.8706896551726,
        "count": 232.0,
        "geometric_mean_rank": 2481.343839562039,
        "harmonic_mean_rank": 497.9350552484008,
        "hits_at_1": 0.0,
        "hits_at_10": 0.004310344827586207,
        "hits_at_3": 0.0,
        "hits_at_5": 0.004310344827586207,
        "inverse_arithmetic_mean_rank": 0.00029578179463054047,
        "inverse_geometric_mean_rank": 0.0004030074284974957,
        "inverse_harmonic_mean_rank": 0.0020082940324439263,
        "inverse_median_rank": 0.0002469745616201531,
        "median_absolute_deviation": 880.6657177923275,
        "median_rank": 4049.0,
        "standard_deviation": 1527.9210776364505,
        "variance": 2334542.819485732,
        "z_arithmetic_mean_rank": -3380.8706896551726,
        "z_hits_at_1": 0.0,
        "z_hits_at_10": 0.004310344827586207,
        "z_hits_at_3": 0.0,
        "z_hits_at_5": 0.004310344827586207,
        "z_inverse_harmonic_mean_rank": 0.0020082940324439263
      },
      "realistic": {
        "adjusted_arithmetic_mean_rank": 1.423964240580196,
        "adjusted_arithmetic_mean_rank_index": -0.42414288233160446,
        "adjusted_hits_at_1": -0.00021070542960217688,
        "adjusted_hits_at_10": 0.0022083866160790863,
        "adjusted_hits_at_3": -0.0006323827817779457,
        "adjusted_hits_at_5": 0.003260473890841458,
        "adjusted_inverse_harmonic_mean_rank": 0.0002252077565582669,
        "arithmetic_mean_rank": 3380.86865234375,
        "count": 232.0,
        "geometric_mean_rank": 2481.342529296875,
        "harmonic_mean_rank": 497.93503636314676,
        "hits_at_1": 0.0,
        "hits_at_10": 0.004310344827586207,
        "hits_at_3": 0.0,
        "hits_at_5": 0.004310344827586207,
        "inverse_arithmetic_mean_rank": 0.0002957819669973105,
        "inverse_geometric_mean_rank": 0.00040300763794220984,
        "inverse_harmonic_mean_rank": 0.002008294108612784,
        "inverse_median_rank": 0.00024697455228306353,
        "median_absolute_deviation": 880.6657177923275,
        "median_rank": 4049.0,
        "standard_deviation": 1527.9193115234375,
        "variance": 2334537.5,
        "z_arithmetic_mean_rank": -3380.86865234375,
        "z_hits_at_1": 0.0,
        "z_hits_at_10": 0.004310344827586207,
        "z_hits_at_3": 0.0,
        "z_hits_at_5": 0.004310344827586207,
        "z_inverse_harmonic_mean_rank": 0.002008294108612784
      }
    },
    "head": {
      "optimistic": {
        "adjusted_arithmetic_mean_rank": 1.0285676519189608,
        "adjusted_arithmetic_mean_rank_index": -0.028579812827624007,
        "adjusted_hits_at_1": -0.00021285091937457584,
        "adjusted_hits_at_10": 0.006506479574579472,
        "adjusted_hits_at_3": -0.0006388247069761256,
        "adjusted_hits_at_5": 0.007564710602444413,
        "adjusted_inverse_harmonic_mean_rank": 0.0019864456466471684,
        "arithmetic_mean_rank": 2417.2758620689656,
        "count": 116.0,
        "geometric_mean_rank": 1428.423741211116,
        "harmonic_mean_rank": 264.37527713225603,
        "hits_at_1": 0.0,
        "hits_at_10": 0.008620689655172414,
        "hits_at_3": 0.0,
        "hits_at_5": 0.008620689655172414,
        "inverse_arithmetic_mean_rank": 0.0004136888204162565,
        "inverse_geometric_mean_rank": 0.0007000723742886905,
        "inverse_harmonic_mean_rank": 0.0037825019451411916,
        "inverse_median_rank": 0.0003619254433586681,
        "median_absolute_deviation": 2103.812548059449,
        "median_rank": 2763.0,
        "standard_deviation": 1597.5241112324672,
        "variance": 2552083.285969084,
        "z_arithmetic_mean_rank": -2417.2758620689656,
        "z_hits_at_1": 0.0,
        "z_hits_at_10": 0.008620689655172414,
        "z_hits_at_3": 0.0,
        "z_hits_at_5": 0.008620689655172414,
        "z_inverse_harmonic_mean_rank": 0.0037825019451411916
      },
      "pessimistic": {
        "adjusted_arithmetic_mean_rank": 1.0285676519189608,
        "adjusted_arithmetic_mean_rank_index": -0.028579812827624007,
        "adjusted_hits_at_1": -0.00021285091937457584,
        "adjusted_hits_at_10": 0.006506479574579472,
        "adjusted_hits_at_3": -0.0006388247069761256,
        "adjusted_hits_at_5": 0.007564710602444413,
        "adjusted_inverse_harmonic_mean_rank": 0.0019864456466471684,
        "arithmetic_mean_rank": 2417.2758620689656,
        "count": 116.0,
        "geometric_mean_rank": 1428.423741211116,
        "harmonic_mean_rank": 264.37527713225603,
        "hits_at_1": 0.0,
        "hits_at_10": 0.008620689655172414,
        "hits_at_3": 0.0,
        "hits_at_5": 0.008620689655172414,
        "inverse_arithmetic_mean_rank": 0.0004136888204162565,
        "inverse_geometric_mean_rank": 0.0007000723742886905,
        "inverse_harmonic_mean_rank": 0.0037825019451411916,
        "inverse_median_rank": 0.0003619254433586681,
        "median_absolute_deviation": 2103.812548059449,
        "median_rank": 2763.0,
        "standard_deviation": 1597.5241112324672,
        "variance": 2552083.285969084,
        "z_arithmetic_mean_rank": -2417.2758620689656,
        "z_hits_at_1": 0.0,
        "z_hits_at_10": 0.008620689655172414,
        "z_hits_at_3": 0.0,
        "z_hits_at_5": 0.008620689655172414,