{
  "losses": [
    0.06508080171293598,
    0.05387595503971193,
    0.04662767906273986,
    0.042797371088959396,
    0.03921985402178185,
    0.03646060069148335,
    0.03403520575489426,
    0.03190473182884571,
    0.02996815906131952,
    0.02778019171781938,
    0.025629480289670402,
    0.024248650415669967,
    0.022477465863328664,
    0.02126597637196965,
    0.020219626782005232,
    0.018629308695046632,
    0.017811033669871513,
    0.01661252916580898,
    0.01586680719345623,
    0.014928595243207762,
    0.014172283843815825,
    0.013631619313317432,
    0.01299293144202636,
    0.012039035567676624,
    0.011740962408169315,
    0.010705836658972975,
    0.010382176580130928,
    0.009781769123230201,
    0.008973567624112496,
    0.009176189932045638
  ],
  "metrics": {
    "both": {
      "optimistic": {
        "adjusted_arithmetic_mean_rank": 0.7826912753143274,
        "adjusted_arithmetic_mean_rank_index": 0.21740027435748333,
        "adjusted_hits_at_1": -0.00021066886899837758,
        "adjusted_hits_at_10": -0.002110690601199618,
        "adjusted_hits_at_3": -0.0006322730074738982,
        "adjusted_hits_at_5": -0.0010542327210519083,
        "adjusted_inverse_harmonic_mean_rank": -0.0003613154776961559,
        "arithmetic_mean_rank": 1858.6336206896551,
        "count": 232.0,
        "geometric_mean_rank": 1362.6899171943544,
        "harmonic_mean_rank": 702.9637553819414,
        "hits_at_1": 0.0,
        "hits_at_10": 0.0,
        "hits_at_3": 0.0,
        "hits_at_5": 0.0,
        "inverse_arithmetic_mean_rank": 0.0005380296519272825,
        "inverse_geometric_mean_rank": 0.0007338426647046032,
        "inverse_harmonic_mean_rank": 0.0014225484491112489,
        "inverse_median_rank": 0.0006242197253433209,
        "median_absolute_deviation": 1264.6596923852785,
        "median_rank": 1602.0,
        "standard_deviation": 1228.1001339638651,
        "variance": 1508229.9390420632,
        "z_arithmetic_mean_rank": -1858.6336206896551,
        "z_hits_at_1": 0.0,
        "z_hits_at_10": 0.0,
        "z_hits_at_3": 0.0,
        "z_hits_at_5": 0.0,
        "z_inverse_harmonic_mean_rank": 0.0014225484491112489
      },
      "pessimistic": {
        "adjusted_arithmetic_mean_rank": 0.7826912753143274,
        "adjusted_arithmetic_mean_rank_index": 0.21740027435748333,
        "adjusted_hits_at_1": -0.00021066886899837758,
        "adjusted_hits_at_10": -0.002110690601199618,
        "adjusted_hits_at_3": -0.0006322730074738982,
        "adjusted_hits_at_5": -0.0010542327210519083,
        "adjusted_inverse_harmonic_mean_rank": -0.0003613154776961559,
        "arithmetic_mean_rank": 1858.6336206896551,
        "count": 232.0,
        "geometric_mean_rank": 1362.6899171943544,
        "harmonic_mean_rank": 702.9637553819414,
        "hits_at_1": 0.0,
        "hits_at_10": 0.0,
        "hits_at_3": 0.0,
        "hits_at_5": 0.0,
        "inverse_arithmetic_mean_rank": 0.0005380296519272825,
        "inverse_geometric_mean_rank": 0.0007338426647046032,
        "inverse_harmonic_mean_rank": 0.0014225484491112489,
        "inverse_median_rank": 0.0006242197253433209,
        "median_absolute_deviation": 1264.6596923852785,
        "median_rank": 1602.0,
        "standard_deviation": 1228.1001339638651,
        "variance": 1508229.9390420632,
        "z_arithmetic_mean_rank": -1858.6336206896551,
        "z_hits_at_1": 0.0,
        "z_hits_at_10": 0.0,
        "z_hits_at_3": 0.0,
        "z_hits_at_5": 0.0,
        "z_inverse_harmonic_mean_rank": 0.0014225484491112489
      },
      "realistic": {
        "adjusted_arithmetic_mean_rank": 0.7826912948128384,
        "adjusted_arithmetic_mean_rank_index": 0.21740025485075787,
        "adjusted_hits_at_1": -0.00021066886899837758,
        "adjusted_hits_at_10": -0.002110690601199618,
        "adjusted_hits_at_3": -0.0006322730074738982,
        "adjusted_hits_at_5": -0.0010542327210519083,
        "adjusted_inverse_harmonic_mean_rank": -0.0003613154528541225,
        "arithmetic_mean_rank": 1858.6336669921875,
        "count": 232.0,
        "geometric_mean_rank": 1362.689453125,
        "harmonic_mean_rank": 702.9637431279416,
        "hits_at_1": 0.0,
        "hits_at_10": 0.0,
        "hits_at_3": 0.0,
        "hits_at_5": 0.0,
        "inverse_arithmetic_mean_rank": 0.0005380296497605741,
        "inverse_geometric_mean_rank": 0.0007338428986258805,
        "inverse_harmonic_mean_rank": 0.0014225484739089835,
        "inverse_median_rank": 0.0006242197123356164,
        "median_absolute_deviation": 1264.6596923852785,
        "median_rank": 1602.0,
        "standard_deviation": 1228.10009765625,
        "variance": 1508229.75,
        "z_arithmetic_mean_rank": -1858.6336669921875,
        "z_hits_at_1": 0.0,
        "z_hits_at_10": 0.0,
        "z_hits_at_3": 0.0,
        "z_hits_at_5": 0.0,
        "z_inverse_harmonic_mean_rank": 0.0014225484739089835
      }
    },
    "head": {
      "optimistic": {
        "adjusted_arithmetic_mean_rank": 0.879766533689184,
        "adjusted_arithmetic_mean_rank_index": 0.120284630428799,
        "adjusted_hits_at_1": -0.00021277704780802407,
        "adjusted_hits_at_10": -0.00213185296249773,
        "adjusted_hits_at_3": -0.0006386029035051311,
        "adjusted_hits_at_5": -0.0010647914918007462,
        "adjusted_inverse_harmonic_mean_rank": -0.0008443056373244338,
        "arithmetic_mean_rank": 2068.293103448276,
        "count": 116.0,
        "geometric_mean_rank": 1565.9880159398786,
        "harmonic_mean_rank": 1045.7061922652895,
        "hits_at_1": 0.0,
        "hits_at_10": 0.0,
        "hits_at_3": 0.0,
        "hits_at_5": 0.0,
        "inverse_arithmetic_mean_rank": 0.00048349046773534736,
        "inverse_geometric_mean_rank": 0.0006385744908780911,
        "inverse_harmonic_mean_rank": 0.0009562915543549789,
        "inverse_median_rank": 0.0005600672080649678,
        "median_absolute_deviation": 1601.2103959860501,
        "median_rank": 1785.5,
        "standard_deviation": 1326.5264013206497,
        "variance": 1759672.2934007137,
        "z_arithmetic_mean_rank": -2068.293103448276,
        "z_hits_at_1": 0.0,
        "z_hits_at_10": 0.0,
        "z_hits_at_3": 0.0,
        "z_hits_at_5": 0.0,
        "z_inverse_harmonic_mean_rank": 0.0009562915543549789
      },
      "pessimistic": {
        "adjusted_arithmetic_mean_rank": 0.879766533689184,
        "adjusted_arithmetic_mean_rank_index": 0.120284630428799,
        "adjusted_hits_at_1": -0.00021277704780802407,
        "adjusted_hits_at_10": -0.00213185296249773,
        "adjusted_hits_at_3": -0.0006386029035051311,
        "adjusted_hits_at_5": -0.0010647914918007462,
        "adjusted_inverse_harmonic_mean_rank": -0.0008443056373244338,
        "arithmetic_mean_rank": 2068.293103448276,
        "count": 116.0,
        "geometric_mean_rank": 1565.9880159398786,
        "harmonic_mean_rank": 1045.7061922652895,
        "hits_at_1": 0.0,
        "hits_at_10": 0.0,
        "hits_at_3": 0.0,
        "hits_at_5": 0.0,
        "inverse_arithmetic_mean_rank": 0.00048349046773534736,
        "inverse_geometric_mean_rank": 0.0006385744908780911,
        "inverse_harmonic_mean_rank": 0.0009562915543549789,
        "inverse_median_rank": 0.0005600672080649678,
        "median_absolute_deviation": 1601.2103959860501,
        "median_rank": 1785.5,
        "standard_deviation": 1326.5264013206497,
        "variance": 1759672.2934007137,
        "z_arithmetic_mean_rank": -2068.293103448276,
        "z_hits_at_1": 0.0,
        "z_hits_at_10": 0.0,
        "z_hits_at_3": 0.0,
        "z_hits_at_5": 0.0,
        "z_inverse_harmonic_mean_rank": 0.0009562915543549789
      },
      "realistic": {
        "adjusted_arithmetic_mean_rank": 0.879766580241443,
        "adjusted_arithmetic_mean_rank_index": 0.12028458385673024,
        "adjusted_hits_at_1": -0.00021277704780802407,
        "adjusted_hits_at_10": -0.00213185296249773,