{
  "losses": [
    0.003908543742986251,
    0.003508126439118154,
    0.001936479482900076,
    0.0011753146457827227,
    0.0009127687726794335,
    0.0007772478665740265,
    0.0006641897190967875,
    0.0005561308654221661,
    0.00047966896317161846,
    0.0004337720649693789,
    0.0003889900996350257,
    0.0003665851562735934,
    0.0003354302355305458,
    0.00030102645705122665,
    0.00027727840954004646,
    0.0002829791411051053,
    0.00025577258039731504,
    0.0002439247711197697,
    0.0002344950046674163,
    0.00020650119504062004,
    0.00022127931461507432,
    0.00020707311013001115,
    0.0001943756106285638,
    0.00018989528997728146,
    0.00018607790404436467,
    0.000184569958996632,
    0.0001751103258186432,
    0.00018455001508358064,
    0.00017055840569819665,
    0.0001728602820067914
  ],
  "metrics": {
    "both": {
      "optimistic": {
        "adjusted_arithmetic_mean_rank": 0.5620922507109395,
        "adjusted_arithmetic_mean_rank_index": 0.43809226628318554,
        "adjusted_hits_at_1": -0.00021070542960217688,
        "adjusted_hits_at_10": 0.023805607684995123,
        "adjusted_hits_at_3": 0.00799375844909945,
        "adjusted_hits_at_5": 0.007575363614257729,
        "adjusted_inverse_harmonic_mean_rank": 0.01041277561259951,
        "arithmetic_mean_rank": 1334.5560344827586,
        "count": 232.0,
        "geometric_mean_rank": 503.24594610382087,
        "harmonic_mean_rank": 82.11736296586787,
        "hits_at_1": 0.0,
        "hits_at_10": 0.02586206896551724,
        "hits_at_3": 0.008620689655172414,
        "hits_at_5": 0.008620689655172414,
        "inverse_arithmetic_mean_rank": 0.0007493128607279317,
        "inverse_geometric_mean_rank": 0.0019870999612457835,
        "inverse_harmonic_mean_rank": 0.01217769255955833,
        "inverse_median_rank": 0.001670843776106934,
        "median_absolute_deviation": 790.9682835727386,
        "median_rank": 598.5,
        "standard_deviation": 1526.9244997361916,
        "variance": 2331498.4278946193,
        "z_arithmetic_mean_rank": -1334.5560344827586,
        "z_hits_at_1": 0.0,
        "z_hits_at_10": 0.02586206896551724,
        "z_hits_at_3": 0.008620689655172414,
        "z_hits_at_5": 0.008620689655172414,
        "z_inverse_harmonic_mean_rank": 0.01217769255955833
      },
      "pessimistic": {
        "adjusted_arithmetic_mean_rank": 0.5620922507109395,
        "adjusted_arithmetic_mean_rank_index": 0.43809226628318554,
        "adjusted_hits_at_1": -0.00021070542960217688,
        "adjusted_hits_at_10": 0.023805607684995123,
        "adjusted_hits_at_3": 0.00799375844909945,
        "adjusted_hits_at_5": 0.007575363614257729,
        "adjusted_inverse_harmonic_mean_rank": 0.01041277561259951,
        "arithmetic_mean_rank": 1334.5560344827586,
        "count": 232.0,
        "geometric_mean_rank": 503.24594610382087,
        "harmonic_mean_rank": 82.11736296586787,
        "hits_at_1": 0.0,
        "hits_at_10": 0.02586206896551724,
        "hits_at_3": 0.008620689655172414,
        "hits_at_5": 0.008620689655172414,
        "inverse_arithmetic_mean_rank": 0.0007493128607279317,
        "inverse_geometric_mean_rank": 0.0019870999612457835,
        "inverse_harmonic_mean_rank": 0.01217769255955833,
        "inverse_median_rank": 0.001670843776106934,
        "median_absolute_deviation": 790.9682835727386,
        "median_rank": 598.5,
        "standard_deviation": 1526.9244997361916,
        "variance": 2331498.4278946193,
        "z_arithmetic_mean_rank": -1334.5560344827586,
        "z_hits_at_1": 0.0,
        "z_hits_at_10": 0.02586206896551724,
        "z_hits_at_3": 0.008620689655172414,
        "z_hits_at_5": 0.008620689655172414,
        "z_inverse_harmonic_mean_rank": 0.01217769255955833
      },
      "realistic": {
        "adjusted_arithmetic_mean_rank": 0.5620922489380452,
        "adjusted_arithmetic_mean_rank_index": 0.4380922680568269,
        "adjusted_hits_at_1": -0.00021070542960217688,
        "adjusted_hits_at_10": 0.023805607684995123,
        "adjusted_hits_at_3": 0.00799375844909945,
        "adjusted_hits_at_5": 0.007575363614257729,
        "adjusted_inverse_harmonic_mean_rank": 0.01041277648737637,
        "arithmetic_mean_rank": 1334.5560302734375,
        "count": 232.0,
        "geometric_mean_rank": 503.2460632324219,
        "harmonic_mean_rank": 82.11735707753986,
        "hits_at_1": 0.0,
        "hits_at_10": 0.02586206896551724,
        "hits_at_3": 0.008620689655172414,
        "hits_at_5": 0.008620689655172414,
        "inverse_arithmetic_mean_rank": 0.0007493128650821745,
        "inverse_geometric_mean_rank": 0.001987099414691329,
        "inverse_harmonic_mean_rank": 0.012177693432775038,
        "inverse_median_rank": 0.0016708438051864505,
        "median_absolute_deviation": 790.9682835727386,
        "median_rank": 598.5,
        "standard_deviation": 1526.924560546875,
        "variance": 2331498.5,
        "z_arithmetic_mean_rank": -1334.5560302734375,
        "z_hits_at_1": 0.0,
        "z_hits_at_10": 0.02586206896551724,
        "z_hits_at_3": 0.008620689655172414,
        "z_hits_at_5": 0.008620689655172414,
        "z_inverse_harmonic_mean_rank": 0.012177693432775038
      }
    },
    "head": {
      "optimistic": {
        "adjusted_arithmetic_mean_rank": 0.5522126341107266,
        "adjusted_arithmetic_mean_rank_index": 0.447977983629666,
        "adjusted_hits_at_1": -0.00021285091937457584,
        "adjusted_hits_at_10": 0.049701850027858624,
        "adjusted_hits_at_3": 0.0166135688224545,
        "adjusted_hits_at_5": 0.01619458268416229,
        "adjusted_inverse_harmonic_mean_rank": 0.018429209806060724,
        "arithmetic_mean_rank": 1297.7758620689656,
        "count": 116.0,
        "geometric_mean_rank": 392.52030614941174,
        "harmonic_mean_rank": 49.51555174113049,
        "hits_at_1": 0.0,
        "hits_at_10": 0.05172413793103448,
        "hits_at_3": 0.017241379310344827,
        "hits_at_5": 0.017241379310344827,
        "inverse_arithmetic_mean_rank": 0.0007705490826480318,
        "inverse_geometric_mean_rank": 0.0025476388974876446,
        "inverse_harmonic_mean_rank": 0.0201956751936855,
        "inverse_median_rank": 0.0018744142455482662,
        "median_absolute_deviation": 714.6142693197002,
        "median_rank": 533.5,
        "standard_deviation": 1584.956156720969,
        "variance": 2512086.018727705,
        "z_arithmetic_mean_rank": -1297.7758620689656,
        "z_hits_at_1": 0.0,
        "z_hits_at_10": 0.05172413793103448,
        "z_hits_at_3": 0.017241379310344827,
        "z_hits_at_5": 0.017241379310344827,
        "z_inverse_harmonic_mean_rank": 0.0201956751936855
      },
      "pessimistic": {
        "adjusted_arithmetic_mean_rank": 0.5522126341107266,
        "adjusted_arithmetic_mean_rank_index": 0.447977983629666,
        "adjusted_hits_at_1": -0.00021285091937457584,
        "adjusted_hits_at_10": 0.049701850027858624,
        "adjusted_hits_at_3": 0.0166135688224545,
        "adjusted_hits_at_5": 0.01619458268416229,
        "adjusted_inverse_harmonic_mean_rank": 0.018429209806060724,
        "arithmetic_mean_rank": 1297.7758620689656,
        "count": 116.0,
        "geometric_mean_rank": 392.52030614941174,
        "harmonic_mean_rank": 49.51555174113049,
        "hits_at_1": 0.0,
        "hits_at_10": 0.05172413793103448,
        "hits_at_3": 0.017241379310344827,
        "hits_at_5": 0.017241379310344827,
        "inverse_arithmetic_mean_rank": 0.0007705490826480318,
        "inverse_geometric_mean_rank": 0.0025476388974876446,
        "inverse_harmonic_mean_rank": 0.0201956751936855,
        "inverse_median_rank": 0.0018744142455482662,
        "median_absolute_deviation": 714.6142693197002,
        "median_rank": 533.5,
        "standard_deviation": 1584.956156720969,
        "variance": 2512086.018727705,
        "z_arithmetic_mean_rank": -1297.7758620689656,
        "z_hits_at_1": 0.0,