{
  "losses": [
    0.06316358669146992,
    0.05904919811427041,
    0.054690129422686924,
    0.05097682481924301,
    0.047313504549322365,
    0.04319289862080484,
    0.040270313041447466,
    0.037077663660160694,
    0.035063439802713106,
    0.03251004964460906,
    0.030673543005559883,
    0.028033469249531314,
    0.026245756837798947,
    0.024472286538929633,
    0.022557115151114356,
    0.020808751484082785,
    0.0190499839238521,
    0.018215583090893103,
    0.01686219550491881,
    0.01570295751925254,
    0.014903607316656388,
    0.014330433206664396,
    0.013472725968227078,
    0.012563390180624514,
    0.012024883413050988,
    0.011426060225643974,
    0.010888074487139802,
    0.010722990473400203,
    0.01007952260046067,
    0.009719605430286174
  ],
  "metrics": {
    "both": {
      "optimistic": {
        "adjusted_arithmetic_mean_rank": 1.0396239470865738,
        "adjusted_arithmetic_mean_rank_index": -0.0396421795361801,
        "adjusted_hits_at_1": -0.00023010141548593596,
        "adjusted_hits_at_10": -0.0023057892431773658,
        "adjusted_hits_at_3": -0.0006906220726907919,
        "adjusted_hits_at_5": -0.0011515669862038893,
        "adjusted_inverse_harmonic_mean_rank": -0.0008992828557386321,
        "arithmetic_mean_rank": 2260.418103448276,
        "count": 232.0,
        "geometric_mean_rank": 1739.5645303059814,
        "harmonic_mean_rank": 971.0450310301511,
        "hits_at_1": 0.0,
        "hits_at_10": 0.0,
        "hits_at_3": 0.0,
        "hits_at_5": 0.0,
        "inverse_arithmetic_mean_rank": 0.00044239603216524254,
        "inverse_geometric_mean_rank": 0.0005748565129826513,
        "inverse_harmonic_mean_rank": 0.0010298183586183757,
        "inverse_median_rank": 0.000444247001332741,
        "median_absolute_deviation": 1707.2164546092006,
        "median_rank": 2251.0,
        "standard_deviation": 1284.2678419413448,
        "variance": 1649343.8898446788,
        "z_arithmetic_mean_rank": -2260.418103448276,
        "z_hits_at_1": 0.0,
        "z_hits_at_10": 0.0,
        "z_hits_at_3": 0.0,
        "z_hits_at_5": 0.0,
        "z_inverse_harmonic_mean_rank": 0.0010298183586183757
      },
      "pessimistic": {
        "adjusted_arithmetic_mean_rank": 1.0396239470865738,
        "adjusted_arithmetic_mean_rank_index": -0.0396421795361801,
        "adjusted_hits_at_1": -0.00023010141548593596,
        "adjusted_hits_at_10": -0.0023057892431773658,
        "adjusted_hits_at_3": -0.0006906220726907919,
        "adjusted_hits_at_5": -0.0011515669862038893,
        "adjusted_inverse_harmonic_mean_rank": -0.0008992828557386321,
        "arithmetic_mean_rank": 2260.418103448276,
        "count": 232.0,
        "geometric_mean_rank": 1739.5645303059814,
        "harmonic_mean_rank": 971.0450310301511,
        "hits_at_1": 0.0,
        "hits_at_10": 0.0,
        "hits_at_3": 0.0,
        "hits_at_5": 0.0,
        "inverse_arithmetic_mean_rank": 0.00044239603216524254,
        "inverse_geometric_mean_rank": 0.0005748565129826513,
        "inverse_harmonic_mean_rank": 0.0010298183586183757,
        "inverse_median_rank": 0.000444247001332741,
        "median_absolute_deviation": 1707.2164546092006,
        "median_rank": 2251.0,
        "standard_deviation": 1284.2678419413448,
        "variance": 1649343.8898446788,
        "z_arithmetic_mean_rank": -2260.418103448276,
        "z_hits_at_1": 0.0,
        "z_hits_at_10": 0.0,
        "z_hits_at_3": 0.0,
        "z_hits_at_5": 0.0,
        "z_inverse_harmonic_mean_rank": 0.0010298183586183757
      },
      "realistic": {
        "adjusted_arithmetic_mean_rank": 1.039623997421902,
        "adjusted_arithmetic_mean_rank_index": -0.03964222989466948,
        "adjusted_hits_at_1": -0.00023010141548593596,
        "adjusted_hits_at_10": -0.0023057892431773658,
        "adjusted_hits_at_3": -0.0006906220726907919,
        "adjusted_hits_at_5": -0.0011515669862038893,
        "adjusted_inverse_harmonic_mean_rank": -0.0008992828634731067,
        "arithmetic_mean_rank": 2260.418212890625,
        "count": 232.0,
        "geometric_mean_rank": 1739.564453125,
        "harmonic_mean_rank": 971.0450383091509,
        "hits_at_1": 0.0,
        "hits_at_10": 0.0,
        "hits_at_3": 0.0,
        "hits_at_5": 0.0,
        "inverse_arithmetic_mean_rank": 0.00044239600538276136,
        "inverse_geometric_mean_rank": 0.0005748565308749676,
        "inverse_harmonic_mean_rank": 0.0010298183508988083,
        "inverse_median_rank": 0.0004442470089998096,
        "median_absolute_deviation": 1707.2164546092006,
        "median_rank": 2251.0,
        "standard_deviation": 1284.267822265625,
        "variance": 1649343.875,
        "z_arithmetic_mean_rank": -2260.418212890625,
        "z_hits_at_1": 0.0,
        "z_hits_at_10": 0.0,
        "z_hits_at_3": 0.0,
        "z_hits_at_5": 0.0,
        "z_inverse_harmonic_mean_rank": 0.0010298183508988083
      }
    },
    "head": {
      "optimistic": {
        "adjusted_arithmetic_mean_rank": 1.0421745155974413,
        "adjusted_arithmetic_mean_rank_index": -0.04219413951958395,
        "adjusted_hits_at_1": -0.00023266039854272065,
        "adjusted_hits_at_10": -0.0023314859855545693,
        "adjusted_hits_at_3": -0.0006983061319941112,
        "adjusted_hits_at_5": -0.0011643856184017421,
        "adjusted_inverse_harmonic_mean_rank": -0.0008960827110643594,
        "arithmetic_mean_rank": 2240.8189655172414,
        "count": 116.0,
        "geometric_mean_rank": 1716.825916639369,
        "harmonic_mean_rank": 950.5069085231453,
        "hits_at_1": 0.0,
        "hits_at_10": 0.0,
        "hits_at_3": 0.0,
        "hits_at_5": 0.0,
        "inverse_arithmetic_mean_rank": 0.0004462654125069729,
        "inverse_geometric_mean_rank": 0.0005824702378430235,
        "inverse_harmonic_mean_rank": 0.0010520702069948707,
        "inverse_median_rank": 0.0004386926957666155,
        "median_absolute_deviation": 1660.514484726274,
        "median_rank": 2279.5,
        "standard_deviation": 1273.550823479431,
        "variance": 1621931.6999851367,
        "z_arithmetic_mean_rank": -2240.8189655172414,
        "z_hits_at_1": 0.0,
        "z_hits_at_10": 0.0,
        "z_hits_at_3": 0.0,
        "z_hits_at_5": 0.0,
        "z_inverse_harmonic_mean_rank": 0.0010520702069948707
      },
      "pessimistic": {
        "adjusted_arithmetic_mean_rank": 1.0421745155974413,
        "adjusted_arithmetic_mean_rank_index": -0.04219413951958395,
        "adjusted_hits_at_1": -0.00023266039854272065,
        "adjusted_hits_at_10": -0.0023314859855545693,
        "adjusted_hits_at_3": -0.0006983061319941112,
        "adjusted_hits_at_5": -0.0011643856184017421,
        "adjusted_inverse_harmonic_mean_rank": -0.0008960827110643594,
        "arithmetic_mean_rank": 2240.8189655172414,
        "count": 116.0,
        "geometric_mean_rank": 1716.825916639369,
        "harmonic_mean_rank": 950.5069085231453,
        "hits_at_1": 0.0,
        "hits_at_10": 0.0,
        "hits_at_3": 0.0,
        "hits_at_5": 0.0,
        "inverse_arithmetic_mean_rank": 0.0004462654125069729,
        "inverse_geometric_mean_rank": 0.0005824702378430235,
        "inverse_harmonic_mean_rank": 0.0010520702069948707,
        "inverse_median_rank": 0.0004386926957666155,
        "median_absolute_deviation": 1660.514484726274,
        "median_rank": 2279.5,
        "standard_deviation": 1273.550823479431,
        "variance": 1621931.6999851367,
        "z_arithmetic_mean_rank": -2240.8189655172414,
        "z_hits_at_1": 0.0,
        "z_hits_at_10": 0.0,
        "z_hits_at_3": 0.0,
        "z_hits_at_5": 0.0,
        "z_inverse_harmonic_mean_rank": 0.0010520702069948707
      },
      "realistic": {
        "adjusted_arithmetic_mean_rank": 1.0421744607818926,
        "adjusted_arithmetic_mean_rank_index": -0.04219408467852914,
        "adjusted_hits_at_1": -0.00023266039854272065,
        "adjusted_hits_at_10": -0.0023314859855545693,