{
  "losses": [
    0.003914872157804205,
    0.0037308364566223684,
    0.003508495412729683,
    0.0032748460740929923,
    0.0030241297473462833,
    0.0027691776921509132,
    0.0026099487504544915,
    0.002515169764331978,
    0.0024526700916925647,
    0.002380384310104281,
    0.0023708834245143025,
    0.0023691692658773596,
    0.002326129007164265,
    0.002313899933577345,
    0.0023276249864476106,
    0.002325669106040602,
    0.002285601076509039,
    0.0022822152662762647,
    0.0023192614828575864,
    0.0022733524351060824,
    0.0022872324040421345,
    0.002277102124137366,
    0.0022934855025156845,
    0.0022595469531262683,
    0.002271633440166717,
    0.0022668172441242074,
    0.0022576381755043213,
    0.0022874045756902835,
    0.002259640946861319,
    0.002272724502094251
  ],
  "metrics": {
    "both": {
      "optimistic": {
        "adjusted_arithmetic_mean_rank": 0.6618110124097263,
        "adjusted_arithmetic_mean_rank_index": 0.33833153791540305,
        "adjusted_hits_at_1": -0.00021078182213830787,
        "adjusted_hits_at_10": -0.002111824429194074,
        "adjusted_hits_at_3": -0.0006326121526994293,
        "adjusted_hits_at_5": -0.0010547984400402608,
        "adjusted_inverse_harmonic_mean_rank": 0.0006990559992500138,
        "arithmetic_mean_rank": 1570.7543103448277,
        "count": 232.0,
        "geometric_mean_rank": 995.6635762713788,
        "harmonic_mean_rank": 402.92388463251234,
        "hits_at_1": 0.0,
        "hits_at_10": 0.0,
        "hits_at_3": 0.0,
        "hits_at_5": 0.0,
        "inverse_arithmetic_mean_rank": 0.0006366368014488975,
        "inverse_geometric_mean_rank": 0.0010043553101991142,
        "inverse_harmonic_mean_rank": 0.002481858331411781,
        "inverse_median_rank": 0.0007382798080472499,
        "median_absolute_deviation": 1383.2678698657267,
        "median_rank": 1354.5,
        "standard_deviation": 1209.6718224728843,
        "variance": 1463305.9180848692,
        "z_arithmetic_mean_rank": -1570.7543103448277,
        "z_hits_at_1": 0.0,
        "z_hits_at_10": 0.0,
        "z_hits_at_3": 0.0,
        "z_hits_at_5": 0.0,
        "z_inverse_harmonic_mean_rank": 0.002481858331411781
      },
      "pessimistic": {
        "adjusted_arithmetic_mean_rank": 0.6618110124097263,
        "adjusted_arithmetic_mean_rank_index": 0.33833153791540305,
        "adjusted_hits_at_1": -0.00021078182213830787,
        "adjusted_hits_at_10": -0.002111824429194074,
        "adjusted_hits_at_3": -0.0006326121526994293,
        "adjusted_hits_at_5": -0.0010547984400402608,
        "adjusted_inverse_harmonic_mean_rank": 0.0006990559992500138,
        "arithmetic_mean_rank": 1570.7543103448277,
        "count": 232.0,
        "geometric_mean_rank": 995.6635762713788,
        "harmonic_mean_rank": 402.92388463251234,
        "hits_at_1": 0.0,
        "hits_at_10": 0.0,
        "hits_at_3": 0.0,
        "hits_at_5": 0.0,
        "inverse_arithmetic_mean_rank": 0.0006366368014488975,
        "inverse_geometric_mean_rank": 0.0010043553101991142,
        "inverse_harmonic_mean_rank": 0.002481858331411781,
        "inverse_median_rank": 0.0007382798080472499,
        "median_absolute_deviation": 1383.2678698657267,
        "median_rank": 1354.5,
        "standard_deviation": 1209.6718224728843,
        "variance": 1463305.9180848692,
        "z_arithmetic_mean_rank": -1570.7543103448277,
        "z_hits_at_1": 0.0,
        "z_hits_at_10": 0.0,
        "z_hits_at_3": 0.0,
        "z_hits_at_5": 0.0,
        "z_inverse_harmonic_mean_rank": 0.002481858331411781
      },
      "realistic": {
        "adjusted_arithmetic_mean_rank": 0.6618109964479838,
        "adjusted_arithmetic_mean_rank_index": 0.3383315538838736,
        "adjusted_hits_at_1": -0.00021078182213830787,
        "adjusted_hits_at_10": -0.002111824429194074,
        "adjusted_hits_at_3": -0.0006326121526994293,
        "adjusted_hits_at_5": -0.0010547984400402608,
        "adjusted_inverse_harmonic_mean_rank": 0.0006990559458860241,
        "arithmetic_mean_rank": 1570.7542724609375,
        "count": 232.0,
        "geometric_mean_rank": 995.6641235351562,
        "harmonic_mean_rank": 402.9238932805751,
        "hits_at_1": 0.0,
        "hits_at_10": 0.0,
        "hits_at_3": 0.0,
        "hits_at_5": 0.0,
        "inverse_arithmetic_mean_rank": 0.0006366368033923209,
        "inverse_geometric_mean_rank": 0.0010043547954410315,
        "inverse_harmonic_mean_rank": 0.002481858278142995,
        "inverse_median_rank": 0.0007382798357866704,
        "median_absolute_deviation": 1383.2678698657267,
        "median_rank": 1354.5,
        "standard_deviation": 1209.6717529296875,
        "variance": 1463305.875,
        "z_arithmetic_mean_rank": -1570.7542724609375,
        "z_hits_at_1": 0.0,
        "z_hits_at_10": 0.0,
        "z_hits_at_3": 0.0,
        "z_hits_at_5": 0.0,
        "z_inverse_harmonic_mean_rank": 0.002481858278142995
      }
    },
    "head": {
      "optimistic": {
        "adjusted_arithmetic_mean_rank": 0.6010535289180873,
        "adjusted_arithmetic_mean_rank_index": 0.399116420077555,
        "adjusted_hits_at_1": -0.00021300333008983274,
        "adjusted_hits_at_10": -0.0021341244814907815,
        "adjusted_hits_at_3": -0.0006392823287993019,
        "adjusted_hits_at_5": -0.001065924832605045,
        "adjusted_inverse_harmonic_mean_rank": 0.0016256846645162305,
        "arithmetic_mean_rank": 1411.5431034482758,
        "count": 116.0,
        "geometric_mean_rank": 808.7212173910463,
        "harmonic_mean_rank": 292.0961277194813,
        "hits_at_1": 0.0,
        "hits_at_10": 0.0,
        "hits_at_3": 0.0,
        "hits_at_5": 0.0,
        "inverse_arithmetic_mean_rank": 0.0007084445367322385,
        "inverse_geometric_mean_rank": 0.00123652004979667,
        "inverse_harmonic_mean_rank": 0.00342353049253828,
        "inverse_median_rank": 0.0009510223490252021,
        "median_absolute_deviation": 1249.8336702002225,
        "median_rank": 1051.5,
        "standard_deviation": 1219.368105097185,
        "variance": 1486858.5757282998,
        "z_arithmetic_mean_rank": -1411.5431034482758,
        "z_hits_at_1": 0.0,
        "z_hits_at_10": 0.0,
        "z_hits_at_3": 0.0,
        "z_hits_at_5": 0.0,
        "z_inverse_harmonic_mean_rank": 0.00342353049253828
      },
      "pessimistic": {
        "adjusted_arithmetic_mean_rank": 0.6010535289180873,
        "adjusted_arithmetic_mean_rank_index": 0.399116420077555,
        "adjusted_hits_at_1": -0.00021300333008983274,
        "adjusted_hits_at_10": -0.0021341244814907815,
        "adjusted_hits_at_3": -0.0006392823287993019,
        "adjusted_hits_at_5": -0.001065924832605045,
        "adjusted_inverse_harmonic_mean_rank": 0.0016256846645162305,
        "arithmetic_mean_rank": 1411.5431034482758,
        "count": 116.0,
        "geometric_mean_rank": 808.7212173910463,
        "harmonic_mean_rank": 292.0961277194813,
        "hits_at_1": 0.0,
        "hits_at_10": 0.0,
        "hits_at_3": 0.0,
        "hits_at_5": 0.0,
        "inverse_arithmetic_mean_rank": 0.0007084445367322385,
        "inverse_geometric_mean_rank": 0.00123652004979667,
        "inverse_harmonic_mean_rank": 0.00342353049253828,
        "inverse_median_rank": 0.0009510223490252021,
        "median_absolute_deviation": 1249.8336702002225,
        "median_rank": 1051.5,
        "standard_deviation": 1219.368105097185,
        "variance": 1486858.5757282998,
        "z_arithmetic_mean_rank": -1411.5431034482758,
        "z_hits_at_1": 0.0,
        "z_hits_at_10": 0.0,
        "z_hits_at_3": 0.0,
        "z_hits_at_5": 0.0,
        "z_inverse_harmonic_mean_rank": 0.00342353049253828
      },
      "realistic": {
        "adjusted_arithmetic_mean_rank": 0.6010535235409352,
        "adjusted_arithmetic_mean_rank_index": 0.39911642545699766,
        "adjusted_hits_at_1": -0.00021300333008983274,
        "adjusted_hits_at_10": -0.0021341244814907815,