{
  "losses": [
    0.06304972817536855,
    0.05888016571498586,
    0.05452053413876819,
    0.05109036330357924,
    0.04711052189111058,
    0.04323781966273049,
    0.040437851704865184,
    0.03724283453989217,
    0.03502853370795178,
    0.03276908430256261,
    0.03048405126924237,
    0.02844594346786386,
    0.026584873977609256,
    0.024391825314673033,
    0.02248529691424706,
    0.020794019771571096,
    0.019035464787068395,
    0.018247750654005065,
    0.016849961489663508,
    0.015558057988089694,
    0.014974455779079247,
    0.014313454882604791,
    0.013375473009746128,
    0.012593426487301359,
    0.012039284874269083,
    0.011311460642741208,
    0.010805900808445859,
    0.010661447853193657,
    0.010058641306567721,
    0.009587973803251984
  ],
  "metrics": {
    "both": {
      "optimistic": {
        "adjusted_arithmetic_mean_rank": 1.0480602440063134,
        "adjusted_arithmetic_mean_rank_index": -0.04808235418878626,
        "adjusted_hits_at_1": -0.00023005774985504658,
        "adjusted_hits_at_10": -0.0023053507728533285,
        "adjusted_hits_at_3": -0.0006904909551560167,
        "adjusted_hits_at_5": -0.001151348255631193,
        "adjusted_inverse_harmonic_mean_rank": -0.0009638186922141617,
        "arithmetic_mean_rank": 2279.185344827586,
        "count": 232.0,
        "geometric_mean_rank": 1779.6929743384258,
        "harmonic_mean_rank": 1036.1724457364205,
        "hits_at_1": 0.0,
        "hits_at_10": 0.0,
        "hits_at_3": 0.0,
        "hits_at_5": 0.0,
        "inverse_arithmetic_mean_rank": 0.00043875325991780945,
        "inverse_geometric_mean_rank": 0.0005618946719569621,
        "inverse_harmonic_mean_rank": 0.0009650903226723884,
        "inverse_median_rank": 0.0004314063848144953,
        "median_absolute_deviation": 1641.981956994954,
        "median_rank": 2318.0,
        "standard_deviation": 1272.1981266319785,
        "variance": 1618488.0734059156,
        "z_arithmetic_mean_rank": -2279.185344827586,
        "z_hits_at_1": 0.0,
        "z_hits_at_10": 0.0,
        "z_hits_at_3": 0.0,
        "z_hits_at_5": 0.0,
        "z_inverse_harmonic_mean_rank": 0.0009650903226723884
      },
      "pessimistic": {
        "adjusted_arithmetic_mean_rank": 1.0480622260746266,
        "adjusted_arithmetic_mean_rank_index": -0.04808433716895277,
        "adjusted_hits_at_1": -0.00023005774985504658,
        "adjusted_hits_at_10": -0.0023053507728533285,
        "adjusted_hits_at_3": -0.0006904909551560167,
        "adjusted_hits_at_5": -0.001151348255631193,
        "adjusted_inverse_harmonic_mean_rank": -0.0009638189499412976,
        "arithmetic_mean_rank": 2279.189655172414,
        "count": 232.0,
        "geometric_mean_rank": 1779.694848308008,
        "harmonic_mean_rank": 1036.17272191286,
        "hits_at_1": 0.0,
        "hits_at_10": 0.0,
        "hits_at_3": 0.0,
        "hits_at_5": 0.0,
        "inverse_arithmetic_mean_rank": 0.00043875243015893423,
        "inverse_geometric_mean_rank": 0.0005618940802973725,
        "inverse_harmonic_mean_rank": 0.0009650900654419061,
        "inverse_median_rank": 0.0004314063848144953,
        "median_absolute_deviation": 1641.981956994954,
        "median_rank": 2318.0,
        "standard_deviation": 1272.204273704076,
        "variance": 1618503.7140309156,
        "z_arithmetic_mean_rank": -2279.189655172414,
        "z_hits_at_1": 0.0,
        "z_hits_at_10": 0.0,
        "z_hits_at_3": 0.0,
        "z_hits_at_5": 0.0,
        "z_inverse_harmonic_mean_rank": 0.0009650900654419061
      },
      "realistic": {
        "adjusted_arithmetic_mean_rank": 1.04806123504047,
        "adjusted_arithmetic_mean_rank_index": -0.04808334567886963,
        "adjusted_hits_at_1": -0.00023005774985504658,
        "adjusted_hits_at_10": -0.0023053507728533285,
        "adjusted_hits_at_3": -0.0006904909551560167,
        "adjusted_hits_at_5": -0.001151348255631193,
        "adjusted_inverse_harmonic_mean_rank": -0.0009638188034916733,
        "arithmetic_mean_rank": 2279.1875,
        "count": 232.0,
        "geometric_mean_rank": 1779.6929931640625,
        "harmonic_mean_rank": 1036.1725649796745,
        "hits_at_1": 0.0,
        "hits_at_10": 0.0,
        "hits_at_3": 0.0,
        "hits_at_5": 0.0,
        "inverse_arithmetic_mean_rank": 0.00043875284609384835,
        "inverse_geometric_mean_rank": 0.0005618946743197739,
        "inverse_harmonic_mean_rank": 0.0009650902116093143,
        "inverse_median_rank": 0.0004314063990022987,
        "median_absolute_deviation": 1641.981956994954,
        "median_rank": 2318.0,
        "standard_deviation": 1272.201171875,
        "variance": 1618495.875,
        "z_arithmetic_mean_rank": -2279.1875,
        "z_hits_at_1": 0.0,
        "z_hits_at_10": 0.0,
        "z_hits_at_3": 0.0,
        "z_hits_at_5": 0.0,
        "z_inverse_harmonic_mean_rank": 0.0009650902116093143
      }
    },
    "head": {
      "optimistic": {
        "adjusted_arithmetic_mean_rank": 1.050518868252964,
        "adjusted_arithmetic_mean_rank_index": -0.05054236587326799,
        "adjusted_hits_at_1": -0.00023257217403122084,
        "adjusted_hits_at_10": -0.0023306000347641494,
        "adjusted_hits_at_3": -0.0006980412120181476,
        "adjusted_hits_at_5": -0.0011639436737987652,
        "adjusted_inverse_harmonic_mean_rank": -0.0009773951466796457,
        "arithmetic_mean_rank": 2259.6206896551726,
        "count": 116.0,
        "geometric_mean_rank": 1758.6889381818146,
        "harmonic_mean_rank": 1030.648763554691,
        "hits_at_1": 0.0,
        "hits_at_10": 0.0,
        "hits_at_3": 0.0,
        "hits_at_5": 0.0,
        "inverse_arithmetic_mean_rank": 0.00044255215248210716,
        "inverse_geometric_mean_rank": 0.0005686053845507382,
        "inverse_harmonic_mean_rank": 0.0009702626494704327,
        "inverse_median_rank": 0.00043205875999135883,
        "median_absolute_deviation": 1637.5341503394372,
        "median_rank": 2314.5,
        "standard_deviation": 1263.132263361344,
        "variance": 1595503.114744352,
        "z_arithmetic_mean_rank": -2259.6206896551726,
        "z_hits_at_1": 0.0,
        "z_hits_at_10": 0.0,
        "z_hits_at_3": 0.0,
        "z_hits_at_5": 0.0,
        "z_inverse_harmonic_mean_rank": 0.0009702626494704327
      },
      "pessimistic": {
        "adjusted_arithmetic_mean_rank": 1.050518868252964,
        "adjusted_arithmetic_mean_rank_index": -0.05054236587326799,
        "adjusted_hits_at_1": -0.00023257217403122084,
        "adjusted_hits_at_10": -0.0023306000347641494,
        "adjusted_hits_at_3": -0.0006980412120181476,
        "adjusted_hits_at_5": -0.0011639436737987652,
        "adjusted_inverse_harmonic_mean_rank": -0.0009773951466796457,
        "arithmetic_mean_rank": 2259.6206896551726,
        "count": 116.0,
        "geometric_mean_rank": 1758.6889381818146,
        "harmonic_mean_rank": 1030.648763554691,
        "hits_at_1": 0.0,
        "hits_at_10": 0.0,
        "hits_at_3": 0.0,
        "hits_at_5": 0.0,
        "inverse_arithmetic_mean_rank": 0.00044255215248210716,
        "inverse_geometric_mean_rank": 0.0005686053845507382,
        "inverse_harmonic_mean_rank": 0.0009702626494704327,
        "inverse_median_rank": 0.00043205875999135883,
        "median_absolute_deviation": 1637.5341503394372,
        "median_rank": 2314.5,
        "standard_deviation": 1263.132263361344,
        "variance": 1595503.114744352,
        "z_arithmetic_mean_rank": -2259.6206896551726,
        "z_hits_at_1": 0.0,
        "z_hits_at_10": 0.0,
        "z_hits_at_3": 0.0,
        "z_hits_at_5": 0.0,
        "z_inverse_harmonic_mean_rank": 0.0009702626494704327
      },
      "realistic": {
        "adjusted_arithmetic_mean_rank": 1.050518829113906,
        "adjusted_arithmetic_mean_rank_index": -0.050542326716005226,
        "adjusted_hits_at_1": -0.00023257217403122084,
        "adjusted_hits_at_10": -0.0023306000347641494,