{
  "losses": [
    0.003917241184821036,
    0.0038547623186942705,
    0.0037327855116315264,
    0.0035275356050471457,
    0.003239733890182792,
    0.0030265150533498866,
    0.002920434421950396,
    0.0028171014494224097,
    0.002786631343896242,
    0.0027423585281983304,
    0.0026933156821420555,
    0.0026670052347309036,
    0.002630316387507637,
    0.002582466452963761,
    0.0025493509043743004,
    0.0025398581439160088,
    0.0025242675529116,
    0.0025050282679396317,
    0.002455312371591467,
    0.0024405737058504984,
    0.0024503324485803165,
    0.0024078523607887667,
    0.0024103335957664745,
    0.0023921715890806157,
    0.0023501472554718988,
    0.0023253255167335466,
    0.002313695117785452,
    0.002329101966997276,
    0.002300894071550141,
    0.0022933403326584542
  ],
  "metrics": {
    "both": {
      "optimistic": {
        "adjusted_arithmetic_mean_rank": 0.9726096607083716,
        "adjusted_arithmetic_mean_rank_index": 0.027401884616623295,
        "adjusted_hits_at_1": -0.00021078182213830787,
        "adjusted_hits_at_10": -0.002111824429194074,
        "adjusted_hits_at_3": -0.0006326121526994293,
        "adjusted_hits_at_5": -0.0010547984400402608,
        "adjusted_inverse_harmonic_mean_rank": -0.0005017621095717914,
        "arithmetic_mean_rank": 2308.4094827586205,
        "count": 232.0,
        "geometric_mean_rank": 1464.200657540541,
        "harmonic_mean_rank": 779.3123485133549,
        "hits_at_1": 0.0,
        "hits_at_10": 0.0,
        "hits_at_3": 0.0,
        "hits_at_5": 0.0,
        "inverse_arithmetic_mean_rank": 0.0004331987056321434,
        "inverse_geometric_mean_rank": 0.0006829665011076611,
        "inverse_harmonic_mean_rank": 0.0012831825415157826,
        "inverse_median_rank": 0.00046598322460391424,
        "median_absolute_deviation": 2482.6174148876303,
        "median_rank": 2146.0,
        "standard_deviation": 1721.3393869048828,
        "variance": 2963009.2849100777,
        "z_arithmetic_mean_rank": -2308.4094827586205,
        "z_hits_at_1": 0.0,
        "z_hits_at_10": 0.0,
        "z_hits_at_3": 0.0,
        "z_hits_at_5": 0.0,
        "z_inverse_harmonic_mean_rank": 0.0012831825415157826
      },
      "pessimistic": {
        "adjusted_arithmetic_mean_rank": 0.9726114767999497,
        "adjusted_arithmetic_mean_rank_index": 0.027400067759542845,
        "adjusted_hits_at_1": -0.00021078182213830787,
        "adjusted_hits_at_10": -0.002111824429194074,
        "adjusted_hits_at_3": -0.0006326121526994293,
        "adjusted_hits_at_5": -0.0010547984400402608,
        "adjusted_inverse_harmonic_mean_rank": -0.0005017623861153482,
        "arithmetic_mean_rank": 2308.4137931034484,
        "count": 232.0,
        "geometric_mean_rank": 1464.2022547095148,
        "harmonic_mean_rank": 779.3125161663277,
        "hits_at_1": 0.0,
        "hits_at_10": 0.0,
        "hits_at_3": 0.0,
        "hits_at_5": 0.0,
        "inverse_arithmetic_mean_rank": 0.000433197896749522,
        "inverse_geometric_mean_rank": 0.0006829657561198001,
        "inverse_harmonic_mean_rank": 0.0012831822654655932,
        "inverse_median_rank": 0.00046598322460391424,
        "median_absolute_deviation": 2482.6174148876303,
        "median_rank": 2146.0,
        "standard_deviation": 1721.3435012991808,
        "variance": 2963023.449464923,
        "z_arithmetic_mean_rank": -2308.4137931034484,
        "z_hits_at_1": 0.0,
        "z_hits_at_10": 0.0,
        "z_hits_at_3": 0.0,
        "z_hits_at_5": 0.0,
        "z_inverse_harmonic_mean_rank": 0.0012831822654655932
      },
      "realistic": {
        "adjusted_arithmetic_mean_rank": 0.972610561660053,
        "adjusted_arithmetic_mean_rank_index": 0.027400983285181035,
        "adjusted_hits_at_1": -0.00021078182213830787,
        "adjusted_hits_at_10": -0.002111824429194074,
        "adjusted_hits_at_3": -0.0006326121526994293,
        "adjusted_hits_at_5": -0.0010547984400402608,
        "adjusted_inverse_harmonic_mean_rank": -0.0005017622420209281,
        "arithmetic_mean_rank": 2308.41162109375,
        "count": 232.0,
        "geometric_mean_rank": 1464.2022705078125,
        "harmonic_mean_rank": 779.3124288098885,
        "hits_at_1": 0.0,
        "hits_at_10": 0.0,
        "hits_at_3": 0.0,
        "hits_at_5": 0.0,
        "inverse_arithmetic_mean_rank": 0.00043319829273968935,
        "inverse_geometric_mean_rank": 0.0006829657359048724,
        "inverse_harmonic_mean_rank": 0.0012831824093029417,
        "inverse_median_rank": 0.00046598323388025165,
        "median_absolute_deviation": 2482.6174148876303,
        "median_rank": 2146.0,
        "standard_deviation": 1721.3414306640625,
        "variance": 2963016.25,
        "z_arithmetic_mean_rank": -2308.41162109375,
        "z_hits_at_1": 0.0,
        "z_hits_at_10": 0.0,
        "z_hits_at_3": 0.0,
        "z_hits_at_5": 0.0,
        "z_inverse_harmonic_mean_rank": 0.0012831824093029417
      }
    },
    "head": {
      "optimistic": {
        "adjusted_arithmetic_mean_rank": 1.2100102955972496,
        "adjusted_arithmetic_mean_rank_index": -0.21009975882452037,
        "adjusted_hits_at_1": -0.00021300333008983274,
        "adjusted_hits_at_10": -0.0021341244814907815,
        "adjusted_hits_at_3": -0.0006392823287993019,
        "adjusted_hits_at_5": -0.001065924832605045,
        "adjusted_inverse_harmonic_mean_rank": -0.0008284332884850278,
        "arithmetic_mean_rank": 2841.646551724138,
        "count": 116.0,
        "geometric_mean_rank": 2028.7264198459231,
        "harmonic_mean_rank": 1026.8713231591266,
        "hits_at_1": 0.0,
        "hits_at_10": 0.0,
        "hits_at_3": 0.0,
        "hits_at_5": 0.0,
        "inverse_arithmetic_mean_rank": 0.0003519086493685363,
        "inverse_geometric_mean_rank": 0.0004929200853390314,
        "inverse_harmonic_mean_rank": 0.0009738318496650017,
        "inverse_median_rank": 0.00030427506465845124,
        "median_absolute_deviation": 1921.45247518326,
        "median_rank": 3286.5,
        "standard_deviation": 1616.74429265513,
        "variance": 2613862.107832937,
        "z_arithmetic_mean_rank": -2841.646551724138,
        "z_hits_at_1": 0.0,
        "z_hits_at_10": 0.0,
        "z_hits_at_3": 0.0,
        "z_hits_at_5": 0.0,
        "z_inverse_harmonic_mean_rank": 0.0009738318496650017
      },
      "pessimistic": {
        "adjusted_arithmetic_mean_rank": 1.2100102955972496,
        "adjusted_arithmetic_mean_rank_index": -0.21009975882452037,
        "adjusted_hits_at_1": -0.00021300333008983274,
        "adjusted_hits_at_10": -0.0021341244814907815,
        "adjusted_hits_at_3": -0.0006392823287993019,
        "adjusted_hits_at_5": -0.001065924832605045,
        "adjusted_inverse_harmonic_mean_rank": -0.0008284332884850278,
        "arithmetic_mean_rank": 2841.646551724138,
        "count": 116.0,
        "geometric_mean_rank": 2028.7264198459231,
        "harmonic_mean_rank": 1026.8713231591266,
        "hits_at_1": 0.0,
        "hits_at_10": 0.0,
        "hits_at_3": 0.0,
        "hits_at_5": 0.0,
        "inverse_arithmetic_mean_rank": 0.0003519086493685363,
        "inverse_geometric_mean_rank": 0.0004929200853390314,
        "inverse_harmonic_mean_rank": 0.0009738318496650017,
        "inverse_median_rank": 0.00030427506465845124,
        "median_absolute_deviation": 1921.45247518326,
        "median_rank": 3286.5,
        "standard_deviation": 1616.74429265513,
        "variance": 2613862.107832937,
        "z_arithmetic_mean_rank": -2841.646551724138,
        "z_hits_at_1": 0.0,
        "z_hits_at_10": 0.0,
        "z_hits_at_3": 0.0,
        "z_hits_at_5": 0.0,
        "z_inverse_harmonic_mean_rank": 0.0009738318496650017
      },
      "realistic": {
        "adjusted_arithmetic_mean_rank": 1.210010266919105,
        "adjusted_arithmetic_mean_rank_index": -0.21009973013415917,
        "adjusted_hits_at_1": -0.00021300333008983274,
        "adjusted_hits_at_10": -0.0021341244814907815,