{
  "losses": [
    0.06268862662065204,
    0.057753729936274104,
    0.05206083547321211,
    0.04806939809054234,
    0.04533339147527697,
    0.042731373653865784,
    0.040354902637329874,
    0.03831075555554597,
    0.036035533396691195,
    0.034829612318956565,
    0.03270632533596068,
    0.031427497570057424,
    0.030703592805828732,
    0.029027242547996393,
    0.02676847758082404,
    0.025495384861712343,
    0.025044215249185618,
    0.024440088094723127,
    0.02275153387626738,
    0.021803524166605852,
    0.020533938366892688,
    0.01977861621333602,
    0.018764536966125882,
    0.018433776174209236,
    0.017333891890651505,
    0.01670652999455798,
    0.015538211997592697,
    0.015604848949426525,
    0.0147821389709375,
    0.014152297226001991
  ],
  "metrics": {
    "both": {
      "optimistic": {
        "adjusted_arithmetic_mean_rank": 0.9522312052027156,
        "adjusted_arithmetic_mean_rank_index": 0.04779077089814088,
        "adjusted_hits_at_1": -0.00023005774985504658,
        "adjusted_hits_at_10": -0.0023053507728533285,
        "adjusted_hits_at_3": -0.0006904909551560167,
        "adjusted_hits_at_5": -0.001151348255631193,
        "adjusted_inverse_harmonic_mean_rank": -0.00045462340283703416,
        "arithmetic_mean_rank": 2070.7887931034484,
        "count": 232.0,
        "geometric_mean_rank": 1515.5278526766454,
        "harmonic_mean_rank": 678.746376376928,
        "hits_at_1": 0.0,
        "hits_at_10": 0.0,
        "hits_at_3": 0.0,
        "hits_at_5": 0.0,
        "inverse_arithmetic_mean_rank": 0.0004829077708602627,
        "inverse_geometric_mean_rank": 0.0006598361080819813,
        "inverse_harmonic_mean_rank": 0.0014733043664083892,
        "inverse_median_rank": 0.0005271481286241434,
        "median_absolute_deviation": 1688.6839268778806,
        "median_rank": 1897.0,
        "standard_deviation": 1267.54192723089,
        "variance": 1606662.5372881987,
        "z_arithmetic_mean_rank": -2070.7887931034484,
        "z_hits_at_1": 0.0,
        "z_hits_at_10": 0.0,
        "z_hits_at_3": 0.0,
        "z_hits_at_5": 0.0,
        "z_inverse_harmonic_mean_rank": 0.0014733043664083892
      },
      "pessimistic": {
        "adjusted_arithmetic_mean_rank": 0.9522331872710288,
        "adjusted_arithmetic_mean_rank_index": 0.04778878791797447,
        "adjusted_hits_at_1": -0.00023005774985504658,
        "adjusted_hits_at_10": -0.0023053507728533285,
        "adjusted_hits_at_3": -0.0006904909551560167,
        "adjusted_hits_at_5": -0.001151348255631193,
        "adjusted_inverse_harmonic_mean_rank": -0.00045462546970907454,
        "arithmetic_mean_rank": 2070.793103448276,
        "count": 232.0,
        "geometric_mean_rank": 1515.5323718448503,
        "harmonic_mean_rank": 678.7473267443296,
        "hits_at_1": 0.0,
        "hits_at_10": 0.0,
        "hits_at_3": 0.0,
        "hits_at_5": 0.0,
        "inverse_arithmetic_mean_rank": 0.0004829067656903069,
        "inverse_geometric_mean_rank": 0.0006598341405157218,
        "inverse_harmonic_mean_rank": 0.001473302303519318,
        "inverse_median_rank": 0.0005271481286241434,
        "median_absolute_deviation": 1688.6839268778806,
        "median_rank": 1897.0,
        "standard_deviation": 1267.539800893443,
        "variance": 1606657.1468489894,
        "z_arithmetic_mean_rank": -2070.793103448276,
        "z_hits_at_1": 0.0,
        "z_hits_at_10": 0.0,
        "z_hits_at_3": 0.0,
        "z_hits_at_5": 0.0,
        "z_inverse_harmonic_mean_rank": 0.001473302303519318
      },
      "realistic": {
        "adjusted_arithmetic_mean_rank": 0.9522322272066895,
        "adjusted_arithmetic_mean_rank_index": 0.04778974842399264,
        "adjusted_hits_at_1": -0.00023005774985504658,
        "adjusted_hits_at_10": -0.0023053507728533285,
        "adjusted_hits_at_3": -0.0006904909551560167,
        "adjusted_hits_at_5": -0.001151348255631193,
        "adjusted_inverse_harmonic_mean_rank": -0.0004546245294400694,
        "arithmetic_mean_rank": 2070.791015625,
        "count": 232.0,
        "geometric_mean_rank": 1515.531005859375,
        "harmonic_mean_rank": 678.7468943993775,
        "hits_at_1": 0.0,
        "hits_at_10": 0.0,
        "hits_at_3": 0.0,
        "hits_at_5": 0.0,
        "inverse_arithmetic_mean_rank": 0.0004829072568099946,
        "inverse_geometric_mean_rank": 0.0006598347099497914,
        "inverse_harmonic_mean_rank": 0.0014733032419763762,
        "inverse_median_rank": 0.0005271481350064278,
        "median_absolute_deviation": 1688.6839268778806,
        "median_rank": 1897.0,
        "standard_deviation": 1267.5408935546875,
        "variance": 1606659.875,
        "z_arithmetic_mean_rank": -2070.791015625,
        "z_hits_at_1": 0.0,
        "z_hits_at_10": 0.0,
        "z_hits_at_3": 0.0,
        "z_hits_at_5": 0.0,
        "z_inverse_harmonic_mean_rank": 0.0014733032419763762
      }
    },
    "head": {
      "optimistic": {
        "adjusted_arithmetic_mean_rank": 1.1023482491539671,
        "adjusted_arithmetic_mean_rank_index": -0.10239585394759243,
        "adjusted_hits_at_1": -0.00023257217403122084,
        "adjusted_hits_at_10": -0.0023306000347641494,
        "adjusted_hits_at_3": -0.0006980412120181476,
        "adjusted_hits_at_5": -0.0011639436737987652,
        "adjusted_inverse_harmonic_mean_rank": -0.001046152937697215,
        "arithmetic_mean_rank": 2371.103448275862,
        "count": 116.0,
        "geometric_mean_rank": 1886.0712555054954,
        "harmonic_mean_rank": 1109.0917700551872,
        "hits_at_1": 0.0,
        "hits_at_10": 0.0,
        "hits_at_3": 0.0,
        "hits_at_5": 0.0,
        "inverse_arithmetic_mean_rank": 0.0004217445682208197,
        "inverse_geometric_mean_rank": 0.0005302026617928521,
        "inverse_harmonic_mean_rank": 0.000901638644338909,
        "inverse_median_rank": 0.0003755163349605708,
        "median_absolute_deviation": 1544.1302105735845,
        "median_rank": 2663.0,
        "standard_deviation": 1241.3875813900704,
        "variance": 1541043.127229489,
        "z_arithmetic_mean_rank": -2371.103448275862,
        "z_hits_at_1": 0.0,
        "z_hits_at_10": 0.0,
        "z_hits_at_3": 0.0,
        "z_hits_at_5": 0.0,
        "z_inverse_harmonic_mean_rank": 0.000901638644338909
      },
      "pessimistic": {
        "adjusted_arithmetic_mean_rank": 1.102352256993505,
        "adjusted_arithmetic_mean_rank_index": -0.10239986365127907,
        "adjusted_hits_at_1": -0.00023257217403122084,
        "adjusted_hits_at_10": -0.0023306000347641494,
        "adjusted_hits_at_3": -0.0006980412120181476,
        "adjusted_hits_at_5": -0.0011639436737987652,
        "adjusted_inverse_harmonic_mean_rank": -0.0010461570715187656,
        "arithmetic_mean_rank": 2371.112068965517,
        "count": 116.0,
        "geometric_mean_rank": 1886.0825037131026,
        "harmonic_mean_rank": 1109.0968451343779,
        "hits_at_1": 0.0,
        "hits_at_10": 0.0,
        "hits_at_3": 0.0,
        "hits_at_5": 0.0,
        "inverse_arithmetic_mean_rank": 0.00042174303487742184,
        "inverse_geometric_mean_rank": 0.0005301994997733741,
        "inverse_harmonic_mean_rank": 0.0009016345185607667,
        "inverse_median_rank": 0.0003755163349605708,
        "median_absolute_deviation": 1544.1302105735845,
        "median_rank": 2663.0,
        "standard_deviation": 1241.381153584599,
        "variance": 1541027.1684750295,
        "z_arithmetic_mean_rank": -2371.112068965517,
        "z_hits_at_1": 0.0,
        "z_hits_at_10": 0.0,
        "z_hits_at_3": 0.0,
        "z_hits_at_5": 0.0,
        "z_inverse_harmonic_mean_rank": 0.0009016345185607667
      },
      "realistic": {
        "adjusted_arithmetic_mean_rank": 1.1023502100207723,
        "adjusted_arithmetic_mean_rank_index": -0.10239781572644713,
        "adjusted_hits_at_1": -0.00023257217403122084,
        "adjusted_hits_at_10": -0.0023306000347641494,