{
  "losses": [
    0.0044089229298919005,
    0.004225344250312907,
    0.004051810229774642,
    0.003929263069345164,
    0.0037684762350773714,
    0.003661292657443726,
    0.0035671112652421247,
    0.003447825058017407,
    0.003347967882542989,
    0.00325811988193941,
    0.0031995700214377484,
    0.0031121507530276742,
    0.0030164875637213226,
    0.0029685406912939283,
    0.002912613370534735,
    0.0028933601583043434,
    0.002810361227223144,
    0.0027503454787897335,
    0.002723058188049903,
    0.002691856669874107,
    0.00264822938386076,
    0.0025972359927689684,
    0.002615397985093127,
    0.002558502800658082,
    0.002594516472057882,
    0.002554757671466499,
    0.002522283229158051,
    0.0025125119773876693,
    0.002518475324976452,
    0.0024947007480396375
  ],
  "metrics": {
    "both": {
      "optimistic": {
        "adjusted_arithmetic_mean_rank": 1.235850292689653,
        "adjusted_arithmetic_mean_rank_index": -0.23594962042683165,
        "adjusted_hits_at_1": -0.00021059714390775285,
        "adjusted_hits_at_10": -0.0021099706231602297,
        "adjusted_hits_at_3": -0.0006320576507953436,
        "adjusted_hits_at_5": -0.0010538734905273447,
        "adjusted_inverse_harmonic_mean_rank": -0.0011453920831777675,
        "arithmetic_mean_rank": 2935.719827586207,
        "count": 232.0,
        "geometric_mean_rank": 2470.2311216127623,
        "harmonic_mean_rank": 1564.1066178049925,
        "hits_at_1": 0.0,
        "hits_at_10": 0.0,
        "hits_at_3": 0.0,
        "hits_at_5": 0.0,
        "inverse_arithmetic_mean_rank": 0.0003406319603809792,
        "inverse_geometric_mean_rank": 0.0004048204199399451,
        "inverse_harmonic_mean_rank": 0.0006393426053035705,
        "inverse_median_rank": 0.00032776138970829236,
        "median_absolute_deviation": 1565.6279427419156,
        "median_rank": 3051.0,
        "standard_deviation": 1308.3081217094866,
        "variance": 1711670.1413310047,
        "z_arithmetic_mean_rank": -2935.719827586207,
        "z_hits_at_1": 0.0,
        "z_hits_at_10": 0.0,
        "z_hits_at_3": 0.0,
        "z_hits_at_5": 0.0,
        "z_inverse_harmonic_mean_rank": 0.0006393426053035705
      },
      "pessimistic": {
        "adjusted_arithmetic_mean_rank": 1.2358521072159803,
        "adjusted_arithmetic_mean_rank_index": -0.235951435717342,
        "adjusted_hits_at_1": -0.00021059714390775285,
        "adjusted_hits_at_10": -0.0021099706231602297,
        "adjusted_hits_at_3": -0.0006320576507953436,
        "adjusted_hits_at_5": -0.0010538734905273447,
        "adjusted_inverse_harmonic_mean_rank": -0.0011453922944848131,
        "arithmetic_mean_rank": 2935.7241379310344,
        "count": 232.0,
        "geometric_mean_rank": 2470.2334770055436,
        "harmonic_mean_rank": 1564.1071338313961,
        "hits_at_1": 0.0,
        "hits_at_10": 0.0,
        "hits_at_3": 0.0,
        "hits_at_5": 0.0,
        "inverse_arithmetic_mean_rank": 0.00034063146025183234,
        "inverse_geometric_mean_rank": 0.00040482003393955133,
        "inverse_harmonic_mean_rank": 0.0006393423943732205,
        "inverse_median_rank": 0.00032776138970829236,
        "median_absolute_deviation": 1565.6279427419156,
        "median_rank": 3051.0,
        "standard_deviation": 1308.3133429001111,
        "variance": 1711683.8032104638,
        "z_arithmetic_mean_rank": -2935.7241379310344,
        "z_hits_at_1": 0.0,
        "z_hits_at_10": 0.0,
        "z_hits_at_3": 0.0,
        "z_hits_at_5": 0.0,
        "z_inverse_harmonic_mean_rank": 0.0006393423943732205
      },
      "realistic": {
        "adjusted_arithmetic_mean_rank": 1.2358511751448396,
        "adjusted_arithmetic_mean_rank_index": -0.23595050325366174,
        "adjusted_hits_at_1": -0.00021059714390775285,
        "adjusted_hits_at_10": -0.0021099706231602297,
        "adjusted_hits_at_3": -0.0006320576507953436,
        "adjusted_hits_at_5": -0.0010538734905273447,
        "adjusted_inverse_harmonic_mean_rank": -0.001145392210585262,
        "arithmetic_mean_rank": 2935.721923828125,
        "count": 232.0,
        "geometric_mean_rank": 2470.232421875,
        "harmonic_mean_rank": 1564.1069289428553,
        "hits_at_1": 0.0,
        "hits_at_10": 0.0,
        "hits_at_3": 0.0,
        "hits_at_5": 0.0,
        "inverse_arithmetic_mean_rank": 0.00034063172643072903,
        "inverse_geometric_mean_rank": 0.00040482019539922476,
        "inverse_harmonic_mean_rank": 0.0006393424781232044,
        "inverse_median_rank": 0.0003277614014223218,
        "median_absolute_deviation": 1565.6279427419156,
        "median_rank": 3051.0,
        "standard_deviation": 1308.310791015625,
        "variance": 1711677.0,
        "z_arithmetic_mean_rank": -2935.721923828125,
        "z_hits_at_1": 0.0,
        "z_hits_at_10": 0.0,
        "z_hits_at_3": 0.0,
        "z_hits_at_5": 0.0,
        "z_inverse_harmonic_mean_rank": 0.0006393424781232044
      }
    },
    "head": {
      "optimistic": {
        "adjusted_arithmetic_mean_rank": 0.956466728438982,
        "adjusted_arithmetic_mean_rank_index": 0.04355178420042971,
        "adjusted_hits_at_1": -0.0002126339720562082,
        "adjusted_hits_at_10": -0.0021304167112691503,
        "adjusted_hits_at_3": -0.0006381733108205046,
        "adjusted_hits_at_5": -0.0010640748941662885,
        "adjusted_inverse_harmonic_mean_rank": -0.0008352835005817236,
        "arithmetic_mean_rank": 2250.1293103448274,
        "count": 116.0,
        "geometric_mean_rank": 1774.0534462489943,
        "harmonic_mean_rank": 1037.100924228997,
        "hits_at_1": 0.0,
        "hits_at_10": 0.0,
        "hits_at_3": 0.0,
        "hits_at_5": 0.0,
        "inverse_arithmetic_mean_rank": 0.00044441890312817275,
        "inverse_geometric_mean_rank": 0.0005636808756322253,
        "inverse_harmonic_mean_rank": 0.0009642263126353122,
        "inverse_median_rank": 0.0004492362982929021,
        "median_absolute_deviation": 1492.9804340351411,
        "median_rank": 2226.0,
        "standard_deviation": 1237.0524514997708,
        "variance": 1530298.767761593,
        "z_arithmetic_mean_rank": -2250.1293103448274,
        "z_hits_at_1": 0.0,
        "z_hits_at_10": 0.0,
        "z_hits_at_3": 0.0,
        "z_hits_at_5": 0.0,
        "z_inverse_harmonic_mean_rank": 0.0009642263126353122
      },
      "pessimistic": {
        "adjusted_arithmetic_mean_rank": 0.956466728438982,
        "adjusted_arithmetic_mean_rank_index": 0.04355178420042971,
        "adjusted_hits_at_1": -0.0002126339720562082,
        "adjusted_hits_at_10": -0.0021304167112691503,
        "adjusted_hits_at_3": -0.0006381733108205046,
        "adjusted_hits_at_5": -0.0010640748941662885,
        "adjusted_inverse_harmonic_mean_rank": -0.0008352835005817236,
        "arithmetic_mean_rank": 2250.1293103448274,
        "count": 116.0,
        "geometric_mean_rank": 1774.0534462489943,
        "harmonic_mean_rank": 1037.100924228997,
        "hits_at_1": 0.0,
        "hits_at_10": 0.0,
        "hits_at_3": 0.0,
        "hits_at_5": 0.0,
        "inverse_arithmetic_mean_rank": 0.00044441890312817275,
        "inverse_geometric_mean_rank": 0.0005636808756322253,
        "inverse_harmonic_mean_rank": 0.0009642263126353122,
        "inverse_median_rank": 0.0004492362982929021,
        "median_absolute_deviation": 1492.9804340351411,
        "median_rank": 2226.0,
        "standard_deviation": 1237.0524514997708,
        "variance": 1530298.767761593,
        "z_arithmetic_mean_rank": -2250.1293103448274,
        "z_hits_at_1": 0.0,
        "z_hits_at_10": 0.0,
        "z_hits_at_3": 0.0,
        "z_hits_at_5": 0.0,
        "z_inverse_harmonic_mean_rank": 0.0009642263126353122
      },
      "realistic": {
        "adjusted_arithmetic_mean_rank": 0.956466764224264,
        "adjusted_arithmetic_mean_rank_index": 0.04355174839992981,
        "adjusted_hits_at_1": -0.0002126339720562082,
        "adjusted_hits_at_10": -0.0021304167112691503,