{
  "losses": [
    12.388695652711695,
    10.196978941638266,
    8.346577562146898,
    6.783987431436863,
    5.46525853354568,
    4.354225416547751,
    3.4204972109932252,
    2.6381974640818218,
    1.985103281932897,
    1.44209635291892,
    0.992777810987731,
    0.624125548103922,
    0.3318947969488395,
    0.12891193364717254,
    0.02986300523245655,
    0.00593145342955835,
    0.003979145844819808,
    0.003931817762232345,
    0.003930562270115983,
    0.003927176248692694,
    0.003928119886256036,
    0.003928786233682393,
    0.003924828081574093,
    0.0039217858209299105,
    0.00391973435787366,
    0.003924053920506557,
    0.003920178426582728,
    0.0039230313994679305,
    0.003920147632902507,
    0.003918259662434654
  ],
  "metrics": {
    "both": {
      "optimistic": {
        "adjusted_arithmetic_mean_rank": 0.9298405210310488,
        "adjusted_arithmetic_mean_rank_index": 0.07019176195080357,
        "adjusted_hits_at_1": -0.00023010141548593596,
        "adjusted_hits_at_10": -0.0023057892431773658,
        "adjusted_hits_at_3": -0.0006906220726907919,
        "adjusted_hits_at_5": -0.0011515669862038893,
        "adjusted_inverse_harmonic_mean_rank": -0.0010973389180220234,
        "arithmetic_mean_rank": 2021.719827586207,
        "count": 232.0,
        "geometric_mean_rank": 1742.2543106326077,
        "harmonic_mean_rank": 1201.715054205038,
        "hits_at_1": 0.0,
        "hits_at_10": 0.0,
        "hits_at_3": 0.0,
        "hits_at_5": 0.0,
        "inverse_arithmetic_mean_rank": 0.000494628378450406,
        "inverse_geometric_mean_rank": 0.000573969020422112,
        "inverse_harmonic_mean_rank": 0.0008321440232447806,
        "inverse_median_rank": 0.0005688282138794084,
        "median_absolute_deviation": 742.7837114713066,
        "median_rank": 1758.0,
        "standard_deviation": 961.6715440171785,
        "variance": 924812.158572384,
        "z_arithmetic_mean_rank": -2021.719827586207,
        "z_hits_at_1": 0.0,
        "z_hits_at_10": 0.0,
        "z_hits_at_3": 0.0,
        "z_hits_at_5": 0.0,
        "z_inverse_harmonic_mean_rank": 0.0008321440232447806
      },
      "pessimistic": {
        "adjusted_arithmetic_mean_rank": 0.9298464683436669,
        "adjusted_arithmetic_mean_rank_index": 0.070185811901606,
        "adjusted_hits_at_1": -0.00023010141548593596,
        "adjusted_hits_at_10": -0.0023057892431773658,
        "adjusted_hits_at_3": -0.0006906220726907919,
        "adjusted_hits_at_5": -0.0011515669862038893,
        "adjusted_inverse_harmonic_mean_rank": -0.0010973485308265322,
        "arithmetic_mean_rank": 2021.7327586206898,
        "count": 232.0,
        "geometric_mean_rank": 1742.272891917198,
        "harmonic_mean_rank": 1201.7289096433192,
        "hits_at_1": 0.0,
        "hits_at_10": 0.0,
        "hits_at_3": 0.0,
        "hits_at_5": 0.0,
        "inverse_arithmetic_mean_rank": 0.0004946252147995275,
        "inverse_geometric_mean_rank": 0.0005739628990608925,
        "inverse_harmonic_mean_rank": 0.0008321344289676832,
        "inverse_median_rank": 0.0005688282138794084,
        "median_absolute_deviation": 742.7837114713066,
        "median_rank": 1758.0,
        "standard_deviation": 961.6620880982538,
        "variance": 924793.9716854936,
        "z_arithmetic_mean_rank": -2021.7327586206898,
        "z_hits_at_1": 0.0,
        "z_hits_at_10": 0.0,
        "z_hits_at_3": 0.0,
        "z_hits_at_5": 0.0,
        "z_inverse_harmonic_mean_rank": 0.0008321344289676832
      },
      "realistic": {
        "adjusted_arithmetic_mean_rank": 0.9298435063032028,
        "adjusted_arithmetic_mean_rank_index": 0.070188775305015,
        "adjusted_hits_at_1": -0.00023010141548593596,
        "adjusted_hits_at_10": -0.0023057892431773658,
        "adjusted_hits_at_3": -0.0006906220726907919,
        "adjusted_hits_at_5": -0.0011515669862038893,
        "adjusted_inverse_harmonic_mean_rank": -0.0010973437251764492,
        "arithmetic_mean_rank": 2021.726318359375,
        "count": 232.0,
        "geometric_mean_rank": 1742.2640380859375,
        "harmonic_mean_rank": 1201.7219829683859,
        "hits_at_1": 0.0,
        "hits_at_10": 0.0,
        "hits_at_3": 0.0,
        "hits_at_5": 0.0,
        "inverse_arithmetic_mean_rank": 0.0004946268163621426,
        "inverse_geometric_mean_rank": 0.0005739658372476697,
        "inverse_harmonic_mean_rank": 0.00083213922535551,
        "inverse_median_rank": 0.0005688281962648034,
        "median_absolute_deviation": 742.7837114713066,
        "median_rank": 1758.0,
        "standard_deviation": 961.6668090820312,
        "variance": 924803.0625,
        "z_arithmetic_mean_rank": -2021.726318359375,
        "z_hits_at_1": 0.0,
        "z_hits_at_10": 0.0,
        "z_hits_at_3": 0.0,
        "z_hits_at_5": 0.0,
        "z_inverse_harmonic_mean_rank": 0.00083213922535551
      }
    },
    "head": {
      "optimistic": {
        "adjusted_arithmetic_mean_rank": 1.1069097368213485,
        "adjusted_arithmetic_mean_rank_index": -0.1069594822261728,
        "adjusted_hits_at_1": -0.00023266039854272065,
        "adjusted_hits_at_10": -0.0023314859855545693,
        "adjusted_hits_at_3": -0.0006983061319941112,
        "adjusted_hits_at_5": -0.0011643856184017421,
        "adjusted_inverse_harmonic_mean_rank": -0.0009328641448612177,
        "arithmetic_mean_rank": 2380.0086206896553,
        "count": 116.0,
        "geometric_mean_rank": 1894.9641878279713,
        "harmonic_mean_rank": 984.8720065954471,
        "hits_at_1": 0.0,
        "hits_at_10": 0.0,
        "hits_at_3": 0.0,
        "hits_at_5": 0.0,
        "inverse_arithmetic_mean_rank": 0.0004201665453254661,
        "inverse_geometric_mean_rank": 0.0005277144583646253,
        "inverse_harmonic_mean_rank": 0.0010153603649035046,
        "inverse_median_rank": 0.0004365858982754857,
        "median_absolute_deviation": 1435.1589475134226,
        "median_rank": 2290.5,
        "standard_deviation": 1175.0723271627219,
        "variance": 1380794.9740636146,
        "z_arithmetic_mean_rank": -2380.0086206896553,
        "z_hits_at_1": 0.0,
        "z_hits_at_10": 0.0,
        "z_hits_at_3": 0.0,
        "z_hits_at_5": 0.0,
        "z_inverse_harmonic_mean_rank": 0.0010153603649035046
      },
      "pessimistic": {
        "adjusted_arithmetic_mean_rank": 1.1069097368213485,
        "adjusted_arithmetic_mean_rank_index": -0.1069594822261728,
        "adjusted_hits_at_1": -0.00023266039854272065,
        "adjusted_hits_at_10": -0.0023314859855545693,
        "adjusted_hits_at_3": -0.0006983061319941112,
        "adjusted_hits_at_5": -0.0011643856184017421,
        "adjusted_inverse_harmonic_mean_rank": -0.0009328641448612177,
        "arithmetic_mean_rank": 2380.0086206896553,
        "count": 116.0,
        "geometric_mean_rank": 1894.9641878279713,
        "harmonic_mean_rank": 984.8720065954471,
        "hits_at_1": 0.0,
        "hits_at_10": 0.0,
        "hits_at_3": 0.0,
        "hits_at_5": 0.0,
        "inverse_arithmetic_mean_rank": 0.0004201665453254661,
        "inverse_geometric_mean_rank": 0.0005277144583646253,
        "inverse_harmonic_mean_rank": 0.0010153603649035046,
        "inverse_median_rank": 0.0004365858982754857,
        "median_absolute_deviation": 1435.1589475134226,
        "median_rank": 2290.5,
        "standard_deviation": 1175.0723271627219,
        "variance": 1380794.9740636146,
        "z_arithmetic_mean_rank": -2380.0086206896553,
        "z_hits_at_1": 0.0,
        "z_hits_at_10": 0.0,
        "z_hits_at_3": 0.0,
        "z_hits_at_5": 0.0,
        "z_inverse_harmonic_mean_rank": 0.0010153603649035046
      },
      "realistic": {
        "adjusted_arithmetic_mean_rank": 1.1069097015827813,
        "adjusted_arithmetic_mean_rank_index": -0.10695944697120896,
        "adjusted_hits_at_1": -0.00023266039854272065,
        "adjusted_hits_at_10": -0.0023314859855545693,
        "adjusted_hits_at_3": -0.0006983061319941112,