{
  "losses": [
    0.0035383997929468907,
    0.0029911989979295585,
    0.002753407220855965,
    0.0026464356147311596,
    0.0025640057695966822,
    0.0025210226812202394,
    0.002479615703231419,
    0.0024545926350038115,
    0.0024010096858132425,
    0.00236250282691104,
    0.00231810731562094,
    0.002276036848641901,
    0.0022419040859855016,
    0.002175845630800399,
    0.0021171334094867945,
    0.0020438637401560588,
    0.0019625306387966164,
    0.0019018180337586135,
    0.0018240995316913017,
    0.0017386495646967398,
    0.0016583708688211933,
    0.0015653907412556624,
    0.0014922808314739857,
    0.0014286248840184737,
    0.0013427953965390606,
    0.0012910517287048962,
    0.0012145018399490606,
    0.001167451301853841,
    0.00113527133273659,
    0.001077389237421276
  ],
  "metrics": {
    "both": {
      "optimistic": {
        "adjusted_arithmetic_mean_rank": 0.7448475277219503,
        "adjusted_arithmetic_mean_rank_index": 0.25525998343149414,
        "adjusted_hits_at_1": -0.00021070542960217688,
        "adjusted_hits_at_10": 0.0108472750436455,
        "adjusted_hits_at_3": 0.003680687833660752,
        "adjusted_hits_at_5": 0.003260473890841458,
        "adjusted_inverse_harmonic_mean_rank": 0.004432630248750743,
        "arithmetic_mean_rank": 1768.4655172413793,
        "count": 232.0,
        "geometric_mean_rank": 920.5816449363148,
        "harmonic_mean_rank": 161.07695502539474,
        "hits_at_1": 0.0,
        "hits_at_10": 0.01293103448275862,
        "hits_at_3": 0.004310344827586207,
        "hits_at_5": 0.004310344827586207,
        "inverse_arithmetic_mean_rank": 0.0005654619726823371,
        "inverse_geometric_mean_rank": 0.001086269757278486,
        "inverse_harmonic_mean_rank": 0.006208212713248422,
        "inverse_median_rank": 0.0007312614259597807,
        "median_absolute_deviation": 1649.394968087482,
        "median_rank": 1367.5,
        "standard_deviation": 1499.980694881716,
        "variance": 2249942.0850178357,
        "z_arithmetic_mean_rank": -1768.4655172413793,
        "z_hits_at_1": 0.0,
        "z_hits_at_10": 0.01293103448275862,
        "z_hits_at_3": 0.004310344827586207,
        "z_hits_at_5": 0.004310344827586207,
        "z_inverse_harmonic_mean_rank": 0.006208212713248422
      },
      "pessimistic": {
        "adjusted_arithmetic_mean_rank": 0.7448475277219503,
        "adjusted_arithmetic_mean_rank_index": 0.25525998343149414,
        "adjusted_hits_at_1": -0.00021070542960217688,
        "adjusted_hits_at_10": 0.0108472750436455,
        "adjusted_hits_at_3": 0.003680687833660752,
        "adjusted_hits_at_5": 0.003260473890841458,
        "adjusted_inverse_harmonic_mean_rank": 0.004432630248750743,
        "arithmetic_mean_rank": 1768.4655172413793,
        "count": 232.0,
        "geometric_mean_rank": 920.5816449363148,
        "harmonic_mean_rank": 161.07695502539474,
        "hits_at_1": 0.0,
        "hits_at_10": 0.01293103448275862,
        "hits_at_3": 0.004310344827586207,
        "hits_at_5": 0.004310344827586207,
        "inverse_arithmetic_mean_rank": 0.0005654619726823371,
        "inverse_geometric_mean_rank": 0.001086269757278486,
        "inverse_harmonic_mean_rank": 0.006208212713248422,
        "inverse_median_rank": 0.0007312614259597807,
        "median_absolute_deviation": 1649.394968087482,
        "median_rank": 1367.5,
        "standard_deviation": 1499.980694881716,
        "variance": 2249942.0850178357,
        "z_arithmetic_mean_rank": -1768.4655172413793,
        "z_hits_at_1": 0.0,
        "z_hits_at_10": 0.01293103448275862,
        "z_hits_at_3": 0.004310344827586207,
        "z_hits_at_5": 0.004310344827586207,
        "z_inverse_harmonic_mean_rank": 0.006208212713248422
      },
      "realistic": {
        "adjusted_arithmetic_mean_rank": 0.7448475525424705,
        "adjusted_arithmetic_mean_rank_index": 0.25525995860051554,
        "adjusted_hits_at_1": -0.00021070542960217688,
        "adjusted_hits_at_10": 0.0108472750436455,
        "adjusted_hits_at_3": 0.003680687833660752,
        "adjusted_hits_at_5": 0.003260473890841458,
        "adjusted_inverse_harmonic_mean_rank": 0.004432630260570808,
        "arithmetic_mean_rank": 1768.465576171875,
        "count": 232.0,
        "geometric_mean_rank": 920.5819702148438,
        "harmonic_mean_rank": 161.0769547192608,
        "hits_at_1": 0.0,
        "hits_at_10": 0.01293103448275862,
        "hits_at_3": 0.004310344827586207,
        "hits_at_5": 0.004310344827586207,
        "inverse_arithmetic_mean_rank": 0.0005654619308188558,
        "inverse_geometric_mean_rank": 0.0010862693889066577,
        "inverse_harmonic_mean_rank": 0.006208212725047407,
        "inverse_median_rank": 0.0007312614470720291,
        "median_absolute_deviation": 1649.394968087482,
        "median_rank": 1367.5,
        "standard_deviation": 1499.980712890625,
        "variance": 2249942.25,
        "z_arithmetic_mean_rank": -1768.465576171875,
        "z_hits_at_1": 0.0,
        "z_hits_at_10": 0.01293103448275862,
        "z_hits_at_3": 0.004310344827586207,
        "z_hits_at_5": 0.004310344827586207,
        "z_inverse_harmonic_mean_rank": 0.006208212725047407
      }
    },
    "head": {
      "optimistic": {
        "adjusted_arithmetic_mean_rank": 1.1747146126889756,
        "adjusted_arithmetic_mean_rank_index": -0.1747889866155783,
        "adjusted_hits_at_1": -0.00021285091937457584,
        "adjusted_hits_at_10": -0.0021325945160763585,
        "adjusted_hits_at_3": -0.0006388247069761256,
        "adjusted_hits_at_5": -0.001065161479273462,
        "adjusted_inverse_harmonic_mean_rank": -0.0009532034358814796,
        "arithmetic_mean_rank": 2760.7413793103447,
        "count": 116.0,
        "geometric_mean_rank": 2188.0304599733718,
        "harmonic_mean_rank": 1179.046253998578,
        "hits_at_1": 0.0,
        "hits_at_10": 0.0,
        "hits_at_3": 0.0,
        "hits_at_5": 0.0,
        "inverse_arithmetic_mean_rank": 0.00036222154218944186,
        "inverse_geometric_mean_rank": 0.0004570320287095866,
        "inverse_harmonic_mean_rank": 0.0008481431467244252,
        "inverse_median_rank": 0.00032808398950131233,
        "median_absolute_deviation": 1687.9426257686277,
        "median_rank": 3048.0,
        "standard_deviation": 1384.1264712040418,
        "variance": 1915806.0882877528,
        "z_arithmetic_mean_rank": -2760.7413793103447,
        "z_hits_at_1": 0.0,
        "z_hits_at_10": 0.0,
        "z_hits_at_3": 0.0,
        "z_hits_at_5": 0.0,
        "z_inverse_harmonic_mean_rank": 0.0008481431467244252
      },
      "pessimistic": {
        "adjusted_arithmetic_mean_rank": 1.1747146126889756,
        "adjusted_arithmetic_mean_rank_index": -0.1747889866155783,
        "adjusted_hits_at_1": -0.00021285091937457584,
        "adjusted_hits_at_10": -0.0021325945160763585,
        "adjusted_hits_at_3": -0.0006388247069761256,
        "adjusted_hits_at_5": -0.001065161479273462,
        "adjusted_inverse_harmonic_mean_rank": -0.0009532034358814796,
        "arithmetic_mean_rank": 2760.7413793103447,
        "count": 116.0,
        "geometric_mean_rank": 2188.0304599733718,
        "harmonic_mean_rank": 1179.046253998578,
        "hits_at_1": 0.0,
        "hits_at_10": 0.0,
        "hits_at_3": 0.0,
        "hits_at_5": 0.0,
        "inverse_arithmetic_mean_rank": 0.00036222154218944186,
        "inverse_geometric_mean_rank": 0.0004570320287095866,
        "inverse_harmonic_mean_rank": 0.0008481431467244252,
        "inverse_median_rank": 0.00032808398950131233,
        "median_absolute_deviation": 1687.9426257686277,
        "median_rank": 3048.0,
        "standard_deviation": 1384.1264712040418,
        "variance": 1915806.0882877528,
        "z_arithmetic_mean_rank": -2760.7413793103447,
        "z_hits_at_1": 0.0,
        "z_hits_at_10": 0.0,
        "z_hits_at_3": 0.0,
        "z_hits_at_5": 0.0,