{
  "losses": [
    0.0039433019215739116,
    0.0039018395622367344,
    0.003812596512813503,
    0.0036364564076478254,
    0.003394527468202305,
    0.00312965273912744,
    0.0029800511838499605,
    0.002913332404267684,
    0.0028234406293499398,
    0.0028063034973147072,
    0.002724877067998476,
    0.0027226609481540444,
    0.00266943764793071,
    0.002641485072113611,
    0.0026239604085661968,
    0.002600932838868939,
    0.0025685340052850644,
    0.0025521075596023294,
    0.0025134097893280503,
    0.0024963548704589433,
    0.0024523187991690853,
    0.0024590102778014465,
    0.002430785565318747,
    0.002416921126016831,
    0.002392361286631998,
    0.0023926401700936004,
    0.0023716421701393004,
    0.0023542267546225576,
    0.0023593128931442106,
    0.002319048054337017
  ],
  "metrics": {
    "both": {
      "optimistic": {
        "adjusted_arithmetic_mean_rank": 1.24903108911173,
        "adjusted_arithmetic_mean_rank_index": -0.2491456143044215,
        "adjusted_hits_at_1": -0.00022997208989089375,
        "adjusted_hits_at_10": -0.002304490615616002,
        "adjusted_hits_at_3": -0.0006902337386634684,
        "adjusted_hits_at_5": -0.0011509191665986212,
        "adjusted_inverse_harmonic_mean_rank": -0.0002904710335271372,
        "arithmetic_mean_rank": 2717.2241379310344,
        "count": 232.0,
        "geometric_mean_rank": 1655.3016166168306,
        "harmonic_mean_rank": 611.0529360449964,
        "hits_at_1": 0.0,
        "hits_at_10": 0.0,
        "hits_at_3": 0.0,
        "hits_at_5": 0.0,
        "inverse_arithmetic_mean_rank": 0.0003680226397375618,
        "inverse_geometric_mean_rank": 0.0006041195090740252,
        "inverse_harmonic_mean_rank": 0.0016365194257512946,
        "inverse_median_rank": 0.0002690341673392521,
        "median_absolute_deviation": 848.0484689852043,
        "median_rank": 3717.0,
        "standard_deviation": 1704.9319006837443,
        "variance": 2906792.7859690846,
        "z_arithmetic_mean_rank": -2717.2241379310344,
        "z_hits_at_1": 0.0,
        "z_hits_at_10": 0.0,
        "z_hits_at_3": 0.0,
        "z_hits_at_5": 0.0,
        "z_inverse_harmonic_mean_rank": 0.0016365194257512946
      },
      "pessimistic": {
        "adjusted_arithmetic_mean_rank": 1.24903108911173,
        "adjusted_arithmetic_mean_rank_index": -0.2491456143044215,
        "adjusted_hits_at_1": -0.00022997208989089375,
        "adjusted_hits_at_10": -0.002304490615616002,
        "adjusted_hits_at_3": -0.0006902337386634684,
        "adjusted_hits_at_5": -0.0011509191665986212,
        "adjusted_inverse_harmonic_mean_rank": -0.0002904710335271372,
        "arithmetic_mean_rank": 2717.2241379310344,
        "count": 232.0,
        "geometric_mean_rank": 1655.3016166168306,
        "harmonic_mean_rank": 611.0529360449964,
        "hits_at_1": 0.0,
        "hits_at_10": 0.0,
        "hits_at_3": 0.0,
        "hits_at_5": 0.0,
        "inverse_arithmetic_mean_rank": 0.0003680226397375618,
        "inverse_geometric_mean_rank": 0.0006041195090740252,
        "inverse_harmonic_mean_rank": 0.0016365194257512946,
        "inverse_median_rank": 0.0002690341673392521,
        "median_absolute_deviation": 848.0484689852043,
        "median_rank": 3717.0,
        "standard_deviation": 1704.9319006837443,
        "variance": 2906792.7859690846,
        "z_arithmetic_mean_rank": -2717.2241379310344,
        "z_hits_at_1": 0.0,
        "z_hits_at_10": 0.0,
        "z_hits_at_3": 0.0,
        "z_hits_at_5": 0.0,
        "z_inverse_harmonic_mean_rank": 0.0016365194257512946
      },
      "realistic": {
        "adjusted_arithmetic_mean_rank": 1.2490310813721066,
        "adjusted_arithmetic_mean_rank_index": -0.24914560656123852,
        "adjusted_hits_at_1": -0.00022997208989089375,
        "adjusted_hits_at_10": -0.002304490615616002,
        "adjusted_hits_at_3": -0.0006902337386634684,
        "adjusted_hits_at_5": -0.0011509191665986212,
        "adjusted_inverse_harmonic_mean_rank": -0.0002904710735326115,
        "arithmetic_mean_rank": 2717.22412109375,
        "count": 232.0,
        "geometric_mean_rank": 1655.3013916015625,
        "harmonic_mean_rank": 611.0529509536924,
        "hits_at_1": 0.0,
        "hits_at_10": 0.0,
        "hits_at_3": 0.0,
        "hits_at_5": 0.0,
        "inverse_arithmetic_mean_rank": 0.0003680226509459317,
        "inverse_geometric_mean_rank": 0.0006041196174919605,
        "inverse_harmonic_mean_rank": 0.001636519385822888,
        "inverse_median_rank": 0.0002690341789275408,
        "median_absolute_deviation": 848.0484689852043,
        "median_rank": 3717.0,
        "standard_deviation": 1704.931884765625,
        "variance": 2906792.75,
        "z_arithmetic_mean_rank": -2717.22412109375,
        "z_hits_at_1": 0.0,
        "z_hits_at_10": 0.0,
        "z_hits_at_3": 0.0,
        "z_hits_at_5": 0.0,
        "z_inverse_harmonic_mean_rank": 0.001636519385822888
      }
    },
    "head": {
      "optimistic": {
        "adjusted_arithmetic_mean_rank": 1.7177515696854442,
        "adjusted_arithmetic_mean_rank_index": -0.7180851681766971,
        "adjusted_hits_at_1": -0.0002324012996594279,
        "adjusted_hits_at_10": -0.002328884117855992,
        "adjusted_hits_at_3": -0.0006975281118577733,
        "adjusted_hits_at_5": -0.0011630877106794588,
        "adjusted_inverse_harmonic_mean_rank": -0.0014045174447771924,
        "arithmetic_mean_rank": 3697.5344827586205,
        "count": 116.0,
        "geometric_mean_rank": 3320.944090561041,
        "harmonic_mean_rank": 1842.6171380950577,
        "hits_at_1": 0.0,
        "hits_at_10": 0.0,
        "hits_at_3": 0.0,
        "hits_at_5": 0.0,
        "inverse_arithmetic_mean_rank": 0.0002704504865777289,
        "inverse_geometric_mean_rank": 0.0003011191916305522,
        "inverse_harmonic_mean_rank": 0.0005427063383518859,
        "inverse_median_rank": 0.00023772732675621063,
        "median_absolute_deviation": 122.31468302671216,
        "median_rank": 4206.5,
        "standard_deviation": 1030.718710005677,
        "variance": 1062381.0591557669,
        "z_arithmetic_mean_rank": -3697.5344827586205,
        "z_hits_at_1": 0.0,
        "z_hits_at_10": 0.0,
        "z_hits_at_3": 0.0,
        "z_hits_at_5": 0.0,
        "z_inverse_harmonic_mean_rank": 0.0005427063383518859
      },
      "pessimistic": {
        "adjusted_arithmetic_mean_rank": 1.7177515696854442,
        "adjusted_arithmetic_mean_rank_index": -0.7180851681766971,
        "adjusted_hits_at_1": -0.0002324012996594279,
        "adjusted_hits_at_10": -0.002328884117855992,
        "adjusted_hits_at_3": -0.0006975281118577733,
        "adjusted_hits_at_5": -0.0011630877106794588,
        "adjusted_inverse_harmonic_mean_rank": -0.0014045174447771924,
        "arithmetic_mean_rank": 3697.5344827586205,
        "count": 116.0,
        "geometric_mean_rank": 3320.944090561041,
        "harmonic_mean_rank": 1842.6171380950577,
        "hits_at_1": 0.0,
        "hits_at_10": 0.0,
        "hits_at_3": 0.0,
        "hits_at_5": 0.0,
        "inverse_arithmetic_mean_rank": 0.0002704504865777289,
        "inverse_geometric_mean_rank": 0.0003011191916305522,
        "inverse_harmonic_mean_rank": 0.0005427063383518859,
        "inverse_median_rank": 0.00023772732675621063,
        "median_absolute_deviation": 122.31468302671216,
        "median_rank": 4206.5,
        "standard_deviation": 1030.718710005677,
        "variance": 1062381.0591557669,
        "z_arithmetic_mean_rank": -3697.5344827586205,
        "z_hits_at_1": 0.0,
        "z_hits_at_10": 0.0,
        "z_hits_at_3": 0.0,
        "z_hits_at_5": 0.0,
        "z_inverse_harmonic_mean_rank": 0.0005427063383518859
      },
      "realistic": {
        "adjusted_arithmetic_mean_rank": 1.7177515423082956,
        "adjusted_arithmetic_mean_rank_index": -0.7180851407868241,
        "adjusted_hits_at_1": -0.0002324012996594279,
        "adjusted_hits_at_10": -0.002328884117855992,