{
  "losses": [
    0.003933796595910431,
    0.003881377376291674,
    0.0038225375948790813,
    0.0037619121137773756,
    0.003711334765493834,
    0.0036488790153209453,
    0.0035905801497350637,
    0.0035378336032289926,
    0.0034761112472644034,
    0.003410083807656689,
    0.0033692679169352677,
    0.0033008132360115203,
    0.003263223672674446,
    0.003199407016664384,
    0.003133864722548465,
    0.003084906982776364,
    0.0030333680650741447,
    0.0029747068313795456,
    0.0029385760302353234,
    0.0028591378594500154,
    0.0028240543255431834,
    0.0027506487797549642,
    0.0027106974484260764,
    0.002679104761603387,
    0.0026307100216934392,
    0.0026269240598981837,
    0.002569761322177368,
    0.0025217839816627278,
    0.0025148956022789603,
    0.0024734122635054513
  ],
  "metrics": {
    "both": {
      "optimistic": {
        "adjusted_arithmetic_mean_rank": 1.2466689260274368,
        "adjusted_arithmetic_mean_rank_index": -0.24678234466655669,
        "adjusted_hits_at_1": -0.0002299303187033594,
        "adjusted_hits_at_10": -0.0023040711693982485,
        "adjusted_hits_at_3": -0.0006901083097572828,
        "adjusted_hits_at_5": -0.0011507099259168018,
        "adjusted_inverse_harmonic_mean_rank": -0.0010011136940056412,
        "arithmetic_mean_rank": 2712.5689655172414,
        "count": 232.0,
        "geometric_mean_rank": 2182.4325134388296,
        "harmonic_mean_rank": 1078.8151704167249,
        "hits_at_1": 0.0,
        "hits_at_10": 0.0,
        "hits_at_3": 0.0,
        "hits_at_5": 0.0,
        "inverse_arithmetic_mean_rank": 0.0003686542214086405,
        "inverse_geometric_mean_rank": 0.00045820431735793445,
        "inverse_harmonic_mean_rank": 0.000926942841945502,
        "inverse_median_rank": 0.00034429333792391115,
        "median_absolute_deviation": 1367.7005465714178,
        "median_rank": 2904.5,
        "standard_deviation": 1226.222786784671,
        "variance": 1503622.3228299643,
        "z_arithmetic_mean_rank": -2712.5689655172414,
        "z_hits_at_1": 0.0,
        "z_hits_at_10": 0.0,
        "z_hits_at_3": 0.0,
        "z_hits_at_5": 0.0,
        "z_inverse_harmonic_mean_rank": 0.000926942841945502
      },
      "pessimistic": {
        "adjusted_arithmetic_mean_rank": 1.2466709070177913,
        "adjusted_arithmetic_mean_rank_index": -0.24678432656777294,
        "adjusted_hits_at_1": -0.0002299303187033594,
        "adjusted_hits_at_10": -0.0023040711693982485,
        "adjusted_hits_at_3": -0.0006901083097572828,
        "adjusted_hits_at_5": -0.0011507099259168018,
        "adjusted_inverse_harmonic_mean_rank": -0.0010011143987368185,
        "arithmetic_mean_rank": 2712.573275862069,
        "count": 232.0,
        "geometric_mean_rank": 2182.4363134974105,
        "harmonic_mean_rank": 1078.8159890334075,
        "hits_at_1": 0.0,
        "hits_at_10": 0.0,
        "hits_at_3": 0.0,
        "hits_at_5": 0.0,
        "inverse_arithmetic_mean_rank": 0.0003686536356081276,
        "inverse_geometric_mean_rank": 0.000458203519532478,
        "inverse_harmonic_mean_rank": 0.0009269421385717274,
        "inverse_median_rank": 0.00034429333792391115,
        "median_absolute_deviation": 1367.7005465714178,
        "median_rank": 2904.5,
        "standard_deviation": 1226.2219534461967,
        "variance": 1503620.2791134068,
        "z_arithmetic_mean_rank": -2712.573275862069,
        "z_hits_at_1": 0.0,
        "z_hits_at_10": 0.0,
        "z_hits_at_3": 0.0,
        "z_hits_at_5": 0.0,
        "z_inverse_harmonic_mean_rank": 0.0009269421385717274
      },
      "realistic": {
        "adjusted_arithmetic_mean_rank": 1.246669881700518,
        "adjusted_arithmetic_mean_rank_index": -0.2467833007790574,
        "adjusted_hits_at_1": -0.0002299303187033594,
        "adjusted_hits_at_10": -0.0023040711693982485,
        "adjusted_hits_at_3": -0.0006901083097572828,
        "adjusted_hits_at_5": -0.0011507099259168018,
        "adjusted_inverse_harmonic_mean_rank": -0.0010011140041159652,
        "arithmetic_mean_rank": 2712.571044921875,
        "count": 232.0,
        "geometric_mean_rank": 2182.434326171875,
        "harmonic_mean_rank": 1078.8155306411409,
        "hits_at_1": 0.0,
        "hits_at_10": 0.0,
        "hits_at_3": 0.0,
        "hits_at_5": 0.0,
        "inverse_arithmetic_mean_rank": 0.0003686539421323687,
        "inverse_geometric_mean_rank": 0.000458203925518319,
        "inverse_harmonic_mean_rank": 0.0009269425324324904,
        "inverse_median_rank": 0.0003442933375481516,
        "median_absolute_deviation": 1367.7005465714178,
        "median_rank": 2904.5,
        "standard_deviation": 1226.2222900390625,
        "variance": 1503621.25,
        "z_arithmetic_mean_rank": -2712.571044921875,
        "z_hits_at_1": 0.0,
        "z_hits_at_10": 0.0,
        "z_hits_at_3": 0.0,
        "z_hits_at_5": 0.0,
        "z_inverse_harmonic_mean_rank": 0.0009269425324324904
      }
    },
    "head": {
      "optimistic": {
        "adjusted_arithmetic_mean_rank": 1.407231875825711,
        "adjusted_arithmetic_mean_rank_index": -0.4074210826865008,
        "adjusted_hits_at_1": -0.00023231864968828038,
        "adjusted_hits_at_10": -0.002328054150452513,
        "adjusted_hits_at_3": -0.0006972799313290434,
        "adjusted_hits_at_5": -0.0011626736915696162,
        "adjusted_inverse_harmonic_mean_rank": -0.001265949616759259,
        "arithmetic_mean_rank": 3030.206896551724,
        "count": 116.0,
        "geometric_mean_rank": 2581.663816647974,
        "harmonic_mean_rank": 1469.737262485956,
        "hits_at_1": 0.0,
        "hits_at_10": 0.0,
        "hits_at_3": 0.0,
        "hits_at_5": 0.0,
        "inverse_arithmetic_mean_rank": 0.0003300104692976467,
        "inverse_geometric_mean_rank": 0.00038734710288437074,
        "inverse_harmonic_mean_rank": 0.000680393717655747,
        "inverse_median_rank": 0.0002962085308056872,
        "median_absolute_deviation": 1160.8775370898863,
        "median_rank": 3376.0,
        "standard_deviation": 1177.9995939730684,
        "variance": 1387683.0434007137,
        "z_arithmetic_mean_rank": -3030.206896551724,
        "z_hits_at_1": 0.0,
        "z_hits_at_10": 0.0,
        "z_hits_at_3": 0.0,
        "z_hits_at_5": 0.0,
        "z_inverse_harmonic_mean_rank": 0.000680393717655747
      },
      "pessimistic": {
        "adjusted_arithmetic_mean_rank": 1.407231875825711,
        "adjusted_arithmetic_mean_rank_index": -0.4074210826865008,
        "adjusted_hits_at_1": -0.00023231864968828038,
        "adjusted_hits_at_10": -0.002328054150452513,
        "adjusted_hits_at_3": -0.0006972799313290434,
        "adjusted_hits_at_5": -0.0011626736915696162,
        "adjusted_inverse_harmonic_mean_rank": -0.001265949616759259,
        "arithmetic_mean_rank": 3030.206896551724,
        "count": 116.0,
        "geometric_mean_rank": 2581.663816647974,
        "harmonic_mean_rank": 1469.737262485956,
        "hits_at_1": 0.0,
        "hits_at_10": 0.0,
        "hits_at_3": 0.0,
        "hits_at_5": 0.0,
        "inverse_arithmetic_mean_rank": 0.0003300104692976467,
        "inverse_geometric_mean_rank": 0.00038734710288437074,
        "inverse_harmonic_mean_rank": 0.000680393717655747,
        "inverse_median_rank": 0.0002962085308056872,
        "median_absolute_deviation": 1160.8775370898863,
        "median_rank": 3376.0,
        "standard_deviation": 1177.9995939730684,
        "variance": 1387683.0434007137,
        "z_arithmetic_mean_rank": -3030.206896551724,
        "z_hits_at_1": 0.0,
        "z_hits_at_10": 0.0,
        "z_hits_at_3": 0.0,
        "z_hits_at_5": 0.0,
        "z_inverse_harmonic_mean_rank": 0.000680393717655747
      },
      "realistic": {
        "adjusted_arithmetic_mean_rank": 1.407231825000547,
        "adjusted_arithmetic_mean_rank_index": -0.4074210318377225,
        "adjusted_hits_at_1": -0.00023231864968828038,
        "adjusted_hits_at_10": -0.002328054150452513,