{
  "losses": [
    0.003932594557649556,
    0.0038824521114918225,
    0.003824583491232624,
    0.003767702652767383,
    0.003710277707852822,
    0.003647808487928197,
    0.003588783435841877,
    0.003541259263072139,
    0.0034760357769209023,
    0.0034107231917393046,
    0.003370674178883375,
    0.0033026833898520025,
    0.0032630764351758265,
    0.0032005528355986187,
    0.0031352765472259024,
    0.0030830419267799747,
    0.00303599384019998,
    0.0029762169335907393,
    0.002937541295032439,
    0.0028595684226469455,
    0.0028255865554969776,
    0.0027479782604184215,
    0.002707998396261447,
    0.002684467896232048,
    0.0026293013121444267,
    0.002631093142755937,
    0.002568880054729953,
    0.0025202365217507025,
    0.002514685565539578,
    0.0024715642493277038
  ],
  "metrics": {
    "both": {
      "optimistic": {
        "adjusted_arithmetic_mean_rank": 1.2933808391234085,
        "adjusted_arithmetic_mean_rank_index": -0.29351580938877375,
        "adjusted_hits_at_1": -0.00023005774985504658,
        "adjusted_hits_at_10": -0.0023053507728533285,
        "adjusted_hits_at_3": -0.0006904909551560167,
        "adjusted_hits_at_5": -0.001151348255631193,
        "adjusted_inverse_harmonic_mean_rank": -0.0010850059213572136,
        "arithmetic_mean_rank": 2812.676724137931,
        "count": 232.0,
        "geometric_mean_rank": 2359.780347613255,
        "harmonic_mean_rank": 1184.6423521065908,
        "hits_at_1": 0.0,
        "hits_at_10": 0.0,
        "hits_at_3": 0.0,
        "hits_at_5": 0.0,
        "inverse_arithmetic_mean_rank": 0.00035553321553741447,
        "inverse_geometric_mean_rank": 0.0004237682549612835,
        "inverse_harmonic_mean_rank": 0.0008441366275836327,
        "inverse_median_rank": 0.00033211557622052476,
        "median_absolute_deviation": 1290.6052312091265,
        "median_rank": 3011.0,
        "standard_deviation": 1160.4079038214697,
        "variance": 1346546.5032513374,
        "z_arithmetic_mean_rank": -2812.676724137931,
        "z_hits_at_1": 0.0,
        "z_hits_at_10": 0.0,
        "z_hits_at_3": 0.0,
        "z_hits_at_5": 0.0,
        "z_inverse_harmonic_mean_rank": 0.0008441366275836327
      },
      "pessimistic": {
        "adjusted_arithmetic_mean_rank": 1.2933828211917215,
        "adjusted_arithmetic_mean_rank_index": -0.29351779236894004,
        "adjusted_hits_at_1": -0.00023005774985504658,
        "adjusted_hits_at_10": -0.0023053507728533285,
        "adjusted_hits_at_3": -0.0006904909551560167,
        "adjusted_hits_at_5": -0.001151348255631193,
        "adjusted_inverse_harmonic_mean_rank": -0.0010850113674121733,
        "arithmetic_mean_rank": 2812.6810344827586,
        "count": 232.0,
        "geometric_mean_rank": 2359.791769839758,
        "harmonic_mean_rank": 1184.64998029851,
        "hits_at_1": 0.0,
        "hits_at_10": 0.0,
        "hits_at_3": 0.0,
        "hits_at_5": 0.0,
        "inverse_arithmetic_mean_rank": 0.00035553267069399365,
        "inverse_geometric_mean_rank": 0.0004237662037731003,
        "inverse_harmonic_mean_rank": 0.0008441311920235026,
        "inverse_median_rank": 0.00033211557622052476,
        "median_absolute_deviation": 1290.6052312091265,
        "median_rank": 3011.0,
        "standard_deviation": 1160.4007638500404,
        "variance": 1346529.9327437575,
        "z_arithmetic_mean_rank": -2812.6810344827586,
        "z_hits_at_1": 0.0,
        "z_hits_at_10": 0.0,
        "z_hits_at_3": 0.0,
        "z_hits_at_5": 0.0,
        "z_inverse_harmonic_mean_rank": 0.0008441311920235026
      },
      "realistic": {
        "adjusted_arithmetic_mean_rank": 1.2933818649986095,
        "adjusted_arithmetic_mean_rank_index": -0.2935168357359301,
        "adjusted_hits_at_1": -0.00023005774985504658,
        "adjusted_hits_at_10": -0.0023053507728533285,
        "adjusted_hits_at_3": -0.0006904909551560167,
        "adjusted_hits_at_5": -0.001151348255631193,
        "adjusted_inverse_harmonic_mean_rank": -0.0010850086648608794,
        "arithmetic_mean_rank": 2812.678955078125,
        "count": 232.0,
        "geometric_mean_rank": 2359.785400390625,
        "harmonic_mean_rank": 1184.646194870899,
        "hits_at_1": 0.0,
        "hits_at_10": 0.0,
        "hits_at_3": 0.0,
        "hits_at_5": 0.0,
        "inverse_arithmetic_mean_rank": 0.0003555329458322376,
        "inverse_geometric_mean_rank": 0.0004237673419993371,
        "inverse_harmonic_mean_rank": 0.0008441338893668404,
        "inverse_median_rank": 0.0003321155672892928,
        "median_absolute_deviation": 1290.6052312091265,
        "median_rank": 3011.0,
        "standard_deviation": 1160.404296875,
        "variance": 1346538.25,
        "z_arithmetic_mean_rank": -2812.678955078125,
        "z_hits_at_1": 0.0,
        "z_hits_at_10": 0.0,
        "z_hits_at_3": 0.0,
        "z_hits_at_5": 0.0,
        "z_inverse_harmonic_mean_rank": 0.0008441338893668404
      }
    },
    "head": {
      "optimistic": {
        "adjusted_arithmetic_mean_rank": 1.418210090956392,
        "adjusted_arithmetic_mean_rank_index": -0.4184046111874329,
        "adjusted_hits_at_1": -0.00023257217403122084,
        "adjusted_hits_at_10": -0.0023306000347641494,
        "adjusted_hits_at_3": -0.0006980412120181476,
        "adjusted_hits_at_5": -0.0011639436737987652,
        "adjusted_inverse_harmonic_mean_rank": -0.0012810373042839147,
        "arithmetic_mean_rank": 3050.5086206896553,
        "count": 116.0,
        "geometric_mean_rank": 2679.0991649751795,
        "harmonic_mean_rank": 1498.7755631111218,
        "hits_at_1": 0.0,
        "hits_at_10": 0.0,
        "hits_at_3": 0.0,
        "hits_at_5": 0.0,
        "inverse_arithmetic_mean_rank": 0.0003278141858762953,
        "inverse_geometric_mean_rank": 0.0003732597930951408,
        "inverse_harmonic_mean_rank": 0.000667211305423358,
        "inverse_median_rank": 0.00030557677616501144,
        "median_absolute_deviation": 1146.7928160140832,
        "median_rank": 3272.5,
        "standard_deviation": 1110.7052162981367,
        "variance": 1233666.0775118908,
        "z_arithmetic_mean_rank": -3050.5086206896553,
        "z_hits_at_1": 0.0,
        "z_hits_at_10": 0.0,
        "z_hits_at_3": 0.0,
        "z_hits_at_5": 0.0,
        "z_inverse_harmonic_mean_rank": 0.000667211305423358
      },
      "pessimistic": {
        "adjusted_arithmetic_mean_rank": 1.418210090956392,
        "adjusted_arithmetic_mean_rank_index": -0.4184046111874329,
        "adjusted_hits_at_1": -0.00023257217403122084,
        "adjusted_hits_at_10": -0.0023306000347641494,
        "adjusted_hits_at_3": -0.0006980412120181476,
        "adjusted_hits_at_5": -0.0011639436737987652,
        "adjusted_inverse_harmonic_mean_rank": -0.0012810373042839147,
        "arithmetic_mean_rank": 3050.5086206896553,
        "count": 116.0,
        "geometric_mean_rank": 2679.0991649751795,
        "harmonic_mean_rank": 1498.7755631111218,
        "hits_at_1": 0.0,
        "hits_at_10": 0.0,
        "hits_at_3": 0.0,
        "hits_at_5": 0.0,
        "inverse_arithmetic_mean_rank": 0.0003278141858762953,
        "inverse_geometric_mean_rank": 0.0003732597930951408,
        "inverse_harmonic_mean_rank": 0.000667211305423358,
        "inverse_median_rank": 0.00030557677616501144,
        "median_absolute_deviation": 1146.7928160140832,
        "median_rank": 3272.5,
        "standard_deviation": 1110.7052162981367,
        "variance": 1233666.0775118908,
        "z_arithmetic_mean_rank": -3050.5086206896553,
        "z_hits_at_1": 0.0,
        "z_hits_at_10": 0.0,
        "z_hits_at_3": 0.0,
        "z_hits_at_5": 0.0,
        "z_inverse_harmonic_mean_rank": 0.000667211305423358
      },
      "realistic": {
        "adjusted_arithmetic_mean_rank": 1.4182100557312396,
        "adjusted_arithmetic_mean_rank_index": -0.41840457594589653,
        "adjusted_hits_at_1": -0.00023257217403122084,
        "adjusted_hits_at_10": -0.0023306000347641494,