{
  "losses": [
    0.003933475372131868,
    0.0039029496922889364,
    0.0038397934713186276,
    0.003722265906099017,
    0.003492878489586188,
    0.0032741407038140206,
    0.0031201986144140685,
    0.00305124527453963,
    0.002977529097998844,
    0.002911050024370171,
    0.002840288499459991,
    0.0027827163011532974,
    0.002774908076794209,
    0.0027747518554877204,
    0.0027563219928366366,
    0.002754249685438909,
    0.0027280898580836596,
    0.0027098764054704193,
    0.0027060902926867966,
    0.0026906519347481327,
    0.0026661833598847213,
    0.002646927090217555,
    0.002650584890702416,
    0.0026297838789138403,
    0.002597392431839841,
    0.0026214586783310516,
    0.002588799759337333,
    0.0025631869509175464,
    0.002580698911575196,
    0.0025744790649757363
  ],
  "metrics": {
    "both": {
      "optimistic": {
        "adjusted_arithmetic_mean_rank": 0.9536602637787885,
        "adjusted_arithmetic_mean_rank_index": 0.046361067167502656,
        "adjusted_hits_at_1": -0.00023019265019276925,
        "adjusted_hits_at_10": -0.002306705381552634,
        "adjusted_hits_at_3": -0.000690896028954133,
        "adjusted_hits_at_5": -0.0011520240007951612,
        "adjusted_inverse_harmonic_mean_rank": -0.0007341647403111331,
        "arithmetic_mean_rank": 2072.7025862068967,
        "count": 232.0,
        "geometric_mean_rank": 1497.4602638977224,
        "harmonic_mean_rank": 836.6237627742165,
        "hits_at_1": 0.0,
        "hits_at_10": 0.0,
        "hits_at_3": 0.0,
        "hits_at_5": 0.0,
        "inverse_arithmetic_mean_rank": 0.000482461886550751,
        "inverse_geometric_mean_rank": 0.0006677973526971002,
        "inverse_harmonic_mean_rank": 0.0011952804169511435,
        "inverse_median_rank": 0.0005165289256198347,
        "median_absolute_deviation": 2106.7777524964604,
        "median_rank": 1936.0,
        "standard_deviation": 1309.7293160697832,
        "variance": 1715390.8813726217,
        "z_arithmetic_mean_rank": -2072.7025862068967,
        "z_hits_at_1": 0.0,
        "z_hits_at_10": 0.0,
        "z_hits_at_3": 0.0,
        "z_hits_at_5": 0.0,
        "z_inverse_harmonic_mean_rank": 0.0011952804169511435
      },
      "pessimistic": {
        "adjusted_arithmetic_mean_rank": 0.9536602637787885,
        "adjusted_arithmetic_mean_rank_index": 0.046361067167502656,
        "adjusted_hits_at_1": -0.00023019265019276925,
        "adjusted_hits_at_10": -0.002306705381552634,
        "adjusted_hits_at_3": -0.000690896028954133,
        "adjusted_hits_at_5": -0.0011520240007951612,
        "adjusted_inverse_harmonic_mean_rank": -0.0007341647403111331,
        "arithmetic_mean_rank": 2072.7025862068967,
        "count": 232.0,
        "geometric_mean_rank": 1497.4602638977224,
        "harmonic_mean_rank": 836.6237627742165,
        "hits_at_1": 0.0,
        "hits_at_10": 0.0,
        "hits_at_3": 0.0,
        "hits_at_5": 0.0,
        "inverse_arithmetic_mean_rank": 0.000482461886550751,
        "inverse_geometric_mean_rank": 0.0006677973526971002,
        "inverse_harmonic_mean_rank": 0.0011952804169511435,
        "inverse_median_rank": 0.0005165289256198347,
        "median_absolute_deviation": 2106.7777524964604,
        "median_rank": 1936.0,
        "standard_deviation": 1309.7293160697832,
        "variance": 1715390.8813726217,
        "z_arithmetic_mean_rank": -2072.7025862068967,
        "z_hits_at_1": 0.0,
        "z_hits_at_10": 0.0,
        "z_hits_at_3": 0.0,
        "z_hits_at_5": 0.0,
        "z_inverse_harmonic_mean_rank": 0.0011952804169511435
      },
      "realistic": {
        "adjusted_arithmetic_mean_rank": 0.9536602870195312,
        "adjusted_arithmetic_mean_rank_index": 0.046361043916061884,
        "adjusted_hits_at_1": -0.00023019265019276925,
        "adjusted_hits_at_10": -0.002306705381552634,
        "adjusted_hits_at_3": -0.000690896028954133,
        "adjusted_hits_at_5": -0.0011520240007951612,
        "adjusted_inverse_harmonic_mean_rank": -0.0007341646977598019,
        "arithmetic_mean_rank": 2072.70263671875,
        "count": 232.0,
        "geometric_mean_rank": 1497.4595947265625,
        "harmonic_mean_rank": 836.6237330482909,
        "hits_at_1": 0.0,
        "hits_at_10": 0.0,
        "hits_at_3": 0.0,
        "hits_at_5": 0.0,
        "inverse_arithmetic_mean_rank": 0.0004824618808925152,
        "inverse_geometric_mean_rank": 0.0006677976343780756,
        "inverse_harmonic_mean_rank": 0.0011952804594204344,
        "inverse_median_rank": 0.0005165289039723575,
        "median_absolute_deviation": 2106.7777524964604,
        "median_rank": 1936.0,
        "standard_deviation": 1309.7293701171875,
        "variance": 1715390.875,
        "z_arithmetic_mean_rank": -2072.70263671875,
        "z_hits_at_1": 0.0,
        "z_hits_at_10": 0.0,
        "z_hits_at_3": 0.0,
        "z_hits_at_5": 0.0,
        "z_inverse_harmonic_mean_rank": 0.0011952804594204344
      }
    },
    "head": {
      "optimistic": {
        "adjusted_arithmetic_mean_rank": 0.5372080976585714,
        "adjusted_arithmetic_mean_rank_index": 0.4630074101675312,
        "adjusted_hits_at_1": -0.0002328424225031101,
        "adjusted_hits_at_10": -0.002333313875127404,
        "adjusted_hits_at_3": -0.000698852712626492,
        "adjusted_hits_at_5": -0.0011652974352265699,
        "adjusted_inverse_harmonic_mean_rank": 6.693951645091787e-05,
        "arithmetic_mean_rank": 1154.1637931034484,
        "count": 116.0,
        "geometric_mean_rank": 788.0991203978716,
        "harmonic_mean_rank": 496.3847474707155,
        "hits_at_1": 0.0,
        "hits_at_10": 0.0,
        "hits_at_3": 0.0,
        "hits_at_5": 0.0,
        "inverse_arithmetic_mean_rank": 0.0008664281499518236,
        "inverse_geometric_mean_rank": 0.001268875924509534,
        "inverse_harmonic_mean_rank": 0.0020145663320547446,
        "inverse_median_rank": 0.001447178002894356,
        "median_absolute_deviation": 465.537096610759,
        "median_rank": 691.0,
        "standard_deviation": 1043.8994943031164,
        "variance": 1089726.1542063022,
        "z_arithmetic_mean_rank": -1154.1637931034484,
        "z_hits_at_1": 0.0,
        "z_hits_at_10": 0.0,
        "z_hits_at_3": 0.0,
        "z_hits_at_5": 0.0,
        "z_inverse_harmonic_mean_rank": 0.0020145663320547446
      },
      "pessimistic": {
        "adjusted_arithmetic_mean_rank": 0.5372080976585714,
        "adjusted_arithmetic_mean_rank_index": 0.4630074101675312,
        "adjusted_hits_at_1": -0.0002328424225031101,
        "adjusted_hits_at_10": -0.002333313875127404,
        "adjusted_hits_at_3": -0.000698852712626492,
        "adjusted_hits_at_5": -0.0011652974352265699,
        "adjusted_inverse_harmonic_mean_rank": 6.693951645091787e-05,
        "arithmetic_mean_rank": 1154.1637931034484,
        "count": 116.0,
        "geometric_mean_rank": 788.0991203978716,
        "harmonic_mean_rank": 496.3847474707155,
        "hits_at_1": 0.0,
        "hits_at_10": 0.0,
        "hits_at_3": 0.0,
        "hits_at_5": 0.0,
        "inverse_arithmetic_mean_rank": 0.0008664281499518236,
        "inverse_geometric_mean_rank": 0.001268875924509534,
        "inverse_harmonic_mean_rank": 0.0020145663320547446,
        "inverse_median_rank": 0.001447178002894356,
        "median_absolute_deviation": 465.537096610759,
        "median_rank": 691.0,
        "standard_deviation": 1043.8994943031164,
        "variance": 1089726.1542063022,
        "z_arithmetic_mean_rank": -1154.1637931034484,
        "z_hits_at_1": 0.0,
        "z_hits_at_10": 0.0,
        "z_hits_at_3": 0.0,
        "z_hits_at_5": 0.0,
        "z_inverse_harmonic_mean_rank": 0.0020145663320547446
      },
      "realistic": {
        "adjusted_arithmetic_mean_rank": 0.5372081094139984,
        "adjusted_arithmetic_mean_rank_index": 0.46300739840662997,
        "adjusted_hits_at_1": -0.0002328424225031101,
        "adjusted_hits_at_10": -0.002333313875127404,