{
  "losses": [
    0.003927901529262928,
    0.003630077272293989,
    0.0022177170033566467,
    0.0012970837376354678,
    0.0009883323611199763,
    0.0008193858672631485,
    0.0007109717999797735,
    0.0005968713379329017,
    0.0005230335650956756,
    0.0004677401825663456,
    0.0004009458094658466,
    0.000384809170061092,
    0.00035362258209807736,
    0.00034816710864589277,
    0.00031322119517267867,
    0.0002900597958928402,
    0.00028072383820227834,
    0.0002618465826146786,
    0.00023866545228423789,
    0.00024304018750698374,
    0.0002261998998440152,
    0.0002214308575060946,
    0.00022100138947150127,
    0.00021277430140310968,
    0.00019453494708308872,
    0.00020394281285952332,
    0.00019680702897792863,
    0.000184706000328207,
    0.00018513921836254383,
    0.00018758108282747224
  ],
  "metrics": {
    "both": {
      "optimistic": {
        "adjusted_arithmetic_mean_rank": 1.11174180872981,
        "adjusted_arithmetic_mean_rank_index": -0.11179319690074929,
        "adjusted_hits_at_1": 0.017015372256486538,
        "adjusted_hits_at_10": 0.04521856712908993,
        "adjusted_hits_at_3": 0.025189686099405414,
        "adjusted_hits_at_5": 0.03337152632190478,
        "adjusted_inverse_harmonic_mean_rank": 0.02530075324625714,
        "arithmetic_mean_rank": 2418.5560344827586,
        "count": 232.0,
        "geometric_mean_rank": 1184.0666290052334,
        "harmonic_mean_rank": 36.79386504657847,
        "hits_at_1": 0.017241379310344827,
        "hits_at_10": 0.04741379310344827,
        "hits_at_3": 0.02586206896551724,
        "hits_at_5": 0.034482758620689655,
        "inverse_arithmetic_mean_rank": 0.0004134698496716301,
        "inverse_geometric_mean_rank": 0.0008445470681325824,
        "inverse_harmonic_mean_rank": 0.02717844398064921,
        "inverse_median_rank": 0.00035310734463276836,
        "median_absolute_deviation": 2056.36927706727,
        "median_rank": 2832.0,
        "standard_deviation": 1591.2226015079702,
        "variance": 2531989.3675497924,
        "z_arithmetic_mean_rank": -2418.5560344827586,
        "z_hits_at_1": 0.017241379310344827,
        "z_hits_at_10": 0.04741379310344827,
        "z_hits_at_3": 0.02586206896551724,
        "z_hits_at_5": 0.034482758620689655,
        "z_inverse_harmonic_mean_rank": 0.02717844398064921
      },
      "pessimistic": {
        "adjusted_arithmetic_mean_rank": 1.11174180872981,
        "adjusted_arithmetic_mean_rank_index": -0.11179319690074929,
        "adjusted_hits_at_1": 0.017015372256486538,
        "adjusted_hits_at_10": 0.04521856712908993,
        "adjusted_hits_at_3": 0.025189686099405414,
        "adjusted_hits_at_5": 0.03337152632190478,
        "adjusted_inverse_harmonic_mean_rank": 0.02530075324625714,
        "arithmetic_mean_rank": 2418.5560344827586,
        "count": 232.0,
        "geometric_mean_rank": 1184.0666290052334,
        "harmonic_mean_rank": 36.79386504657847,
        "hits_at_1": 0.017241379310344827,
        "hits_at_10": 0.04741379310344827,
        "hits_at_3": 0.02586206896551724,
        "hits_at_5": 0.034482758620689655,
        "inverse_arithmetic_mean_rank": 0.0004134698496716301,
        "inverse_geometric_mean_rank": 0.0008445470681325824,
        "inverse_harmonic_mean_rank": 0.02717844398064921,
        "inverse_median_rank": 0.00035310734463276836,
        "median_absolute_deviation": 2056.36927706727,
        "median_rank": 2832.0,
        "standard_deviation": 1591.2226015079702,
        "variance": 2531989.3675497924,
        "z_arithmetic_mean_rank": -2418.5560344827586,
        "z_hits_at_1": 0.017241379310344827,
        "z_hits_at_10": 0.04741379310344827,
        "z_hits_at_3": 0.02586206896551724,
        "z_hits_at_5": 0.034482758620689655,
        "z_inverse_harmonic_mean_rank": 0.02717844398064921
      },
      "realistic": {
        "adjusted_arithmetic_mean_rank": 1.1117418629071745,
        "adjusted_arithmetic_mean_rank_index": -0.11179325110302907,
        "adjusted_hits_at_1": 0.017015372256486538,
        "adjusted_hits_at_10": 0.04521856712908993,
        "adjusted_hits_at_3": 0.025189686099405414,
        "adjusted_hits_at_5": 0.03337152632190478,
        "adjusted_inverse_harmonic_mean_rank": 0.025300752976467677,
        "arithmetic_mean_rank": 2418.55615234375,
        "count": 232.0,
        "geometric_mean_rank": 1184.0672607421875,
        "harmonic_mean_rank": 36.79386541111274,
        "hits_at_1": 0.017241379310344827,
        "hits_at_10": 0.04741379310344827,
        "hits_at_3": 0.02586206896551724,
        "hits_at_5": 0.034482758620689655,
        "inverse_arithmetic_mean_rank": 0.00041346982470713556,
        "inverse_geometric_mean_rank": 0.0008445465937256813,
        "inverse_harmonic_mean_rank": 0.02717844371137948,
        "inverse_median_rank": 0.00035310734529048204,
        "median_absolute_deviation": 2056.36927706727,
        "median_rank": 2832.0,
        "standard_deviation": 1591.22265625,
        "variance": 2531989.5,
        "z_arithmetic_mean_rank": -2418.55615234375,
        "z_hits_at_1": 0.017241379310344827,
        "z_hits_at_10": 0.04741379310344827,
        "z_hits_at_3": 0.02586206896551724,
        "z_hits_at_5": 0.034482758620689655,
        "z_inverse_harmonic_mean_rank": 0.02717844371137948
      }
    },
    "head": {
      "optimistic": {
        "adjusted_arithmetic_mean_rank": 1.1285127282211427,
        "adjusted_arithmetic_mean_rank_index": -0.12857245871014755,
        "adjusted_hits_at_1": 0.034258371158949516,
        "adjusted_hits_at_10": 0.08407877830609711,
        "adjusted_hits_at_3": 0.042435986030894726,
        "adjusted_hits_at_5": 0.05925192620289603,
        "adjusted_inverse_harmonic_mean_rank": 0.04642308308606567,
        "arithmetic_mean_rank": 2429.1724137931033,
        "count": 116.0,
        "geometric_mean_rank": 1057.1060946485934,
        "harmonic_mean_rank": 20.713665976028604,
        "hits_at_1": 0.034482758620689655,
        "hits_at_10": 0.08620689655172414,
        "hits_at_3": 0.04310344827586207,
        "hits_at_5": 0.0603448275862069,
        "inverse_arithmetic_mean_rank": 0.00041166283394372997,
        "inverse_geometric_mean_rank": 0.0009459788426746543,
        "inverse_harmonic_mean_rank": 0.048277306448664105,
        "inverse_median_rank": 0.0003485535029627048,
        "median_absolute_deviation": 1952.5871217718777,
        "median_rank": 2869.0,
        "standard_deviation": 1564.6194661072577,
        "variance": 2448034.0737217604,
        "z_arithmetic_mean_rank": -2429.1724137931033,
        "z_hits_at_1": 0.034482758620689655,
        "z_hits_at_10": 0.08620689655172414,
        "z_hits_at_3": 0.04310344827586207,
        "z_hits_at_5": 0.0603448275862069,
        "z_inverse_harmonic_mean_rank": 0.048277306448664105
      },
      "pessimistic": {
        "adjusted_arithmetic_mean_rank": 1.1285127282211427,
        "adjusted_arithmetic_mean_rank_index": -0.12857245871014755,
        "adjusted_hits_at_1": 0.034258371158949516,
        "adjusted_hits_at_10": 0.08407877830609711,
        "adjusted_hits_at_3": 0.042435986030894726,
        "adjusted_hits_at_5": 0.05925192620289603,
        "adjusted_inverse_harmonic_mean_rank": 0.04642308308606567,
        "arithmetic_mean_rank": 2429.1724137931033,
        "count": 116.0,
        "geometric_mean_rank": 1057.1060946485934,
        "harmonic_mean_rank": 20.713665976028604,
        "hits_at_1": 0.034482758620689655,
        "hits_at_10": 0.08620689655172414,
        "hits_at_3": 0.04310344827586207,
        "hits_at_5": 0.0603448275862069,
        "inverse_arithmetic_mean_rank": 0.00041166283394372997,
        "inverse_geometric_mean_rank": 0.0009459788426746543,
        "inverse_harmonic_mean_rank": 0.048277306448664105,
        "inverse_median_rank": 0.0003485535029627048,
        "median_absolute_deviation": 1952.5871217718777,
        "median_rank": 2869.0,
        "standard_deviation": 1564.6194661072577,