{
  "losses": [
    0.06316714130729907,
    0.058788841974337126,
    0.054683028837099336,
    0.05096372901006632,
    0.047269631907046854,
    0.04338529454685117,
    0.04052364571111519,
    0.037206108637964176,
    0.035247093502278885,
    0.03265901279722831,
    0.03066291529991954,
    0.028137654433623288,
    0.026345320569937266,
    0.024151356758558624,
    0.022479657959631305,
    0.020777876079420225,
    0.018903370102551227,
    0.01822421225092664,
    0.016821078320883344,
    0.01556887387291653,
    0.014935379433287007,
    0.014197669071512584,
    0.01333571554748116,
    0.012560189386167793,
    0.01225433385528713,
    0.0112909533390879,
    0.010990446753902726,
    0.010790656736775817,
    0.010088070417497883,
    0.009734353989920976
  ],
  "metrics": {
    "both": {
      "optimistic": {
        "adjusted_arithmetic_mean_rank": 1.0418439687027736,
        "adjusted_arithmetic_mean_rank_index": -0.04186321203739407,
        "adjusted_hits_at_1": -0.00022997208989089375,
        "adjusted_hits_at_10": -0.002304490615616002,
        "adjusted_hits_at_3": -0.0006902337386634684,
        "adjusted_hits_at_5": -0.0011509191665986212,
        "adjusted_inverse_harmonic_mean_rank": -0.0009934477166245504,
        "arithmetic_mean_rank": 2266.4956896551726,
        "count": 232.0,
        "geometric_mean_rank": 1782.1167016366553,
        "harmonic_mean_rank": 1069.636572625472,
        "hits_at_1": 0.0,
        "hits_at_10": 0.0,
        "hits_at_3": 0.0,
        "hits_at_5": 0.0,
        "inverse_arithmetic_mean_rank": 0.0004412097514962145,
        "inverse_geometric_mean_rank": 0.0005611304798847477,
        "inverse_harmonic_mean_rank": 0.0009348969786489763,
        "inverse_median_rank": 0.0004393673110720562,
        "median_absolute_deviation": 1617.5190203896118,
        "median_rank": 2276.0,
        "standard_deviation": 1265.323350379619,
        "variance": 1601043.1810159036,
        "z_arithmetic_mean_rank": -2266.4956896551726,
        "z_hits_at_1": 0.0,
        "z_hits_at_10": 0.0,
        "z_hits_at_3": 0.0,
        "z_hits_at_5": 0.0,
        "z_inverse_harmonic_mean_rank": 0.0009348969786489763
      },
      "pessimistic": {
        "adjusted_arithmetic_mean_rank": 1.0418439687027736,
        "adjusted_arithmetic_mean_rank_index": -0.04186321203739407,
        "adjusted_hits_at_1": -0.00022997208989089375,
        "adjusted_hits_at_10": -0.002304490615616002,
        "adjusted_hits_at_3": -0.0006902337386634684,
        "adjusted_hits_at_5": -0.0011509191665986212,
        "adjusted_inverse_harmonic_mean_rank": -0.0009934477166245504,
        "arithmetic_mean_rank": 2266.4956896551726,
        "count": 232.0,
        "geometric_mean_rank": 1782.1167016366553,
        "harmonic_mean_rank": 1069.636572625472,
        "hits_at_1": 0.0,
        "hits_at_10": 0.0,
        "hits_at_3": 0.0,
        "hits_at_5": 0.0,
        "inverse_arithmetic_mean_rank": 0.0004412097514962145,
        "inverse_geometric_mean_rank": 0.0005611304798847477,
        "inverse_harmonic_mean_rank": 0.0009348969786489763,
        "inverse_median_rank": 0.0004393673110720562,
        "median_absolute_deviation": 1617.5190203896118,
        "median_rank": 2276.0,
        "standard_deviation": 1265.323350379619,
        "variance": 1601043.1810159036,
        "z_arithmetic_mean_rank": -2266.4956896551726,
        "z_hits_at_1": 0.0,
        "z_hits_at_10": 0.0,
        "z_hits_at_3": 0.0,
        "z_hits_at_5": 0.0,
        "z_inverse_harmonic_mean_rank": 0.0009348969786489763
      },
      "realistic": {
        "adjusted_arithmetic_mean_rank": 1.0418439300046562,
        "adjusted_arithmetic_mean_rank_index": -0.04186317332148004,
        "adjusted_hits_at_1": -0.00022997208989089375,
        "adjusted_hits_at_10": -0.002304490615616002,
        "adjusted_hits_at_3": -0.0006902337386634684,
        "adjusted_hits_at_5": -0.0011509191665986212,
        "adjusted_inverse_harmonic_mean_rank": -0.0009934477045934968,
        "arithmetic_mean_rank": 2266.49560546875,
        "count": 232.0,
        "geometric_mean_rank": 1782.11669921875,
        "harmonic_mean_rank": 1069.6365588869917,
        "hits_at_1": 0.0,
        "hits_at_10": 0.0,
        "hits_at_3": 0.0,
        "hits_at_5": 0.0,
        "inverse_arithmetic_mean_rank": 0.00044120976235717535,
        "inverse_geometric_mean_rank": 0.000561130465939641,
        "inverse_harmonic_mean_rank": 0.0009348969906568527,
        "inverse_median_rank": 0.00043936731526628137,
        "median_absolute_deviation": 1617.5190203896118,
        "median_rank": 2276.0,
        "standard_deviation": 1265.3232421875,
        "variance": 1601043.0,
        "z_arithmetic_mean_rank": -2266.49560546875,
        "z_hits_at_1": 0.0,
        "z_hits_at_10": 0.0,
        "z_hits_at_3": 0.0,
        "z_hits_at_5": 0.0,
        "z_inverse_harmonic_mean_rank": 0.0009348969906568527
      }
    },
    "head": {
      "optimistic": {
        "adjusted_arithmetic_mean_rank": 1.0442379172313154,
        "adjusted_arithmetic_mean_rank_index": -0.044258478248619726,
        "adjusted_hits_at_1": -0.0002324012996594279,
        "adjusted_hits_at_10": -0.002328884117855992,
        "adjusted_hits_at_3": -0.0006975281118577733,
        "adjusted_hits_at_5": -0.0011630877106794588,
        "adjusted_inverse_harmonic_mean_rank": -0.0010160670060237193,
        "arithmetic_mean_rank": 2247.7672413793102,
        "count": 116.0,
        "geometric_mean_rank": 1763.2937799498388,
        "harmonic_mean_rank": 1074.8048735671073,
        "hits_at_1": 0.0,
        "hits_at_10": 0.0,
        "hits_at_3": 0.0,
        "hits_at_5": 0.0,
        "inverse_arithmetic_mean_rank": 0.0004448859212782033,
        "inverse_geometric_mean_rank": 0.0005671204715690924,
        "inverse_harmonic_mean_rank": 0.000930401438059318,
        "inverse_median_rank": 0.0004363953742090334,
        "median_absolute_deviation": 1650.136269196735,
        "median_rank": 2291.5,
        "standard_deviation": 1255.7171351103048,
        "variance": 1576825.5234096316,
        "z_arithmetic_mean_rank": -2247.7672413793102,
        "z_hits_at_1": 0.0,
        "z_hits_at_10": 0.0,
        "z_hits_at_3": 0.0,
        "z_hits_at_5": 0.0,
        "z_inverse_harmonic_mean_rank": 0.000930401438059318
      },
      "pessimistic": {
        "adjusted_arithmetic_mean_rank": 1.0442379172313154,
        "adjusted_arithmetic_mean_rank_index": -0.044258478248619726,
        "adjusted_hits_at_1": -0.0002324012996594279,
        "adjusted_hits_at_10": -0.002328884117855992,
        "adjusted_hits_at_3": -0.0006975281118577733,
        "adjusted_hits_at_5": -0.0011630877106794588,
        "adjusted_inverse_harmonic_mean_rank": -0.0010160670060237193,
        "arithmetic_mean_rank": 2247.7672413793102,
        "count": 116.0,
        "geometric_mean_rank": 1763.2937799498388,
        "harmonic_mean_rank": 1074.8048735671073,
        "hits_at_1": 0.0,
        "hits_at_10": 0.0,
        "hits_at_3": 0.0,
        "hits_at_5": 0.0,
        "inverse_arithmetic_mean_rank": 0.0004448859212782033,
        "inverse_geometric_mean_rank": 0.0005671204715690924,
        "inverse_harmonic_mean_rank": 0.000930401438059318,
        "inverse_median_rank": 0.0004363953742090334,
        "median_absolute_deviation": 1650.136269196735,
        "median_rank": 2291.5,
        "standard_deviation": 1255.7171351103048,
        "variance": 1576825.5234096316,
        "z_arithmetic_mean_rank": -2247.7672413793102,
        "z_hits_at_1": 0.0,
        "z_hits_at_10": 0.0,
        "z_hits_at_3": 0.0,
        "z_hits_at_5": 0.0,
        "z_inverse_harmonic_mean_rank": 0.000930401438059318
      },
      "realistic": {
        "adjusted_arithmetic_mean_rank": 1.0442379602525491,
        "adjusted_arithmetic_mean_rank_index": -0.04425852128984897,
        "adjusted_hits_at_1": -0.0002324012996594279,
        "adjusted_hits_at_10": -0.002328884117855992,