{
  "losses": [
    0.06328349815639732,
    0.059363113356529815,
    0.05479969605470719,
    0.05112222235772254,
    0.047010445974642545,
    0.04320179555473483,
    0.04037205669595578,
    0.037371695832358734,
    0.035516312436877584,
    0.03255804525471617,
    0.030706664417816887,
    0.028254493619035016,
    0.02631219890338406,
    0.02459947119298899,
    0.02239058801439808,
    0.02061142189392574,
    0.019229139505120233,
    0.018375889014167854,
    0.017071320703685874,
    0.015764659360666036,
    0.014946348086554768,
    0.014360517638896706,
    0.01339710827597252,
    0.01253587447375538,
    0.011977686642662747,
    0.011387005924153397,
    0.011027768249313367,
    0.010530613905651937,
    0.010098769079724214,
    0.009563215016826027
  ],
  "metrics": {
    "both": {
      "optimistic": {
        "adjusted_arithmetic_mean_rank": 1.0077602505435728,
        "adjusted_arithmetic_mean_rank_index": -0.007763822715126878,
        "adjusted_hits_at_1": -0.00023019265019276925,
        "adjusted_hits_at_10": -0.002306705381552634,
        "adjusted_hits_at_3": -0.000690896028954133,
        "adjusted_hits_at_5": -0.0011520240007951612,
        "adjusted_inverse_harmonic_mean_rank": -0.000920478730092327,
        "arithmetic_mean_rank": 2190.2844827586205,
        "count": 232.0,
        "geometric_mean_rank": 1692.1460166748232,
        "harmonic_mean_rank": 990.7605180689409,
        "hits_at_1": 0.0,
        "hits_at_10": 0.0,
        "hits_at_3": 0.0,
        "hits_at_5": 0.0,
        "inverse_arithmetic_mean_rank": 0.0004565616968351616,
        "inverse_geometric_mean_rank": 0.0005909655491581424,
        "inverse_harmonic_mean_rank": 0.001009325646069413,
        "inverse_median_rank": 0.0004730368968779565,
        "median_absolute_deviation": 1762.072736693908,
        "median_rank": 2114.0,
        "standard_deviation": 1265.96288695148,
        "variance": 1602662.0311385253,
        "z_arithmetic_mean_rank": -2190.2844827586205,
        "z_hits_at_1": 0.0,
        "z_hits_at_10": 0.0,
        "z_hits_at_3": 0.0,
        "z_hits_at_5": 0.0,
        "z_inverse_harmonic_mean_rank": 0.001009325646069413
      },
      "pessimistic": {
        "adjusted_arithmetic_mean_rank": 1.0077602505435728,
        "adjusted_arithmetic_mean_rank_index": -0.007763822715126878,
        "adjusted_hits_at_1": -0.00023019265019276925,
        "adjusted_hits_at_10": -0.002306705381552634,
        "adjusted_hits_at_3": -0.000690896028954133,
        "adjusted_hits_at_5": -0.0011520240007951612,
        "adjusted_inverse_harmonic_mean_rank": -0.000920478730092327,
        "arithmetic_mean_rank": 2190.2844827586205,
        "count": 232.0,
        "geometric_mean_rank": 1692.1460166748232,
        "harmonic_mean_rank": 990.7605180689409,
        "hits_at_1": 0.0,
        "hits_at_10": 0.0,
        "hits_at_3": 0.0,
        "hits_at_5": 0.0,
        "inverse_arithmetic_mean_rank": 0.0004565616968351616,
        "inverse_geometric_mean_rank": 0.0005909655491581424,
        "inverse_harmonic_mean_rank": 0.001009325646069413,
        "inverse_median_rank": 0.0004730368968779565,
        "median_absolute_deviation": 1762.072736693908,
        "median_rank": 2114.0,
        "standard_deviation": 1265.96288695148,
        "variance": 1602662.0311385253,
        "z_arithmetic_mean_rank": -2190.2844827586205,
        "z_hits_at_1": 0.0,
        "z_hits_at_10": 0.0,
        "z_hits_at_3": 0.0,
        "z_hits_at_5": 0.0,
        "z_inverse_harmonic_mean_rank": 0.001009325646069413
      },
      "realistic": {
        "adjusted_arithmetic_mean_rank": 1.007760223429373,
        "adjusted_arithmetic_mean_rank_index": -0.007763795588445976,
        "adjusted_hits_at_1": -0.00023019265019276925,
        "adjusted_hits_at_10": -0.002306705381552634,
        "adjusted_hits_at_3": -0.000690896028954133,
        "adjusted_hits_at_5": -0.0011520240007951612,
        "adjusted_inverse_harmonic_mean_rank": -0.0009204787830677657,
        "arithmetic_mean_rank": 2190.284423828125,
        "count": 232.0,
        "geometric_mean_rank": 1692.1455078125,
        "harmonic_mean_rank": 990.7605699697139,
        "hits_at_1": 0.0,
        "hits_at_10": 0.0,
        "hits_at_3": 0.0,
        "hits_at_5": 0.0,
        "inverse_arithmetic_mean_rank": 0.00045656171278096735,
        "inverse_geometric_mean_rank": 0.0005909657338634133,
        "inverse_harmonic_mean_rank": 0.0010093255931961126,
        "inverse_median_rank": 0.00047303689643740654,
        "median_absolute_deviation": 1762.072736693908,
        "median_rank": 2114.0,
        "standard_deviation": 1265.962890625,
        "variance": 1602662.125,
        "z_arithmetic_mean_rank": -2190.284423828125,
        "z_hits_at_1": 0.0,
        "z_hits_at_10": 0.0,
        "z_hits_at_3": 0.0,
        "z_hits_at_5": 0.0,
        "z_inverse_harmonic_mean_rank": 0.0010093255931961126
      }
    },
    "head": {
      "optimistic": {
        "adjusted_arithmetic_mean_rank": 1.0094013479775863,
        "adjusted_arithmetic_mean_rank_index": -0.00940572589356714,
        "adjusted_hits_at_1": -0.0002328424225031101,
        "adjusted_hits_at_10": -0.002333313875127404,
        "adjusted_hits_at_3": -0.000698852712626492,
        "adjusted_hits_at_5": -0.0011652974352265699,
        "adjusted_inverse_harmonic_mean_rank": -0.0009365118482853114,
        "arithmetic_mean_rank": 2168.646551724138,
        "count": 116.0,
        "geometric_mean_rank": 1667.9636625950257,
        "harmonic_mean_rank": 987.099159908463,
        "hits_at_1": 0.0,
        "hits_at_10": 0.0,
        "hits_at_3": 0.0,
        "hits_at_5": 0.0,
        "inverse_arithmetic_mean_rank": 0.00046111709591633107,
        "inverse_geometric_mean_rank": 0.0005995334445381114,
        "inverse_harmonic_mean_rank": 0.0010130694469365504,
        "inverse_median_rank": 0.00047382136934375743,
        "median_absolute_deviation": 1765.779242240172,
        "median_rank": 2110.5,
        "standard_deviation": 1256.6183839994346,
        "variance": 1579089.7630053507,
        "z_arithmetic_mean_rank": -2168.646551724138,
        "z_hits_at_1": 0.0,
        "z_hits_at_10": 0.0,
        "z_hits_at_3": 0.0,
        "z_hits_at_5": 0.0,
        "z_inverse_harmonic_mean_rank": 0.0010130694469365504
      },
      "pessimistic": {
        "adjusted_arithmetic_mean_rank": 1.0094013479775863,
        "adjusted_arithmetic_mean_rank_index": -0.00940572589356714,
        "adjusted_hits_at_1": -0.0002328424225031101,
        "adjusted_hits_at_10": -0.002333313875127404,
        "adjusted_hits_at_3": -0.000698852712626492,
        "adjusted_hits_at_5": -0.0011652974352265699,
        "adjusted_inverse_harmonic_mean_rank": -0.0009365118482853114,
        "arithmetic_mean_rank": 2168.646551724138,
        "count": 116.0,
        "geometric_mean_rank": 1667.9636625950257,
        "harmonic_mean_rank": 987.099159908463,
        "hits_at_1": 0.0,
        "hits_at_10": 0.0,
        "hits_at_3": 0.0,
        "hits_at_5": 0.0,
        "inverse_arithmetic_mean_rank": 0.00046111709591633107,
        "inverse_geometric_mean_rank": 0.0005995334445381114,
        "inverse_harmonic_mean_rank": 0.0010130694469365504,
        "inverse_median_rank": 0.00047382136934375743,
        "median_absolute_deviation": 1765.779242240172,
        "median_rank": 2110.5,
        "standard_deviation": 1256.6183839994346,
        "variance": 1579089.7630053507,
        "z_arithmetic_mean_rank": -2168.646551724138,
        "z_hits_at_1": 0.0,
        "z_hits_at_10": 0.0,
        "z_hits_at_3": 0.0,
        "z_hits_at_5": 0.0,
        "z_inverse_harmonic_mean_rank": 0.0010130694469365504
      },
      "realistic": {
        "adjusted_arithmetic_mean_rank": 1.0094013166297804,
        "adjusted_arithmetic_mean_rank_index": -0.009405694531163578,
        "adjusted_hits_at_1": -0.0002328424225031101,
        "adjusted_hits_at_10": -0.002333313875127404,