{
  "losses": [
    0.005062352849104255,
    0.004678818656912655,
    0.004308049477451458,
    0.0040435332123410755,
    0.003800220715267875,
    0.0036662142288684126,
    0.003509656559752453,
    0.0033632170025910692,
    0.003219177493718179,
    0.0031462516470721212,
    0.0030749764516262985,
    0.002988192365296052,
    0.002892269810871377,
    0.002872839386036192,
    0.0028053194591420422,
    0.0027625337974629227,
    0.002732005071068419,
    0.0026889043065138835,
    0.0026445883985355915,
    0.002603144173478227,
    0.002617023334568663,
    0.00257263642593677,
    0.0025392260136973977,
    0.002498639796083357,
    0.0024519942444596304,
    0.0024717360309474217,
    0.002426915104565409,
    0.0023842594270411474,
    0.0023396957869214054,
    0.002313965185960584
  ],
  "metrics": {
    "both": {
      "optimistic": {
        "adjusted_arithmetic_mean_rank": 0.9540383082313829,
        "adjusted_arithmetic_mean_rank_index": 0.04598106512004341,
        "adjusted_hits_at_1": -0.00021078182213830787,
        "adjusted_hits_at_10": -0.002111824429194074,
        "adjusted_hits_at_3": -0.0006326121526994293,
        "adjusted_hits_at_5": -0.0010547984400402608,
        "adjusted_inverse_harmonic_mean_rank": -0.0006203335745781999,
        "arithmetic_mean_rank": 2264.331896551724,
        "count": 232.0,
        "geometric_mean_rank": 1715.4873941134651,
        "harmonic_mean_rank": 858.4998162745607,
        "hits_at_1": 0.0,
        "hits_at_10": 0.0,
        "hits_at_3": 0.0,
        "hits_at_5": 0.0,
        "inverse_arithmetic_mean_rank": 0.00044163137105601296,
        "inverse_geometric_mean_rank": 0.0005829247148253065,
        "inverse_harmonic_mean_rank": 0.0011648226138701765,
        "inverse_median_rank": 0.000449034575662326,
        "median_absolute_deviation": 1585.6430726917413,
        "median_rank": 2227.0,
        "standard_deviation": 1301.5268676667695,
        "variance": 1693972.1872584722,
        "z_arithmetic_mean_rank": -2264.331896551724,
        "z_hits_at_1": 0.0,
        "z_hits_at_10": 0.0,
        "z_hits_at_3": 0.0,
        "z_hits_at_5": 0.0,
        "z_inverse_harmonic_mean_rank": 0.0011648226138701765
      },
      "pessimistic": {
        "adjusted_arithmetic_mean_rank": 0.9540383082313829,
        "adjusted_arithmetic_mean_rank_index": 0.04598106512004341,
        "adjusted_hits_at_1": -0.00021078182213830787,
        "adjusted_hits_at_10": -0.002111824429194074,
        "adjusted_hits_at_3": -0.0006326121526994293,
        "adjusted_hits_at_5": -0.0010547984400402608,
        "adjusted_inverse_harmonic_mean_rank": -0.0006203335745781999,
        "arithmetic_mean_rank": 2264.331896551724,
        "count": 232.0,
        "geometric_mean_rank": 1715.4873941134651,
        "harmonic_mean_rank": 858.4998162745607,
        "hits_at_1": 0.0,
        "hits_at_10": 0.0,
        "hits_at_3": 0.0,
        "hits_at_5": 0.0,
        "inverse_arithmetic_mean_rank": 0.00044163137105601296,
        "inverse_geometric_mean_rank": 0.0005829247148253065,
        "inverse_harmonic_mean_rank": 0.0011648226138701765,
        "inverse_median_rank": 0.000449034575662326,
        "median_absolute_deviation": 1585.6430726917413,
        "median_rank": 2227.0,
        "standard_deviation": 1301.5268676667695,
        "variance": 1693972.1872584722,
        "z_arithmetic_mean_rank": -2264.331896551724,
        "z_hits_at_1": 0.0,
        "z_hits_at_10": 0.0,
        "z_hits_at_3": 0.0,
        "z_hits_at_5": 0.0,
        "z_inverse_harmonic_mean_rank": 0.0011648226138701765
      },
      "realistic": {
        "adjusted_arithmetic_mean_rank": 0.9540382621196827,
        "adjusted_arithmetic_mean_rank_index": 0.04598111125118021,
        "adjusted_hits_at_1": -0.00021078182213830787,
        "adjusted_hits_at_10": -0.002111824429194074,
        "adjusted_hits_at_3": -0.0006326121526994293,
        "adjusted_hits_at_5": -0.0010547984400402608,
        "adjusted_inverse_harmonic_mean_rank": -0.0006203335740489364,
        "arithmetic_mean_rank": 2264.331787109375,
        "count": 232.0,
        "geometric_mean_rank": 1715.487548828125,
        "harmonic_mean_rank": 858.4998158851777,
        "hits_at_1": 0.0,
        "hits_at_10": 0.0,
        "hits_at_3": 0.0,
        "hits_at_5": 0.0,
        "inverse_arithmetic_mean_rank": 0.00044163138954900205,
        "inverse_geometric_mean_rank": 0.0005829246365465224,
        "inverse_harmonic_mean_rank": 0.0011648226143984959,
        "inverse_median_rank": 0.0004490345891099423,
        "median_absolute_deviation": 1585.6430726917413,
        "median_rank": 2227.0,
        "standard_deviation": 1301.52685546875,
        "variance": 1693972.125,
        "z_arithmetic_mean_rank": -2264.331787109375,
        "z_hits_at_1": 0.0,
        "z_hits_at_10": 0.0,
        "z_hits_at_3": 0.0,
        "z_hits_at_5": 0.0,
        "z_inverse_harmonic_mean_rank": 0.0011648226143984959
      }
    },
    "head": {
      "optimistic": {
        "adjusted_arithmetic_mean_rank": 1.1616768392107781,
        "adjusted_arithmetic_mean_rank_index": -0.1617457126522901,
        "adjusted_hits_at_1": -0.00021300333008983274,
        "adjusted_hits_at_10": -0.0021341244814907815,
        "adjusted_hits_at_3": -0.0006392823287993019,
        "adjusted_hits_at_5": -0.001065924832605045,
        "adjusted_inverse_harmonic_mean_rank": -0.0011182362495719817,
        "arithmetic_mean_rank": 2728.137931034483,
        "count": 116.0,
        "geometric_mean_rank": 2277.8750028053582,
        "harmonic_mean_rank": 1460.8120556256804,
        "hits_at_1": 0.0,
        "hits_at_10": 0.0,
        "hits_at_3": 0.0,
        "hits_at_5": 0.0,
        "inverse_arithmetic_mean_rank": 0.0003665503817179837,
        "inverse_geometric_mean_rank": 0.00043900565165710666,
        "inverse_harmonic_mean_rank": 0.0006845507580177315,
        "inverse_median_rank": 0.0003439972480220158,
        "median_absolute_deviation": 1512.9955639849668,
        "median_rank": 2907.0,
        "standard_deviation": 1256.4801266081515,
        "variance": 1578742.3085612366,
        "z_arithmetic_mean_rank": -2728.137931034483,
        "z_hits_at_1": 0.0,
        "z_hits_at_10": 0.0,
        "z_hits_at_3": 0.0,
        "z_hits_at_5": 0.0,
        "z_inverse_harmonic_mean_rank": 0.0006845507580177315
      },
      "pessimistic": {
        "adjusted_arithmetic_mean_rank": 1.1616768392107781,
        "adjusted_arithmetic_mean_rank_index": -0.1617457126522901,
        "adjusted_hits_at_1": -0.00021300333008983274,
        "adjusted_hits_at_10": -0.0021341244814907815,
        "adjusted_hits_at_3": -0.0006392823287993019,
        "adjusted_hits_at_5": -0.001065924832605045,
        "adjusted_inverse_harmonic_mean_rank": -0.0011182362495719817,
        "arithmetic_mean_rank": 2728.137931034483,
        "count": 116.0,
        "geometric_mean_rank": 2277.8750028053582,
        "harmonic_mean_rank": 1460.8120556256804,
        "hits_at_1": 0.0,
        "hits_at_10": 0.0,
        "hits_at_3": 0.0,
        "hits_at_5": 0.0,
        "inverse_arithmetic_mean_rank": 0.0003665503817179837,
        "inverse_geometric_mean_rank": 0.00043900565165710666,
        "inverse_harmonic_mean_rank": 0.0006845507580177315,
        "inverse_median_rank": 0.0003439972480220158,
        "median_absolute_deviation": 1512.9955639849668,
        "median_rank": 2907.0,
        "standard_deviation": 1256.4801266081515,
        "variance": 1578742.3085612366,
        "z_arithmetic_mean_rank": -2728.137931034483,
        "z_hits_at_1": 0.0,
        "z_hits_at_10": 0.0,
        "z_hits_at_3": 0.0,
        "z_hits_at_5": 0.0,
        "z_inverse_harmonic_mean_rank": 0.0006845507580177315
      },
      "realistic": {
        "adjusted_arithmetic_mean_rank": 1.1616768427955462,
        "adjusted_arithmetic_mean_rank_index": -0.16174571623858514,
        "adjusted_hits_at_1": -0.00021300333008983274,
        "adjusted_hits_at_10": -0.0021341244814907815,