{
  "losses": [
    0.003138709112101524,
    0.002548767101275663,
    0.0023880048470571523,
    0.002328635547457097,
    0.0022529195025845984,
    0.0022373609704846656,
    0.0021976767250675945,
    0.0021692905165504157,
    0.0021398228899871473,
    0.002088572092353849,
    0.002037390060334613,
    0.0019116659213545724,
    0.001748483406550252,
    0.0015127139417215052,
    0.001339272812657827,
    0.0011812548243592326,
    0.0010731869026175695,
    0.0010241212115848749,
    0.0009451752850452279,
    0.0009342863474486212,
    0.0008999534518120842,
    0.000872473292419418,
    0.0008161778750099925,
    0.0007937475406120401,
    0.0008019657756081476,
    0.000765780676675772,
    0.0007608404951809071,
    0.0007631288309871673,
    0.0007485589439427592,
    0.0007225996302191116
  ],
  "metrics": {
    "both": {
      "optimistic": {
        "adjusted_arithmetic_mean_rank": 0.27254349450443544,
        "adjusted_arithmetic_mean_rank_index": 0.7277630268758521,
        "adjusted_hits_at_1": -0.00021070542960217688,
        "adjusted_hits_at_10": 0.0065278308298622936,
        "adjusted_hits_at_3": 0.003680687833660752,
        "adjusted_hits_at_5": 0.003260473890841458,
        "adjusted_inverse_harmonic_mean_rank": 0.0039701972870601265,
        "arithmetic_mean_rank": 647.0905172413793,
        "count": 232.0,
        "geometric_mean_rank": 377.27994665237054,
        "harmonic_mean_rank": 174.0158037386103,
        "hits_at_1": 0.0,
        "hits_at_10": 0.008620689655172414,
        "hits_at_3": 0.004310344827586207,
        "hits_at_5": 0.004310344827586207,
        "inverse_arithmetic_mean_rank": 0.0015453788509575354,
        "inverse_geometric_mean_rank": 0.002650551689463129,
        "inverse_harmonic_mean_rank": 0.005746604495199202,
        "inverse_median_rank": 0.0025673940949935813,
        "median_absolute_deviation": 367.6853501893893,
        "median_rank": 389.5,
        "standard_deviation": 747.082529886626,
        "variance": 558132.3064618015,
        "z_arithmetic_mean_rank": -647.0905172413793,
        "z_hits_at_1": 0.0,
        "z_hits_at_10": 0.008620689655172414,
        "z_hits_at_3": 0.004310344827586207,
        "z_hits_at_5": 0.004310344827586207,
        "z_inverse_harmonic_mean_rank": 0.005746604495199202
      },
      "pessimistic": {
        "adjusted_arithmetic_mean_rank": 0.27254349450443544,
        "adjusted_arithmetic_mean_rank_index": 0.7277630268758521,
        "adjusted_hits_at_1": -0.00021070542960217688,
        "adjusted_hits_at_10": 0.0065278308298622936,
        "adjusted_hits_at_3": 0.003680687833660752,
        "adjusted_hits_at_5": 0.003260473890841458,
        "adjusted_inverse_harmonic_mean_rank": 0.0039701972870601265,
        "arithmetic_mean_rank": 647.0905172413793,
        "count": 232.0,
        "geometric_mean_rank": 377.27994665237054,
        "harmonic_mean_rank": 174.0158037386103,
        "hits_at_1": 0.0,
        "hits_at_10": 0.008620689655172414,
        "hits_at_3": 0.004310344827586207,
        "hits_at_5": 0.004310344827586207,
        "inverse_arithmetic_mean_rank": 0.0015453788509575354,
        "inverse_geometric_mean_rank": 0.002650551689463129,
        "inverse_harmonic_mean_rank": 0.005746604495199202,
        "inverse_median_rank": 0.0025673940949935813,
        "median_absolute_deviation": 367.6853501893893,
        "median_rank": 389.5,
        "standard_deviation": 747.082529886626,
        "variance": 558132.3064618015,
        "z_arithmetic_mean_rank": -647.0905172413793,
        "z_hits_at_1": 0.0,
        "z_hits_at_10": 0.008620689655172414,
        "z_hits_at_3": 0.004310344827586207,
        "z_hits_at_5": 0.004310344827586207,
        "z_inverse_harmonic_mean_rank": 0.005746604495199202
      },
      "realistic": {
        "adjusted_arithmetic_mean_rank": 0.2725434936179883,
        "adjusted_arithmetic_mean_rank_index": 0.7277630277626729,
        "adjusted_hits_at_1": -0.00021070542960217688,
        "adjusted_hits_at_10": 0.0065278308298622936,
        "adjusted_hits_at_3": 0.003680687833660752,
        "adjusted_hits_at_5": 0.003260473890841458,
        "adjusted_inverse_harmonic_mean_rank": 0.003970197345549635,
        "arithmetic_mean_rank": 647.0905151367188,
        "count": 232.0,
        "geometric_mean_rank": 377.280029296875,
        "harmonic_mean_rank": 174.0158019706191,
        "hits_at_1": 0.0,
        "hits_at_10": 0.008620689655172414,
        "hits_at_3": 0.004310344827586207,
        "hits_at_5": 0.004310344827586207,
        "inverse_arithmetic_mean_rank": 0.001545378821901977,
        "inverse_geometric_mean_rank": 0.0026505510322749615,
        "inverse_harmonic_mean_rank": 0.005746604553584395,
        "inverse_median_rank": 0.00256739417091012,
        "median_absolute_deviation": 367.6853501893893,
        "median_rank": 389.5,
        "standard_deviation": 747.08251953125,
        "variance": 558132.25,
        "z_arithmetic_mean_rank": -647.0905151367188,
        "z_hits_at_1": 0.0,
        "z_hits_at_10": 0.008620689655172414,
        "z_hits_at_3": 0.004310344827586207,
        "z_hits_at_5": 0.004310344827586207,
        "z_inverse_harmonic_mean_rank": 0.005746604553584395
      }
    },
    "head": {
      "optimistic": {
        "adjusted_arithmetic_mean_rank": 0.4275867872114431,
        "adjusted_arithmetic_mean_rank_index": 0.5726568822654212,
        "adjusted_hits_at_1": -0.00021285091937457584,
        "adjusted_hits_at_10": 0.015145553665235303,
        "adjusted_hits_at_3": 0.007987372057739186,
        "adjusted_hits_at_5": 0.007564710602444413,
        "adjusted_inverse_harmonic_mean_rank": 0.004279122780063538,
        "arithmetic_mean_rank": 1004.8879310344828,
        "count": 116.0,
        "geometric_mean_rank": 630.0192598844118,
        "harmonic_mean_rank": 164.71606863758836,
        "hits_at_1": 0.0,
        "hits_at_10": 0.017241379310344827,
        "hits_at_3": 0.008620689655172414,
        "hits_at_5": 0.008620689655172414,
        "inverse_arithmetic_mean_rank": 0.0009951358446215481,
        "inverse_geometric_mean_rank": 0.0015872530629991656,
        "inverse_harmonic_mean_rank": 0.0060710531053301195,
        "inverse_median_rank": 0.001567398119122257,
        "median_absolute_deviation": 556.7171330488535,
        "median_rank": 638.0,
        "standard_deviation": 898.2253458477475,
        "variance": 806808.7719233056,
        "z_arithmetic_mean_rank": -1004.8879310344828,
        "z_hits_at_1": 0.0,
        "z_hits_at_10": 0.017241379310344827,
        "z_hits_at_3": 0.008620689655172414,
        "z_hits_at_5": 0.008620689655172414,
        "z_inverse_harmonic_mean_rank": 0.0060710531053301195
      },
      "pessimistic": {
        "adjusted_arithmetic_mean_rank": 0.4275867872114431,
        "adjusted_arithmetic_mean_rank_index": 0.5726568822654212,
        "adjusted_hits_at_1": -0.00021285091937457584,
        "adjusted_hits_at_10": 0.015145553665235303,
        "adjusted_hits_at_3": 0.007987372057739186,
        "adjusted_hits_at_5": 0.007564710602444413,
        "adjusted_inverse_harmonic_mean_rank": 0.004279122780063538,
        "arithmetic_mean_rank": 1004.8879310344828,
        "count": 116.0,
        "geometric_mean_rank": 630.0192598844118,
        "harmonic_mean_rank": 164.71606863758836,
        "hits_at_1": 0.0,
        "hits_at_10": 0.017241379310344827,
        "hits_at_3": 0.008620689655172414,
        "hits_at_5": 0.008620689655172414,
        "inverse_arithmetic_mean_rank": 0.0009951358446215481,
        "inverse_geometric_mean_rank": 0.0015872530629991656,
        "inverse_harmonic_mean_rank": 0.0060710531053301195,
        "inverse_median_rank": 0.001567398119122257,
        "median_absolute_deviation": 556.7171330488535,
        "median_rank": 638.0,
        "standard_deviation": 898.2253458477475,
        "variance": 806808.7719233056,
        "z_arithmetic_mean_rank": -1004.8879310344828,
        "z_hits_at_1": 0.0,