{
  "losses": [
    0.003917187008898802,
    0.0038538797958293136,
    0.003728772683945286,
    0.0035280554339538303,
    0.003239068297203546,
    0.0030267524594291494,
    0.002920354980207712,
    0.002814352770870216,
    0.0027902571668568005,
    0.0027440386998725938,
    0.0026909460842476558,
    0.0026650942777210053,
    0.0026363900329512174,
    0.002582868803165726,
    0.002551720595619749,
    0.002542279497786219,
    0.0025343709441238366,
    0.0025068750173799547,
    0.002456446834575928,
    0.002443161623125069,
    0.002455148892362149,
    0.002408899264079707,
    0.0024142362871670407,
    0.002394721936148395,
    0.002347491658686816,
    0.0023308267730394404,
    0.0023169633595528827,
    0.0023270501630018006,
    0.002297588611437566,
    0.002299072318648396
  ],
  "metrics": {
    "both": {
      "optimistic": {
        "adjusted_arithmetic_mean_rank": 1.1655575139584258,
        "adjusted_arithmetic_mean_rank_index": -0.16562726143906925,
        "adjusted_hits_at_1": -0.00021066886899837758,
        "adjusted_hits_at_10": -0.002110690601199618,
        "adjusted_hits_at_3": -0.0006322730074738982,
        "adjusted_hits_at_5": -0.0010542327210519083,
        "adjusted_inverse_harmonic_mean_rank": -0.0009104056389715088,
        "arithmetic_mean_rank": 2767.814655172414,
        "count": 232.0,
        "geometric_mean_rank": 1997.8935647222324,
        "harmonic_mean_rank": 1143.5923927982742,
        "hits_at_1": 0.0,
        "hits_at_10": 0.0,
        "hits_at_3": 0.0,
        "hits_at_5": 0.0,
        "inverse_arithmetic_mean_rank": 0.00036129586861288857,
        "inverse_geometric_mean_rank": 0.0005005271640379052,
        "inverse_harmonic_mean_rank": 0.0008744374361857062,
        "inverse_median_rank": 0.00032206119162640903,
        "median_absolute_deviation": 2222.4207255398974,
        "median_rank": 3105.0,
        "standard_deviation": 1674.173878918851,
        "variance": 2802858.1768541913,
        "z_arithmetic_mean_rank": -2767.814655172414,
        "z_hits_at_1": 0.0,
        "z_hits_at_10": 0.0,
        "z_hits_at_3": 0.0,
        "z_hits_at_5": 0.0,
        "z_inverse_harmonic_mean_rank": 0.0008744374361857062
      },
      "pessimistic": {
        "adjusted_arithmetic_mean_rank": 1.1655575139584258,
        "adjusted_arithmetic_mean_rank_index": -0.16562726143906925,
        "adjusted_hits_at_1": -0.00021066886899837758,
        "adjusted_hits_at_10": -0.002110690601199618,
        "adjusted_hits_at_3": -0.0006322730074738982,
        "adjusted_hits_at_5": -0.0010542327210519083,
        "adjusted_inverse_harmonic_mean_rank": -0.0009104056389715088,
        "arithmetic_mean_rank": 2767.814655172414,
        "count": 232.0,
        "geometric_mean_rank": 1997.8935647222324,
        "harmonic_mean_rank": 1143.5923927982742,
        "hits_at_1": 0.0,
        "hits_at_10": 0.0,
        "hits_at_3": 0.0,
        "hits_at_5": 0.0,
        "inverse_arithmetic_mean_rank": 0.00036129586861288857,
        "inverse_geometric_mean_rank": 0.0005005271640379052,
        "inverse_harmonic_mean_rank": 0.0008744374361857062,
        "inverse_median_rank": 0.00032206119162640903,
        "median_absolute_deviation": 2222.4207255398974,
        "median_rank": 3105.0,
        "standard_deviation": 1674.173878918851,
        "variance": 2802858.1768541913,
        "z_arithmetic_mean_rank": -2767.814655172414,
        "z_hits_at_1": 0.0,
        "z_hits_at_10": 0.0,
        "z_hits_at_3": 0.0,
        "z_hits_at_5": 0.0,
        "z_inverse_harmonic_mean_rank": 0.0008744374361857062
      },
      "realistic": {
        "adjusted_arithmetic_mean_rank": 1.1655575316843447,
        "adjusted_arithmetic_mean_rank_index": -0.165627279172456,
        "adjusted_hits_at_1": -0.00021066886899837758,
        "adjusted_hits_at_10": -0.002110690601199618,
        "adjusted_hits_at_3": -0.0006322730074738982,
        "adjusted_hits_at_5": -0.0010542327210519083,
        "adjusted_inverse_harmonic_mean_rank": -0.0009104056834786157,
        "arithmetic_mean_rank": 2767.814697265625,
        "count": 232.0,
        "geometric_mean_rank": 1997.8936767578125,
        "harmonic_mean_rank": 1143.5924509010351,
        "hits_at_1": 0.0,
        "hits_at_10": 0.0,
        "hits_at_3": 0.0,
        "hits_at_5": 0.0,
        "inverse_arithmetic_mean_rank": 0.00036129585350863636,
        "inverse_geometric_mean_rank": 0.000500527152325958,
        "inverse_harmonic_mean_rank": 0.0008744373917579652,
        "inverse_median_rank": 0.00032206118339672685,
        "median_absolute_deviation": 2222.4207255398974,
        "median_rank": 3105.0,
        "standard_deviation": 1674.173828125,
        "variance": 2802858.0,
        "z_arithmetic_mean_rank": -2767.814697265625,
        "z_hits_at_1": 0.0,
        "z_hits_at_10": 0.0,
        "z_hits_at_3": 0.0,
        "z_hits_at_5": 0.0,
        "z_inverse_harmonic_mean_rank": 0.0008744373917579652
      }
    },
    "head": {
      "optimistic": {
        "adjusted_arithmetic_mean_rank": 1.3705608405957155,
        "adjusted_arithmetic_mean_rank_index": -0.37071852895944546,
        "adjusted_hits_at_1": -0.00021277704780802407,
        "adjusted_hits_at_10": -0.00213185296249773,
        "adjusted_hits_at_3": -0.0006386029035051311,
        "adjusted_hits_at_5": -0.0010647914918007462,
        "adjusted_inverse_harmonic_mean_rank": -0.0009012058098563064,
        "arithmetic_mean_rank": 3222.1293103448274,
        "count": 116.0,
        "geometric_mean_rank": 2354.364732433879,
        "harmonic_mean_rank": 1111.7364632617782,
        "hits_at_1": 0.0,
        "hits_at_10": 0.0,
        "hits_at_3": 0.0,
        "hits_at_5": 0.0,
        "inverse_arithmetic_mean_rank": 0.0003103537765506318,
        "inverse_geometric_mean_rank": 0.00042474302567649614,
        "inverse_harmonic_mean_rank": 0.000899493749684211,
        "inverse_median_rank": 0.00024826216484607745,
        "median_absolute_deviation": 977.0348619951917,
        "median_rank": 4028.0,
        "standard_deviation": 1609.9371080571827,
        "variance": 2591897.491899525,
        "z_arithmetic_mean_rank": -3222.1293103448274,
        "z_hits_at_1": 0.0,
        "z_hits_at_10": 0.0,
        "z_hits_at_3": 0.0,
        "z_hits_at_5": 0.0,
        "z_inverse_harmonic_mean_rank": 0.000899493749684211
      },
      "pessimistic": {
        "adjusted_arithmetic_mean_rank": 1.3705608405957155,
        "adjusted_arithmetic_mean_rank_index": -0.37071852895944546,
        "adjusted_hits_at_1": -0.00021277704780802407,
        "adjusted_hits_at_10": -0.00213185296249773,
        "adjusted_hits_at_3": -0.0006386029035051311,
        "adjusted_hits_at_5": -0.0010647914918007462,
        "adjusted_inverse_harmonic_mean_rank": -0.0009012058098563064,
        "arithmetic_mean_rank": 3222.1293103448274,
        "count": 116.0,
        "geometric_mean_rank": 2354.364732433879,
        "harmonic_mean_rank": 1111.7364632617782,
        "hits_at_1": 0.0,
        "hits_at_10": 0.0,
        "hits_at_3": 0.0,
        "hits_at_5": 0.0,
        "inverse_arithmetic_mean_rank": 0.0003103537765506318,
        "inverse_geometric_mean_rank": 0.00042474302567649614,
        "inverse_harmonic_mean_rank": 0.000899493749684211,
        "inverse_median_rank": 0.00024826216484607745,
        "median_absolute_deviation": 977.0348619951917,
        "median_rank": 4028.0,
        "standard_deviation": 1609.9371080571827,
        "variance": 2591897.491899525,
        "z_arithmetic_mean_rank": -3222.1293103448274,
        "z_hits_at_1": 0.0,
        "z_hits_at_10": 0.0,
        "z_hits_at_3": 0.0,
        "z_hits_at_5": 0.0,
        "z_inverse_harmonic_mean_rank": 0.000899493749684211
      },
      "realistic": {
        "adjusted_arithmetic_mean_rank": 1.3705608764051456,
        "adjusted_arithmetic_mean_rank_index": -0.3707185647841138,
        "adjusted_hits_at_1": -0.00021277704780802407,
        "adjusted_hits_at_10": -0.00213185296249773,