{
  "losses": [
    0.003940643473360016,
    0.0037576942934639318,
    0.0035898040337655063,
    0.0034313235598543105,
    0.003273136627196503,
    0.0031270154928590495,
    0.0029859515430370846,
    0.002861477674527865,
    0.002726124108739634,
    0.0025986559263396825,
    0.0024735634624620303,
    0.002355966939265613,
    0.002232818283738156,
    0.002132487781015557,
    0.002021811100397338,
    0.0019222665855021693,
    0.0018403772755182868,
    0.00174865764734324,
    0.0016582415017451647,
    0.001579714366955945,
    0.00150413065503084,
    0.0014364279776316914,
    0.001358976634961193,
    0.0012898259056098428,
    0.0012301220078363743,
    0.0011645345423716036,
    0.0011189429591190146,
    0.0010735562978748576,
    0.0010033301439422598,
    0.0009714701759220004
  ],
  "metrics": {
    "both": {
      "optimistic": {
        "adjusted_arithmetic_mean_rank": 1.0616345219512766,
        "adjusted_arithmetic_mean_rank_index": -0.061662861571167626,
        "adjusted_hits_at_1": -0.0002299303187033594,
        "adjusted_hits_at_10": 0.0020162049994353645,
        "adjusted_hits_at_3": -0.0006901083097572828,
        "adjusted_hits_at_5": -0.0011507099259168018,
        "adjusted_inverse_harmonic_mean_rank": -7.538216279374386e-05,
        "arithmetic_mean_rank": 2309.9612068965516,
        "count": 232.0,
        "geometric_mean_rank": 1739.4932583852576,
        "harmonic_mean_rank": 540.2802435971312,
        "hits_at_1": 0.0,
        "hits_at_10": 0.004310344827586207,
        "hits_at_3": 0.0,
        "hits_at_5": 0.0,
        "inverse_arithmetic_mean_rank": 0.00043290770295814044,
        "inverse_geometric_mean_rank": 0.0005748800664673361,
        "inverse_harmonic_mean_rank": 0.001850891295491579,
        "inverse_median_rank": 0.0004130524576621231,
        "median_absolute_deviation": 1730.9380901052903,
        "median_rank": 2421.0,
        "standard_deviation": 1287.713806570787,
        "variance": 1658206.8476330263,
        "z_arithmetic_mean_rank": -2309.9612068965516,
        "z_hits_at_1": 0.0,
        "z_hits_at_10": 0.004310344827586207,
        "z_hits_at_3": 0.0,
        "z_hits_at_5": 0.0,
        "z_inverse_harmonic_mean_rank": 0.001850891295491579
      },
      "pessimistic": {
        "adjusted_arithmetic_mean_rank": 1.0616384839319861,
        "adjusted_arithmetic_mean_rank_index": -0.06166682537360013,
        "adjusted_hits_at_1": -0.0002299303187033594,
        "adjusted_hits_at_10": 0.0020162049994353645,
        "adjusted_hits_at_3": -0.0006901083097572828,
        "adjusted_hits_at_5": -0.0011507099259168018,
        "adjusted_inverse_harmonic_mean_rank": -7.538823357742839e-05,
        "arithmetic_mean_rank": 2309.969827586207,
        "count": 232.0,
        "geometric_mean_rank": 1739.5046348402736,
        "harmonic_mean_rank": 540.2820122680721,
        "hits_at_1": 0.0,
        "hits_at_10": 0.004310344827586207,
        "hits_at_3": 0.0,
        "hits_at_5": 0.0,
        "inverse_arithmetic_mean_rank": 0.0004329060873686587,
        "inverse_geometric_mean_rank": 0.0005748763067204031,
        "inverse_harmonic_mean_rank": 0.0018508852364010025,
        "inverse_median_rank": 0.0004130524576621231,
        "median_absolute_deviation": 1730.9380901052903,
        "median_rank": 2421.0,
        "standard_deviation": 1287.7096728982945,
        "variance": 1658196.2016758323,
        "z_arithmetic_mean_rank": -2309.969827586207,
        "z_hits_at_1": 0.0,
        "z_hits_at_10": 0.004310344827586207,
        "z_hits_at_3": 0.0,
        "z_hits_at_5": 0.0,
        "z_inverse_harmonic_mean_rank": 0.0018508852364010025
      },
      "realistic": {
        "adjusted_arithmetic_mean_rank": 1.061636530025484,
        "adjusted_arithmetic_mean_rank_index": -0.06166487056868952,
        "adjusted_hits_at_1": -0.0002299303187033594,
        "adjusted_hits_at_10": 0.0020162049994353645,
        "adjusted_hits_at_3": -0.0006901083097572828,
        "adjusted_hits_at_5": -0.0011507099259168018,
        "adjusted_inverse_harmonic_mean_rank": -7.538520263314614e-05,
        "arithmetic_mean_rank": 2309.965576171875,
        "count": 232.0,
        "geometric_mean_rank": 1739.498779296875,
        "harmonic_mean_rank": 540.2811292269128,
        "hits_at_1": 0.0,
        "hits_at_10": 0.004310344827586207,
        "hits_at_3": 0.0,
        "hits_at_5": 0.0,
        "inverse_arithmetic_mean_rank": 0.0004329068760853261,
        "inverse_geometric_mean_rank": 0.0005748782423324883,
        "inverse_harmonic_mean_rank": 0.0018508882615072973,
        "inverse_median_rank": 0.00041305244667455554,
        "median_absolute_deviation": 1730.9380901052903,
        "median_rank": 2421.0,
        "standard_deviation": 1287.711669921875,
        "variance": 1658201.375,
        "z_arithmetic_mean_rank": -2309.965576171875,
        "z_hits_at_1": 0.0,
        "z_hits_at_10": 0.004310344827586207,
        "z_hits_at_3": 0.0,
        "z_hits_at_5": 0.0,
        "z_inverse_harmonic_mean_rank": 0.0018508882615072973
      }
    },
    "head": {
      "optimistic": {
        "adjusted_arithmetic_mean_rank": 1.0663813743351869,
        "adjusted_arithmetic_mean_rank_index": -0.0664122162515457,
        "adjusted_hits_at_1": -0.00023231864968828038,
        "adjusted_hits_at_10": 0.0063127049370513885,
        "adjusted_hits_at_3": -0.0006972799313290434,
        "adjusted_hits_at_5": -0.0011626736915696162,
        "adjusted_inverse_harmonic_mean_rank": 0.0002029273778382587,
        "arithmetic_mean_rank": 2296.25,
        "count": 116.0,
        "geometric_mean_rank": 1744.6268732325682,
        "harmonic_mean_rank": 465.89304455679945,
        "hits_at_1": 0.0,
        "hits_at_10": 0.008620689655172414,
        "hits_at_3": 0.0,
        "hits_at_5": 0.0,
        "inverse_arithmetic_mean_rank": 0.00043549265106151335,
        "inverse_geometric_mean_rank": 0.0005731884653061254,
        "inverse_harmonic_mean_rank": 0.0021464153880023954,
        "inverse_median_rank": 0.0004099200655872105,
        "median_absolute_deviation": 1687.201324659375,
        "median_rank": 2439.5,
        "standard_deviation": 1258.3458071049552,
        "variance": 1583434.1702586208,
        "z_arithmetic_mean_rank": -2296.25,
        "z_hits_at_1": 0.0,
        "z_hits_at_10": 0.008620689655172414,
        "z_hits_at_3": 0.0,
        "z_hits_at_5": 0.0,
        "z_inverse_harmonic_mean_rank": 0.0021464153880023954
      },
      "pessimistic": {
        "adjusted_arithmetic_mean_rank": 1.0663893812533205,
        "adjusted_arithmetic_mean_rank_index": -0.06642022688982974,
        "adjusted_hits_at_1": -0.00023231864968828038,
        "adjusted_hits_at_10": 0.0063127049370513885,
        "adjusted_hits_at_3": -0.0006972799313290434,
        "adjusted_hits_at_5": -0.0011626736915696162,
        "adjusted_inverse_harmonic_mean_rank": 0.00020291523605490668,
        "arithmetic_mean_rank": 2296.2672413793102,
        "count": 116.0,
        "geometric_mean_rank": 1744.649693365903,
        "harmonic_mean_rank": 465.8956748995644,
        "hits_at_1": 0.0,
        "hits_at_10": 0.008620689655172414,
        "hits_at_3": 0.0,
        "hits_at_5": 0.0,
        "inverse_arithmetic_mean_rank": 0.00043548938119211466,
        "inverse_geometric_mean_rank": 0.0005731809679631035,
        "inverse_harmonic_mean_rank": 0.0021464032698212433,
        "inverse_median_rank": 0.0004099200655872105,
        "median_absolute_deviation": 1687.201324659375,
        "median_rank": 2439.5,
        "standard_deviation": 1258.3375346050193,
        "variance": 1583413.350995838,
        "z_arithmetic_mean_rank": -2296.2672413793102,
        "z_hits_at_1": 0.0,
        "z_hits_at_10": 0.008620689655172414,
        "z_hits_at_3": 0.0,
        "z_hits_at_5": 0.0,
        "z_inverse_harmonic_mean_rank": 0.0021464032698212433
      },
      "realistic": {
        "adjusted_arithmetic_mean_rank": 1.0663853426076018,