{
  "losses": [
    0.023584534602040935,
    0.02199344102259231,
    0.020878178160569326,
    0.019482930829768007,
    0.018152430871114532,
    0.017063255763341566,
    0.015827025423748607,
    0.014731840724651356,
    0.013956693877904275,
    0.013232049270674638,
    0.012318347535223319,
    0.01179370614069556,
    0.011058334477479741,
    0.010339058762303623,
    0.00963996071138745,
    0.009358944284797518,
    0.008603536854600217,
    0.007905426490116926,
    0.00773491577961931,
    0.007273309994169842,
    0.007006246799962075,
    0.006431789471621386,
    0.006070528441401738,
    0.00592052061616099,
    0.00542530527306226,
    0.005201797121072259,
    0.004929537237044152,
    0.0047554785621523035,
    0.004409731662191555,
    0.00429732034177941
  ],
  "metrics": {
    "both": {
      "optimistic": {
        "adjusted_arithmetic_mean_rank": 1.0394301317212862,
        "adjusted_arithmetic_mean_rank_index": -0.0394482820624531,
        "adjusted_hits_at_1": -0.00023019265019276925,
        "adjusted_hits_at_10": -0.002306705381552634,
        "adjusted_hits_at_3": -0.000690896028954133,
        "adjusted_hits_at_5": -0.0011520240007951612,
        "adjusted_inverse_harmonic_mean_rank": -0.00019794320407521973,
        "arithmetic_mean_rank": 2259.1163793103447,
        "count": 232.0,
        "geometric_mean_rank": 1600.5329362365187,
        "harmonic_mean_rank": 577.8783201800143,
        "hits_at_1": 0.0,
        "hits_at_10": 0.0,
        "hits_at_3": 0.0,
        "hits_at_5": 0.0,
        "inverse_arithmetic_mean_rank": 0.000442650944926209,
        "inverse_geometric_mean_rank": 0.0006247918911005934,
        "inverse_harmonic_mean_rank": 0.0017304681021577191,
        "inverse_median_rank": 0.00039549139806209217,
        "median_absolute_deviation": 1501.8760473461748,
        "median_rank": 2528.5,
        "standard_deviation": 1297.7263105035274,
        "variance": 1684093.5769730976,
        "z_arithmetic_mean_rank": -2259.1163793103447,
        "z_hits_at_1": 0.0,
        "z_hits_at_10": 0.0,
        "z_hits_at_3": 0.0,
        "z_hits_at_5": 0.0,
        "z_inverse_harmonic_mean_rank": 0.0017304681021577191
      },
      "pessimistic": {
        "adjusted_arithmetic_mean_rank": 1.0394301317212862,
        "adjusted_arithmetic_mean_rank_index": -0.0394482820624531,
        "adjusted_hits_at_1": -0.00023019265019276925,
        "adjusted_hits_at_10": -0.002306705381552634,
        "adjusted_hits_at_3": -0.000690896028954133,
        "adjusted_hits_at_5": -0.0011520240007951612,
        "adjusted_inverse_harmonic_mean_rank": -0.00019794320407521973,
        "arithmetic_mean_rank": 2259.1163793103447,
        "count": 232.0,
        "geometric_mean_rank": 1600.5329362365187,
        "harmonic_mean_rank": 577.8783201800143,
        "hits_at_1": 0.0,
        "hits_at_10": 0.0,
        "hits_at_3": 0.0,
        "hits_at_5": 0.0,
        "inverse_arithmetic_mean_rank": 0.000442650944926209,
        "inverse_geometric_mean_rank": 0.0006247918911005934,
        "inverse_harmonic_mean_rank": 0.0017304681021577191,
        "inverse_median_rank": 0.00039549139806209217,
        "median_absolute_deviation": 1501.8760473461748,
        "median_rank": 2528.5,
        "standard_deviation": 1297.7263105035274,
        "variance": 1684093.5769730976,
        "z_arithmetic_mean_rank": -2259.1163793103447,
        "z_hits_at_1": 0.0,
        "z_hits_at_10": 0.0,
        "z_hits_at_3": 0.0,
        "z_hits_at_5": 0.0,
        "z_inverse_harmonic_mean_rank": 0.0017304681021577191
      },
      "realistic": {
        "adjusted_arithmetic_mean_rank": 1.0394301665824002,
        "adjusted_arithmetic_mean_rank_index": -0.03944831693961426,
        "adjusted_hits_at_1": -0.00023019265019276925,
        "adjusted_hits_at_10": -0.002306705381552634,
        "adjusted_hits_at_3": -0.000690896028954133,
        "adjusted_hits_at_5": -0.0011520240007951612,
        "adjusted_inverse_harmonic_mean_rank": -0.00019794318203922317,
        "arithmetic_mean_rank": 2259.116455078125,
        "count": 232.0,
        "geometric_mean_rank": 1600.53271484375,
        "harmonic_mean_rank": 577.8783128354277,
        "hits_at_1": 0.0,
        "hits_at_10": 0.0,
        "hits_at_3": 0.0,
        "hits_at_5": 0.0,
        "inverse_arithmetic_mean_rank": 0.0004426509258337319,
        "inverse_geometric_mean_rank": 0.0006247919518500566,
        "inverse_harmonic_mean_rank": 0.0017304681241512296,
        "inverse_median_rank": 0.0003954913991037756,
        "median_absolute_deviation": 1501.8760473461748,
        "median_rank": 2528.5,
        "standard_deviation": 1297.726318359375,
        "variance": 1684093.625,
        "z_arithmetic_mean_rank": -2259.116455078125,
        "z_hits_at_1": 0.0,
        "z_hits_at_10": 0.0,
        "z_hits_at_3": 0.0,
        "z_hits_at_5": 0.0,
        "z_inverse_harmonic_mean_rank": 0.0017304681241512296
      }
    },
    "head": {
      "optimistic": {
        "adjusted_arithmetic_mean_rank": 1.0374649067193535,
        "adjusted_arithmetic_mean_rank_index": -0.03748235296368363,
        "adjusted_hits_at_1": -0.0002328424225031101,
        "adjusted_hits_at_10": -0.002333313875127404,
        "adjusted_hits_at_3": -0.000698852712626492,
        "adjusted_hits_at_5": -0.0011652974352265699,
        "adjusted_inverse_harmonic_mean_rank": -0.00032512156967676105,
        "arithmetic_mean_rank": 2228.939655172414,
        "count": 116.0,
        "geometric_mean_rank": 1614.127341301729,
        "harmonic_mean_rank": 616.0408844099996,
        "hits_at_1": 0.0,
        "hits_at_10": 0.0,
        "hits_at_3": 0.0,
        "hits_at_5": 0.0,
        "inverse_arithmetic_mean_rank": 0.0004486438193512455,
        "inverse_geometric_mean_rank": 0.0006195298068574566,
        "inverse_harmonic_mean_rank": 0.0016232688857294418,
        "inverse_median_rank": 0.00040225261464199515,
        "median_absolute_deviation": 1404.024300924805,
        "median_rank": 2486.0,
        "standard_deviation": 1257.0132655651562,
        "variance": 1580082.349806778,
        "z_arithmetic_mean_rank": -2228.939655172414,
        "z_hits_at_1": 0.0,
        "z_hits_at_10": 0.0,
        "z_hits_at_3": 0.0,
        "z_hits_at_5": 0.0,
        "z_inverse_harmonic_mean_rank": 0.0016232688857294418
      },
      "pessimistic": {
        "adjusted_arithmetic_mean_rank": 1.0374649067193535,
        "adjusted_arithmetic_mean_rank_index": -0.03748235296368363,
        "adjusted_hits_at_1": -0.0002328424225031101,
        "adjusted_hits_at_10": -0.002333313875127404,
        "adjusted_hits_at_3": -0.000698852712626492,
        "adjusted_hits_at_5": -0.0011652974352265699,
        "adjusted_inverse_harmonic_mean_rank": -0.00032512156967676105,
        "arithmetic_mean_rank": 2228.939655172414,
        "count": 116.0,
        "geometric_mean_rank": 1614.127341301729,
        "harmonic_mean_rank": 616.0408844099996,
        "hits_at_1": 0.0,
        "hits_at_10": 0.0,
        "hits_at_3": 0.0,
        "hits_at_5": 0.0,
        "inverse_arithmetic_mean_rank": 0.0004486438193512455,
        "inverse_geometric_mean_rank": 0.0006195298068574566,
        "inverse_harmonic_mean_rank": 0.0016232688857294418,
        "inverse_median_rank": 0.00040225261464199515,
        "median_absolute_deviation": 1404.024300924805,
        "median_rank": 2486.0,
        "standard_deviation": 1257.0132655651562,
        "variance": 1580082.349806778,
        "z_arithmetic_mean_rank": -2228.939655172414,
        "z_hits_at_1": 0.0,
        "z_hits_at_10": 0.0,
        "z_hits_at_3": 0.0,
        "z_hits_at_5": 0.0,
        "z_inverse_harmonic_mean_rank": 0.0016232688857294418
      },
      "realistic": {
        "adjusted_arithmetic_mean_rank": 1.0374649263117321,
        "adjusted_arithmetic_mean_rank_index": -0.03748237256518561,
        "adjusted_hits_at_1": -0.0002328424225031101,
        "adjusted_hits_at_10": -0.002333313875127404,