{
  "losses": [
    0.0864397806371421,
    0.07905559553781213,
    0.07225932977047135,
    0.06516732795104513,
    0.058694519382199876,
    0.053604587269865604,
    0.04795192271961736,
    0.0431491418104475,
    0.038795512069520074,
    0.03506560942608709,
    0.030999569517478537,
    0.027545058403831427,
    0.024812836510667357,
    0.02312815229890029,
    0.020812539988840018,
    0.01922175139000031,
    0.017643226384242434,
    0.01712901950971213,
    0.01520225177025145,
    0.014486509802722746,
    0.01347593682327713,
    0.013175650283770754,
    0.012786272708340237,
    0.01229618482689533,
    0.011911396725671576,
    0.011375227989129134,
    0.011134090824736237,
    0.010656848683944346,
    0.010557079758614541,
    0.010090833894014915
  ],
  "metrics": {
    "both": {
      "optimistic": {
        "adjusted_arithmetic_mean_rank": 1.1527298640798667,
        "adjusted_arithmetic_mean_rank_index": -0.15280010196532867,
        "adjusted_hits_at_1": -0.00022997208989089375,
        "adjusted_hits_at_10": -0.002304490615616002,
        "adjusted_hits_at_3": -0.0006902337386634684,
        "adjusted_hits_at_5": -0.0011509191665986212,
        "adjusted_inverse_harmonic_mean_rank": -0.001169625547544466,
        "arithmetic_mean_rank": 2507.7241379310344,
        "count": 232.0,
        "geometric_mean_rank": 2066.5832717838093,
        "harmonic_mean_rank": 1317.4214431146156,
        "hits_at_1": 0.0,
        "hits_at_10": 0.0,
        "hits_at_3": 0.0,
        "hits_at_5": 0.0,
        "inverse_arithmetic_mean_rank": 0.0003987679445575051,
        "inverse_geometric_mean_rank": 0.00048389049386663796,
        "inverse_harmonic_mean_rank": 0.000759058542144133,
        "inverse_median_rank": 0.00038255547054322876,
        "median_absolute_deviation": 1412.1786131265858,
        "median_rank": 2614.0,
        "standard_deviation": 1203.3890618768921,
        "variance": 1448145.2342449466,
        "z_arithmetic_mean_rank": -2507.7241379310344,
        "z_hits_at_1": 0.0,
        "z_hits_at_10": 0.0,
        "z_hits_at_3": 0.0,
        "z_hits_at_5": 0.0,
        "z_inverse_harmonic_mean_rank": 0.000759058542144133
      },
      "pessimistic": {
        "adjusted_arithmetic_mean_rank": 1.1527298640798667,
        "adjusted_arithmetic_mean_rank_index": -0.15280010196532867,
        "adjusted_hits_at_1": -0.00022997208989089375,
        "adjusted_hits_at_10": -0.002304490615616002,
        "adjusted_hits_at_3": -0.0006902337386634684,
        "adjusted_hits_at_5": -0.0011509191665986212,
        "adjusted_inverse_harmonic_mean_rank": -0.001169625547544466,
        "arithmetic_mean_rank": 2507.7241379310344,
        "count": 232.0,
        "geometric_mean_rank": 2066.5832717838093,
        "harmonic_mean_rank": 1317.4214431146156,
        "hits_at_1": 0.0,
        "hits_at_10": 0.0,
        "hits_at_3": 0.0,
        "hits_at_5": 0.0,
        "inverse_arithmetic_mean_rank": 0.0003987679445575051,
        "inverse_geometric_mean_rank": 0.00048389049386663796,
        "inverse_harmonic_mean_rank": 0.000759058542144133,
        "inverse_median_rank": 0.00038255547054322876,
        "median_absolute_deviation": 1412.1786131265858,
        "median_rank": 2614.0,
        "standard_deviation": 1203.3890618768921,
        "variance": 1448145.2342449466,
        "z_arithmetic_mean_rank": -2507.7241379310344,
        "z_hits_at_1": 0.0,
        "z_hits_at_10": 0.0,
        "z_hits_at_3": 0.0,
        "z_hits_at_5": 0.0,
        "z_inverse_harmonic_mean_rank": 0.000759058542144133
      },
      "realistic": {
        "adjusted_arithmetic_mean_rank": 1.1527298563402433,
        "adjusted_arithmetic_mean_rank_index": -0.1528000942221457,
        "adjusted_hits_at_1": -0.00022997208989089375,
        "adjusted_hits_at_10": -0.002304490615616002,
        "adjusted_hits_at_3": -0.0006902337386634684,
        "adjusted_hits_at_5": -0.0011509191665986212,
        "adjusted_inverse_harmonic_mean_rank": -0.0011696255540883426,
        "arithmetic_mean_rank": 2507.72412109375,
        "count": 232.0,
        "geometric_mean_rank": 2066.583740234375,
        "harmonic_mean_rank": 1317.4214544502836,
        "hits_at_1": 0.0,
        "hits_at_10": 0.0,
        "hits_at_3": 0.0,
        "hits_at_5": 0.0,
        "inverse_arithmetic_mean_rank": 0.00039876793744042516,
        "inverse_geometric_mean_rank": 0.00048389038420282304,
        "inverse_harmonic_mean_rank": 0.0007590585356128627,
        "inverse_median_rank": 0.0003825554740615189,
        "median_absolute_deviation": 1412.1786131265858,
        "median_rank": 2614.0,
        "standard_deviation": 1203.3890380859375,
        "variance": 1448145.125,
        "z_arithmetic_mean_rank": -2507.72412109375,
        "z_hits_at_1": 0.0,
        "z_hits_at_10": 0.0,
        "z_hits_at_3": 0.0,
        "z_hits_at_5": 0.0,
        "z_inverse_harmonic_mean_rank": 0.0007590585356128627
      }
    },
    "head": {
      "optimistic": {
        "adjusted_arithmetic_mean_rank": 1.1533750590021554,
        "adjusted_arithmetic_mean_rank_index": -0.15344634507165344,
        "adjusted_hits_at_1": -0.0002324012996594279,
        "adjusted_hits_at_10": -0.002328884117855992,
        "adjusted_hits_at_3": -0.0006975281118577733,
        "adjusted_hits_at_5": -0.0011630877106794588,
        "adjusted_inverse_harmonic_mean_rank": -0.0011377163049341578,
        "arithmetic_mean_rank": 2482.689655172414,
        "count": 116.0,
        "geometric_mean_rank": 2031.6046667488158,
        "harmonic_mean_rank": 1236.1112313948904,
        "hits_at_1": 0.0,
        "hits_at_10": 0.0,
        "hits_at_3": 0.0,
        "hits_at_5": 0.0,
        "inverse_arithmetic_mean_rank": 0.0004027889663601766,
        "inverse_geometric_mean_rank": 0.0004922217478463975,
        "inverse_harmonic_mean_rank": 0.00080898868532369,
        "inverse_median_rank": 0.00038580246913580245,
        "median_absolute_deviation": 1409.2134086895746,
        "median_rank": 2592.0,
        "standard_deviation": 1200.158210933998,
        "variance": 1440379.7312722947,
        "z_arithmetic_mean_rank": -2482.689655172414,
        "z_hits_at_1": 0.0,
        "z_hits_at_10": 0.0,
        "z_hits_at_3": 0.0,
        "z_hits_at_5": 0.0,
        "z_inverse_harmonic_mean_rank": 0.00080898868532369
      },
      "pessimistic": {
        "adjusted_arithmetic_mean_rank": 1.1533750590021554,
        "adjusted_arithmetic_mean_rank_index": -0.15344634507165344,
        "adjusted_hits_at_1": -0.0002324012996594279,
        "adjusted_hits_at_10": -0.002328884117855992,
        "adjusted_hits_at_3": -0.0006975281118577733,
        "adjusted_hits_at_5": -0.0011630877106794588,
        "adjusted_inverse_harmonic_mean_rank": -0.0011377163049341578,
        "arithmetic_mean_rank": 2482.689655172414,
        "count": 116.0,
        "geometric_mean_rank": 2031.6046667488158,
        "harmonic_mean_rank": 1236.1112313948904,
        "hits_at_1": 0.0,
        "hits_at_10": 0.0,
        "hits_at_3": 0.0,
        "hits_at_5": 0.0,
        "inverse_arithmetic_mean_rank": 0.0004027889663601766,
        "inverse_geometric_mean_rank": 0.0004922217478463975,
        "inverse_harmonic_mean_rank": 0.00080898868532369,
        "inverse_median_rank": 0.00038580246913580245,
        "median_absolute_deviation": 1409.2134086895746,
        "median_rank": 2592.0,
        "standard_deviation": 1200.158210933998,
        "variance": 1440379.7312722947,
        "z_arithmetic_mean_rank": -2482.689655172414,
        "z_hits_at_1": 0.0,
        "z_hits_at_10": 0.0,
        "z_hits_at_3": 0.0,
        "z_hits_at_5": 0.0,
        "z_inverse_harmonic_mean_rank": 0.00080898868532369
      },
      "realistic": {
        "adjusted_arithmetic_mean_rank": 1.1533750785572616,
        "adjusted_arithmetic_mean_rank_index": -0.1534463646358486,
        "adjusted_hits_at_1": -0.0002324012996594279,
        "adjusted_hits_at_10": -0.002328884117855992,