{
  "losses": [
    0.003933510560368262,
    0.0039028077274630463,
    0.003841285232416543,
    0.003724423974889508,
    0.00349204271731794,
    0.003278633577252585,
    0.003126132604273373,
    0.003054357160688138,
    0.002984474249008806,
    0.0029159669724792394,
    0.002843321176316212,
    0.0027838282073055073,
    0.002779460773413344,
    0.002773041407606314,
    0.0027629831744610377,
    0.002760792174312911,
    0.0027296001708838917,
    0.00270998075829928,
    0.002703513688114864,
    0.002700023421143923,
    0.0026672715926502524,
    0.0026502308825812064,
    0.002655128897543661,
    0.0026340185225101308,
    0.002606473492110668,
    0.0026226490745941138,
    0.002595517796028869,
    0.0025657074752310723,
    0.0025783376084686192,
    0.002576662742188037
  ],
  "metrics": {
    "both": {
      "optimistic": {
        "adjusted_arithmetic_mean_rank": 1.2202623390517462,
        "adjusted_arithmetic_mean_rank_index": -0.22036367104888877,
        "adjusted_hits_at_1": -0.00023005774985504658,
        "adjusted_hits_at_10": -0.0023053507728533285,
        "adjusted_hits_at_3": -0.0006904909551560167,
        "adjusted_hits_at_5": -0.001151348255631193,
        "adjusted_inverse_harmonic_mean_rank": -0.00043655029302798714,
        "arithmetic_mean_rank": 2653.668103448276,
        "count": 232.0,
        "geometric_mean_rank": 1697.3649318610267,
        "harmonic_mean_rank": 670.5367147331231,
        "hits_at_1": 0.0,
        "hits_at_10": 0.0,
        "hits_at_3": 0.0,
        "hits_at_5": 0.0,
        "inverse_arithmetic_mean_rank": 0.00037683687673698246,
        "inverse_geometric_mean_rank": 0.0005891484979034997,
        "inverse_harmonic_mean_rank": 0.0014913426484006993,
        "inverse_median_rank": 0.00026820437173125924,
        "median_absolute_deviation": 985.9304753062253,
        "median_rank": 3728.5,
        "standard_deviation": 1749.2306676472895,
        "variance": 3059807.928637782,
        "z_arithmetic_mean_rank": -2653.668103448276,
        "z_hits_at_1": 0.0,
        "z_hits_at_10": 0.0,
        "z_hits_at_3": 0.0,
        "z_hits_at_5": 0.0,
        "z_inverse_harmonic_mean_rank": 0.0014913426484006993
      },
      "pessimistic": {
        "adjusted_arithmetic_mean_rank": 1.2202623390517462,
        "adjusted_arithmetic_mean_rank_index": -0.22036367104888877,
        "adjusted_hits_at_1": -0.00023005774985504658,
        "adjusted_hits_at_10": -0.0023053507728533285,
        "adjusted_hits_at_3": -0.0006904909551560167,
        "adjusted_hits_at_5": -0.001151348255631193,
        "adjusted_inverse_harmonic_mean_rank": -0.00043655029302798714,
        "arithmetic_mean_rank": 2653.668103448276,
        "count": 232.0,
        "geometric_mean_rank": 1697.3649318610267,
        "harmonic_mean_rank": 670.5367147331231,
        "hits_at_1": 0.0,
        "hits_at_10": 0.0,
        "hits_at_3": 0.0,
        "hits_at_5": 0.0,
        "inverse_arithmetic_mean_rank": 0.00037683687673698246,
        "inverse_geometric_mean_rank": 0.0005891484979034997,
        "inverse_harmonic_mean_rank": 0.0014913426484006993,
        "inverse_median_rank": 0.00026820437173125924,
        "median_absolute_deviation": 985.9304753062253,
        "median_rank": 3728.5,
        "standard_deviation": 1749.2306676472895,
        "variance": 3059807.928637782,
        "z_arithmetic_mean_rank": -2653.668103448276,
        "z_hits_at_1": 0.0,
        "z_hits_at_10": 0.0,
        "z_hits_at_3": 0.0,
        "z_hits_at_5": 0.0,
        "z_inverse_harmonic_mean_rank": 0.0014913426484006993
      },
      "realistic": {
        "adjusted_arithmetic_mean_rank": 1.2202623893776996,
        "adjusted_arithmetic_mean_rank_index": -0.22036372139799476,
        "adjusted_hits_at_1": -0.00023005774985504658,
        "adjusted_hits_at_10": -0.0023053507728533285,
        "adjusted_hits_at_3": -0.0006904909551560167,
        "adjusted_hits_at_5": -0.001151348255631193,
        "adjusted_inverse_harmonic_mean_rank": -0.00043655030234567954,
        "arithmetic_mean_rank": 2653.668212890625,
        "count": 232.0,
        "geometric_mean_rank": 1697.3651123046875,
        "harmonic_mean_rank": 670.536718914466,
        "hits_at_1": 0.0,
        "hits_at_10": 0.0,
        "hits_at_3": 0.0,
        "hits_at_5": 0.0,
        "inverse_arithmetic_mean_rank": 0.0003768368624150753,
        "inverse_geometric_mean_rank": 0.000589148432482034,
        "inverse_harmonic_mean_rank": 0.0014913426391009626,
        "inverse_median_rank": 0.0002682043705135584,
        "median_absolute_deviation": 985.9304753062253,
        "median_rank": 3728.5,
        "standard_deviation": 1749.230712890625,
        "variance": 3059808.0,
        "z_arithmetic_mean_rank": -2653.668212890625,
        "z_hits_at_1": 0.0,
        "z_hits_at_10": 0.0,
        "z_hits_at_3": 0.0,
        "z_hits_at_5": 0.0,
        "z_inverse_harmonic_mean_rank": 0.0014913426391009626
      }
    },
    "head": {
      "optimistic": {
        "adjusted_arithmetic_mean_rank": 0.49152544873800824,
        "adjusted_arithmetic_mean_rank_index": 0.5087110558067858,
        "adjusted_hits_at_1": -0.00023257217403122084,
        "adjusted_hits_at_10": -0.0023306000347641494,
        "adjusted_hits_at_3": -0.0006980412120181476,
        "adjusted_hits_at_5": -0.0011639436737987652,
        "adjusted_inverse_harmonic_mean_rank": 0.0008026409901090839,
        "arithmetic_mean_rank": 1057.25,
        "count": 116.0,
        "geometric_mean_rank": 678.6660998666107,
        "harmonic_mean_rank": 364.0553224433324,
        "hits_at_1": 0.0,
        "hits_at_10": 0.0,
        "hits_at_3": 0.0,
        "hits_at_5": 0.0,
        "inverse_arithmetic_mean_rank": 0.0009458500827618822,
        "inverse_geometric_mean_rank": 0.00147347863728061,
        "inverse_harmonic_mean_rank": 0.0027468352702236802,
        "inverse_median_rank": 0.0016273393002441008,
        "median_absolute_deviation": 475.9153121402982,
        "median_rank": 614.5,
        "standard_deviation": 991.3359400933115,
        "variance": 982746.9461206896,
        "z_arithmetic_mean_rank": -1057.25,
        "z_hits_at_1": 0.0,
        "z_hits_at_10": 0.0,
        "z_hits_at_3": 0.0,
        "z_hits_at_5": 0.0,
        "z_inverse_harmonic_mean_rank": 0.0027468352702236802
      },
      "pessimistic": {
        "adjusted_arithmetic_mean_rank": 0.49152544873800824,
        "adjusted_arithmetic_mean_rank_index": 0.5087110558067858,
        "adjusted_hits_at_1": -0.00023257217403122084,
        "adjusted_hits_at_10": -0.0023306000347641494,
        "adjusted_hits_at_3": -0.0006980412120181476,
        "adjusted_hits_at_5": -0.0011639436737987652,
        "adjusted_inverse_harmonic_mean_rank": 0.0008026409901090839,
        "arithmetic_mean_rank": 1057.25,
        "count": 116.0,
        "geometric_mean_rank": 678.6660998666107,
        "harmonic_mean_rank": 364.0553224433324,
        "hits_at_1": 0.0,
        "hits_at_10": 0.0,
        "hits_at_3": 0.0,
        "hits_at_5": 0.0,
        "inverse_arithmetic_mean_rank": 0.0009458500827618822,
        "inverse_geometric_mean_rank": 0.00147347863728061,
        "inverse_harmonic_mean_rank": 0.0027468352702236802,
        "inverse_median_rank": 0.0016273393002441008,
        "median_absolute_deviation": 475.9153121402982,
        "median_rank": 614.5,
        "standard_deviation": 991.3359400933115,
        "variance": 982746.9461206896,
        "z_arithmetic_mean_rank": -1057.25,
        "z_hits_at_1": 0.0,
        "z_hits_at_10": 0.0,
        "z_hits_at_3": 0.0,
        "z_hits_at_5": 0.0,
        "z_inverse_harmonic_mean_rank": 0.0027468352702236802
      },
      "realistic": {
        "adjusted_arithmetic_mean_rank": 0.49152544873800824,
        "adjusted_arithmetic_mean_rank_index": 0.5087110558067858,
        "adjusted_hits_at_1": -0.00023257217403122084,
        "adjusted_hits_at_10": -0.0023306000347641494,
        "adjusted_hits_at_3": -0.0006980412120181476,