{
  "losses": [
    0.00391438772689721,
    0.003873539146160004,
    0.0037426337349322192,
    0.0034766805422578213,
    0.003216734600888628,
    0.0030633358235574904,
    0.0029520978698399573,
    0.002888959579084029,
    0.0028210839631507053,
    0.002778110227831286,
    0.002710813585875027,
    0.0026866037201776567,
    0.002628717564091712,
    0.0025954853841378225,
    0.0025228145474246104,
    0.002505206256076217,
    0.0024647627901681957,
    0.0024692580129904787,
    0.0024116853333174424,
    0.002407328496244426,
    0.002353923089977747,
    0.002358749849050492,
    0.002342508809479322,
    0.002343999553923075,
    0.002342145857010453,
    0.0023253169284370404,
    0.0022909922467952075,
    0.0023096898371724795,
    0.0022972955214575854,
    0.0023144238268450854
  ],
  "metrics": {
    "both": {
      "optimistic": {
        "adjusted_arithmetic_mean_rank": 1.3173111065857797,
        "adjusted_arithmetic_mean_rank_index": -0.3174448566576944,
        "adjusted_hits_at_1": -0.00021078182213830787,
        "adjusted_hits_at_10": -0.002111824429194074,
        "adjusted_hits_at_3": -0.0006326121526994293,
        "adjusted_hits_at_5": -0.0010547984400402608,
        "adjusted_inverse_harmonic_mean_rank": -0.0007837537524096636,
        "arithmetic_mean_rank": 3126.530172413793,
        "count": 232.0,
        "geometric_mean_rank": 2385.7515833941397,
        "harmonic_mean_rank": 998.3088790123794,
        "hits_at_1": 0.0,
        "hits_at_10": 0.0,
        "hits_at_3": 0.0,
        "hits_at_5": 0.0,
        "inverse_arithmetic_mean_rank": 0.0003198433870311778,
        "inverse_geometric_mean_rank": 0.00041915512367692904,
        "inverse_harmonic_mean_rank": 0.0010016939857224285,
        "inverse_median_rank": 0.0002636435539151068,
        "median_absolute_deviation": 1238.7141535614305,
        "median_rank": 3793.0,
        "standard_deviation": 1466.789397637118,
        "variance": 2151471.1370206596,
        "z_arithmetic_mean_rank": -3126.530172413793,
        "z_hits_at_1": 0.0,
        "z_hits_at_10": 0.0,
        "z_hits_at_3": 0.0,
        "z_hits_at_5": 0.0,
        "z_inverse_harmonic_mean_rank": 0.0010016939857224285
      },
      "pessimistic": {
        "adjusted_arithmetic_mean_rank": 1.3173111065857797,
        "adjusted_arithmetic_mean_rank_index": -0.3174448566576944,
        "adjusted_hits_at_1": -0.00021078182213830787,
        "adjusted_hits_at_10": -0.002111824429194074,
        "adjusted_hits_at_3": -0.0006326121526994293,
        "adjusted_hits_at_5": -0.0010547984400402608,
        "adjusted_inverse_harmonic_mean_rank": -0.0007837537524096636,
        "arithmetic_mean_rank": 3126.530172413793,
        "count": 232.0,
        "geometric_mean_rank": 2385.7515833941397,
        "harmonic_mean_rank": 998.3088790123794,
        "hits_at_1": 0.0,
        "hits_at_10": 0.0,
        "hits_at_3": 0.0,
        "hits_at_5": 0.0,
        "inverse_arithmetic_mean_rank": 0.0003198433870311778,
        "inverse_geometric_mean_rank": 0.00041915512367692904,
        "inverse_harmonic_mean_rank": 0.0010016939857224285,
        "inverse_median_rank": 0.0002636435539151068,
        "median_absolute_deviation": 1238.7141535614305,
        "median_rank": 3793.0,
        "standard_deviation": 1466.789397637118,
        "variance": 2151471.1370206596,
        "z_arithmetic_mean_rank": -3126.530172413793,
        "z_hits_at_1": 0.0,
        "z_hits_at_10": 0.0,
        "z_hits_at_3": 0.0,
        "z_hits_at_5": 0.0,
        "z_inverse_harmonic_mean_rank": 0.0010016939857224285
      },
      "realistic": {
        "adjusted_arithmetic_mean_rank": 1.3173111491504261,
        "adjusted_arithmetic_mean_rank_index": -0.3174448992402823,
        "adjusted_hits_at_1": -0.00021078182213830787,
        "adjusted_hits_at_10": -0.002111824429194074,
        "adjusted_hits_at_3": -0.0006326121526994293,
        "adjusted_hits_at_5": -0.0010547984400402608,
        "adjusted_inverse_harmonic_mean_rank": -0.0007837537875499292,
        "arithmetic_mean_rank": 3126.5302734375,
        "count": 232.0,
        "geometric_mean_rank": 2385.751220703125,
        "harmonic_mean_rank": 998.3089139714137,
        "hits_at_1": 0.0,
        "hits_at_10": 0.0,
        "hits_at_3": 0.0,
        "hits_at_5": 0.0,
        "inverse_arithmetic_mean_rank": 0.00031984338420443237,
        "inverse_geometric_mean_rank": 0.0004191551997791976,
        "inverse_harmonic_mean_rank": 0.0010016939506448548,
        "inverse_median_rank": 0.00026364356745034456,
        "median_absolute_deviation": 1238.7141535614305,
        "median_rank": 3793.0,
        "standard_deviation": 1466.789306640625,
        "variance": 2151471.0,
        "z_arithmetic_mean_rank": -3126.5302734375,
        "z_hits_at_1": 0.0,
        "z_hits_at_10": 0.0,
        "z_hits_at_3": 0.0,
        "z_hits_at_5": 0.0,
        "z_inverse_harmonic_mean_rank": 0.0010016939506448548
      }
    },
    "head": {
      "optimistic": {
        "adjusted_arithmetic_mean_rank": 0.8720505227459341,
        "adjusted_arithmetic_mean_rank_index": 0.12800398302546256,
        "adjusted_hits_at_1": -0.00021300333008983274,
        "adjusted_hits_at_10": -0.0021341244814907815,
        "adjusted_hits_at_3": -0.0006392823287993019,
        "adjusted_hits_at_5": -0.001065924832605045,
        "adjusted_inverse_harmonic_mean_rank": -4.2746044397832714e-05,
        "arithmetic_mean_rank": 2047.9655172413793,
        "count": 116.0,
        "geometric_mean_rank": 1371.2786774158876,
        "harmonic_mean_rank": 568.7944844547842,
        "hits_at_1": 0.0,
        "hits_at_10": 0.0,
        "hits_at_3": 0.0,
        "hits_at_5": 0.0,
        "inverse_arithmetic_mean_rank": 0.000488289471468741,
        "inverse_geometric_mean_rank": 0.0007292463716306408,
        "inverse_harmonic_mean_rank": 0.0017581042491270748,
        "inverse_median_rank": 0.00045578851412944393,
        "median_absolute_deviation": 1376.5961598824515,
        "median_rank": 2194.0,
        "standard_deviation": 1277.579054379904,
        "variance": 1632208.2401902496,
        "z_arithmetic_mean_rank": -2047.9655172413793,
        "z_hits_at_1": 0.0,
        "z_hits_at_10": 0.0,
        "z_hits_at_3": 0.0,
        "z_hits_at_5": 0.0,
        "z_inverse_harmonic_mean_rank": 0.0017581042491270748
      },
      "pessimistic": {
        "adjusted_arithmetic_mean_rank": 0.8720505227459341,
        "adjusted_arithmetic_mean_rank_index": 0.12800398302546256,
        "adjusted_hits_at_1": -0.00021300333008983274,
        "adjusted_hits_at_10": -0.0021341244814907815,
        "adjusted_hits_at_3": -0.0006392823287993019,
        "adjusted_hits_at_5": -0.001065924832605045,
        "adjusted_inverse_harmonic_mean_rank": -4.2746044397832714e-05,
        "arithmetic_mean_rank": 2047.9655172413793,
        "count": 116.0,
        "geometric_mean_rank": 1371.2786774158876,
        "harmonic_mean_rank": 568.7944844547842,
        "hits_at_1": 0.0,
        "hits_at_10": 0.0,
        "hits_at_3": 0.0,
        "hits_at_5": 0.0,
        "inverse_arithmetic_mean_rank": 0.000488289471468741,
        "inverse_geometric_mean_rank": 0.0007292463716306408,
        "inverse_harmonic_mean_rank": 0.0017581042491270748,
        "inverse_median_rank": 0.00045578851412944393,
        "median_absolute_deviation": 1376.5961598824515,
        "median_rank": 2194.0,
        "standard_deviation": 1277.579054379904,
        "variance": 1632208.2401902496,
        "z_arithmetic_mean_rank": -2047.9655172413793,
        "z_hits_at_1": 0.0,
        "z_hits_at_10": 0.0,
        "z_hits_at_3": 0.0,
        "z_hits_at_5": 0.0,
        "z_inverse_harmonic_mean_rank": 0.0017581042491270748
      },
      "realistic": {
        "adjusted_arithmetic_mean_rank": 0.8720505478393105,
        "adjusted_arithmetic_mean_rank_index": 0.12800395792139652,
        "adjusted_hits_at_1": -0.00021300333008983274,
        "adjusted_hits_at_10": -0.0021341244814907815,