{
  "losses": [
    0.003935543729991772,
    0.0038854253227715014,
    0.0038245030184061034,
    0.0037654207139148385,
    0.0037088037276218734,
    0.003644887602064627,
    0.0035908257919155385,
    0.003542402145679963,
    0.003475773963091588,
    0.0034072882699518236,
    0.0033664809974874865,
    0.0032970958904825556,
    0.0032619808397406887,
    0.0032004922614495886,
    0.003133119710182621,
    0.0030829693570024815,
    0.003035841334002009,
    0.002975057466102754,
    0.0029378801288227107,
    0.0028644920420578326,
    0.0028245258582416323,
    0.0027461114322954033,
    0.002713222458683469,
    0.0026810722473136392,
    0.0026270546449692154,
    0.0026274881961464713,
    0.002570599430791935,
    0.0025220829545239687,
    0.0025130689092480608,
    0.0024679016688689973
  ],
  "metrics": {
    "both": {
      "optimistic": {
        "adjusted_arithmetic_mean_rank": 1.3145838425924972,
        "adjusted_arithmetic_mean_rank_index": -0.3147285143895766,
        "adjusted_hits_at_1": -0.00022997208989089375,
        "adjusted_hits_at_10": -0.002304490615616002,
        "adjusted_hits_at_3": -0.0006902337386634684,
        "adjusted_hits_at_5": -0.0011509191665986212,
        "adjusted_inverse_harmonic_mean_rank": -0.0010393623684428087,
        "arithmetic_mean_rank": 2859.831896551724,
        "count": 232.0,
        "geometric_mean_rank": 2373.7302987158673,
        "harmonic_mean_rank": 1124.7698433933274,
        "hits_at_1": 0.0,
        "hits_at_10": 0.0,
        "hits_at_3": 0.0,
        "hits_at_5": 0.0,
        "inverse_arithmetic_mean_rank": 0.0003496709024071526,
        "inverse_geometric_mean_rank": 0.0004212778513805788,
        "inverse_harmonic_mean_rank": 0.0008890707782341423,
        "inverse_median_rank": 0.00032948929159802305,
        "median_absolute_deviation": 1232.0424435781551,
        "median_rank": 3035.0,
        "standard_deviation": 1169.8611073688764,
        "variance": 1368575.010534334,
        "z_arithmetic_mean_rank": -2859.831896551724,
        "z_hits_at_1": 0.0,
        "z_hits_at_10": 0.0,
        "z_hits_at_3": 0.0,
        "z_hits_at_5": 0.0,
        "z_inverse_harmonic_mean_rank": 0.0008890707782341423
      },
      "pessimistic": {
        "adjusted_arithmetic_mean_rank": 1.3145838425924972,
        "adjusted_arithmetic_mean_rank_index": -0.3147285143895766,
        "adjusted_hits_at_1": -0.00022997208989089375,
        "adjusted_hits_at_10": -0.002304490615616002,
        "adjusted_hits_at_3": -0.0006902337386634684,
        "adjusted_hits_at_5": -0.0011509191665986212,
        "adjusted_inverse_harmonic_mean_rank": -0.0010393623684428087,
        "arithmetic_mean_rank": 2859.831896551724,
        "count": 232.0,
        "geometric_mean_rank": 2373.7302987158673,
        "harmonic_mean_rank": 1124.7698433933274,
        "hits_at_1": 0.0,
        "hits_at_10": 0.0,
        "hits_at_3": 0.0,
        "hits_at_5": 0.0,
        "inverse_arithmetic_mean_rank": 0.0003496709024071526,
        "inverse_geometric_mean_rank": 0.0004212778513805788,
        "inverse_harmonic_mean_rank": 0.0008890707782341423,
        "inverse_median_rank": 0.00032948929159802305,
        "median_absolute_deviation": 1232.0424435781551,
        "median_rank": 3035.0,
        "standard_deviation": 1169.8611073688764,
        "variance": 1368575.010534334,
        "z_arithmetic_mean_rank": -2859.831896551724,
        "z_hits_at_1": 0.0,
        "z_hits_at_10": 0.0,
        "z_hits_at_3": 0.0,
        "z_hits_at_5": 0.0,
        "z_inverse_harmonic_mean_rank": 0.0008890707782341423
      },
      "realistic": {
        "adjusted_arithmetic_mean_rank": 1.3145837922849444,
        "adjusted_arithmetic_mean_rank_index": -0.3147284640588883,
        "adjusted_hits_at_1": -0.00022997208989089375,
        "adjusted_hits_at_10": -0.002304490615616002,
        "adjusted_hits_at_3": -0.0006902337386634684,
        "adjusted_hits_at_5": -0.0011509191665986212,
        "adjusted_inverse_harmonic_mean_rank": -0.0010393623006629096,
        "arithmetic_mean_rank": 2859.831787109375,
        "count": 232.0,
        "geometric_mean_rank": 2373.729736328125,
        "harmonic_mean_rank": 1124.7697578096847,
        "hits_at_1": 0.0,
        "hits_at_10": 0.0,
        "hits_at_3": 0.0,
        "hits_at_5": 0.0,
        "inverse_arithmetic_mean_rank": 0.0003496709105093032,
        "inverse_geometric_mean_rank": 0.00042127794586122036,
        "inverse_harmonic_mean_rank": 0.0008890708458834681,
        "inverse_median_rank": 0.0003294892958365381,
        "median_absolute_deviation": 1232.0424435781551,
        "median_rank": 3035.0,
        "standard_deviation": 1169.861083984375,
        "variance": 1368575.0,
        "z_arithmetic_mean_rank": -2859.831787109375,
        "z_hits_at_1": 0.0,
        "z_hits_at_10": 0.0,
        "z_hits_at_3": 0.0,
        "z_hits_at_5": 0.0,
        "z_inverse_harmonic_mean_rank": 0.0008890708458834681
      }
    },
    "head": {
      "optimistic": {
        "adjusted_arithmetic_mean_rank": 1.410680959134001,
        "adjusted_arithmetic_mean_rank_index": -0.410871836526876,
        "adjusted_hits_at_1": -0.0002324012996594279,
        "adjusted_hits_at_10": -0.002328884117855992,
        "adjusted_hits_at_3": -0.0006975281118577733,
        "adjusted_hits_at_5": -0.0011630877106794588,
        "adjusted_inverse_harmonic_mean_rank": -0.0013150982113425444,
        "arithmetic_mean_rank": 3036.551724137931,
        "count": 116.0,
        "geometric_mean_rank": 2665.1480955254056,
        "harmonic_mean_rank": 1582.3994225509837,
        "hits_at_1": 0.0,
        "hits_at_10": 0.0,
        "hits_at_3": 0.0,
        "hits_at_5": 0.0,
        "inverse_arithmetic_mean_rank": 0.00032932091755621165,
        "inverse_geometric_mean_rank": 0.00037521367074457474,
        "inverse_harmonic_mean_rank": 0.0006319516967390582,
        "inverse_median_rank": 0.0003103180760279286,
        "median_absolute_deviation": 1195.718689224768,
        "median_rank": 3222.5,
        "standard_deviation": 1101.7991504871788,
        "variance": 1213961.3680142688,
        "z_arithmetic_mean_rank": -3036.551724137931,
        "z_hits_at_1": 0.0,
        "z_hits_at_10": 0.0,
        "z_hits_at_3": 0.0,
        "z_hits_at_5": 0.0,
        "z_inverse_harmonic_mean_rank": 0.0006319516967390582
      },
      "pessimistic": {
        "adjusted_arithmetic_mean_rank": 1.410680959134001,
        "adjusted_arithmetic_mean_rank_index": -0.410871836526876,
        "adjusted_hits_at_1": -0.0002324012996594279,
        "adjusted_hits_at_10": -0.002328884117855992,
        "adjusted_hits_at_3": -0.0006975281118577733,
        "adjusted_hits_at_5": -0.0011630877106794588,
        "adjusted_inverse_harmonic_mean_rank": -0.0013150982113425444,
        "arithmetic_mean_rank": 3036.551724137931,
        "count": 116.0,
        "geometric_mean_rank": 2665.1480955254056,
        "harmonic_mean_rank": 1582.3994225509837,
        "hits_at_1": 0.0,
        "hits_at_10": 0.0,
        "hits_at_3": 0.0,
        "hits_at_5": 0.0,
        "inverse_arithmetic_mean_rank": 0.00032932091755621165,
        "inverse_geometric_mean_rank": 0.00037521367074457474,
        "inverse_harmonic_mean_rank": 0.0006319516967390582,
        "inverse_median_rank": 0.0003103180760279286,
        "median_absolute_deviation": 1195.718689224768,
        "median_rank": 3222.5,
        "standard_deviation": 1101.7991504871788,
        "variance": 1213961.3680142688,
        "z_arithmetic_mean_rank": -3036.551724137931,
        "z_hits_at_1": 0.0,
        "z_hits_at_10": 0.0,
        "z_hits_at_3": 0.0,
        "z_hits_at_5": 0.0,
        "z_inverse_harmonic_mean_rank": 0.0006319516967390582
      },
      "realistic": {
        "adjusted_arithmetic_mean_rank": 1.410680974778086,
        "adjusted_arithmetic_mean_rank_index": -0.41087185217823197,
        "adjusted_hits_at_1": -0.0002324012996594279,
        "adjusted_hits_at_10": -0.002328884117855992,