{
  "losses": [
    0.00542098973943475,
    0.004531692039266474,
    0.00395986972018231,
    0.0036079375618784026,
    0.003216210273685205,
    0.0029519698467423746,
    0.0027667751678442385,
    0.0025548055548483863,
    0.0023930922570796613,
    0.002248173860317627,
    0.002140326884482497,
    0.0020401575201217767,
    0.0018887899909907282,
    0.0018066192029293486,
    0.001717173433742494,
    0.001610074722483177,
    0.0015501927279701281,
    0.0014963848027743686,
    0.0014151099995528607,
    0.0013600790189128027,
    0.0013122725992169065,
    0.0012155086145775452,
    0.0012021012637513644,
    0.0011293462741916143,
    0.001067708587934157,
    0.0010429645278407576,
    0.0010292510788930702,
    0.0010058939899971354,
    0.0009430414622612425,
    0.0009609901200182541
  ],
  "metrics": {
    "both": {
      "optimistic": {
        "adjusted_arithmetic_mean_rank": 0.7132991729793333,
        "adjusted_arithmetic_mean_rank_index": 0.2868328001487317,
        "adjusted_hits_at_1": -0.00023019265019276925,
        "adjusted_hits_at_10": 0.002013582141643713,
        "adjusted_hits_at_3": -0.000690896028954133,
        "adjusted_hits_at_5": 0.003163286447484128,
        "adjusted_inverse_harmonic_mean_rank": 0.0011542049543211462,
        "arithmetic_mean_rank": 1550.2974137931035,
        "count": 232.0,
        "geometric_mean_rank": 986.5258810959269,
        "harmonic_mean_rank": 324.6743465630691,
        "hits_at_1": 0.0,
        "hits_at_10": 0.004310344827586207,
        "hits_at_3": 0.0,
        "hits_at_5": 0.004310344827586207,
        "inverse_arithmetic_mean_rank": 0.0006450375206092268,
        "inverse_geometric_mean_rank": 0.0010136581504472085,
        "inverse_harmonic_mean_rank": 0.0030800092787920544,
        "inverse_median_rank": 0.0007217610970768675,
        "median_absolute_deviation": 1412.9199142358386,
        "median_rank": 1385.5,
        "standard_deviation": 1141.7497885475977,
        "variance": 1303592.579648484,
        "z_arithmetic_mean_rank": -1550.2974137931035,
        "z_hits_at_1": 0.0,
        "z_hits_at_10": 0.004310344827586207,
        "z_hits_at_3": 0.0,
        "z_hits_at_5": 0.004310344827586207,
        "z_inverse_harmonic_mean_rank": 0.0030800092787920544
      },
      "pessimistic": {
        "adjusted_arithmetic_mean_rank": 0.7132991729793333,
        "adjusted_arithmetic_mean_rank_index": 0.2868328001487317,
        "adjusted_hits_at_1": -0.00023019265019276925,
        "adjusted_hits_at_10": 0.002013582141643713,
        "adjusted_hits_at_3": -0.000690896028954133,
        "adjusted_hits_at_5": 0.003163286447484128,
        "adjusted_inverse_harmonic_mean_rank": 0.0011542049543211462,
        "arithmetic_mean_rank": 1550.2974137931035,
        "count": 232.0,
        "geometric_mean_rank": 986.5258810959269,
        "harmonic_mean_rank": 324.6743465630691,
        "hits_at_1": 0.0,
        "hits_at_10": 0.004310344827586207,
        "hits_at_3": 0.0,
        "hits_at_5": 0.004310344827586207,
        "inverse_arithmetic_mean_rank": 0.0006450375206092268,
        "inverse_geometric_mean_rank": 0.0010136581504472085,
        "inverse_harmonic_mean_rank": 0.0030800092787920544,
        "inverse_median_rank": 0.0007217610970768675,
        "median_absolute_deviation": 1412.9199142358386,
        "median_rank": 1385.5,
        "standard_deviation": 1141.7497885475977,
        "variance": 1303592.579648484,
        "z_arithmetic_mean_rank": -1550.2974137931035,
        "z_hits_at_1": 0.0,
        "z_hits_at_10": 0.004310344827586207,
        "z_hits_at_3": 0.0,
        "z_hits_at_5": 0.004310344827586207,
        "z_inverse_harmonic_mean_rank": 0.0030800092787920544
      },
      "realistic": {
        "adjusted_arithmetic_mean_rank": 0.7132991497385907,
        "adjusted_arithmetic_mean_rank_index": 0.28683282340017247,
        "adjusted_hits_at_1": -0.00023019265019276925,
        "adjusted_hits_at_10": 0.002013582141643713,
        "adjusted_hits_at_3": -0.000690896028954133,
        "adjusted_hits_at_5": 0.003163286447484128,
        "adjusted_inverse_harmonic_mean_rank": 0.0011542050621943204,
        "arithmetic_mean_rank": 1550.29736328125,
        "count": 232.0,
        "geometric_mean_rank": 986.525634765625,
        "harmonic_mean_rank": 324.67433521371225,
        "hits_at_1": 0.0,
        "hits_at_10": 0.004310344827586207,
        "hits_at_3": 0.0,
        "hits_at_5": 0.004310344827586207,
        "inverse_arithmetic_mean_rank": 0.0006450375658459961,
        "inverse_geometric_mean_rank": 0.0010136583587154746,
        "inverse_harmonic_mean_rank": 0.003080009386457246,
        "inverse_median_rank": 0.0007217610836960375,
        "median_absolute_deviation": 1412.9199142358386,
        "median_rank": 1385.5,
        "standard_deviation": 1141.749755859375,
        "variance": 1303592.5,
        "z_arithmetic_mean_rank": -1550.29736328125,
        "z_hits_at_1": 0.0,
        "z_hits_at_10": 0.004310344827586207,
        "z_hits_at_3": 0.0,
        "z_hits_at_5": 0.004310344827586207,
        "z_inverse_harmonic_mean_rank": 0.003080009386457246
      }
    },
    "head": {
      "optimistic": {
        "adjusted_arithmetic_mean_rank": 0.617418354914495,
        "adjusted_arithmetic_mean_rank_index": 0.382759801484141,
        "adjusted_hits_at_1": -0.0002328424225031101,
        "adjusted_hits_at_10": 0.006307490554830591,
        "adjusted_hits_at_3": -0.000698852712626492,
        "adjusted_hits_at_5": 0.0074654378874909,
        "adjusted_inverse_harmonic_mean_rank": 0.002245859745527076,
        "arithmetic_mean_rank": 1326.4913793103449,
        "count": 116.0,
        "geometric_mean_rank": 796.6197903339701,
        "harmonic_mean_rank": 238.70663663228785,
        "hits_at_1": 0.0,
        "hits_at_10": 0.008620689655172414,
        "hits_at_3": 0.0,
        "hits_at_5": 0.008620689655172414,
        "inverse_arithmetic_mean_rank": 0.0007538684499554827,
        "inverse_geometric_mean_rank": 0.001255303988344008,
        "inverse_harmonic_mean_rank": 0.004189242553571879,
        "inverse_median_rank": 0.0010509721492380452,
        "median_absolute_deviation": 1053.3888762482302,
        "median_rank": 951.5,
        "standard_deviation": 1096.5064782399763,
        "variance": 1202326.4568222356,
        "z_arithmetic_mean_rank": -1326.4913793103449,
        "z_hits_at_1": 0.0,
        "z_hits_at_10": 0.008620689655172414,
        "z_hits_at_3": 0.0,
        "z_hits_at_5": 0.008620689655172414,
        "z_inverse_harmonic_mean_rank": 0.004189242553571879
      },
      "pessimistic": {
        "adjusted_arithmetic_mean_rank": 0.617418354914495,
        "adjusted_arithmetic_mean_rank_index": 0.382759801484141,
        "adjusted_hits_at_1": -0.0002328424225031101,
        "adjusted_hits_at_10": 0.006307490554830591,
        "adjusted_hits_at_3": -0.000698852712626492,
        "adjusted_hits_at_5": 0.0074654378874909,
        "adjusted_inverse_harmonic_mean_rank": 0.002245859745527076,
        "arithmetic_mean_rank": 1326.4913793103449,
        "count": 116.0,
        "geometric_mean_rank": 796.6197903339701,
        "harmonic_mean_rank": 238.70663663228785,
        "hits_at_1": 0.0,
        "hits_at_10": 0.008620689655172414,
        "hits_at_3": 0.0,
        "hits_at_5": 0.008620689655172414,
        "inverse_arithmetic_mean_rank": 0.0007538684499554827,
        "inverse_geometric_mean_rank": 0.001255303988344008,
        "inverse_harmonic_mean_rank": 0.004189242553571879,
        "inverse_median_rank": 0.0010509721492380452,
        "median_absolute_deviation": 1053.3888762482302,
        "median_rank": 951.5,
        "standard_deviation": 1096.5064782399763,
        "variance": 1202326.4568222356,
        "z_arithmetic_mean_rank": -1326.4913793103449,
        "z_hits_at_1": 0.0,
        "z_hits_at_10": 0.008620689655172414,
        "z_hits_at_3": 0.0,
        "z_hits_at_5": 0.008620689655172414,