{
  "losses": [
    0.004521396444460668,
    0.004260589572463256,
    0.0040879704961617165,
    0.00394427713557296,
    0.0038060230792709114,
    0.003720904030757589,
    0.0036306912108632966,
    0.0035515273740216735,
    0.0034217070272847595,
    0.0033268953877984265,
    0.0032892561453150538,
    0.0031949938134299655,
    0.0031285090300569723,
    0.0030683515811076156,
    0.003001039294066187,
    0.0029435970291965177,
    0.002905918211867337,
    0.002840842034735526,
    0.002835915606146327,
    0.002785168086025812,
    0.002739942818433076,
    0.002711423193881547,
    0.002650605882058882,
    0.0026159684790443495,
    0.0026260019461239715,
    0.0025496223983538326,
    0.0025492484478479736,
    0.00254286126243012,
    0.002524383051714399,
    0.0024800552550049417
  ],
  "metrics": {
    "both": {
      "optimistic": {
        "adjusted_arithmetic_mean_rank": 1.3127689318417526,
        "adjusted_arithmetic_mean_rank_index": -0.312912768992025,
        "adjusted_hits_at_1": -0.00022997208989089375,
        "adjusted_hits_at_10": 0.0020157873611754465,
        "adjusted_hits_at_3": -0.0006902337386634684,
        "adjusted_hits_at_5": -0.0011509191665986212,
        "adjusted_inverse_harmonic_mean_rank": -0.00025923305553876346,
        "arithmetic_mean_rank": 2855.8836206896553,
        "count": 232.0,
        "geometric_mean_rank": 2263.704760939249,
        "harmonic_mean_rank": 599.6292279253089,
        "hits_at_1": 0.0,
        "hits_at_10": 0.004310344827586207,
        "hits_at_3": 0.0,
        "hits_at_5": 0.0,
        "inverse_arithmetic_mean_rank": 0.0003501543244813716,
        "inverse_geometric_mean_rank": 0.00044175372038581716,
        "inverse_harmonic_mean_rank": 0.001667697225934027,
        "inverse_median_rank": 0.00031486146095717883,
        "median_absolute_deviation": 1305.4312533941825,
        "median_rank": 3176.0,
        "standard_deviation": 1278.491706070219,
        "variance": 1634541.042490339,
        "z_arithmetic_mean_rank": -2855.8836206896553,
        "z_hits_at_1": 0.0,
        "z_hits_at_10": 0.004310344827586207,
        "z_hits_at_3": 0.0,
        "z_hits_at_5": 0.0,
        "z_inverse_harmonic_mean_rank": 0.001667697225934027
      },
      "pessimistic": {
        "adjusted_arithmetic_mean_rank": 1.3127689318417526,
        "adjusted_arithmetic_mean_rank_index": -0.312912768992025,
        "adjusted_hits_at_1": -0.00022997208989089375,
        "adjusted_hits_at_10": 0.0020157873611754465,
        "adjusted_hits_at_3": -0.0006902337386634684,
        "adjusted_hits_at_5": -0.0011509191665986212,
        "adjusted_inverse_harmonic_mean_rank": -0.00025923305553876346,
        "arithmetic_mean_rank": 2855.8836206896553,
        "count": 232.0,
        "geometric_mean_rank": 2263.704760939249,
        "harmonic_mean_rank": 599.6292279253089,
        "hits_at_1": 0.0,
        "hits_at_10": 0.004310344827586207,
        "hits_at_3": 0.0,
        "hits_at_5": 0.0,
        "inverse_arithmetic_mean_rank": 0.0003501543244813716,
        "inverse_geometric_mean_rank": 0.00044175372038581716,
        "inverse_harmonic_mean_rank": 0.001667697225934027,
        "inverse_median_rank": 0.00031486146095717883,
        "median_absolute_deviation": 1305.4312533941825,
        "median_rank": 3176.0,
        "standard_deviation": 1278.491706070219,
        "variance": 1634541.042490339,
        "z_arithmetic_mean_rank": -2855.8836206896553,
        "z_hits_at_1": 0.0,
        "z_hits_at_10": 0.004310344827586207,
        "z_hits_at_3": 0.0,
        "z_hits_at_5": 0.0,
        "z_inverse_harmonic_mean_rank": 0.001667697225934027
      },
      "realistic": {
        "adjusted_arithmetic_mean_rank": 1.3127688970134468,
        "adjusted_arithmetic_mean_rank_index": -0.31291273414770227,
        "adjusted_hits_at_1": -0.00022997208989089375,
        "adjusted_hits_at_10": 0.0020157873611754465,
        "adjusted_hits_at_3": -0.0006902337386634684,
        "adjusted_hits_at_5": -0.0011509191665986212,
        "adjusted_inverse_harmonic_mean_rank": -0.00025923317061404236,
        "arithmetic_mean_rank": 2855.883544921875,
        "count": 232.0,
        "geometric_mean_rank": 2263.705078125,
        "harmonic_mean_rank": 599.6292692215201,
        "hits_at_1": 0.0,
        "hits_at_10": 0.004310344827586207,
        "hits_at_3": 0.0,
        "hits_at_5": 0.0,
        "inverse_arithmetic_mean_rank": 0.00035015432513318956,
        "inverse_geometric_mean_rank": 0.0004417536547407508,
        "inverse_harmonic_mean_rank": 0.0016676971110804327,
        "inverse_median_rank": 0.0003148614487145096,
        "median_absolute_deviation": 1305.4312533941825,
        "median_rank": 3176.0,
        "standard_deviation": 1278.49169921875,
        "variance": 1634541.0,
        "z_arithmetic_mean_rank": -2855.883544921875,
        "z_hits_at_1": 0.0,
        "z_hits_at_10": 0.004310344827586207,
        "z_hits_at_3": 0.0,
        "z_hits_at_5": 0.0,
        "z_inverse_harmonic_mean_rank": 0.0016676971110804327
      }
    },
    "head": {
      "optimistic": {
        "adjusted_arithmetic_mean_rank": 0.9999719149564231,
        "adjusted_arithmetic_mean_rank_index": 2.809809701842525e-05,
        "adjusted_hits_at_1": -0.0002324012996594279,
        "adjusted_hits_at_10": 0.006311882124539318,
        "adjusted_hits_at_3": -0.0006975281118577733,
        "adjusted_hits_at_5": -0.0011630877106794588,
        "adjusted_inverse_harmonic_mean_rank": 0.0010661641662721413,
        "arithmetic_mean_rank": 2152.4827586206898,
        "count": 116.0,
        "geometric_mean_rank": 1506.5218428466496,
        "harmonic_mean_rank": 332.3823070032709,
        "hits_at_1": 0.0,
        "hits_at_10": 0.008620689655172414,
        "hits_at_3": 0.0,
        "hits_at_5": 0.0,
        "inverse_arithmetic_mean_rank": 0.0004645797955848899,
        "inverse_geometric_mean_rank": 0.000663780618082808,
        "inverse_harmonic_mean_rank": 0.0030085837270217852,
        "inverse_median_rank": 0.0004449388209121246,
        "median_absolute_deviation": 1608.623407078578,
        "median_rank": 2247.5,
        "standard_deviation": 1267.3245269461515,
        "variance": 1606111.4565992868,
        "z_arithmetic_mean_rank": -2152.4827586206898,
        "z_hits_at_1": 0.0,
        "z_hits_at_10": 0.008620689655172414,
        "z_hits_at_3": 0.0,
        "z_hits_at_5": 0.0,
        "z_inverse_harmonic_mean_rank": 0.0030085837270217852
      },
      "pessimistic": {
        "adjusted_arithmetic_mean_rank": 0.9999719149564231,
        "adjusted_arithmetic_mean_rank_index": 2.809809701842525e-05,
        "adjusted_hits_at_1": -0.0002324012996594279,
        "adjusted_hits_at_10": 0.006311882124539318,
        "adjusted_hits_at_3": -0.0006975281118577733,
        "adjusted_hits_at_5": -0.0011630877106794588,
        "adjusted_inverse_harmonic_mean_rank": 0.0010661641662721413,
        "arithmetic_mean_rank": 2152.4827586206898,
        "count": 116.0,
        "geometric_mean_rank": 1506.5218428466496,
        "harmonic_mean_rank": 332.3823070032709,
        "hits_at_1": 0.0,
        "hits_at_10": 0.008620689655172414,
        "hits_at_3": 0.0,
        "hits_at_5": 0.0,
        "inverse_arithmetic_mean_rank": 0.0004645797955848899,
        "inverse_geometric_mean_rank": 0.000663780618082808,
        "inverse_harmonic_mean_rank": 0.0030085837270217852,
        "inverse_median_rank": 0.0004449388209121246,
        "median_absolute_deviation": 1608.623407078578,
        "median_rank": 2247.5,
        "standard_deviation": 1267.3245269461515,
        "variance": 1606111.4565992868,
        "z_arithmetic_mean_rank": -2152.4827586206898,
        "z_hits_at_1": 0.0,
        "z_hits_at_10": 0.008620689655172414,
        "z_hits_at_3": 0.0,
        "z_hits_at_5": 0.0,
        "z_inverse_harmonic_mean_rank": 0.0030085837270217852
      },
      "realistic": {
        "adjusted_arithmetic_mean_rank": 0.9999718719351893,