{
  "losses": [
    0.004119467619267887,
    0.003948666538272601,
    0.003849514905043216,
    0.00377580545940492,
    0.0037031347263209798,
    0.003594589498820094,
    0.0034644416305003394,
    0.00335617929957293,
    0.003200272394572804,
    0.0030886171484111142,
    0.0030164089284573513,
    0.002977362327373518,
    0.002926513760274716,
    0.002893172572528622,
    0.0028765535491298466,
    0.0028384210236763433,
    0.002831581194999496,
    0.0028236786267509637,
    0.002811836966688844,
    0.00283387205408586,
    0.002781971153692598,
    0.002742974470157749,
    0.0027965718837954442,
    0.0027787100910369607,
    0.002761264171896597,
    0.0027463032232825815,
    0.00273173757413492,
    0.002683202856088128,
    0.00269727065685423,
    0.0027348219327199986
  ],
  "metrics": {
    "both": {
      "optimistic": {
        "adjusted_arithmetic_mean_rank": 0.6959837660933283,
        "adjusted_arithmetic_mean_rank_index": 0.3041561776026427,
        "adjusted_hits_at_1": -0.00023019265019276925,
        "adjusted_hits_at_10": 0.002013582141643713,
        "adjusted_hits_at_3": -0.000690896028954133,
        "adjusted_hits_at_5": 0.003163286447484128,
        "adjusted_inverse_harmonic_mean_rank": 0.0013035008025754316,
        "arithmetic_mean_rank": 1512.6637931034484,
        "count": 232.0,
        "geometric_mean_rank": 974.7711354881758,
        "harmonic_mean_rank": 309.69174619321785,
        "hits_at_1": 0.0,
        "hits_at_10": 0.004310344827586207,
        "hits_at_3": 0.0,
        "hits_at_5": 0.004310344827586207,
        "inverse_arithmetic_mean_rank": 0.0006610854338943061,
        "inverse_geometric_mean_rank": 0.0010258818337898253,
        "inverse_harmonic_mean_rank": 0.0032290172802219154,
        "inverse_median_rank": 0.0007665772326561902,
        "median_absolute_deviation": 1274.2966068055648,
        "median_rank": 1304.5,
        "standard_deviation": 1134.46723744099,
        "variance": 1287015.9128269916,
        "z_arithmetic_mean_rank": -1512.6637931034484,
        "z_hits_at_1": 0.0,
        "z_hits_at_10": 0.004310344827586207,
        "z_hits_at_3": 0.0,
        "z_hits_at_5": 0.004310344827586207,
        "z_inverse_harmonic_mean_rank": 0.0032290172802219154
      },
      "pessimistic": {
        "adjusted_arithmetic_mean_rank": 0.6959837660933283,
        "adjusted_arithmetic_mean_rank_index": 0.3041561776026427,
        "adjusted_hits_at_1": -0.00023019265019276925,
        "adjusted_hits_at_10": 0.002013582141643713,
        "adjusted_hits_at_3": -0.000690896028954133,
        "adjusted_hits_at_5": 0.003163286447484128,
        "adjusted_inverse_harmonic_mean_rank": 0.0013035008025754316,
        "arithmetic_mean_rank": 1512.6637931034484,
        "count": 232.0,
        "geometric_mean_rank": 974.7711354881758,
        "harmonic_mean_rank": 309.69174619321785,
        "hits_at_1": 0.0,
        "hits_at_10": 0.004310344827586207,
        "hits_at_3": 0.0,
        "hits_at_5": 0.004310344827586207,
        "inverse_arithmetic_mean_rank": 0.0006610854338943061,
        "inverse_geometric_mean_rank": 0.0010258818337898253,
        "inverse_harmonic_mean_rank": 0.0032290172802219154,
        "inverse_median_rank": 0.0007665772326561902,
        "median_absolute_deviation": 1274.2966068055648,
        "median_rank": 1304.5,
        "standard_deviation": 1134.46723744099,
        "variance": 1287015.9128269916,
        "z_arithmetic_mean_rank": -1512.6637931034484,
        "z_hits_at_1": 0.0,
        "z_hits_at_10": 0.004310344827586207,
        "z_hits_at_3": 0.0,
        "z_hits_at_5": 0.004310344827586207,
        "z_inverse_harmonic_mean_rank": 0.0032290172802219154
      },
      "realistic": {
        "adjusted_arithmetic_mean_rank": 0.6959837777136996,
        "adjusted_arithmetic_mean_rank_index": 0.3041561659769224,
        "adjusted_hits_at_1": -0.00023019265019276925,
        "adjusted_hits_at_10": 0.002013582141643713,
        "adjusted_hits_at_3": -0.000690896028954133,
        "adjusted_hits_at_5": 0.003163286447484128,
        "adjusted_inverse_harmonic_mean_rank": 0.001303500924151629,
        "arithmetic_mean_rank": 1512.663818359375,
        "count": 232.0,
        "geometric_mean_rank": 974.7705688476562,
        "harmonic_mean_rank": 309.6917345554508,
        "hits_at_1": 0.0,
        "hits_at_10": 0.004310344827586207,
        "hits_at_3": 0.0,
        "hits_at_5": 0.004310344827586207,
        "inverse_arithmetic_mean_rank": 0.0006610854179598391,
        "inverse_geometric_mean_rank": 0.00102588243316859,
        "inverse_harmonic_mean_rank": 0.00322901740156371,
        "inverse_median_rank": 0.000766577257309109,
        "median_absolute_deviation": 1274.2966068055648,
        "median_rank": 1304.5,
        "standard_deviation": 1134.4671630859375,
        "variance": 1287015.875,
        "z_arithmetic_mean_rank": -1512.663818359375,
        "z_hits_at_1": 0.0,
        "z_hits_at_10": 0.004310344827586207,
        "z_hits_at_3": 0.0,
        "z_hits_at_5": 0.004310344827586207,
        "z_inverse_harmonic_mean_rank": 0.00322901740156371
      }
    },
    "head": {
      "optimistic": {
        "adjusted_arithmetic_mean_rank": 0.7128962474309886,
        "adjusted_arithmetic_mean_rank_index": 0.2872374478762737,
        "adjusted_hits_at_1": -0.0002328424225031101,
        "adjusted_hits_at_10": 0.006307490554830591,
        "adjusted_hits_at_3": -0.000698852712626492,
        "adjusted_hits_at_5": 0.0074654378874909,
        "adjusted_inverse_harmonic_mean_rank": 0.0029383907403710673,
        "arithmetic_mean_rank": 1531.6206896551723,
        "count": 116.0,
        "geometric_mean_rank": 871.1741330961024,
        "harmonic_mean_rank": 204.90020201079315,
        "hits_at_1": 0.0,
        "hits_at_10": 0.008620689655172414,
        "hits_at_3": 0.0,
        "hits_at_5": 0.008620689655172414,
        "inverse_arithmetic_mean_rank": 0.0006529031677060585,
        "inverse_geometric_mean_rank": 0.0011478761386613464,
        "inverse_harmonic_mean_rank": 0.004880424666186151,
        "inverse_median_rank": 0.0008113590263691683,
        "median_absolute_deviation": 1286.1574245536096,
        "median_rank": 1232.5,
        "standard_deviation": 1292.0256660147675,
        "variance": 1669330.3216409036,
        "z_arithmetic_mean_rank": -1531.6206896551723,
        "z_hits_at_1": 0.0,
        "z_hits_at_10": 0.008620689655172414,
        "z_hits_at_3": 0.0,
        "z_hits_at_5": 0.008620689655172414,
        "z_inverse_harmonic_mean_rank": 0.004880424666186151
      },
      "pessimistic": {
        "adjusted_arithmetic_mean_rank": 0.7128962474309886,
        "adjusted_arithmetic_mean_rank_index": 0.2872374478762737,
        "adjusted_hits_at_1": -0.0002328424225031101,
        "adjusted_hits_at_10": 0.006307490554830591,
        "adjusted_hits_at_3": -0.000698852712626492,
        "adjusted_hits_at_5": 0.0074654378874909,
        "adjusted_inverse_harmonic_mean_rank": 0.0029383907403710673,
        "arithmetic_mean_rank": 1531.6206896551723,
        "count": 116.0,
        "geometric_mean_rank": 871.1741330961024,
        "harmonic_mean_rank": 204.90020201079315,
        "hits_at_1": 0.0,
        "hits_at_10": 0.008620689655172414,
        "hits_at_3": 0.0,
        "hits_at_5": 0.008620689655172414,
        "inverse_arithmetic_mean_rank": 0.0006529031677060585,
        "inverse_geometric_mean_rank": 0.0011478761386613464,
        "inverse_harmonic_mean_rank": 0.004880424666186151,
        "inverse_median_rank": 0.0008113590263691683,
        "median_absolute_deviation": 1286.1574245536096,
        "median_rank": 1232.5,
        "standard_deviation": 1292.0256660147675,
        "variance": 1669330.3216409036,
        "z_arithmetic_mean_rank": -1531.6206896551723,
        "z_hits_at_1": 0.0,
        "z_hits_at_10": 0.008620689655172414,
        "z_hits_at_3": 0.0,
        "z_hits_at_5": 0.008620689655172414,