{
  "losses": [
    0.003932175481488693,
    0.003742531604523993,
    0.003528207971623608,
    0.003292167932142791,
    0.003047549532267358,
    0.0028329126660517553,
    0.0026828295651630325,
    0.002518006971888316,
    0.0024423408719684496,
    0.0024304750219804987,
    0.002399220469633537,
    0.0023685827961556715,
    0.002358441420073796,
    0.0023622258282782163,
    0.0023075628281434323,
    0.0022903820763634933,
    0.002327088947797106,
    0.0023229224516084913,
    0.0023127169213639238,
    0.0022928929155679174,
    0.0023112683190988563,
    0.002289782225406215,
    0.0022525832530824546,
    0.0022879265704223947,
    0.002272381968326898,
    0.002256409310236048,
    0.0022931865243687325,
    0.002277717333016066,
    0.002276721485264579,
    0.0022886695047114962
  ],
  "metrics": {
    "both": {
      "optimistic": {
        "adjusted_arithmetic_mean_rank": 0.8084416909323534,
        "adjusted_arithmetic_mean_rank_index": 0.19164640349929296,
        "adjusted_hits_at_1": -0.00022997208989089375,
        "adjusted_hits_at_10": -0.002304490615616002,
        "adjusted_hits_at_3": -0.0006902337386634684,
        "adjusted_hits_at_5": -0.0011509191665986212,
        "adjusted_inverse_harmonic_mean_rank": 0.0002618521360758364,
        "arithmetic_mean_rank": 1758.7370689655172,
        "count": 232.0,
        "geometric_mean_rank": 1170.9837918665041,
        "harmonic_mean_rank": 457.0846464068635,
        "hits_at_1": 0.0,
        "hits_at_10": 0.0,
        "hits_at_3": 0.0,
        "hits_at_5": 0.0,
        "inverse_arithmetic_mean_rank": 0.0005685898237126465,
        "inverse_geometric_mean_rank": 0.000853982785198109,
        "inverse_harmonic_mean_rank": 0.0021877785829407903,
        "inverse_median_rank": 0.0006163328197226503,
        "median_absolute_deviation": 1338.7898033105585,
        "median_rank": 1622.5,
        "standard_deviation": 1195.9285365304906,
        "variance": 1430245.064487961,
        "z_arithmetic_mean_rank": -1758.7370689655172,
        "z_hits_at_1": 0.0,
        "z_hits_at_10": 0.0,
        "z_hits_at_3": 0.0,
        "z_hits_at_5": 0.0,
        "z_inverse_harmonic_mean_rank": 0.0021877785829407903
      },
      "pessimistic": {
        "adjusted_arithmetic_mean_rank": 0.8084416909323534,
        "adjusted_arithmetic_mean_rank_index": 0.19164640349929296,
        "adjusted_hits_at_1": -0.00022997208989089375,
        "adjusted_hits_at_10": -0.002304490615616002,
        "adjusted_hits_at_3": -0.0006902337386634684,
        "adjusted_hits_at_5": -0.0011509191665986212,
        "adjusted_inverse_harmonic_mean_rank": 0.0002618521360758364,
        "arithmetic_mean_rank": 1758.7370689655172,
        "count": 232.0,
        "geometric_mean_rank": 1170.9837918665041,
        "harmonic_mean_rank": 457.0846464068635,
        "hits_at_1": 0.0,
        "hits_at_10": 0.0,
        "hits_at_3": 0.0,
        "hits_at_5": 0.0,
        "inverse_arithmetic_mean_rank": 0.0005685898237126465,
        "inverse_geometric_mean_rank": 0.000853982785198109,
        "inverse_harmonic_mean_rank": 0.0021877785829407903,
        "inverse_median_rank": 0.0006163328197226503,
        "median_absolute_deviation": 1338.7898033105585,
        "median_rank": 1622.5,
        "standard_deviation": 1195.9285365304906,
        "variance": 1430245.064487961,
        "z_arithmetic_mean_rank": -1758.7370689655172,
        "z_hits_at_1": 0.0,
        "z_hits_at_10": 0.0,
        "z_hits_at_3": 0.0,
        "z_hits_at_5": 0.0,
        "z_inverse_harmonic_mean_rank": 0.0021877785829407903
      },
      "realistic": {
        "adjusted_arithmetic_mean_rank": 0.8084416870625417,
        "adjusted_arithmetic_mean_rank_index": 0.19164640737088434,
        "adjusted_hits_at_1": -0.00022997208989089375,
        "adjusted_hits_at_10": -0.002304490615616002,
        "adjusted_hits_at_3": -0.0006902337386634684,
        "adjusted_hits_at_5": -0.0011509191665986212,
        "adjusted_inverse_harmonic_mean_rank": 0.00026185201964514334,
        "arithmetic_mean_rank": 1758.737060546875,
        "count": 232.0,
        "geometric_mean_rank": 1170.983642578125,
        "harmonic_mean_rank": 457.08467068544604,
        "hits_at_1": 0.0,
        "hits_at_10": 0.0,
        "hits_at_3": 0.0,
        "hits_at_5": 0.0,
        "inverse_arithmetic_mean_rank": 0.0005685898358933628,
        "inverse_geometric_mean_rank": 0.0008539828704670072,
        "inverse_harmonic_mean_rank": 0.002187778466734393,
        "inverse_median_rank": 0.0006163328071124852,
        "median_absolute_deviation": 1338.7898033105585,
        "median_rank": 1622.5,
        "standard_deviation": 1195.928466796875,
        "variance": 1430245.0,
        "z_arithmetic_mean_rank": -1758.737060546875,
        "z_hits_at_1": 0.0,
        "z_hits_at_10": 0.0,
        "z_hits_at_3": 0.0,
        "z_hits_at_5": 0.0,
        "z_inverse_harmonic_mean_rank": 0.002187778466734393
      }
    },
    "head": {
      "optimistic": {
        "adjusted_arithmetic_mean_rank": 0.7674202136901442,
        "adjusted_arithmetic_mean_rank_index": 0.2326878853640214,
        "adjusted_hits_at_1": -0.0002324012996594279,
        "adjusted_hits_at_10": -0.002328884117855992,
        "adjusted_hits_at_3": -0.0006975281118577733,
        "adjusted_hits_at_5": -0.0011630877106794588,
        "adjusted_inverse_harmonic_mean_rank": 0.0003498490156001266,
        "arithmetic_mean_rank": 1651.905172413793,
        "count": 116.0,
        "geometric_mean_rank": 1066.9186519153225,
        "harmonic_mean_rank": 435.98413435037713,
        "hits_at_1": 0.0,
        "hits_at_10": 0.0,
        "hits_at_3": 0.0,
        "hits_at_5": 0.0,
        "inverse_arithmetic_mean_rank": 0.0006053616252915912,
        "inverse_geometric_mean_rank": 0.0009372785808972495,
        "inverse_harmonic_mean_rank": 0.00229366144593774,
        "inverse_median_rank": 0.0006821282401091405,
        "median_absolute_deviation": 1280.9683167888402,
        "median_rank": 1466.0,
        "standard_deviation": 1182.3164068198137,
        "variance": 1397872.085835315,
        "z_arithmetic_mean_rank": -1651.905172413793,
        "z_hits_at_1": 0.0,
        "z_hits_at_10": 0.0,
        "z_hits_at_3": 0.0,
        "z_hits_at_5": 0.0,
        "z_inverse_harmonic_mean_rank": 0.00229366144593774
      },
      "pessimistic": {
        "adjusted_arithmetic_mean_rank": 0.7674202136901442,
        "adjusted_arithmetic_mean_rank_index": 0.2326878853640214,
        "adjusted_hits_at_1": -0.0002324012996594279,
        "adjusted_hits_at_10": -0.002328884117855992,
        "adjusted_hits_at_3": -0.0006975281118577733,
        "adjusted_hits_at_5": -0.0011630877106794588,
        "adjusted_inverse_harmonic_mean_rank": 0.0003498490156001266,
        "arithmetic_mean_rank": 1651.905172413793,
        "count": 116.0,
        "geometric_mean_rank": 1066.9186519153225,
        "harmonic_mean_rank": 435.98413435037713,
        "hits_at_1": 0.0,
        "hits_at_10": 0.0,
        "hits_at_3": 0.0,
        "hits_at_5": 0.0,
        "inverse_arithmetic_mean_rank": 0.0006053616252915912,
        "inverse_geometric_mean_rank": 0.0009372785808972495,
        "inverse_harmonic_mean_rank": 0.00229366144593774,
        "inverse_median_rank": 0.0006821282401091405,
        "median_absolute_deviation": 1280.9683167888402,
        "median_rank": 1466.0,
        "standard_deviation": 1182.3164068198137,
        "variance": 1397872.085835315,
        "z_arithmetic_mean_rank": -1651.905172413793,
        "z_hits_at_1": 0.0,
        "z_hits_at_10": 0.0,
        "z_hits_at_3": 0.0,
        "z_hits_at_5": 0.0,
        "z_inverse_harmonic_mean_rank": 0.00229366144593774
      },
      "realistic": {
        "adjusted_arithmetic_mean_rank": 0.7674202039125911,
        "adjusted_arithmetic_mean_rank_index": 0.23268789514611887,
        "adjusted_hits_at_1": -0.0002324012996594279,
        "adjusted_hits_at_10": -0.002328884117855992,