{
  "losses": [
    13.280689157467924,
    10.706784521052008,
    8.571367844581086,
    6.799541252103601,
    5.331126359046047,
    4.117210765494172,
    3.1170684922912684,
    2.2964195617745635,
    1.6262683738578436,
    1.0820827590981905,
    0.6447089499547161,
    0.3092779664273478,
    0.09708722980113914,
    0.016079964102639413,
    0.004285554183289901,
    0.003918387973734388,
    0.003911347724854117,
    0.003908887619527303,
    0.003906796437546069,
    0.0039084595331592194,
    0.0039044371585330077,
    0.0039038672755119437,
    0.0039025044148244467,
    0.003896988818361259,
    0.0038979082651565133,
    0.0038988273708613964,
    0.003895822002057476,
    0.003895767348608722,
    0.0038933667114905354,
    0.0038921867290984207
  ],
  "metrics": {
    "both": {
      "optimistic": {
        "adjusted_arithmetic_mean_rank": 1.2968062314660227,
        "adjusted_arithmetic_mean_rank_index": -0.296931272525103,
        "adjusted_hits_at_1": 0.00410058401405765,
        "adjusted_hits_at_10": 0.0022087520307021045,
        "adjusted_hits_at_3": 0.003680797134799696,
        "adjusted_hits_at_5": 0.0032606562130905567,
        "adjusted_inverse_harmonic_mean_rank": 0.003467710545145554,
        "arithmetic_mean_rank": 3079.487068965517,
        "count": 232.0,
        "geometric_mean_rank": 2562.0273152342515,
        "harmonic_mean_rank": 190.66698538582983,
        "hits_at_1": 0.004310344827586207,
        "hits_at_10": 0.004310344827586207,
        "hits_at_3": 0.004310344827586207,
        "hits_at_5": 0.004310344827586207,
        "inverse_arithmetic_mean_rank": 0.00032472940382760786,
        "inverse_geometric_mean_rank": 0.0003903159010264369,
        "inverse_harmonic_mean_rank": 0.00524474647761604,
        "inverse_median_rank": 0.00029398794649419373,
        "median_absolute_deviation": 767.246648076649,
        "median_rank": 3401.5,
        "standard_deviation": 1128.9394396749003,
        "variance": 1274504.258453478,
        "z_arithmetic_mean_rank": -3079.487068965517,
        "z_hits_at_1": 0.004310344827586207,
        "z_hits_at_10": 0.004310344827586207,
        "z_hits_at_3": 0.004310344827586207,
        "z_hits_at_5": 0.004310344827586207,
        "z_inverse_harmonic_mean_rank": 0.00524474647761604
      },
      "pessimistic": {
        "adjusted_arithmetic_mean_rank": 1.2968098617342505,
        "adjusted_arithmetic_mean_rank_index": -0.2969349043227212,
        "adjusted_hits_at_1": 0.00410058401405765,
        "adjusted_hits_at_10": 0.0022087520307021045,
        "adjusted_hits_at_3": 0.003680797134799696,
        "adjusted_hits_at_5": 0.0032606562130905567,
        "adjusted_inverse_harmonic_mean_rank": 0.003467705408940942,
        "arithmetic_mean_rank": 3079.4956896551726,
        "count": 232.0,
        "geometric_mean_rank": 2562.04207467701,
        "harmonic_mean_rank": 190.6671717741127,
        "hits_at_1": 0.004310344827586207,
        "hits_at_10": 0.004310344827586207,
        "hits_at_3": 0.004310344827586207,
        "hits_at_5": 0.004310344827586207,
        "inverse_arithmetic_mean_rank": 0.0003247284947854482,
        "inverse_geometric_mean_rank": 0.0003903136524899059,
        "inverse_harmonic_mean_rank": 0.005244741350570409,
        "inverse_median_rank": 0.00029398794649419373,
        "median_absolute_deviation": 767.246648076649,
        "median_rank": 3401.5,
        "standard_deviation": 1128.9330254020786,
        "variance": 1274489.7758434901,
        "z_arithmetic_mean_rank": -3079.4956896551726,
        "z_hits_at_1": 0.004310344827586207,
        "z_hits_at_10": 0.004310344827586207,
        "z_hits_at_3": 0.004310344827586207,
        "z_hits_at_5": 0.004310344827586207,
        "z_inverse_harmonic_mean_rank": 0.005244741350570409
      },
      "realistic": {
        "adjusted_arithmetic_mean_rank": 1.296808078506791,
        "adjusted_arithmetic_mean_rank_index": -0.2969331203440084,
        "adjusted_hits_at_1": 0.00410058401405765,
        "adjusted_hits_at_10": 0.0022087520307021045,
        "adjusted_hits_at_3": 0.003680797134799696,
        "adjusted_hits_at_5": 0.0032606562130905567,
        "adjusted_inverse_harmonic_mean_rank": 0.003467708298595063,
        "arithmetic_mean_rank": 3079.491455078125,
        "count": 232.0,
        "geometric_mean_rank": 2562.03466796875,
        "harmonic_mean_rank": 190.66706691109792,
        "hits_at_1": 0.004310344827586207,
        "hits_at_10": 0.004310344827586207,
        "hits_at_3": 0.004310344827586207,
        "hits_at_5": 0.004310344827586207,
        "inverse_arithmetic_mean_rank": 0.00032472892780788243,
        "inverse_geometric_mean_rank": 0.00039031478809192777,
        "inverse_harmonic_mean_rank": 0.005244744235071643,
        "inverse_median_rank": 0.00029398794868029654,
        "median_absolute_deviation": 767.246648076649,
        "median_rank": 3401.5,
        "standard_deviation": 1128.936279296875,
        "variance": 1274497.0,
        "z_arithmetic_mean_rank": -3079.491455078125,
        "z_hits_at_1": 0.004310344827586207,
        "z_hits_at_10": 0.004310344827586207,
        "z_hits_at_3": 0.004310344827586207,
        "z_hits_at_5": 0.004310344827586207,
        "z_inverse_harmonic_mean_rank": 0.005244744235071643
      }
    },
    "head": {
      "optimistic": {
        "adjusted_arithmetic_mean_rank": 1.1348094297874318,
        "adjusted_arithmetic_mean_rank_index": -0.13486679655712175,
        "adjusted_hits_at_1": 0.008409746892259286,
        "adjusted_hits_at_10": 0.006507214735454836,
        "adjusted_hits_at_3": 0.007987591949111292,
        "adjusted_hits_at_5": 0.007565077400369949,
        "adjusted_inverse_harmonic_mean_rank": 0.008413733947325355,
        "arithmetic_mean_rank": 2667.887931034483,
        "count": 116.0,
        "geometric_mean_rank": 1897.0253326076654,
        "harmonic_mean_rank": 98.06156601655233,
        "hits_at_1": 0.008620689655172414,
        "hits_at_10": 0.008620689655172414,
        "hits_at_3": 0.008620689655172414,
        "hits_at_5": 0.008620689655172414,
        "inverse_arithmetic_mean_rank": 0.0003748283383148881,
        "inverse_geometric_mean_rank": 0.00052714108916268,
        "inverse_harmonic_mean_rank": 0.010197675201630011,
        "inverse_median_rank": 0.00033456005352960856,
        "median_absolute_deviation": 1739.092402307071,
        "median_rank": 2989.0,
        "standard_deviation": 1417.3274739717106,
        "variance": 2008817.16847503,
        "z_arithmetic_mean_rank": -2667.887931034483,
        "z_hits_at_1": 0.008620689655172414,
        "z_hits_at_10": 0.008620689655172414,
        "z_hits_at_3": 0.008620689655172414,
        "z_hits_at_5": 0.008620689655172414,
        "z_inverse_harmonic_mean_rank": 0.010197675201630011
      },
      "pessimistic": {
        "adjusted_arithmetic_mean_rank": 1.13481309667306,
        "adjusted_arithmetic_mean_rank_index": -0.13487046500315558,
        "adjusted_hits_at_1": 0.008409746892259286,
        "adjusted_hits_at_10": 0.006507214735454836,
        "adjusted_hits_at_3": 0.007987591949111292,
        "adjusted_hits_at_5": 0.007565077400369949,
        "adjusted_inverse_harmonic_mean_rank": 0.008413724368015386,
        "arithmetic_mean_rank": 2667.896551724138,
        "count": 116.0,
        "geometric_mean_rank": 1897.0425561383774,
        "harmonic_mean_rank": 98.06165796623809,
        "hits_at_1": 0.008620689655172414,
        "hits_at_10": 0.008620689655172414,
        "hits_at_3": 0.008620689655172414,
        "hits_at_5": 0.008620689655172414,
        "inverse_arithmetic_mean_rank": 0.0003748271271439465,
        "inverse_geometric_mean_rank": 0.0005271363031705527,
        "inverse_harmonic_mean_rank": 0.01019766563955397,
        "inverse_median_rank": 0.00033456005352960856,
        "median_absolute_deviation": 1739.092402307071,
        "median_rank": 2989.0,
        "standard_deviation": 1417.3170220605523,
        "variance": 2008787.541022592,