{
  "losses": [
    0.05655098495447797,
    0.05039803904379601,
    0.0461843123269728,
    0.04174781298607193,
    0.03947678207357791,
    0.03626282228945764,
    0.03393852188621996,
    0.0320167448685794,
    0.029740907153990435,
    0.027792183385436656,
    0.02582737426981593,
    0.024579030228856324,
    0.022461468597609443,
    0.021661763604136595,
    0.020364797224196488,
    0.019227268584417777,
    0.018263887718561276,
    0.01700072706194689,
    0.016473895954645504,
    0.015399158338683184,
    0.014490154995678918,
    0.013613583286494686,
    0.01284411312556173,
    0.012860732319815764,
    0.011945023710557154,
    0.011059472246349959,
    0.01076342110538171,
    0.010097329747350238,
    0.009538771875555789,
    0.0092216734806384
  ],
  "metrics": {
    "both": {
      "optimistic": {
        "adjusted_arithmetic_mean_rank": 0.9610117678299173,
        "adjusted_arithmetic_mean_rank_index": 0.03900616876082208,
        "adjusted_hits_at_1": -0.00023005774985504658,
        "adjusted_hits_at_10": -0.0023053507728533285,
        "adjusted_hits_at_3": -0.0006904909551560167,
        "adjusted_hits_at_5": -0.001151348255631193,
        "adjusted_inverse_harmonic_mean_rank": -0.0007542221551569714,
        "arithmetic_mean_rank": 2089.8836206896553,
        "count": 232.0,
        "geometric_mean_rank": 1600.7024683560537,
        "harmonic_mean_rank": 851.5835085368061,
        "hits_at_1": 0.0,
        "hits_at_10": 0.0,
        "hits_at_3": 0.0,
        "hits_at_5": 0.0,
        "inverse_arithmetic_mean_rank": 0.00047849554401024636,
        "inverse_geometric_mean_rank": 0.0006247257187196166,
        "inverse_harmonic_mean_rank": 0.0011742829563693685,
        "inverse_median_rank": 0.000499001996007984,
        "median_absolute_deviation": 1510.7716606572085,
        "median_rank": 2004.0,
        "standard_deviation": 1185.913433518941,
        "variance": 1406390.6718006837,
        "z_arithmetic_mean_rank": -2089.8836206896553,
        "z_hits_at_1": 0.0,
        "z_hits_at_10": 0.0,
        "z_hits_at_3": 0.0,
        "z_hits_at_5": 0.0,
        "z_inverse_harmonic_mean_rank": 0.0011742829563693685
      },
      "pessimistic": {
        "adjusted_arithmetic_mean_rank": 0.9610117678299173,
        "adjusted_arithmetic_mean_rank_index": 0.03900616876082208,
        "adjusted_hits_at_1": -0.00023005774985504658,
        "adjusted_hits_at_10": -0.0023053507728533285,
        "adjusted_hits_at_3": -0.0006904909551560167,
        "adjusted_hits_at_5": -0.001151348255631193,
        "adjusted_inverse_harmonic_mean_rank": -0.0007542221551569714,
        "arithmetic_mean_rank": 2089.8836206896553,
        "count": 232.0,
        "geometric_mean_rank": 1600.7024683560537,
        "harmonic_mean_rank": 851.5835085368061,
        "hits_at_1": 0.0,
        "hits_at_10": 0.0,
        "hits_at_3": 0.0,
        "hits_at_5": 0.0,
        "inverse_arithmetic_mean_rank": 0.00047849554401024636,
        "inverse_geometric_mean_rank": 0.0006247257187196166,
        "inverse_harmonic_mean_rank": 0.0011742829563693685,
        "inverse_median_rank": 0.000499001996007984,
        "median_absolute_deviation": 1510.7716606572085,
        "median_rank": 2004.0,
        "standard_deviation": 1185.913433518941,
        "variance": 1406390.6718006837,
        "z_arithmetic_mean_rank": -2089.8836206896553,
        "z_hits_at_1": 0.0,
        "z_hits_at_10": 0.0,
        "z_hits_at_3": 0.0,
        "z_hits_at_5": 0.0,
        "z_inverse_harmonic_mean_rank": 0.0011742829563693685
      },
      "realistic": {
        "adjusted_arithmetic_mean_rank": 0.9610117329888725,
        "adjusted_arithmetic_mean_rank_index": 0.03900620361789542,
        "adjusted_hits_at_1": -0.00023005774985504658,
        "adjusted_hits_at_10": -0.0023053507728533285,
        "adjusted_hits_at_3": -0.0006904909551560167,
        "adjusted_hits_at_5": -0.001151348255631193,
        "adjusted_inverse_harmonic_mean_rank": -0.0007542221867048374,
        "arithmetic_mean_rank": 2089.883544921875,
        "count": 232.0,
        "geometric_mean_rank": 1600.702880859375,
        "harmonic_mean_rank": 851.583531371057,
        "hits_at_1": 0.0,
        "hits_at_10": 0.0,
        "hits_at_3": 0.0,
        "hits_at_5": 0.0,
        "inverse_arithmetic_mean_rank": 0.0004784955526702106,
        "inverse_geometric_mean_rank": 0.0006247255369089544,
        "inverse_harmonic_mean_rank": 0.0011742829248822969,
        "inverse_median_rank": 0.0004990019951947033,
        "median_absolute_deviation": 1510.7716606572085,
        "median_rank": 2004.0,
        "standard_deviation": 1185.9134521484375,
        "variance": 1406390.625,
        "z_arithmetic_mean_rank": -2089.883544921875,
        "z_hits_at_1": 0.0,
        "z_hits_at_10": 0.0,
        "z_hits_at_3": 0.0,
        "z_hits_at_5": 0.0,
        "z_inverse_harmonic_mean_rank": 0.0011742829248822969
      }
    },
    "head": {
      "optimistic": {
        "adjusted_arithmetic_mean_rank": 0.9318267003451999,
        "adjusted_arithmetic_mean_rank_index": 0.06820500880359026,
        "adjusted_hits_at_1": -0.00023257217403122084,
        "adjusted_hits_at_10": -0.0023306000347641494,
        "adjusted_hits_at_3": -0.0006980412120181476,
        "adjusted_hits_at_5": -0.0011639436737987652,
        "adjusted_inverse_harmonic_mean_rank": -0.00045559145351148003,
        "arithmetic_mean_rank": 2004.3189655172414,
        "count": 116.0,
        "geometric_mean_rank": 1391.6316441714362,
        "harmonic_mean_rank": 670.667853212587,
        "hits_at_1": 0.0,
        "hits_at_10": 0.0,
        "hits_at_3": 0.0,
        "hits_at_5": 0.0,
        "inverse_arithmetic_mean_rank": 0.0004989225852792031,
        "inverse_geometric_mean_rank": 0.000718580957962759,
        "inverse_harmonic_mean_rank": 0.0014910510399594504,
        "inverse_median_rank": 0.0005415651232060655,
        "median_absolute_deviation": 1742.798907853335,
        "median_rank": 1846.5,
        "standard_deviation": 1294.6109560680163,
        "variance": 1676017.5275713434,
        "z_arithmetic_mean_rank": -2004.3189655172414,
        "z_hits_at_1": 0.0,
        "z_hits_at_10": 0.0,
        "z_hits_at_3": 0.0,
        "z_hits_at_5": 0.0,
        "z_inverse_harmonic_mean_rank": 0.0014910510399594504
      },
      "pessimistic": {
        "adjusted_arithmetic_mean_rank": 0.9318267003451999,
        "adjusted_arithmetic_mean_rank_index": 0.06820500880359026,
        "adjusted_hits_at_1": -0.00023257217403122084,
        "adjusted_hits_at_10": -0.0023306000347641494,
        "adjusted_hits_at_3": -0.0006980412120181476,
        "adjusted_hits_at_5": -0.0011639436737987652,
        "adjusted_inverse_harmonic_mean_rank": -0.00045559145351148003,
        "arithmetic_mean_rank": 2004.3189655172414,
        "count": 116.0,
        "geometric_mean_rank": 1391.6316441714362,
        "harmonic_mean_rank": 670.667853212587,
        "hits_at_1": 0.0,
        "hits_at_10": 0.0,
        "hits_at_3": 0.0,
        "hits_at_5": 0.0,
        "inverse_arithmetic_mean_rank": 0.0004989225852792031,
        "inverse_geometric_mean_rank": 0.000718580957962759,
        "inverse_harmonic_mean_rank": 0.0014910510399594504,
        "inverse_median_rank": 0.0005415651232060655,
        "median_absolute_deviation": 1742.798907853335,
        "median_rank": 1846.5,
        "standard_deviation": 1294.6109560680163,
        "variance": 1676017.5275713434,
        "z_arithmetic_mean_rank": -2004.3189655172414,
        "z_hits_at_1": 0.0,
        "z_hits_at_10": 0.0,
        "z_hits_at_3": 0.0,
        "z_hits_at_5": 0.0,
        "z_inverse_harmonic_mean_rank": 0.0014910510399594504
      },
      "realistic": {
        "adjusted_arithmetic_mean_rank": 0.9318267023021527,
        "adjusted_arithmetic_mean_rank_index": 0.06820500684572717,
        "adjusted_hits_at_1": -0.00023257217403122084,
        "adjusted_hits_at_10": -0.0023306000347641494,