{
  "losses": [
    0.02385026349711724,
    0.022080909372144387,
    0.0205566166581953,
    0.019243505932998818,
    0.017873862415729865,
    0.01678693064019864,
    0.01569647237799425,
    0.014780453821024503,
    0.013823574475872683,
    0.012689420799341312,
    0.012062335199609189,
    0.011533875255999483,
    0.010735843219094144,
    0.010034855830583951,
    0.009582560354381806,
    0.00898183060657489,
    0.008502247247212795,
    0.007990922671356485,
    0.00724545107369796,
    0.006931083919441734,
    0.006770243508852675,
    0.006264415076537115,
    0.005934529143366122,
    0.005570549127186833,
    0.005384704318579963,
    0.005019399898754933,
    0.004727412886550919,
    0.0046385423611908115,
    0.004253773813211489,
    0.004021771036281003
  ],
  "metrics": {
    "both": {
      "optimistic": {
        "adjusted_arithmetic_mean_rank": 1.0581260880242307,
        "adjusted_arithmetic_mean_rank_index": -0.05815056367615701,
        "adjusted_hits_at_1": -0.00021056216689364367,
        "adjusted_hits_at_10": 0.002209818491727263,
        "adjusted_hits_at_3": -0.0006319526313117773,
        "adjusted_hits_at_5": 0.003261188320182327,
        "adjusted_inverse_harmonic_mean_rank": 0.0006165648810774816,
        "arithmetic_mean_rank": 2513.9525862068967,
        "count": 232.0,
        "geometric_mean_rank": 1797.115545527155,
        "harmonic_mean_rank": 417.0312424208921,
        "hits_at_1": 0.0,
        "hits_at_10": 0.004310344827586207,
        "hits_at_3": 0.0,
        "hits_at_5": 0.004310344827586207,
        "inverse_arithmetic_mean_rank": 0.00039777997623607555,
        "inverse_geometric_mean_rank": 0.0005564472481966461,
        "inverse_harmonic_mean_rank": 0.002397901879472958,
        "inverse_median_rank": 0.00038109756097560977,
        "median_absolute_deviation": 1698.3208412981671,
        "median_rank": 2624.0,
        "standard_deviation": 1400.797882979136,
        "variance": 1962234.7089588288,
        "z_arithmetic_mean_rank": -2513.9525862068967,
        "z_hits_at_1": 0.0,
        "z_hits_at_10": 0.004310344827586207,
        "z_hits_at_3": 0.0,
        "z_hits_at_5": 0.004310344827586207,
        "z_inverse_harmonic_mean_rank": 0.002397901879472958
      },
      "pessimistic": {
        "adjusted_arithmetic_mean_rank": 1.0581260880242307,
        "adjusted_arithmetic_mean_rank_index": -0.05815056367615701,
        "adjusted_hits_at_1": -0.00021056216689364367,
        "adjusted_hits_at_10": 0.002209818491727263,
        "adjusted_hits_at_3": -0.0006319526313117773,
        "adjusted_hits_at_5": 0.003261188320182327,
        "adjusted_inverse_harmonic_mean_rank": 0.0006165648810774816,
        "arithmetic_mean_rank": 2513.9525862068967,
        "count": 232.0,
        "geometric_mean_rank": 1797.115545527155,
        "harmonic_mean_rank": 417.0312424208921,
        "hits_at_1": 0.0,
        "hits_at_10": 0.004310344827586207,
        "hits_at_3": 0.0,
        "hits_at_5": 0.004310344827586207,
        "inverse_arithmetic_mean_rank": 0.00039777997623607555,
        "inverse_geometric_mean_rank": 0.0005564472481966461,
        "inverse_harmonic_mean_rank": 0.002397901879472958,
        "inverse_median_rank": 0.00038109756097560977,
        "median_absolute_deviation": 1698.3208412981671,
        "median_rank": 2624.0,
        "standard_deviation": 1400.797882979136,
        "variance": 1962234.7089588288,
        "z_arithmetic_mean_rank": -2513.9525862068967,
        "z_hits_at_1": 0.0,
        "z_hits_at_10": 0.004310344827586207,
        "z_hits_at_3": 0.0,
        "z_hits_at_5": 0.004310344827586207,
        "z_inverse_harmonic_mean_rank": 0.002397901879472958
      },
      "realistic": {
        "adjusted_arithmetic_mean_rank": 1.058126109284739,
        "adjusted_arithmetic_mean_rank_index": -0.058150584945617645,
        "adjusted_hits_at_1": -0.00021056216689364367,
        "adjusted_hits_at_10": 0.002209818491727263,
        "adjusted_hits_at_3": -0.0006319526313117773,
        "adjusted_hits_at_5": 0.003261188320182327,
        "adjusted_inverse_harmonic_mean_rank": 0.0006165650548923269,
        "arithmetic_mean_rank": 2513.95263671875,
        "count": 232.0,
        "geometric_mean_rank": 1797.1160888671875,
        "harmonic_mean_rank": 417.0312122457568,
        "hits_at_1": 0.0,
        "hits_at_10": 0.004310344827586207,
        "hits_at_3": 0.0,
        "hits_at_5": 0.004310344827586207,
        "inverse_arithmetic_mean_rank": 0.0003977799788117409,
        "inverse_geometric_mean_rank": 0.0005564470775425434,
        "inverse_harmonic_mean_rank": 0.0023979020529779895,
        "inverse_median_rank": 0.0003810975467786193,
        "median_absolute_deviation": 1698.3208412981671,
        "median_rank": 2624.0,
        "standard_deviation": 1400.7978515625,
        "variance": 1962234.75,
        "z_arithmetic_mean_rank": -2513.95263671875,
        "z_hits_at_1": 0.0,
        "z_hits_at_10": 0.004310344827586207,
        "z_hits_at_3": 0.0,
        "z_hits_at_5": 0.004310344827586207,
        "z_inverse_harmonic_mean_rank": 0.0023979020529779895
      }
    },
    "head": {
      "optimistic": {
        "adjusted_arithmetic_mean_rank": 1.058944865525559,
        "adjusted_arithmetic_mean_rank_index": -0.05896992381206889,
        "adjusted_hits_at_1": -0.0002125647677931381,
        "adjusted_hits_at_10": -0.0021297220127172553,
        "adjusted_hits_at_3": -0.0006379655213652322,
        "adjusted_hits_at_5": -0.0010637282835880741,
        "adjusted_inverse_harmonic_mean_rank": 0.00014483089228157594,
        "arithmetic_mean_rank": 2492.0258620689656,
        "count": 116.0,
        "geometric_mean_rank": 1782.2940479834376,
        "harmonic_mean_rank": 514.9167502870727,
        "hits_at_1": 0.0,
        "hits_at_10": 0.0,
        "hits_at_3": 0.0,
        "hits_at_5": 0.0,
        "inverse_arithmetic_mean_rank": 0.0004012799446510421,
        "inverse_geometric_mean_rank": 0.0005610746448552875,
        "inverse_harmonic_mean_rank": 0.0019420615069183267,
        "inverse_median_rank": 0.0003827751196172249,
        "median_absolute_deviation": 1685.7187224408694,
        "median_rank": 2612.5,
        "standard_deviation": 1389.3744031360927,
        "variance": 1930361.2320897742,
        "z_arithmetic_mean_rank": -2492.0258620689656,
        "z_hits_at_1": 0.0,
        "z_hits_at_10": 0.0,
        "z_hits_at_3": 0.0,
        "z_hits_at_5": 0.0,
        "z_inverse_harmonic_mean_rank": 0.0019420615069183267
      },
      "pessimistic": {
        "adjusted_arithmetic_mean_rank": 1.058944865525559,
        "adjusted_arithmetic_mean_rank_index": -0.05896992381206889,
        "adjusted_hits_at_1": -0.0002125647677931381,
        "adjusted_hits_at_10": -0.0021297220127172553,
        "adjusted_hits_at_3": -0.0006379655213652322,
        "adjusted_hits_at_5": -0.0010637282835880741,
        "adjusted_inverse_harmonic_mean_rank": 0.00014483089228157594,
        "arithmetic_mean_rank": 2492.0258620689656,
        "count": 116.0,
        "geometric_mean_rank": 1782.2940479834376,
        "harmonic_mean_rank": 514.9167502870727,
        "hits_at_1": 0.0,
        "hits_at_10": 0.0,
        "hits_at_3": 0.0,
        "hits_at_5": 0.0,
        "inverse_arithmetic_mean_rank": 0.0004012799446510421,
        "inverse_geometric_mean_rank": 0.0005610746448552875,
        "inverse_harmonic_mean_rank": 0.0019420615069183267,
        "inverse_median_rank": 0.0003827751196172249,
        "median_absolute_deviation": 1685.7187224408694,
        "median_rank": 2612.5,
        "standard_deviation": 1389.3744031360927,
        "variance": 1930361.2320897742,
        "z_arithmetic_mean_rank": -2492.0258620689656,
        "z_hits_at_1": 0.0,
        "z_hits_at_10": 0.0,
        "z_hits_at_3": 0.0,
        "z_hits_at_5": 0.0,
        "z_inverse_harmonic_mean_rank": 0.0019420615069183267
      },
      "realistic": {
        "adjusted_arithmetic_mean_rank": 1.0589448726802826,