{
  "losses": [
    0.0039189018209930876,
    0.0038588353183124304,
    0.003794894976886193,
    0.003729768147217812,
    0.0036648055543584152,
    0.0035980573390436547,
    0.0035475106039978455,
    0.003490669868357332,
    0.0034335109205333864,
    0.0033806412092612943,
    0.0033227615626158034,
    0.003254926619016437,
    0.0032091117911967563,
    0.0031478169395093365,
    0.003092702936173979,
    0.0030360030205908556,
    0.002972378356508028,
    0.0029354783851162124,
    0.002846121791615327,
    0.002812499084728869,
    0.0027888636870252374,
    0.0026934107458237446,
    0.0026776251803822607,
    0.0026122982994159095,
    0.0025988759732262197,
    0.0025614797440675877,
    0.002525382641962972,
    0.0024617423882549636,
    0.002459829273399664,
    0.00246695487745253
  ],
  "metrics": {
    "both": {
      "optimistic": {
        "adjusted_arithmetic_mean_rank": 1.098762842447387,
        "adjusted_arithmetic_mean_rank_index": -0.09880445720037812,
        "adjusted_hits_at_1": 0.0041005476110426604,
        "adjusted_hits_at_10": 0.0022083866160790863,
        "adjusted_hits_at_3": 0.003680687833660752,
        "adjusted_hits_at_5": 0.003260473890841458,
        "adjusted_inverse_harmonic_mean_rank": 0.004084830548763187,
        "arithmetic_mean_rank": 2608.7543103448274,
        "count": 232.0,
        "geometric_mean_rank": 1869.4015764068038,
        "harmonic_mean_rank": 170.61837855768462,
        "hits_at_1": 0.004310344827586207,
        "hits_at_10": 0.004310344827586207,
        "hits_at_3": 0.004310344827586207,
        "hits_at_5": 0.004310344827586207,
        "inverse_arithmetic_mean_rank": 0.0003833247140348066,
        "inverse_geometric_mean_rank": 0.0005349305428115186,
        "inverse_harmonic_mean_rank": 0.005861033309854768,
        "inverse_median_rank": 0.0003744617112900206,
        "median_absolute_deviation": 1599.7277937675444,
        "median_rank": 2670.5,
        "standard_deviation": 1354.671325762633,
        "variance": 1835134.4008434897,
        "z_arithmetic_mean_rank": -2608.7543103448274,
        "z_hits_at_1": 0.004310344827586207,
        "z_hits_at_10": 0.004310344827586207,
        "z_hits_at_3": 0.004310344827586207,
        "z_hits_at_5": 0.004310344827586207,
        "z_inverse_harmonic_mean_rank": 0.005861033309854768
      },
      "pessimistic": {
        "adjusted_arithmetic_mean_rank": 1.098762842447387,
        "adjusted_arithmetic_mean_rank_index": -0.09880445720037812,
        "adjusted_hits_at_1": 0.0041005476110426604,
        "adjusted_hits_at_10": 0.0022083866160790863,
        "adjusted_hits_at_3": 0.003680687833660752,
        "adjusted_hits_at_5": 0.003260473890841458,
        "adjusted_inverse_harmonic_mean_rank": 0.004084830548763187,
        "arithmetic_mean_rank": 2608.7543103448274,
        "count": 232.0,
        "geometric_mean_rank": 1869.4015764068038,
        "harmonic_mean_rank": 170.61837855768462,
        "hits_at_1": 0.004310344827586207,
        "hits_at_10": 0.004310344827586207,
        "hits_at_3": 0.004310344827586207,
        "hits_at_5": 0.004310344827586207,
        "inverse_arithmetic_mean_rank": 0.0003833247140348066,
        "inverse_geometric_mean_rank": 0.0005349305428115186,
        "inverse_harmonic_mean_rank": 0.005861033309854768,
        "inverse_median_rank": 0.0003744617112900206,
        "median_absolute_deviation": 1599.7277937675444,
        "median_rank": 2670.5,
        "standard_deviation": 1354.671325762633,
        "variance": 1835134.4008434897,
        "z_arithmetic_mean_rank": -2608.7543103448274,
        "z_hits_at_1": 0.004310344827586207,
        "z_hits_at_10": 0.004310344827586207,
        "z_hits_at_3": 0.004310344827586207,
        "z_hits_at_5": 0.004310344827586207,
        "z_inverse_harmonic_mean_rank": 0.005861033309854768
      },
      "realistic": {
        "adjusted_arithmetic_mean_rank": 1.098762877905273,
        "adjusted_arithmetic_mean_rank_index": -0.09880449267320479,
        "adjusted_hits_at_1": 0.0041005476110426604,
        "adjusted_hits_at_10": 0.0022083866160790863,
        "adjusted_hits_at_3": 0.003680687833660752,
        "adjusted_hits_at_5": 0.003260473890841458,
        "adjusted_inverse_harmonic_mean_rank": 0.0040848303781618285,
        "arithmetic_mean_rank": 2608.75439453125,
        "count": 232.0,
        "geometric_mean_rank": 1869.4019775390625,
        "harmonic_mean_rank": 170.61838351514064,
        "hits_at_1": 0.004310344827586207,
        "hits_at_10": 0.004310344827586207,
        "hits_at_3": 0.004310344827586207,
        "hits_at_5": 0.004310344827586207,
        "inverse_arithmetic_mean_rank": 0.0003833246883004904,
        "inverse_geometric_mean_rank": 0.0005349304410628974,
        "inverse_harmonic_mean_rank": 0.005861033139557674,
        "inverse_median_rank": 0.00037446169881150126,
        "median_absolute_deviation": 1599.7277937675444,
        "median_rank": 2670.5,
        "standard_deviation": 1354.6712646484375,
        "variance": 1835134.375,
        "z_arithmetic_mean_rank": -2608.75439453125,
        "z_hits_at_1": 0.004310344827586207,
        "z_hits_at_10": 0.004310344827586207,
        "z_hits_at_3": 0.004310344827586207,
        "z_hits_at_5": 0.004310344827586207,
        "z_inverse_harmonic_mean_rank": 0.005861033139557674
      }
    },
    "head": {
      "optimistic": {
        "adjusted_arithmetic_mean_rank": 1.2430084763408036,
        "adjusted_arithmetic_mean_rank_index": -0.2431119221505449,
        "adjusted_hits_at_1": 0.008409673657516584,
        "adjusted_hits_at_10": 0.006506479574579472,
        "adjusted_hits_at_3": 0.007987372057739186,
        "adjusted_hits_at_5": 0.007564710602444413,
        "adjusted_inverse_harmonic_mean_rank": 0.008701938970906176,
        "arithmetic_mean_rank": 2921.2413793103447,
        "count": 116.0,
        "geometric_mean_rank": 2003.09352022732,
        "harmonic_mean_rank": 95.36606870675563,
        "hits_at_1": 0.008620689655172414,
        "hits_at_10": 0.008620689655172414,
        "hits_at_3": 0.008620689655172414,
        "hits_at_5": 0.008620689655172414,
        "inverse_arithmetic_mean_rank": 0.00034232022286226924,
        "inverse_geometric_mean_rank": 0.000499227814329166,
        "inverse_harmonic_mean_rank": 0.010485909858305411,
        "inverse_median_rank": 0.0003147623544224111,
        "median_absolute_deviation": 1593.7973848935221,
        "median_rank": 3177.0,
        "standard_deviation": 1435.1051722884745,
        "variance": 2059526.855529132,
        "z_arithmetic_mean_rank": -2921.2413793103447,
        "z_hits_at_1": 0.008620689655172414,
        "z_hits_at_10": 0.008620689655172414,
        "z_hits_at_3": 0.008620689655172414,
        "z_hits_at_5": 0.008620689655172414,
        "z_inverse_harmonic_mean_rank": 0.010485909858305411
      },
      "pessimistic": {
        "adjusted_arithmetic_mean_rank": 1.2430084763408036,
        "adjusted_arithmetic_mean_rank_index": -0.2431119221505449,
        "adjusted_hits_at_1": 0.008409673657516584,
        "adjusted_hits_at_10": 0.006506479574579472,
        "adjusted_hits_at_3": 0.007987372057739186,
        "adjusted_hits_at_5": 0.007564710602444413,
        "adjusted_inverse_harmonic_mean_rank": 0.008701938970906176,
        "arithmetic_mean_rank": 2921.2413793103447,
        "count": 116.0,
        "geometric_mean_rank": 2003.09352022732,
        "harmonic_mean_rank": 95.36606870675563,
        "hits_at_1": 0.008620689655172414,
        "hits_at_10": 0.008620689655172414,
        "hits_at_3": 0.008620689655172414,
        "hits_at_5": 0.008620689655172414,
        "inverse_arithmetic_mean_rank": 0.00034232022286226924,
        "inverse_geometric_mean_rank": 0.000499227814329166,
        "inverse_harmonic_mean_rank": 0.010485909858305411,
        "inverse_median_rank": 0.0003147623544224111,
        "median_absolute_deviation": 1593.7973848935221,
        "median_rank": 3177.0,