{
  "losses": [
    0.003908610262789501,
    0.003512641265660724,
    0.0019401292827185231,
    0.0011748933192872331,
    0.0009160711396409046,
    0.0007742721771204388,
    0.0006636753934139616,
    0.000559061955065693,
    0.000484242029099872,
    0.0004386606430814938,
    0.0003949331173400736,
    0.00037095847474358955,
    0.0003386670063255882,
    0.00030761494519882736,
    0.00028147682965853785,
    0.0002796743961603022,
    0.00025633770655410904,
    0.00024589207401498815,
    0.00023319426113676216,
    0.00021060172267135644,
    0.0002234474461352665,
    0.0002079889461919634,
    0.00020001434004257964,
    0.00019006071903175507,
    0.00018689201383010918,
    0.00018562518859525725,
    0.00017618230216909293,
    0.00018386738766971018,
    0.00016944644233615462,
    0.0001721388654368562
  ],
  "metrics": {
    "both": {
      "optimistic": {
        "adjusted_arithmetic_mean_rank": 0.7020761850189217,
        "adjusted_arithmetic_mean_rank_index": 0.2980492643248045,
        "adjusted_hits_at_1": -0.00021056216689364367,
        "adjusted_hits_at_10": 0.019487570552476574,
        "adjusted_hits_at_3": 0.003681116130030084,
        "adjusted_hits_at_5": 0.007576074950830888,
        "adjusted_inverse_harmonic_mean_rank": 0.006405079740913942,
        "arithmetic_mean_rank": 1668.030172413793,
        "count": 232.0,
        "geometric_mean_rank": 730.497120046674,
        "harmonic_mean_rank": 122.3077154467238,
        "hits_at_1": 0.0,
        "hits_at_10": 0.021551724137931036,
        "hits_at_3": 0.004310344827586207,
        "hits_at_5": 0.008620689655172414,
        "inverse_arithmetic_mean_rank": 0.0005995095391787236,
        "inverse_geometric_mean_rank": 0.001368930790495254,
        "inverse_harmonic_mean_rank": 0.008176099082118752,
        "inverse_median_rank": 0.0009578544061302681,
        "median_absolute_deviation": 1369.9244498991761,
        "median_rank": 1044.0,
        "standard_deviation": 1621.2218263693967,
        "variance": 2628360.210296522,
        "z_arithmetic_mean_rank": -1668.030172413793,
        "z_hits_at_1": 0.0,
        "z_hits_at_10": 0.021551724137931036,
        "z_hits_at_3": 0.004310344827586207,
        "z_hits_at_5": 0.008620689655172414,
        "z_inverse_harmonic_mean_rank": 0.008176099082118752
      },
      "pessimistic": {
        "adjusted_arithmetic_mean_rank": 0.7020761850189217,
        "adjusted_arithmetic_mean_rank_index": 0.2980492643248045,
        "adjusted_hits_at_1": -0.00021056216689364367,
        "adjusted_hits_at_10": 0.019487570552476574,
        "adjusted_hits_at_3": 0.003681116130030084,
        "adjusted_hits_at_5": 0.007576074950830888,
        "adjusted_inverse_harmonic_mean_rank": 0.006405079740913942,
        "arithmetic_mean_rank": 1668.030172413793,
        "count": 232.0,
        "geometric_mean_rank": 730.497120046674,
        "harmonic_mean_rank": 122.3077154467238,
        "hits_at_1": 0.0,
        "hits_at_10": 0.021551724137931036,
        "hits_at_3": 0.004310344827586207,
        "hits_at_5": 0.008620689655172414,
        "inverse_arithmetic_mean_rank": 0.0005995095391787236,
        "inverse_geometric_mean_rank": 0.001368930790495254,
        "inverse_harmonic_mean_rank": 0.008176099082118752,
        "inverse_median_rank": 0.0009578544061302681,
        "median_absolute_deviation": 1369.9244498991761,
        "median_rank": 1044.0,
        "standard_deviation": 1621.2218263693967,
        "variance": 2628360.210296522,
        "z_arithmetic_mean_rank": -1668.030172413793,
        "z_hits_at_1": 0.0,
        "z_hits_at_10": 0.021551724137931036,
        "z_hits_at_3": 0.004310344827586207,
        "z_hits_at_5": 0.008620689655172414,
        "z_inverse_harmonic_mean_rank": 0.008176099082118752
      },
      "realistic": {
        "adjusted_arithmetic_mean_rank": 0.7020761761603765,
        "adjusted_arithmetic_mean_rank_index": 0.29804927318707974,
        "adjusted_hits_at_1": -0.00021056216689364367,
        "adjusted_hits_at_10": 0.019487570552476574,
        "adjusted_hits_at_3": 0.003681116130030084,
        "adjusted_hits_at_5": 0.007576074950830888,
        "adjusted_inverse_harmonic_mean_rank": 0.00640508029724588,
        "arithmetic_mean_rank": 1668.0301513671875,
        "count": 232.0,
        "geometric_mean_rank": 730.4970092773438,
        "harmonic_mean_rank": 122.3077071392902,
        "hits_at_1": 0.0,
        "hits_at_10": 0.021551724137931036,
        "hits_at_3": 0.004310344827586207,
        "hits_at_5": 0.008620689655172414,
        "inverse_arithmetic_mean_rank": 0.0005995095707476139,
        "inverse_geometric_mean_rank": 0.0013689310289919376,
        "inverse_harmonic_mean_rank": 0.008176099637459064,
        "inverse_median_rank": 0.0009578543831594288,
        "median_absolute_deviation": 1369.9244498991761,
        "median_rank": 1044.0,
        "standard_deviation": 1621.2218017578125,
        "variance": 2628360.25,
        "z_arithmetic_mean_rank": -1668.0301513671875,
        "z_hits_at_1": 0.0,
        "z_hits_at_10": 0.021551724137931036,
        "z_hits_at_3": 0.004310344827586207,
        "z_hits_at_5": 0.008620689655172414,
        "z_inverse_harmonic_mean_rank": 0.008176099637459064
      }
    },
    "head": {
      "optimistic": {
        "adjusted_arithmetic_mean_rank": 0.6881172646013963,
        "adjusted_arithmetic_mean_rank_index": 0.31201532111020647,
        "adjusted_hits_at_1": -0.0002125647677931381,
        "adjusted_hits_at_10": 0.0324264752980661,
        "adjusted_hits_at_3": -0.0006379655213652322,
        "adjusted_hits_at_5": 0.007566131442994582,
        "adjusted_inverse_harmonic_mean_rank": 0.007973440021729264,
        "arithmetic_mean_rank": 1619.353448275862,
        "count": 116.0,
        "geometric_mean_rank": 632.502053214844,
        "harmonic_mean_rank": 102.4947343136777,
        "hits_at_1": 0.0,
        "hits_at_10": 0.034482758620689655,
        "hits_at_3": 0.0,
        "hits_at_5": 0.008620689655172414,
        "inverse_arithmetic_mean_rank": 0.0006175304107109585,
        "inverse_geometric_mean_rank": 0.0015810225356854722,
        "inverse_harmonic_mean_rank": 0.00975659878232937,
        "inverse_median_rank": 0.0011142061281337048,
        "median_absolute_deviation": 1241.6793579984417,
        "median_rank": 897.5,
        "standard_deviation": 1650.854586707632,
        "variance": 2725320.8664536267,
        "z_arithmetic_mean_rank": -1619.353448275862,
        "z_hits_at_1": 0.0,
        "z_hits_at_10": 0.034482758620689655,
        "z_hits_at_3": 0.0,
        "z_hits_at_5": 0.008620689655172414,
        "z_inverse_harmonic_mean_rank": 0.00975659878232937
      },
      "pessimistic": {
        "adjusted_arithmetic_mean_rank": 0.6881172646013963,
        "adjusted_arithmetic_mean_rank_index": 0.31201532111020647,
        "adjusted_hits_at_1": -0.0002125647677931381,
        "adjusted_hits_at_10": 0.0324264752980661,
        "adjusted_hits_at_3": -0.0006379655213652322,
        "adjusted_hits_at_5": 0.007566131442994582,
        "adjusted_inverse_harmonic_mean_rank": 0.007973440021729264,
        "arithmetic_mean_rank": 1619.353448275862,
        "count": 116.0,
        "geometric_mean_rank": 632.502053214844,
        "harmonic_mean_rank": 102.4947343136777,
        "hits_at_1": 0.0,
        "hits_at_10": 0.034482758620689655,
        "hits_at_3": 0.0,
        "hits_at_5": 0.008620689655172414,
        "inverse_arithmetic_mean_rank": 0.0006175304107109585,
        "inverse_geometric_mean_rank": 0.0015810225356854722,
        "inverse_harmonic_mean_rank": 0.00975659878232937,
        "inverse_median_rank": 0.0011142061281337048,
        "median_absolute_deviation": 1241.6793579984417,
        "median_rank": 897.5,
        "standard_deviation": 1650.854586707632,
        "variance": 2725320.8664536267,
        "z_arithmetic_mean_rank": -1619.353448275862,
        "z_hits_at_1": 0.0,
        "z_hits_at_10": 0.034482758620689655,