{
  "losses": [
    0.003921604621095131,
    0.0038575610082757436,
    0.0037918624465174433,
    0.003734382543425396,
    0.0036652264347436033,
    0.0035961975779032736,
    0.0035457537695698176,
    0.0034940451873683707,
    0.003433984590936774,
    0.0033849616142922327,
    0.0033212303756252914,
    0.0032528413791885133,
    0.0032098803970585545,
    0.0031452825806039075,
    0.003094239462126408,
    0.003034646705248063,
    0.002967279339100925,
    0.002932655205246081,
    0.0028474915997751234,
    0.002817284166148668,
    0.0027894680165833764,
    0.002693311775759698,
    0.002679057989728845,
    0.0026126334727668565,
    0.002596686855223328,
    0.0025635937647419975,
    0.0025257423271451266,
    0.00246150508988845,
    0.0024601195197630757,
    0.0024653706634757706
  ],
  "metrics": {
    "both": {
      "optimistic": {
        "adjusted_arithmetic_mean_rank": 1.1566760627391321,
        "adjusted_arithmetic_mean_rank_index": -0.15674206856630324,
        "adjusted_hits_at_1": 0.00410058401405765,
        "adjusted_hits_at_10": 0.0022087520307021045,
        "adjusted_hits_at_3": 0.003680797134799696,
        "adjusted_hits_at_5": 0.0032606562130905567,
        "adjusted_inverse_harmonic_mean_rank": 0.003813759416504505,
        "arithmetic_mean_rank": 2746.7241379310344,
        "count": 232.0,
        "geometric_mean_rank": 2025.7141971485225,
        "harmonic_mean_rank": 178.8851718295653,
        "hits_at_1": 0.004310344827586207,
        "hits_at_10": 0.004310344827586207,
        "hits_at_3": 0.004310344827586207,
        "hits_at_5": 0.004310344827586207,
        "inverse_arithmetic_mean_rank": 0.00036407005209967985,
        "inverse_geometric_mean_rank": 0.0004936530540229419,
        "inverse_harmonic_mean_rank": 0.005590178267837428,
        "inverse_median_rank": 0.0003348401138456387,
        "median_absolute_deviation": 1567.8518460696741,
        "median_rank": 2986.5,
        "standard_deviation": 1362.5093456573304,
        "variance": 1856431.717003567,
        "z_arithmetic_mean_rank": -2746.7241379310344,
        "z_hits_at_1": 0.004310344827586207,
        "z_hits_at_10": 0.004310344827586207,
        "z_hits_at_3": 0.004310344827586207,
        "z_hits_at_5": 0.004310344827586207,
        "z_inverse_harmonic_mean_rank": 0.005590178267837428
      },
      "pessimistic": {
        "adjusted_arithmetic_mean_rank": 1.156677877873246,
        "adjusted_arithmetic_mean_rank_index": -0.15674388446511212,
        "adjusted_hits_at_1": 0.00410058401405765,
        "adjusted_hits_at_10": 0.0022087520307021045,
        "adjusted_hits_at_3": 0.003680797134799696,
        "adjusted_hits_at_5": 0.0032606562130905567,
        "adjusted_inverse_harmonic_mean_rank": 0.003813758950338556,
        "arithmetic_mean_rank": 2746.728448275862,
        "count": 232.0,
        "geometric_mean_rank": 2025.7170660602937,
        "harmonic_mean_rank": 178.88518672023173,
        "hits_at_1": 0.004310344827586207,
        "hits_at_10": 0.004310344827586207,
        "hits_at_3": 0.004310344827586207,
        "hits_at_5": 0.004310344827586207,
        "inverse_arithmetic_mean_rank": 0.0003640694807772884,
        "inverse_geometric_mean_rank": 0.0004936523548892468,
        "inverse_harmonic_mean_rank": 0.005590177802502755,
        "inverse_median_rank": 0.0003348401138456387,
        "median_absolute_deviation": 1567.8518460696741,
        "median_rank": 2986.5,
        "standard_deviation": 1362.51028451076,
        "variance": 1856434.275397592,
        "z_arithmetic_mean_rank": -2746.728448275862,
        "z_hits_at_1": 0.004310344827586207,
        "z_hits_at_10": 0.004310344827586207,
        "z_hits_at_3": 0.004310344827586207,
        "z_hits_at_5": 0.004310344827586207,
        "z_inverse_harmonic_mean_rank": 0.005590177802502755
      },
      "realistic": {
        "adjusted_arithmetic_mean_rank": 1.1566769809417405,
        "adjusted_arithmetic_mean_rank_index": -0.15674298715573975,
        "adjusted_hits_at_1": 0.00410058401405765,
        "adjusted_hits_at_10": 0.0022087520307021045,
        "adjusted_hits_at_3": 0.003680797134799696,
        "adjusted_hits_at_5": 0.0032606562130905567,
        "adjusted_inverse_harmonic_mean_rank": 0.0038137589633950564,
        "arithmetic_mean_rank": 2746.726318359375,
        "count": 232.0,
        "geometric_mean_rank": 2025.7149658203125,
        "harmonic_mean_rank": 178.88518630316992,
        "hits_at_1": 0.004310344827586207,
        "hits_at_10": 0.004310344827586207,
        "hits_at_3": 0.004310344827586207,
        "hits_at_5": 0.004310344827586207,
        "inverse_arithmetic_mean_rank": 0.0003640697686932981,
        "inverse_geometric_mean_rank": 0.0004936528857797384,
        "inverse_harmonic_mean_rank": 0.005590177815535973,
        "inverse_median_rank": 0.00033484012237749994,
        "median_absolute_deviation": 1567.8518460696741,
        "median_rank": 2986.5,
        "standard_deviation": 1362.5098876953125,
        "variance": 1856433.125,
        "z_arithmetic_mean_rank": -2746.726318359375,
        "z_hits_at_1": 0.004310344827586207,
        "z_hits_at_10": 0.004310344827586207,
        "z_hits_at_3": 0.004310344827586207,
        "z_hits_at_5": 0.004310344827586207,
        "z_inverse_harmonic_mean_rank": 0.005590177815535973
      }
    },
    "head": {
      "optimistic": {
        "adjusted_arithmetic_mean_rank": 1.2531728309801244,
        "adjusted_arithmetic_mean_rank_index": -0.2532805660807733,
        "adjusted_hits_at_1": 0.008409746892259286,
        "adjusted_hits_at_10": 0.006507214735454836,
        "adjusted_hits_at_3": 0.007987591949111292,
        "adjusted_hits_at_5": 0.007565077400369949,
        "adjusted_inverse_harmonic_mean_rank": 0.008415778171143773,
        "arithmetic_mean_rank": 2946.155172413793,
        "count": 116.0,
        "geometric_mean_rank": 2060.522900412986,
        "harmonic_mean_rank": 98.041947906496,
        "hits_at_1": 0.008620689655172414,
        "hits_at_10": 0.008620689655172414,
        "hits_at_3": 0.008620689655172414,
        "hits_at_5": 0.008620689655172414,
        "inverse_arithmetic_mean_rank": 0.00033942543466938205,
        "inverse_geometric_mean_rank": 0.0004853137035262128,
        "inverse_harmonic_mean_rank": 0.010199715747729881,
        "inverse_median_rank": 0.00030211480362537764,
        "median_absolute_deviation": 1604.1756004230613,
        "median_rank": 3310.0,
        "standard_deviation": 1432.1078725711072,
        "variance": 2050932.9586801429,
        "z_arithmetic_mean_rank": -2946.155172413793,
        "z_hits_at_1": 0.008620689655172414,
        "z_hits_at_10": 0.008620689655172414,
        "z_hits_at_3": 0.008620689655172414,
        "z_hits_at_5": 0.008620689655172414,
        "z_inverse_harmonic_mean_rank": 0.010199715747729881
      },
      "pessimistic": {
        "adjusted_arithmetic_mean_rank": 1.2531728309801244,
        "adjusted_arithmetic_mean_rank_index": -0.2532805660807733,
        "adjusted_hits_at_1": 0.008409746892259286,
        "adjusted_hits_at_10": 0.006507214735454836,
        "adjusted_hits_at_3": 0.007987591949111292,
        "adjusted_hits_at_5": 0.007565077400369949,
        "adjusted_inverse_harmonic_mean_rank": 0.008415778171143773,
        "arithmetic_mean_rank": 2946.155172413793,
        "count": 116.0,
        "geometric_mean_rank": 2060.522900412986,
        "harmonic_mean_rank": 98.041947906496,
        "hits_at_1": 0.008620689655172414,
        "hits_at_10": 0.008620689655172414,
        "hits_at_3": 0.008620689655172414,
        "hits_at_5": 0.008620689655172414,
        "inverse_arithmetic_mean_rank": 0.00033942543466938205,
        "inverse_geometric_mean_rank": 0.0004853137035262128,
        "inverse_harmonic_mean_rank": 0.010199715747729881,
        "inverse_median_rank": 0.00030211480362537764,
        "median_absolute_deviation": 1604.1756004230613,
        "median_rank": 3310.0,