{
  "losses": [
    0.05835009629407149,
    0.03606854308894525,
    0.026941946002203516,
    0.021818494403242353,
    0.01828260111827447,
    0.015705270656914058,
    0.013716335103035146,
    0.012094609314156946,
    0.010837693421512216,
    0.009684736416588475,
    0.008870141038434504,
    0.008187066373405136,
    0.007308609169237973,
    0.006825358111789001,
    0.006052144169340679,
    0.005531854424431528,
    0.0050909616926924075,
    0.00470239088826995,
    0.004246368777155194,
    0.003924263140486131,
    0.003600093447496414,
    0.0032687089463456784,
    0.003102161727621716,
    0.0028363856613819126,
    0.0026334688344796546,
    0.0023767996603419614,
    0.0022835228739140384,
    0.002089586206088834,
    0.0019227327743816588,
    0.001743286106645483
  ],
  "metrics": {
    "both": {
      "optimistic": {
        "adjusted_arithmetic_mean_rank": 1.132315147796533,
        "adjusted_arithmetic_mean_rank_index": -0.13237089064981178,
        "adjusted_hits_at_1": -0.00021066886899837758,
        "adjusted_hits_at_10": -0.002110690601199618,
        "adjusted_hits_at_3": -0.0006322730074738982,
        "adjusted_hits_at_5": -0.0010542327210519083,
        "adjusted_inverse_harmonic_mean_rank": -0.0005158832932356452,
        "arithmetic_mean_rank": 2688.875,
        "count": 232.0,
        "geometric_mean_rank": 2111.1889515753887,
        "harmonic_mean_rank": 788.4841810089563,
        "hits_at_1": 0.0,
        "hits_at_10": 0.0,
        "hits_at_3": 0.0,
        "hits_at_5": 0.0,
        "inverse_arithmetic_mean_rank": 0.00037190274743154663,
        "inverse_geometric_mean_rank": 0.0004736667455813421,
        "inverse_harmonic_mean_rank": 0.0012682562619333528,
        "inverse_median_rank": 0.00032441200324412003,
        "median_absolute_deviation": 956.2784309361133,
        "median_rank": 3082.5,
        "standard_deviation": 1199.187601035988,
        "variance": 1438050.9024784483,
        "z_arithmetic_mean_rank": -2688.875,
        "z_hits_at_1": 0.0,
        "z_hits_at_10": 0.0,
        "z_hits_at_3": 0.0,
        "z_hits_at_5": 0.0,
        "z_inverse_harmonic_mean_rank": 0.0012682562619333528
      },
      "pessimistic": {
        "adjusted_arithmetic_mean_rank": 1.132315147796533,
        "adjusted_arithmetic_mean_rank_index": -0.13237089064981178,
        "adjusted_hits_at_1": -0.00021066886899837758,
        "adjusted_hits_at_10": -0.002110690601199618,
        "adjusted_hits_at_3": -0.0006322730074738982,
        "adjusted_hits_at_5": -0.0010542327210519083,
        "adjusted_inverse_harmonic_mean_rank": -0.0005158832932356452,
        "arithmetic_mean_rank": 2688.875,
        "count": 232.0,
        "geometric_mean_rank": 2111.1889515753887,
        "harmonic_mean_rank": 788.4841810089563,
        "hits_at_1": 0.0,
        "hits_at_10": 0.0,
        "hits_at_3": 0.0,
        "hits_at_5": 0.0,
        "inverse_arithmetic_mean_rank": 0.00037190274743154663,
        "inverse_geometric_mean_rank": 0.0004736667455813421,
        "inverse_harmonic_mean_rank": 0.0012682562619333528,
        "inverse_median_rank": 0.00032441200324412003,
        "median_absolute_deviation": 956.2784309361133,
        "median_rank": 3082.5,
        "standard_deviation": 1199.187601035988,
        "variance": 1438050.9024784483,
        "z_arithmetic_mean_rank": -2688.875,
        "z_hits_at_1": 0.0,
        "z_hits_at_10": 0.0,
        "z_hits_at_3": 0.0,
        "z_hits_at_5": 0.0,
        "z_inverse_harmonic_mean_rank": 0.0012682562619333528
      },
      "realistic": {
        "adjusted_arithmetic_mean_rank": 1.132315147796533,
        "adjusted_arithmetic_mean_rank_index": -0.13237089064981178,
        "adjusted_hits_at_1": -0.00021066886899837758,
        "adjusted_hits_at_10": -0.002110690601199618,
        "adjusted_hits_at_3": -0.0006322730074738982,
        "adjusted_hits_at_5": -0.0010542327210519083,
        "adjusted_inverse_harmonic_mean_rank": -0.0005158832278508223,
        "arithmetic_mean_rank": 2688.875,
        "count": 232.0,
        "geometric_mean_rank": 2111.189697265625,
        "harmonic_mean_rank": 788.4841404312247,
        "hits_at_1": 0.0,
        "hits_at_10": 0.0,
        "hits_at_3": 0.0,
        "hits_at_5": 0.0,
        "inverse_arithmetic_mean_rank": 0.00037190274451859295,
        "inverse_geometric_mean_rank": 0.00047366658691316843,
        "inverse_harmonic_mean_rank": 0.0012682563272015802,
        "inverse_median_rank": 0.00032441201619803905,
        "median_absolute_deviation": 956.2784309361133,
        "median_rank": 3082.5,
        "standard_deviation": 1199.1876220703125,
        "variance": 1438050.875,
        "z_arithmetic_mean_rank": -2688.875,
        "z_hits_at_1": 0.0,
        "z_hits_at_10": 0.0,
        "z_hits_at_3": 0.0,
        "z_hits_at_5": 0.0,
        "z_inverse_harmonic_mean_rank": 0.0012682563272015802
      }
    },
    "head": {
      "optimistic": {
        "adjusted_arithmetic_mean_rank": 0.8611717566685779,
        "adjusted_arithmetic_mean_rank_index": 0.13888732026598227,
        "adjusted_hits_at_1": -0.00021277704780802407,
        "adjusted_hits_at_10": -0.00213185296249773,
        "adjusted_hits_at_3": -0.0006386029035051311,
        "adjusted_hits_at_5": -0.0010647914918007462,
        "adjusted_inverse_harmonic_mean_rank": 0.00043117155461661196,
        "arithmetic_mean_rank": 2024.5775862068965,
        "count": 116.0,
        "geometric_mean_rank": 1347.1519874510327,
        "harmonic_mean_rank": 448.5362788331382,
        "hits_at_1": 0.0,
        "hits_at_10": 0.0,
        "hits_at_3": 0.0,
        "hits_at_5": 0.0,
        "inverse_arithmetic_mean_rank": 0.000493930194037922,
        "inverse_geometric_mean_rank": 0.0007423067399337142,
        "inverse_harmonic_mean_rank": 0.0022294740630601564,
        "inverse_median_rank": 0.0005196154845414394,
        "median_absolute_deviation": 1770.9683500049416,
        "median_rank": 1924.5,
        "standard_deviation": 1314.856961873525,
        "variance": 1728848.8301872765,
        "z_arithmetic_mean_rank": -2024.5775862068965,
        "z_hits_at_1": 0.0,
        "z_hits_at_10": 0.0,
        "z_hits_at_3": 0.0,
        "z_hits_at_5": 0.0,
        "z_inverse_harmonic_mean_rank": 0.0022294740630601564
      },
      "pessimistic": {
        "adjusted_arithmetic_mean_rank": 0.8611717566685779,
        "adjusted_arithmetic_mean_rank_index": 0.13888732026598227,
        "adjusted_hits_at_1": -0.00021277704780802407,
        "adjusted_hits_at_10": -0.00213185296249773,
        "adjusted_hits_at_3": -0.0006386029035051311,
        "adjusted_hits_at_5": -0.0010647914918007462,
        "adjusted_inverse_harmonic_mean_rank": 0.00043117155461661196,
        "arithmetic_mean_rank": 2024.5775862068965,
        "count": 116.0,
        "geometric_mean_rank": 1347.1519874510327,
        "harmonic_mean_rank": 448.5362788331382,
        "hits_at_1": 0.0,
        "hits_at_10": 0.0,
        "hits_at_3": 0.0,
        "hits_at_5": 0.0,
        "inverse_arithmetic_mean_rank": 0.000493930194037922,
        "inverse_geometric_mean_rank": 0.0007423067399337142,
        "inverse_harmonic_mean_rank": 0.0022294740630601564,
        "inverse_median_rank": 0.0005196154845414394,
        "median_absolute_deviation": 1770.9683500049416,
        "median_rank": 1924.5,
        "standard_deviation": 1314.856961873525,
        "variance": 1728848.8301872765,
        "z_arithmetic_mean_rank": -2024.5775862068965,
        "z_hits_at_1": 0.0,
        "z_hits_at_10": 0.0,
        "z_hits_at_3": 0.0,
        "z_hits_at_5": 0.0,
        "z_inverse_harmonic_mean_rank": 0.0022294740630601564
      },
      "realistic": {
        "adjusted_arithmetic_mean_rank": 0.861171778154236,
        "adjusted_arithmetic_mean_rank_index": 0.13888729877118122,
        "adjusted_hits_at_1": -0.00021277704780802407,
        "adjusted_hits_at_10": -0.00213185296249773,
        "adjusted_hits_at_3": -0.0006386029035051311,