{
  "losses": [
    0.00412109934574911,
    0.00393379469907655,
    0.0038466775577460834,
    0.0037791913018572166,
    0.003699955671108327,
    0.0036127155074570007,
    0.0034853786088265494,
    0.003372863375790887,
    0.0032505279642639014,
    0.003125100277696817,
    0.0030547352118934753,
    0.0029639762307166998,
    0.0029271339251401803,
    0.0028562939645985397,
    0.0028522295209630613,
    0.002835462146635178,
    0.0028123010799731268,
    0.002792222956836701,
    0.0027841205202264315,
    0.0027820639463513957,
    0.0027459238273653233,
    0.0027695733964762754,
    0.0027608967037073395,
    0.0027287202882131938,
    0.0027081958896158316,
    0.0027263957178382285,
    0.002701092205107352,
    0.002716239342724844,
    0.0026885155281182707,
    0.0027022812066469686
  ],
  "metrics": {
    "both": {
      "optimistic": {
        "adjusted_arithmetic_mean_rank": 0.6113048132401828,
        "adjusted_arithmetic_mean_rank_index": 0.3888588579859381,
        "adjusted_hits_at_1": -0.00021056216689364367,
        "adjusted_hits_at_10": 0.002209818491727263,
        "adjusted_hits_at_3": -0.0006319526313117773,
        "adjusted_hits_at_5": -0.0010536983104662341,
        "adjusted_inverse_harmonic_mean_rank": 0.001514732556003634,
        "arithmetic_mean_rank": 1452.3706896551723,
        "count": 232.0,
        "geometric_mean_rank": 899.2089695441479,
        "harmonic_mean_rank": 303.5390871525233,
        "hits_at_1": 0.0,
        "hits_at_10": 0.004310344827586207,
        "hits_at_3": 0.0,
        "hits_at_5": 0.0,
        "inverse_arithmetic_mean_rank": 0.0006885294554088144,
        "inverse_geometric_mean_rank": 0.0011120885510149526,
        "inverse_harmonic_mean_rank": 0.0032944686280140154,
        "inverse_median_rank": 0.0008,
        "median_absolute_deviation": 1312.1029633774576,
        "median_rank": 1250.0,
        "standard_deviation": 1134.030305273556,
        "variance": 1286024.7332788347,
        "z_arithmetic_mean_rank": -1452.3706896551723,
        "z_hits_at_1": 0.0,
        "z_hits_at_10": 0.004310344827586207,
        "z_hits_at_3": 0.0,
        "z_hits_at_5": 0.0,
        "z_inverse_harmonic_mean_rank": 0.0032944686280140154
      },
      "pessimistic": {
        "adjusted_arithmetic_mean_rank": 0.6113048132401828,
        "adjusted_arithmetic_mean_rank_index": 0.3888588579859381,
        "adjusted_hits_at_1": -0.00021056216689364367,
        "adjusted_hits_at_10": 0.002209818491727263,
        "adjusted_hits_at_3": -0.0006319526313117773,
        "adjusted_hits_at_5": -0.0010536983104662341,
        "adjusted_inverse_harmonic_mean_rank": 0.001514732556003634,
        "arithmetic_mean_rank": 1452.3706896551723,
        "count": 232.0,
        "geometric_mean_rank": 899.2089695441479,
        "harmonic_mean_rank": 303.5390871525233,
        "hits_at_1": 0.0,
        "hits_at_10": 0.004310344827586207,
        "hits_at_3": 0.0,
        "hits_at_5": 0.0,
        "inverse_arithmetic_mean_rank": 0.0006885294554088144,
        "inverse_geometric_mean_rank": 0.0011120885510149526,
        "inverse_harmonic_mean_rank": 0.0032944686280140154,
        "inverse_median_rank": 0.0008,
        "median_absolute_deviation": 1312.1029633774576,
        "median_rank": 1250.0,
        "standard_deviation": 1134.030305273556,
        "variance": 1286024.7332788347,
        "z_arithmetic_mean_rank": -1452.3706896551723,
        "z_hits_at_1": 0.0,
        "z_hits_at_10": 0.004310344827586207,
        "z_hits_at_3": 0.0,
        "z_hits_at_5": 0.0,
        "z_inverse_harmonic_mean_rank": 0.0032944686280140154
      },
      "realistic": {
        "adjusted_arithmetic_mean_rank": 0.6113048291855641,
        "adjusted_arithmetic_mean_rank_index": 0.3888588420338426,
        "adjusted_hits_at_1": -0.00021056216689364367,
        "adjusted_hits_at_10": 0.002209818491727263,
        "adjusted_hits_at_3": -0.0006319526313117773,
        "adjusted_hits_at_5": -0.0010536983104662341,
        "adjusted_inverse_harmonic_mean_rank": 0.001514732624887507,
        "arithmetic_mean_rank": 1452.3707275390625,
        "count": 232.0,
        "geometric_mean_rank": 899.2091064453125,
        "harmonic_mean_rank": 303.539080817153,
        "hits_at_1": 0.0,
        "hits_at_10": 0.004310344827586207,
        "hits_at_3": 0.0,
        "hits_at_5": 0.0,
        "inverse_arithmetic_mean_rank": 0.0006885294569656253,
        "inverse_geometric_mean_rank": 0.0011120883282274008,
        "inverse_harmonic_mean_rank": 0.0032944686967751073,
        "inverse_median_rank": 0.0007999999797903001,
        "median_absolute_deviation": 1312.1029633774576,
        "median_rank": 1250.0,
        "standard_deviation": 1134.0302734375,
        "variance": 1286024.75,
        "z_arithmetic_mean_rank": -1452.3707275390625,
        "z_hits_at_1": 0.0,
        "z_hits_at_10": 0.004310344827586207,
        "z_hits_at_3": 0.0,
        "z_hits_at_5": 0.0,
        "z_inverse_harmonic_mean_rank": 0.0032944686967751073
      }
    },
    "head": {
      "optimistic": {
        "adjusted_arithmetic_mean_rank": 0.5801402383755678,
        "adjusted_arithmetic_mean_rank_index": 0.42003824987963234,
        "adjusted_hits_at_1": -0.0002125647677931381,
        "adjusted_hits_at_10": 0.006509327314978582,
        "adjusted_hits_at_3": -0.0006379655213652322,
        "adjusted_hits_at_5": -0.0010637282835880741,
        "adjusted_inverse_harmonic_mean_rank": 0.003126339581205417,
        "arithmetic_mean_rank": 1365.25,
        "count": 116.0,
        "geometric_mean_rank": 718.6215361677961,
        "harmonic_mean_rank": 203.32596709182556,
        "hits_at_1": 0.0,
        "hits_at_10": 0.008620689655172414,
        "hits_at_3": 0.0,
        "hits_at_5": 0.0,
        "inverse_arithmetic_mean_rank": 0.0007324665812122322,
        "inverse_geometric_mean_rank": 0.0013915530632893568,
        "inverse_harmonic_mean_rank": 0.004918210960965859,
        "inverse_median_rank": 0.0012523481527864746,
        "median_absolute_deviation": 939.9698065325516,
        "median_rank": 798.5,
        "standard_deviation": 1283.7892583729595,
        "variance": 1648114.8599137932,
        "z_arithmetic_mean_rank": -1365.25,
        "z_hits_at_1": 0.0,
        "z_hits_at_10": 0.008620689655172414,
        "z_hits_at_3": 0.0,
        "z_hits_at_5": 0.0,
        "z_inverse_harmonic_mean_rank": 0.004918210960965859
      },
      "pessimistic": {
        "adjusted_arithmetic_mean_rank": 0.5801402383755678,
        "adjusted_arithmetic_mean_rank_index": 0.42003824987963234,
        "adjusted_hits_at_1": -0.0002125647677931381,
        "adjusted_hits_at_10": 0.006509327314978582,
        "adjusted_hits_at_3": -0.0006379655213652322,
        "adjusted_hits_at_5": -0.0010637282835880741,
        "adjusted_inverse_harmonic_mean_rank": 0.003126339581205417,
        "arithmetic_mean_rank": 1365.25,
        "count": 116.0,
        "geometric_mean_rank": 718.6215361677961,
        "harmonic_mean_rank": 203.32596709182556,
        "hits_at_1": 0.0,
        "hits_at_10": 0.008620689655172414,
        "hits_at_3": 0.0,
        "hits_at_5": 0.0,
        "inverse_arithmetic_mean_rank": 0.0007324665812122322,
        "inverse_geometric_mean_rank": 0.0013915530632893568,
        "inverse_harmonic_mean_rank": 0.004918210960965859,
        "inverse_median_rank": 0.0012523481527864746,
        "median_absolute_deviation": 939.9698065325516,
        "median_rank": 798.5,
        "standard_deviation": 1283.7892583729595,
        "variance": 1648114.8599137932,
        "z_arithmetic_mean_rank": -1365.25,
        "z_hits_at_1": 0.0,
        "z_hits_at_10": 0.008620689655172414,
        "z_hits_at_3": 0.0,
        "z_hits_at_5": 0.0,
        "z_inverse_harmonic_mean_rank": 0.004918210960965859
      },
      "realistic": {
        "adjusted_arithmetic_mean_rank": 0.5801402383755678,
        "adjusted_arithmetic_mean_rank_index": 0.42003824987963234,