{
  "losses": [
    0.06469652975537715,
    0.040541406520469433,
    0.030696533384438188,
    0.024636527902483503,
    0.02080403158771349,
    0.017616550935585413,
    0.015706234618462163,
    0.013864644328226018,
    0.012463372196009076,
    0.011025796182298174,
    0.009969137675062386,
    0.00928703163251997,
    0.008505702209459941,
    0.007684026715850983,
    0.007088960532259682,
    0.006506471345920689,
    0.005934139671552007,
    0.005458919884848456,
    0.005126629354286079,
    0.00468199255148432,
    0.00432824014496878,
    0.00404267079925054,
    0.0036500931485447356,
    0.0034135420372800648,
    0.003155173766486653,
    0.002955897248877612,
    0.0027152994626141033,
    0.002474857464558871,
    0.0022854780397465386,
    0.002138560799374341
  ],
  "metrics": {
    "both": {
      "optimistic": {
        "adjusted_arithmetic_mean_rank": 1.2355738032830654,
        "adjusted_arithmetic_mean_rank_index": -0.2356821396972466,
        "adjusted_hits_at_1": -0.00022997208989089375,
        "adjusted_hits_at_10": 0.0020157873611754465,
        "adjusted_hits_at_3": -0.0006902337386634684,
        "adjusted_hits_at_5": -0.0011509191665986212,
        "adjusted_inverse_harmonic_mean_rank": -0.00028499780058121894,
        "arithmetic_mean_rank": 2687.948275862069,
        "count": 232.0,
        "geometric_mean_rank": 2052.852455463679,
        "harmonic_mean_rank": 609.0200319055506,
        "hits_at_1": 0.0,
        "hits_at_10": 0.004310344827586207,
        "hits_at_3": 0.0,
        "hits_at_5": 0.0,
        "inverse_arithmetic_mean_rank": 0.0003720309683709534,
        "inverse_geometric_mean_rank": 0.0004871270691366514,
        "inverse_harmonic_mean_rank": 0.0016419821148922146,
        "inverse_median_rank": 0.00031099362463069506,
        "median_absolute_deviation": 912.5416654901979,
        "median_rank": 3215.5,
        "standard_deviation": 1240.3640444812381,
        "variance": 1538502.9628418551,
        "z_arithmetic_mean_rank": -2687.948275862069,
        "z_hits_at_1": 0.0,
        "z_hits_at_10": 0.004310344827586207,
        "z_hits_at_3": 0.0,
        "z_hits_at_5": 0.0,
        "z_inverse_harmonic_mean_rank": 0.0016419821148922146
      },
      "pessimistic": {
        "adjusted_arithmetic_mean_rank": 1.2355738032830654,
        "adjusted_arithmetic_mean_rank_index": -0.2356821396972466,
        "adjusted_hits_at_1": -0.00022997208989089375,
        "adjusted_hits_at_10": 0.0020157873611754465,
        "adjusted_hits_at_3": -0.0006902337386634684,
        "adjusted_hits_at_5": -0.0011509191665986212,
        "adjusted_inverse_harmonic_mean_rank": -0.00028499780058121894,
        "arithmetic_mean_rank": 2687.948275862069,
        "count": 232.0,
        "geometric_mean_rank": 2052.852455463679,
        "harmonic_mean_rank": 609.0200319055506,
        "hits_at_1": 0.0,
        "hits_at_10": 0.004310344827586207,
        "hits_at_3": 0.0,
        "hits_at_5": 0.0,
        "inverse_arithmetic_mean_rank": 0.0003720309683709534,
        "inverse_geometric_mean_rank": 0.0004871270691366514,
        "inverse_harmonic_mean_rank": 0.0016419821148922146,
        "inverse_median_rank": 0.00031099362463069506,
        "median_absolute_deviation": 912.5416654901979,
        "median_rank": 3215.5,
        "standard_deviation": 1240.3640444812381,
        "variance": 1538502.9628418551,
        "z_arithmetic_mean_rank": -2687.948275862069,
        "z_hits_at_1": 0.0,
        "z_hits_at_10": 0.004310344827586207,
        "z_hits_at_3": 0.0,
        "z_hits_at_5": 0.0,
        "z_inverse_harmonic_mean_rank": 0.0016419821148922146
      },
      "realistic": {
        "adjusted_arithmetic_mean_rank": 1.2355737878038184,
        "adjusted_arithmetic_mean_rank_index": -0.23568212421088108,
        "adjusted_hits_at_1": -0.00022997208989089375,
        "adjusted_hits_at_10": 0.0020157873611754465,
        "adjusted_hits_at_3": -0.0006902337386634684,
        "adjusted_hits_at_5": -0.0011509191665986212,
        "adjusted_inverse_harmonic_mean_rank": -0.00028499784110992845,
        "arithmetic_mean_rank": 2687.9482421875,
        "count": 232.0,
        "geometric_mean_rank": 2052.8525390625,
        "harmonic_mean_rank": 609.0200469089094,
        "hits_at_1": 0.0,
        "hits_at_10": 0.004310344827586207,
        "hits_at_3": 0.0,
        "hits_at_5": 0.0,
        "inverse_arithmetic_mean_rank": 0.0003720309759955853,
        "inverse_geometric_mean_rank": 0.00048712705029174685,
        "inverse_harmonic_mean_rank": 0.0016419820744415809,
        "inverse_median_rank": 0.00031099363695830107,
        "median_absolute_deviation": 912.5416654901979,
        "median_rank": 3215.5,
        "standard_deviation": 1240.364013671875,
        "variance": 1538502.875,
        "z_arithmetic_mean_rank": -2687.9482421875,
        "z_hits_at_1": 0.0,
        "z_hits_at_10": 0.004310344827586207,
        "z_hits_at_3": 0.0,
        "z_hits_at_5": 0.0,
        "z_inverse_harmonic_mean_rank": 0.0016419820744415809
      }
    },
    "head": {
      "optimistic": {
        "adjusted_arithmetic_mean_rank": 0.8779510557045075,
        "adjusted_arithmetic_mean_rank_index": 0.12210567052974353,
        "adjusted_hits_at_1": -0.0002324012996594279,
        "adjusted_hits_at_10": 0.006311882124539318,
        "adjusted_hits_at_3": -0.0006975281118577733,
        "adjusted_hits_at_5": -0.0011630877106794588,
        "adjusted_inverse_harmonic_mean_rank": 0.0010483774195207548,
        "arithmetic_mean_rank": 1889.8275862068965,
        "count": 116.0,
        "geometric_mean_rank": 1220.1819151165132,
        "harmonic_mean_rank": 334.35517105376425,
        "hits_at_1": 0.0,
        "hits_at_10": 0.008620689655172414,
        "hits_at_3": 0.0,
        "hits_at_5": 0.0,
        "inverse_arithmetic_mean_rank": 0.0005291488002919442,
        "inverse_geometric_mean_rank": 0.0008195499274421811,
        "inverse_harmonic_mean_rank": 0.002990831566469777,
        "inverse_median_rank": 0.0005235602094240838,
        "median_absolute_deviation": 1677.5644102390886,
        "median_rank": 1910.0,
        "standard_deviation": 1272.5091238468524,
        "variance": 1619279.4702734838,
        "z_arithmetic_mean_rank": -1889.8275862068965,
        "z_hits_at_1": 0.0,
        "z_hits_at_10": 0.008620689655172414,
        "z_hits_at_3": 0.0,
        "z_hits_at_5": 0.0,
        "z_inverse_harmonic_mean_rank": 0.002990831566469777
      },
      "pessimistic": {
        "adjusted_arithmetic_mean_rank": 0.8779510557045075,
        "adjusted_arithmetic_mean_rank_index": 0.12210567052974353,
        "adjusted_hits_at_1": -0.0002324012996594279,
        "adjusted_hits_at_10": 0.006311882124539318,
        "adjusted_hits_at_3": -0.0006975281118577733,
        "adjusted_hits_at_5": -0.0011630877106794588,
        "adjusted_inverse_harmonic_mean_rank": 0.0010483774195207548,
        "arithmetic_mean_rank": 1889.8275862068965,
        "count": 116.0,
        "geometric_mean_rank": 1220.1819151165132,
        "harmonic_mean_rank": 334.35517105376425,
        "hits_at_1": 0.0,
        "hits_at_10": 0.008620689655172414,
        "hits_at_3": 0.0,
        "hits_at_5": 0.0,
        "inverse_arithmetic_mean_rank": 0.0005291488002919442,
        "inverse_geometric_mean_rank": 0.0008195499274421811,
        "inverse_harmonic_mean_rank": 0.002990831566469777,
        "inverse_median_rank": 0.0005235602094240838,
        "median_absolute_deviation": 1677.5644102390886,
        "median_rank": 1910.0,
        "standard_deviation": 1272.5091238468524,
        "variance": 1619279.4702734838,
        "z_arithmetic_mean_rank": -1889.8275862068965,
        "z_hits_at_1": 0.0,
        "z_hits_at_10": 0.008620689655172414,
        "z_hits_at_3": 0.0,
        "z_hits_at_5": 0.0,
        "z_inverse_harmonic_mean_rank": 0.002990831566469777
      },
      "realistic": {
        "adjusted_arithmetic_mean_rank": 0.877951079170635,