{
  "losses": [
    0.003127108535223155,
    0.0025423388331491225,
    0.002376962502270849,
    0.0023158254533508847,
    0.0022497419082761552,
    0.0022272295416439093,
    0.002182988914105772,
    0.0021572980735109666,
    0.0021175445005783265,
    0.0020448134703906456,
    0.001955171800738293,
    0.001807392537539985,
    0.00160181730973075,
    0.0013882469559324756,
    0.00124553915273209,
    0.0011241934508216301,
    0.0010434532246670948,
    0.0009911395077547118,
    0.0009153800690061363,
    0.0009085417106190214,
    0.0008726683395625985,
    0.0008387030944659921,
    0.0008025106163127158,
    0.0007774947845866167,
    0.0007779387190904784,
    0.0007424968264561218,
    0.000748178638950054,
    0.000743495527394356,
    0.0007295165892918636,
    0.000697434681861144
  ],
  "metrics": {
    "both": {
      "optimistic": {
        "adjusted_arithmetic_mean_rank": 0.3475157648795282,
        "adjusted_arithmetic_mean_rank_index": 0.6527589822704866,
        "adjusted_hits_at_1": -0.00021056216689364367,
        "adjusted_hits_at_10": -0.002109619523460065,
        "adjusted_hits_at_3": -0.0006319526313117773,
        "adjusted_hits_at_5": -0.0010536983104662341,
        "adjusted_inverse_harmonic_mean_rank": 0.003183777889878724,
        "arithmetic_mean_rank": 825.6465517241379,
        "count": 232.0,
        "geometric_mean_rank": 417.5545010178552,
        "harmonic_mean_rank": 201.59099664824214,
        "hits_at_1": 0.0,
        "hits_at_10": 0.0,
        "hits_at_3": 0.0,
        "hits_at_5": 0.0,
        "inverse_arithmetic_mean_rank": 0.0012111720177499347,
        "inverse_geometric_mean_rank": 0.0023948969477333897,
        "inverse_harmonic_mean_rank": 0.00496053899542403,
        "inverse_median_rank": 0.002066115702479339,
        "median_absolute_deviation": 551.5280252840839,
        "median_rank": 484.0,
        "standard_deviation": 944.082424936677,
        "variance": 891291.6250743162,
        "z_arithmetic_mean_rank": -825.6465517241379,
        "z_hits_at_1": 0.0,
        "z_hits_at_10": 0.0,
        "z_hits_at_3": 0.0,
        "z_hits_at_5": 0.0,
        "z_inverse_harmonic_mean_rank": 0.00496053899542403
      },
      "pessimistic": {
        "adjusted_arithmetic_mean_rank": 0.3475157648795282,
        "adjusted_arithmetic_mean_rank_index": 0.6527589822704866,
        "adjusted_hits_at_1": -0.00021056216689364367,
        "adjusted_hits_at_10": -0.002109619523460065,
        "adjusted_hits_at_3": -0.0006319526313117773,
        "adjusted_hits_at_5": -0.0010536983104662341,
        "adjusted_inverse_harmonic_mean_rank": 0.003183777889878724,
        "arithmetic_mean_rank": 825.6465517241379,
        "count": 232.0,
        "geometric_mean_rank": 417.5545010178552,
        "harmonic_mean_rank": 201.59099664824214,
        "hits_at_1": 0.0,
        "hits_at_10": 0.0,
        "hits_at_3": 0.0,
        "hits_at_5": 0.0,
        "inverse_arithmetic_mean_rank": 0.0012111720177499347,
        "inverse_geometric_mean_rank": 0.0023948969477333897,
        "inverse_harmonic_mean_rank": 0.00496053899542403,
        "inverse_median_rank": 0.002066115702479339,
        "median_absolute_deviation": 551.5280252840839,
        "median_rank": 484.0,
        "standard_deviation": 944.082424936677,
        "variance": 891291.6250743162,
        "z_arithmetic_mean_rank": -825.6465517241379,
        "z_hits_at_1": 0.0,
        "z_hits_at_10": 0.0,
        "z_hits_at_3": 0.0,
        "z_hits_at_5": 0.0,
        "z_inverse_harmonic_mean_rank": 0.00496053899542403
      },
      "realistic": {
        "adjusted_arithmetic_mean_rank": 0.3475157622219646,
        "adjusted_arithmetic_mean_rank_index": 0.6527589849291692,
        "adjusted_hits_at_1": -0.00021056216689364367,
        "adjusted_hits_at_10": -0.002109619523460065,
        "adjusted_hits_at_3": -0.0006319526313117773,
        "adjusted_hits_at_5": -0.0010536983104662341,
        "adjusted_inverse_harmonic_mean_rank": 0.003183777906604194,
        "arithmetic_mean_rank": 825.6465454101562,
        "count": 232.0,
        "geometric_mean_rank": 417.5543518066406,
        "harmonic_mean_rank": 201.59099596974846,
        "hits_at_1": 0.0,
        "hits_at_10": 0.0,
        "hits_at_3": 0.0,
        "hits_at_5": 0.0,
        "inverse_arithmetic_mean_rank": 0.0012111719697713852,
        "inverse_geometric_mean_rank": 0.0023948978632688522,
        "inverse_harmonic_mean_rank": 0.004960539012119688,
        "inverse_median_rank": 0.00206611561588943,
        "median_absolute_deviation": 551.5280252840839,
        "median_rank": 484.0,
        "standard_deviation": 944.08251953125,
        "variance": 891291.75,
        "z_arithmetic_mean_rank": -825.6465454101562,
        "z_hits_at_1": 0.0,
        "z_hits_at_10": 0.0,
        "z_hits_at_3": 0.0,
        "z_hits_at_5": 0.0,
        "z_inverse_harmonic_mean_rank": 0.004960539012119688
      }
    },
    "head": {
      "optimistic": {
        "adjusted_arithmetic_mean_rank": 0.5863310775098347,
        "adjusted_arithmetic_mean_rank_index": 0.41384477893308835,
        "adjusted_hits_at_1": -0.0002125647677931381,
        "adjusted_hits_at_10": -0.0021297220127172553,
        "adjusted_hits_at_3": -0.0006379655213652322,
        "adjusted_hits_at_5": -0.0010637282835880741,
        "adjusted_inverse_harmonic_mean_rank": 0.0008813849786928322,
        "arithmetic_mean_rank": 1379.8189655172414,
        "count": 116.0,
        "geometric_mean_rank": 910.4190053531521,
        "harmonic_mean_rank": 373.51179212426865,
        "hits_at_1": 0.0,
        "hits_at_10": 0.0,
        "hits_at_3": 0.0,
        "hits_at_5": 0.0,
        "inverse_arithmetic_mean_rank": 0.0007247327547966687,
        "inverse_geometric_mean_rank": 0.0010983953477685798,
        "inverse_harmonic_mean_rank": 0.00267729164402739,
        "inverse_median_rank": 0.0010498687664041995,
        "median_absolute_deviation": 993.3434863987533,
        "median_rank": 952.5,
        "standard_deviation": 1055.174447083628,
        "variance": 1113393.11377824,
        "z_arithmetic_mean_rank": -1379.8189655172414,
        "z_hits_at_1": 0.0,
        "z_hits_at_10": 0.0,
        "z_hits_at_3": 0.0,
        "z_hits_at_5": 0.0,
        "z_inverse_harmonic_mean_rank": 0.00267729164402739
      },
      "pessimistic": {
        "adjusted_arithmetic_mean_rank": 0.5863310775098347,
        "adjusted_arithmetic_mean_rank_index": 0.41384477893308835,
        "adjusted_hits_at_1": -0.0002125647677931381,
        "adjusted_hits_at_10": -0.0021297220127172553,
        "adjusted_hits_at_3": -0.0006379655213652322,
        "adjusted_hits_at_5": -0.0010637282835880741,
        "adjusted_inverse_harmonic_mean_rank": 0.0008813849786928322,
        "arithmetic_mean_rank": 1379.8189655172414,
        "count": 116.0,
        "geometric_mean_rank": 910.4190053531521,
        "harmonic_mean_rank": 373.51179212426865,
        "hits_at_1": 0.0,
        "hits_at_10": 0.0,
        "hits_at_3": 0.0,
        "hits_at_5": 0.0,
        "inverse_arithmetic_mean_rank": 0.0007247327547966687,
        "inverse_geometric_mean_rank": 0.0010983953477685798,
        "inverse_harmonic_mean_rank": 0.00267729164402739,
        "inverse_median_rank": 0.0010498687664041995,
        "median_absolute_deviation": 993.3434863987533,
        "median_rank": 952.5,
        "standard_deviation": 1055.174447083628,
        "variance": 1113393.11377824,
        "z_arithmetic_mean_rank": -1379.8189655172414,
        "z_hits_at_1": 0.0,
        "z_hits_at_10": 0.0,
        "z_hits_at_3": 0.0,
        "z_hits_at_5": 0.0,
        "z_inverse_harmonic_mean_rank": 0.00267729164402739
      },
      "realistic": {
        "adjusted_arithmetic_mean_rank": 0.5863310792985156,
        "adjusted_arithmetic_mean_rank_index": 0.4138447771436471,
        "adjusted_hits_at_1": -0.0002125647677931381,
        "adjusted_hits_at_10": -0.0021297220127172553,
        "adjusted_hits_at_3": -0.0006379655213652322,