{
  "losses": [
    0.004517298723473468,
    0.004270767595011285,
    0.004105438479470631,
    0.003946454570608277,
    0.0038105737296003283,
    0.003720447811458311,
    0.0036266927647277537,
    0.0035421513977086385,
    0.003424233547425828,
    0.0033332971118067226,
    0.003276493567465528,
    0.003208743787655774,
    0.0031283770543036084,
    0.0030650688516212364,
    0.003001607181183394,
    0.0029435010522486774,
    0.0029032599782158586,
    0.002853255730121583,
    0.0028375221740308664,
    0.002779159933064399,
    0.0027458319726939772,
    0.0027113476003633244,
    0.0026430845475182534,
    0.0026094335435621024,
    0.0026227170749868,
    0.0025494580872495462,
    0.002547158339716388,
    0.002551178993062094,
    0.002529678420379681,
    0.0024761303918583062
  ],
  "metrics": {
    "both": {
      "optimistic": {
        "adjusted_arithmetic_mean_rank": 1.252510590506502,
        "adjusted_arithmetic_mean_rank_index": -0.25262675835682935,
        "adjusted_hits_at_1": -0.00023005774985504658,
        "adjusted_hits_at_10": -0.0023053507728533285,
        "adjusted_hits_at_3": -0.0006904909551560167,
        "adjusted_hits_at_5": -0.001151348255631193,
        "adjusted_inverse_harmonic_mean_rank": -0.00035259094140021035,
        "arithmetic_mean_rank": 2723.7974137931033,
        "count": 232.0,
        "geometric_mean_rank": 2150.0490195754446,
        "harmonic_mean_rank": 634.8641195108722,
        "hits_at_1": 0.0,
        "hits_at_10": 0.0,
        "hits_at_3": 0.0,
        "hits_at_5": 0.0,
        "inverse_arithmetic_mean_rank": 0.00036713449940736266,
        "inverse_geometric_mean_rank": 0.0004651056747522264,
        "inverse_harmonic_mean_rank": 0.0015751402060183285,
        "inverse_median_rank": 0.00035075412136092597,
        "median_absolute_deviation": 1429.9698397486532,
        "median_rank": 2851.0,
        "standard_deviation": 1235.3650610078096,
        "variance": 1526126.8339588288,
        "z_arithmetic_mean_rank": -2723.7974137931033,
        "z_hits_at_1": 0.0,
        "z_hits_at_10": 0.0,
        "z_hits_at_3": 0.0,
        "z_hits_at_5": 0.0,
        "z_inverse_harmonic_mean_rank": 0.0015751402060183285
      },
      "pessimistic": {
        "adjusted_arithmetic_mean_rank": 1.252510590506502,
        "adjusted_arithmetic_mean_rank_index": -0.25262675835682935,
        "adjusted_hits_at_1": -0.00023005774985504658,
        "adjusted_hits_at_10": -0.0023053507728533285,
        "adjusted_hits_at_3": -0.0006904909551560167,
        "adjusted_hits_at_5": -0.001151348255631193,
        "adjusted_inverse_harmonic_mean_rank": -0.00035259094140021035,
        "arithmetic_mean_rank": 2723.7974137931033,
        "count": 232.0,
        "geometric_mean_rank": 2150.0490195754446,
        "harmonic_mean_rank": 634.8641195108722,
        "hits_at_1": 0.0,
        "hits_at_10": 0.0,
        "hits_at_3": 0.0,
        "hits_at_5": 0.0,
        "inverse_arithmetic_mean_rank": 0.00036713449940736266,
        "inverse_geometric_mean_rank": 0.0004651056747522264,
        "inverse_harmonic_mean_rank": 0.0015751402060183285,
        "inverse_median_rank": 0.00035075412136092597,
        "median_absolute_deviation": 1429.9698397486532,
        "median_rank": 2851.0,
        "standard_deviation": 1235.3650610078096,
        "variance": 1526126.8339588288,
        "z_arithmetic_mean_rank": -2723.7974137931033,
        "z_hits_at_1": 0.0,
        "z_hits_at_10": 0.0,
        "z_hits_at_3": 0.0,
        "z_hits_at_5": 0.0,
        "z_inverse_harmonic_mean_rank": 0.0015751402060183285
      },
      "realistic": {
        "adjusted_arithmetic_mean_rank": 1.252510567279139,
        "adjusted_arithmetic_mean_rank_index": -0.25262673511878053,
        "adjusted_hits_at_1": -0.00023005774985504658,
        "adjusted_hits_at_10": -0.0023053507728533285,
        "adjusted_hits_at_3": -0.0006904909551560167,
        "adjusted_hits_at_5": -0.001151348255631193,
        "adjusted_inverse_harmonic_mean_rank": -0.0003525908004059813,
        "arithmetic_mean_rank": 2723.79736328125,
        "count": 232.0,
        "geometric_mean_rank": 2150.0478515625,
        "harmonic_mean_rank": 634.8640627923185,
        "hits_at_1": 0.0,
        "hits_at_10": 0.0,
        "hits_at_3": 0.0,
        "hits_at_5": 0.0,
        "inverse_arithmetic_mean_rank": 0.000367134518455714,
        "inverse_geometric_mean_rank": 0.00046510592801496387,
        "inverse_harmonic_mean_rank": 0.0015751403467408544,
        "inverse_median_rank": 0.0003507541259750724,
        "median_absolute_deviation": 1429.9698397486532,
        "median_rank": 2851.0,
        "standard_deviation": 1235.3651123046875,
        "variance": 1526126.875,
        "z_arithmetic_mean_rank": -2723.79736328125,
        "z_hits_at_1": 0.0,
        "z_hits_at_10": 0.0,
        "z_hits_at_3": 0.0,
        "z_hits_at_5": 0.0,
        "z_inverse_harmonic_mean_rank": 0.0015751403467408544
      }
    },
    "head": {
      "optimistic": {
        "adjusted_arithmetic_mean_rank": 0.9890746803011177,
        "adjusted_arithmetic_mean_rank_index": 0.010930401345064511,
        "adjusted_hits_at_1": -0.00023257217403122084,
        "adjusted_hits_at_10": -0.0023306000347641494,
        "adjusted_hits_at_3": -0.0006980412120181476,
        "adjusted_hits_at_5": -0.0011639436737987652,
        "adjusted_inverse_harmonic_mean_rank": 0.0008411325250177655,
        "arithmetic_mean_rank": 2127.456896551724,
        "count": 116.0,
        "geometric_mean_rank": 1476.5832135225676,
        "harmonic_mean_rank": 359.0339517983755,
        "hits_at_1": 0.0,
        "hits_at_10": 0.0,
        "hits_at_3": 0.0,
        "hits_at_5": 0.0,
        "inverse_arithmetic_mean_rank": 0.0004700447758170067,
        "inverse_geometric_mean_rank": 0.0006772391767981564,
        "inverse_harmonic_mean_rank": 0.0027852519099964535,
        "inverse_median_rank": 0.0004278990158322636,
        "median_absolute_deviation": 1536.7171994810565,
        "median_rank": 2337.0,
        "standard_deviation": 1243.7825677055855,
        "variance": 1546995.0757282996,
        "z_arithmetic_mean_rank": -2127.456896551724,
        "z_hits_at_1": 0.0,
        "z_hits_at_10": 0.0,
        "z_hits_at_3": 0.0,
        "z_hits_at_5": 0.0,
        "z_inverse_harmonic_mean_rank": 0.0027852519099964535
      },
      "pessimistic": {
        "adjusted_arithmetic_mean_rank": 0.9890746803011177,
        "adjusted_arithmetic_mean_rank_index": 0.010930401345064511,
        "adjusted_hits_at_1": -0.00023257217403122084,
        "adjusted_hits_at_10": -0.0023306000347641494,
        "adjusted_hits_at_3": -0.0006980412120181476,
        "adjusted_hits_at_5": -0.0011639436737987652,
        "adjusted_inverse_harmonic_mean_rank": 0.0008411325250177655,
        "arithmetic_mean_rank": 2127.456896551724,
        "count": 116.0,
        "geometric_mean_rank": 1476.5832135225676,
        "harmonic_mean_rank": 359.0339517983755,
        "hits_at_1": 0.0,
        "hits_at_10": 0.0,
        "hits_at_3": 0.0,
        "hits_at_5": 0.0,
        "inverse_arithmetic_mean_rank": 0.0004700447758170067,
        "inverse_geometric_mean_rank": 0.0006772391767981564,
        "inverse_harmonic_mean_rank": 0.0027852519099964535,
        "inverse_median_rank": 0.0004278990158322636,
        "median_absolute_deviation": 1536.7171994810565,
        "median_rank": 2337.0,
        "standard_deviation": 1243.7825677055855,
        "variance": 1546995.0757282996,
        "z_arithmetic_mean_rank": -2127.456896551724,
        "z_hits_at_1": 0.0,
        "z_hits_at_10": 0.0,
        "z_hits_at_3": 0.0,
        "z_hits_at_5": 0.0,
        "z_inverse_harmonic_mean_rank": 0.0027852519099964535
      },
      "realistic": {
        "adjusted_arithmetic_mean_rank": 0.9890746294203422,
        "adjusted_arithmetic_mean_rank_index": 0.01093045224950584,
        "adjusted_hits_at_1": -0.00023257217403122084,
        "adjusted_hits_at_10": -0.0023306000347641494,