{
  "losses": [
    0.004031893174081363,
    0.004000429542579139,
    0.003977540985487849,
    0.003959916900073788,
    0.003946076456002177,
    0.0039377541599587736,
    0.003934803016821024,
    0.00393352089909806,
    0.003932382685209495,
    0.003931712535260304,
    0.003930199214612855,
    0.003928479620015079,
    0.003925553918417259,
    0.00392162010324978,
    0.003915273688664541,
    0.003907321886288056,
    0.003898349748230896,
    0.003888876455941603,
    0.0038752599117255404,
    0.003861638853751964,
    0.003845755401972683,
    0.0038312982498872328,
    0.0038188740767031446,
    0.0038023874462624328,
    0.003783009134287135,
    0.003765328257379989,
    0.0037452071104500423,
    0.0037216601526885817,
    0.0036915124205698707,
    0.0036572980313338914
  ],
  "metrics": {
    "both": {
      "optimistic": {
        "adjusted_arithmetic_mean_rank": 0.9336785201072793,
        "adjusted_arithmetic_mean_rank_index": 0.06635199686866267,
        "adjusted_hits_at_1": -0.00023010141548593596,
        "adjusted_hits_at_10": 0.0063347779054707155,
        "adjusted_hits_at_3": -0.0006906220726907919,
        "adjusted_hits_at_5": 0.0031637414921849207,
        "adjusted_inverse_harmonic_mean_rank": 0.0015736124064293759,
        "arithmetic_mean_rank": 2030.0646551724137,
        "count": 232.0,
        "geometric_mean_rank": 1292.2927245132717,
        "harmonic_mean_rank": 285.8819398157597,
        "hits_at_1": 0.0,
        "hits_at_10": 0.008620689655172414,
        "hits_at_3": 0.0,
        "hits_at_5": 0.004310344827586207,
        "inverse_arithmetic_mean_rank": 0.0004925951483624396,
        "inverse_geometric_mean_rank": 0.0007738184863469222,
        "inverse_harmonic_mean_rank": 0.0034979474416763187,
        "inverse_median_rank": 0.0004869734599464329,
        "median_absolute_deviation": 1709.4403579369591,
        "median_rank": 2053.5,
        "standard_deviation": 1336.6094747760424,
        "variance": 1786524.8880610878,
        "z_arithmetic_mean_rank": -2030.0646551724137,
        "z_hits_at_1": 0.0,
        "z_hits_at_10": 0.008620689655172414,
        "z_hits_at_3": 0.0,
        "z_hits_at_5": 0.004310344827586207,
        "z_inverse_harmonic_mean_rank": 0.0034979474416763187
      },
      "pessimistic": {
        "adjusted_arithmetic_mean_rank": 0.9336785201072793,
        "adjusted_arithmetic_mean_rank_index": 0.06635199686866267,
        "adjusted_hits_at_1": -0.00023010141548593596,
        "adjusted_hits_at_10": 0.0063347779054707155,
        "adjusted_hits_at_3": -0.0006906220726907919,
        "adjusted_hits_at_5": 0.0031637414921849207,
        "adjusted_inverse_harmonic_mean_rank": 0.0015736124064293759,
        "arithmetic_mean_rank": 2030.0646551724137,
        "count": 232.0,
        "geometric_mean_rank": 1292.2927245132717,
        "harmonic_mean_rank": 285.8819398157597,
        "hits_at_1": 0.0,
        "hits_at_10": 0.008620689655172414,
        "hits_at_3": 0.0,
        "hits_at_5": 0.004310344827586207,
        "inverse_arithmetic_mean_rank": 0.0004925951483624396,
        "inverse_geometric_mean_rank": 0.0007738184863469222,
        "inverse_harmonic_mean_rank": 0.0034979474416763187,
        "inverse_median_rank": 0.0004869734599464329,
        "median_absolute_deviation": 1709.4403579369591,
        "median_rank": 2053.5,
        "standard_deviation": 1336.6094747760424,
        "variance": 1786524.8880610878,
        "z_arithmetic_mean_rank": -2030.0646551724137,
        "z_hits_at_1": 0.0,
        "z_hits_at_10": 0.008620689655172414,
        "z_hits_at_3": 0.0,
        "z_hits_at_5": 0.004310344827586207,
        "z_inverse_harmonic_mean_rank": 0.0034979474416763187
      },
      "realistic": {
        "adjusted_arithmetic_mean_rank": 0.9336785394670208,
        "adjusted_arithmetic_mean_rank_index": 0.06635197750001287,
        "adjusted_hits_at_1": -0.00023010141548593596,
        "adjusted_hits_at_10": 0.0063347779054707155,
        "adjusted_hits_at_3": -0.0006906220726907919,
        "adjusted_hits_at_5": 0.0031637414921849207,
        "adjusted_inverse_harmonic_mean_rank": 0.0015736123574511959,
        "arithmetic_mean_rank": 2030.064697265625,
        "count": 232.0,
        "geometric_mean_rank": 1292.2926025390625,
        "harmonic_mean_rank": 285.88194381095707,
        "hits_at_1": 0.0,
        "hits_at_10": 0.008620689655172414,
        "hits_at_3": 0.0,
        "hits_at_5": 0.004310344827586207,
        "inverse_arithmetic_mean_rank": 0.0004925951361656189,
        "inverse_geometric_mean_rank": 0.0007738185813650489,
        "inverse_harmonic_mean_rank": 0.0034979473927925376,
        "inverse_median_rank": 0.00048697346937842667,
        "median_absolute_deviation": 1709.4403579369591,
        "median_rank": 2053.5,
        "standard_deviation": 1336.6094970703125,
        "variance": 1786525.0,
        "z_arithmetic_mean_rank": -2030.064697265625,
        "z_hits_at_1": 0.0,
        "z_hits_at_10": 0.008620689655172414,
        "z_hits_at_3": 0.0,
        "z_hits_at_5": 0.004310344827586207,
        "z_inverse_harmonic_mean_rank": 0.0034979473927925376
      }
    },
    "head": {
      "optimistic": {
        "adjusted_arithmetic_mean_rank": 0.9115974881714408,
        "adjusted_arithmetic_mean_rank_index": 0.08844364576891994,
        "adjusted_hits_at_1": -0.00023266039854272065,
        "adjusted_hits_at_10": 0.006309302686734694,
        "adjusted_hits_at_3": -0.0006983061319941112,
        "adjusted_hits_at_5": 0.007466341843825859,
        "adjusted_inverse_harmonic_mean_rank": 0.0013762339001520568,
        "arithmetic_mean_rank": 1960.0603448275863,
        "count": 116.0,
        "geometric_mean_rank": 1337.9671440901755,
        "harmonic_mean_rank": 301.2080889072373,
        "hits_at_1": 0.0,
        "hits_at_10": 0.008620689655172414,
        "hits_at_3": 0.0,
        "hits_at_5": 0.008620689655172414,
        "inverse_arithmetic_mean_rank": 0.0005101883738625218,
        "inverse_geometric_mean_rank": 0.0007474025086617543,
        "inverse_harmonic_mean_rank": 0.0033199639612200744,
        "inverse_median_rank": 0.0004909180166912126,
        "median_absolute_deviation": 1533.0106939347925,
        "median_rank": 2037.0,
        "standard_deviation": 1223.706623962997,
        "variance": 1497457.9015309154,
        "z_arithmetic_mean_rank": -1960.0603448275863,
        "z_hits_at_1": 0.0,
        "z_hits_at_10": 0.008620689655172414,
        "z_hits_at_3": 0.0,
        "z_hits_at_5": 0.008620689655172414,
        "z_inverse_harmonic_mean_rank": 0.0033199639612200744
      },
      "pessimistic": {
        "adjusted_arithmetic_mean_rank": 0.9115974881714408,
        "adjusted_arithmetic_mean_rank_index": 0.08844364576891994,
        "adjusted_hits_at_1": -0.00023266039854272065,
        "adjusted_hits_at_10": 0.006309302686734694,
        "adjusted_hits_at_3": -0.0006983061319941112,
        "adjusted_hits_at_5": 0.007466341843825859,
        "adjusted_inverse_harmonic_mean_rank": 0.0013762339001520568,
        "arithmetic_mean_rank": 1960.0603448275863,
        "count": 116.0,
        "geometric_mean_rank": 1337.9671440901755,
        "harmonic_mean_rank": 301.2080889072373,
        "hits_at_1": 0.0,
        "hits_at_10": 0.008620689655172414,
        "hits_at_3": 0.0,
        "hits_at_5": 0.008620689655172414,
        "inverse_arithmetic_mean_rank": 0.0005101883738625218,
        "inverse_geometric_mean_rank": 0.0007474025086617543,
        "inverse_harmonic_mean_rank": 0.0033199639612200744,
        "inverse_median_rank": 0.0004909180166912126,
        "median_absolute_deviation": 1533.0106939347925,
        "median_rank": 2037.0,
        "standard_deviation": 1223.706623962997,
        "variance": 1497457.9015309154,
        "z_arithmetic_mean_rank": -1960.0603448275863,
        "z_hits_at_1": 0.0,
        "z_hits_at_10": 0.008620689655172414,
        "z_hits_at_3": 0.0,
        "z_hits_at_5": 0.008620689655172414,