{
  "losses": [
    0.0054731763031789895,
    0.004489131745326434,
    0.003863685034562375,
    0.003473122639366248,
    0.003094528196920911,
    0.002882996716202616,
    0.002670653810214439,
    0.0025069049722954034,
    0.0023469119989385835,
    0.0022144953132171197,
    0.002069411064284328,
    0.001952469458415432,
    0.0018906091417248627,
    0.0017636003989597723,
    0.0017134994977526289,
    0.0016017439501679494,
    0.0015555229645006327,
    0.0014611222727328465,
    0.001408142344390518,
    0.001355660822684345,
    0.001307125082863906,
    0.0012911165484419272,
    0.0011843729917489364,
    0.001173210140632065,
    0.001115604736030723,
    0.0010726986622696907,
    0.0010512522201022213,
    0.0010182916055306722,
    0.0009488627205957211,
    0.0009465669579954292
  ],
  "metrics": {
    "both": {
      "optimistic": {
        "adjusted_arithmetic_mean_rank": 0.6456973790474937,
        "adjusted_arithmetic_mean_rank_index": 0.3544518345795675,
        "adjusted_hits_at_1": -0.00021059714390775285,
        "adjusted_hits_at_10": -0.0021099706231602297,
        "adjusted_hits_at_3": -0.0006320576507953436,
        "adjusted_hits_at_5": -0.0010538734905273447,
        "adjusted_inverse_harmonic_mean_rank": 0.0010785032608149545,
        "arithmetic_mean_rank": 1533.8318965517242,
        "count": 232.0,
        "geometric_mean_rank": 933.8876722869195,
        "harmonic_mean_rank": 349.73919966324854,
        "hits_at_1": 0.0,
        "hits_at_10": 0.0,
        "hits_at_3": 0.0,
        "hits_at_5": 0.0,
        "inverse_arithmetic_mean_rank": 0.0006519619276715685,
        "inverse_geometric_mean_rank": 0.0010707925906669091,
        "inverse_harmonic_mean_rank": 0.0028592734270646942,
        "inverse_median_rank": 0.0007984031936127744,
        "median_absolute_deviation": 1372.8896543361875,
        "median_rank": 1252.5,
        "standard_deviation": 1197.1565169398593,
        "variance": 1433183.7260515755,
        "z_arithmetic_mean_rank": -1533.8318965517242,
        "z_hits_at_1": 0.0,
        "z_hits_at_10": 0.0,
        "z_hits_at_3": 0.0,
        "z_hits_at_5": 0.0,
        "z_inverse_harmonic_mean_rank": 0.0028592734270646942
      },
      "pessimistic": {
        "adjusted_arithmetic_mean_rank": 0.6456973790474937,
        "adjusted_arithmetic_mean_rank_index": 0.3544518345795675,
        "adjusted_hits_at_1": -0.00021059714390775285,
        "adjusted_hits_at_10": -0.0021099706231602297,
        "adjusted_hits_at_3": -0.0006320576507953436,
        "adjusted_hits_at_5": -0.0010538734905273447,
        "adjusted_inverse_harmonic_mean_rank": 0.0010785032608149545,
        "arithmetic_mean_rank": 1533.8318965517242,
        "count": 232.0,
        "geometric_mean_rank": 933.8876722869195,
        "harmonic_mean_rank": 349.73919966324854,
        "hits_at_1": 0.0,
        "hits_at_10": 0.0,
        "hits_at_3": 0.0,
        "hits_at_5": 0.0,
        "inverse_arithmetic_mean_rank": 0.0006519619276715685,
        "inverse_geometric_mean_rank": 0.0010707925906669091,
        "inverse_harmonic_mean_rank": 0.0028592734270646942,
        "inverse_median_rank": 0.0007984031936127744,
        "median_absolute_deviation": 1372.8896543361875,
        "median_rank": 1252.5,
        "standard_deviation": 1197.1565169398593,
        "variance": 1433183.7260515755,
        "z_arithmetic_mean_rank": -1533.8318965517242,
        "z_hits_at_1": 0.0,
        "z_hits_at_10": 0.0,
        "z_hits_at_3": 0.0,
        "z_hits_at_5": 0.0,
        "z_inverse_harmonic_mean_rank": 0.0028592734270646942
      },
      "realistic": {
        "adjusted_arithmetic_mean_rank": 0.6456973843634888,
        "adjusted_arithmetic_mean_rank_index": 0.35445182926133356,
        "adjusted_hits_at_1": -0.00021059714390775285,
        "adjusted_hits_at_10": -0.0021099706231602297,
        "adjusted_hits_at_3": -0.0006320576507953436,
        "adjusted_hits_at_5": -0.0010538734905273447,
        "adjusted_inverse_harmonic_mean_rank": 0.0010785031809692543,
        "arithmetic_mean_rank": 1533.8319091796875,
        "count": 232.0,
        "geometric_mean_rank": 933.8878784179688,
        "harmonic_mean_rank": 349.73920941236514,
        "hits_at_1": 0.0,
        "hits_at_10": 0.0,
        "hits_at_3": 0.0,
        "hits_at_5": 0.0,
        "inverse_arithmetic_mean_rank": 0.0006519619491882622,
        "inverse_geometric_mean_rank": 0.0010707923211157322,
        "inverse_harmonic_mean_rank": 0.0028592733473613344,
        "inverse_median_rank": 0.000798403169028461,
        "median_absolute_deviation": 1372.8896543361875,
        "median_rank": 1252.5,
        "standard_deviation": 1197.156494140625,
        "variance": 1433183.625,
        "z_arithmetic_mean_rank": -1533.8319091796875,
        "z_hits_at_1": 0.0,
        "z_hits_at_10": 0.0,
        "z_hits_at_3": 0.0,
        "z_hits_at_5": 0.0,
        "z_inverse_harmonic_mean_rank": 0.0028592733473613344
      }
    },
    "head": {
      "optimistic": {
        "adjusted_arithmetic_mean_rank": 0.636420571723344,
        "adjusted_arithmetic_mean_rank_index": 0.3637340413946645,
        "adjusted_hits_at_1": -0.0002126339720562082,
        "adjusted_hits_at_10": -0.0021304167112691503,
        "adjusted_hits_at_3": -0.0006381733108205046,
        "adjusted_hits_at_5": -0.0010640748941662885,
        "adjusted_inverse_harmonic_mean_rank": 0.0018533401772273775,
        "arithmetic_mean_rank": 1497.2068965517242,
        "count": 116.0,
        "geometric_mean_rank": 814.268119253298,
        "harmonic_mean_rank": 274.1216179810681,
        "hits_at_1": 0.0,
        "hits_at_10": 0.0,
        "hits_at_3": 0.0,
        "hits_at_5": 0.0,
        "inverse_arithmetic_mean_rank": 0.0006679103618231649,
        "inverse_geometric_mean_rank": 0.0012280967120719675,
        "inverse_harmonic_mean_rank": 0.003648015823651909,
        "inverse_median_rank": 0.001072961373390558,
        "median_absolute_deviation": 1199.425194771032,
        "median_rank": 932.0,
        "standard_deviation": 1300.137602248325,
        "variance": 1690357.7847800236,
        "z_arithmetic_mean_rank": -1497.2068965517242,
        "z_hits_at_1": 0.0,
        "z_hits_at_10": 0.0,
        "z_hits_at_3": 0.0,
        "z_hits_at_5": 0.0,
        "z_inverse_harmonic_mean_rank": 0.003648015823651909
      },
      "pessimistic": {
        "adjusted_arithmetic_mean_rank": 0.636420571723344,
        "adjusted_arithmetic_mean_rank_index": 0.3637340413946645,
        "adjusted_hits_at_1": -0.0002126339720562082,
        "adjusted_hits_at_10": -0.0021304167112691503,
        "adjusted_hits_at_3": -0.0006381733108205046,
        "adjusted_hits_at_5": -0.0010640748941662885,
        "adjusted_inverse_harmonic_mean_rank": 0.0018533401772273775,
        "arithmetic_mean_rank": 1497.2068965517242,
        "count": 116.0,
        "geometric_mean_rank": 814.268119253298,
        "harmonic_mean_rank": 274.1216179810681,
        "hits_at_1": 0.0,
        "hits_at_10": 0.0,
        "hits_at_3": 0.0,
        "hits_at_5": 0.0,
        "inverse_arithmetic_mean_rank": 0.0006679103618231649,
        "inverse_geometric_mean_rank": 0.0012280967120719675,
        "inverse_harmonic_mean_rank": 0.003648015823651909,
        "inverse_median_rank": 0.001072961373390558,
        "median_absolute_deviation": 1199.425194771032,
        "median_rank": 932.0,
        "standard_deviation": 1300.137602248325,
        "variance": 1690357.7847800236,
        "z_arithmetic_mean_rank": -1497.2068965517242,
        "z_hits_at_1": 0.0,
        "z_hits_at_10": 0.0,
        "z_hits_at_3": 0.0,
        "z_hits_at_5": 0.0,
        "z_inverse_harmonic_mean_rank": 0.003648015823651909
      },
      "realistic": {
        "adjusted_arithmetic_mean_rank": 0.6364205770911363,
        "adjusted_arithmetic_mean_rank_index": 0.36373403602458954,
        "adjusted_hits_at_1": -0.0002126339720562082,
        "adjusted_hits_at_10": -0.0021304167112691503,