{
  "losses": [
    0.0041283032042401194,
    0.003941053168375201,
    0.0038517859965735662,
    0.003790552827026294,
    0.0037146407829492176,
    0.0036012177808738837,
    0.0034656545121100305,
    0.0033605905518787047,
    0.003221296078443098,
    0.0030958576247212283,
    0.003029660434454618,
    0.002979720670313416,
    0.002936526037328967,
    0.0028954658911360255,
    0.002874748785172643,
    0.0028411170083930846,
    0.0028314520602114686,
    0.0028254115321653525,
    0.002812708996032192,
    0.0028377105876466655,
    0.0027829385321900477,
    0.002744027129269212,
    0.0027917732986463928,
    0.002776003827191092,
    0.002758634673715488,
    0.002742022977225916,
    0.002730881295262333,
    0.0026785742441071455,
    0.0026977849073405585,
    0.002730215972967525
  ],
  "metrics": {
    "both": {
      "optimistic": {
        "adjusted_arithmetic_mean_rank": 0.875730101419291,
        "adjusted_arithmetic_mean_rank_index": 0.12432704820861873,
        "adjusted_hits_at_1": -0.00022997208989089375,
        "adjusted_hits_at_10": 0.0020157873611754465,
        "adjusted_hits_at_3": -0.0006902337386634684,
        "adjusted_hits_at_5": -0.0011509191665986212,
        "adjusted_inverse_harmonic_mean_rank": 0.0003289927867012689,
        "arithmetic_mean_rank": 1905.1206896551723,
        "count": 232.0,
        "geometric_mean_rank": 1318.12827446286,
        "harmonic_mean_rank": 443.5003029160019,
        "hits_at_1": 0.0,
        "hits_at_10": 0.004310344827586207,
        "hits_at_3": 0.0,
        "hits_at_5": 0.0,
        "inverse_arithmetic_mean_rank": 0.0005249011285374264,
        "inverse_geometric_mean_rank": 0.0007586515056036576,
        "inverse_harmonic_mean_rank": 0.002254789891743091,
        "inverse_median_rank": 0.0005323396326856535,
        "median_absolute_deviation": 1415.1438175635972,
        "median_rank": 1878.5,
        "standard_deviation": 1203.9197128916776,
        "variance": 1449422.6750891795,
        "z_arithmetic_mean_rank": -1905.1206896551723,
        "z_hits_at_1": 0.0,
        "z_hits_at_10": 0.004310344827586207,
        "z_hits_at_3": 0.0,
        "z_hits_at_5": 0.0,
        "z_inverse_harmonic_mean_rank": 0.002254789891743091
      },
      "pessimistic": {
        "adjusted_arithmetic_mean_rank": 0.875730101419291,
        "adjusted_arithmetic_mean_rank_index": 0.12432704820861873,
        "adjusted_hits_at_1": -0.00022997208989089375,
        "adjusted_hits_at_10": 0.0020157873611754465,
        "adjusted_hits_at_3": -0.0006902337386634684,
        "adjusted_hits_at_5": -0.0011509191665986212,
        "adjusted_inverse_harmonic_mean_rank": 0.0003289927867012689,
        "arithmetic_mean_rank": 1905.1206896551723,
        "count": 232.0,
        "geometric_mean_rank": 1318.12827446286,
        "harmonic_mean_rank": 443.5003029160019,
        "hits_at_1": 0.0,
        "hits_at_10": 0.004310344827586207,
        "hits_at_3": 0.0,
        "hits_at_5": 0.0,
        "inverse_arithmetic_mean_rank": 0.0005249011285374264,
        "inverse_geometric_mean_rank": 0.0007586515056036576,
        "inverse_harmonic_mean_rank": 0.002254789891743091,
        "inverse_median_rank": 0.0005323396326856535,
        "median_absolute_deviation": 1415.1438175635972,
        "median_rank": 1878.5,
        "standard_deviation": 1203.9197128916776,
        "variance": 1449422.6750891795,
        "z_arithmetic_mean_rank": -1905.1206896551723,
        "z_hits_at_1": 0.0,
        "z_hits_at_10": 0.004310344827586207,
        "z_hits_at_3": 0.0,
        "z_hits_at_5": 0.0,
        "z_inverse_harmonic_mean_rank": 0.002254789891743091
      },
      "realistic": {
        "adjusted_arithmetic_mean_rank": 0.8757301188334439,
        "adjusted_arithmetic_mean_rank_index": 0.12432703078645735,
        "adjusted_hits_at_1": -0.00022997208989089375,
        "adjusted_hits_at_10": 0.0020157873611754465,
        "adjusted_hits_at_3": -0.0006902337386634684,
        "adjusted_hits_at_5": -0.0011509191665986212,
        "adjusted_inverse_harmonic_mean_rank": 0.0003289929114879861,
        "arithmetic_mean_rank": 1905.1207275390625,
        "count": 232.0,
        "geometric_mean_rank": 1318.1282958984375,
        "harmonic_mean_rank": 443.5002784186731,
        "hits_at_1": 0.0,
        "hits_at_10": 0.004310344827586207,
        "hits_at_3": 0.0,
        "hits_at_5": 0.0,
        "inverse_arithmetic_mean_rank": 0.0005249011446721852,
        "inverse_geometric_mean_rank": 0.0007586514693684876,
        "inverse_harmonic_mean_rank": 0.002254790016289415,
        "inverse_median_rank": 0.000532339618075639,
        "median_absolute_deviation": 1415.1438175635972,
        "median_rank": 1878.5,
        "standard_deviation": 1203.919677734375,
        "variance": 1449422.625,
        "z_arithmetic_mean_rank": -1905.1207275390625,
        "z_hits_at_1": 0.0,
        "z_hits_at_10": 0.004310344827586207,
        "z_hits_at_3": 0.0,
        "z_hits_at_5": 0.0,
        "z_inverse_harmonic_mean_rank": 0.002254790016289415
      }
    },
    "head": {
      "optimistic": {
        "adjusted_arithmetic_mean_rank": 0.7167824381754658,
        "adjusted_arithmetic_mean_rank_index": 0.2833491964392273,
        "adjusted_hits_at_1": -0.0002324012996594279,
        "adjusted_hits_at_10": 0.006311882124539318,
        "adjusted_hits_at_3": -0.0006975281118577733,
        "adjusted_hits_at_5": -0.0011630877106794588,
        "adjusted_inverse_harmonic_mean_rank": 0.0017210538925182893,
        "arithmetic_mean_rank": 1542.905172413793,
        "count": 116.0,
        "geometric_mean_rank": 931.3991056961553,
        "harmonic_mean_rank": 273.05990748231017,
        "hits_at_1": 0.0,
        "hits_at_10": 0.008620689655172414,
        "hits_at_3": 0.0,
        "hits_at_5": 0.0,
        "inverse_arithmetic_mean_rank": 0.0006481279717505602,
        "inverse_geometric_mean_rank": 0.0010736535969213439,
        "inverse_harmonic_mean_rank": 0.003662200024969919,
        "inverse_median_rank": 0.0007736943907156673,
        "median_absolute_deviation": 1289.8639300998736,
        "median_rank": 1292.5,
        "standard_deviation": 1240.9548949710286,
        "variance": 1539969.0513525566,
        "z_arithmetic_mean_rank": -1542.905172413793,
        "z_hits_at_1": 0.0,
        "z_hits_at_10": 0.008620689655172414,
        "z_hits_at_3": 0.0,
        "z_hits_at_5": 0.0,
        "z_inverse_harmonic_mean_rank": 0.003662200024969919
      },
      "pessimistic": {
        "adjusted_arithmetic_mean_rank": 0.7167824381754658,
        "adjusted_arithmetic_mean_rank_index": 0.2833491964392273,
        "adjusted_hits_at_1": -0.0002324012996594279,
        "adjusted_hits_at_10": 0.006311882124539318,
        "adjusted_hits_at_3": -0.0006975281118577733,
        "adjusted_hits_at_5": -0.0011630877106794588,
        "adjusted_inverse_harmonic_mean_rank": 0.0017210538925182893,
        "arithmetic_mean_rank": 1542.905172413793,
        "count": 116.0,
        "geometric_mean_rank": 931.3991056961553,
        "harmonic_mean_rank": 273.05990748231017,
        "hits_at_1": 0.0,
        "hits_at_10": 0.008620689655172414,
        "hits_at_3": 0.0,
        "hits_at_5": 0.0,
        "inverse_arithmetic_mean_rank": 0.0006481279717505602,
        "inverse_geometric_mean_rank": 0.0010736535969213439,
        "inverse_harmonic_mean_rank": 0.003662200024969919,
        "inverse_median_rank": 0.0007736943907156673,
        "median_absolute_deviation": 1289.8639300998736,
        "median_rank": 1292.5,
        "standard_deviation": 1240.9548949710286,
        "variance": 1539969.0513525566,
        "z_arithmetic_mean_rank": -1542.905172413793,
        "z_hits_at_1": 0.0,
        "z_hits_at_10": 0.008620689655172414,
        "z_hits_at_3": 0.0,
        "z_hits_at_5": 0.0,
        "z_inverse_harmonic_mean_rank": 0.003662200024969919
      },
      "realistic": {
        "adjusted_arithmetic_mean_rank": 0.7167824283979127,