{
  "losses": [
    0.08624948049321125,
    0.07899895334838192,
    0.07225163038091162,
    0.06510836486379017,
    0.05889639445332144,
    0.053005695311230554,
    0.04806578581305029,
    0.042940422675028046,
    0.03882507762625395,
    0.034959448392323976,
    0.030866341323552468,
    0.027905961226069222,
    0.0248640035122333,
    0.023035394454843146,
    0.02074529911532306,
    0.01946290773786264,
    0.017512602771443453,
    0.016968827383985963,
    0.015284939564336865,
    0.014182803376691595,
    0.013623142312363095,
    0.01324934006118749,
    0.012524969648833307,
    0.012179732251172066,
    0.011897698917926752,
    0.011049610282188971,
    0.011107298360094374,
    0.010820442450443082,
    0.010449580530843435,
    0.009937958553325143
  ],
  "metrics": {
    "both": {
      "optimistic": {
        "adjusted_arithmetic_mean_rank": 1.1370174519682619,
        "adjusted_arithmetic_mean_rank_index": -0.13708048703867415,
        "adjusted_hits_at_1": -0.00023005774985504658,
        "adjusted_hits_at_10": -0.0023053507728533285,
        "adjusted_hits_at_3": -0.0006904909551560167,
        "adjusted_hits_at_5": -0.001151348255631193,
        "adjusted_inverse_harmonic_mean_rank": -0.001141836024053751,
        "arithmetic_mean_rank": 2472.637931034483,
        "count": 232.0,
        "geometric_mean_rank": 2033.4161932588297,
        "harmonic_mean_rank": 1269.976670428148,
        "hits_at_1": 0.0,
        "hits_at_10": 0.0,
        "hits_at_3": 0.0,
        "hits_at_5": 0.0,
        "inverse_arithmetic_mean_rank": 0.00040442637696722056,
        "inverse_geometric_mean_rank": 0.000491783238136489,
        "inverse_harmonic_mean_rank": 0.000787416039432338,
        "inverse_median_rank": 0.0003876720294630742,
        "median_absolute_deviation": 1453.6914752447426,
        "median_rank": 2579.5,
        "standard_deviation": 1191.1585304937935,
        "variance": 1418858.6447681333,
        "z_arithmetic_mean_rank": -2472.637931034483,
        "z_hits_at_1": 0.0,
        "z_hits_at_10": 0.0,
        "z_hits_at_3": 0.0,
        "z_hits_at_5": 0.0,
        "z_inverse_harmonic_mean_rank": 0.000787416039432338
      },
      "pessimistic": {
        "adjusted_arithmetic_mean_rank": 1.1370174519682619,
        "adjusted_arithmetic_mean_rank_index": -0.13708048703867415,
        "adjusted_hits_at_1": -0.00023005774985504658,
        "adjusted_hits_at_10": -0.0023053507728533285,
        "adjusted_hits_at_3": -0.0006904909551560167,
        "adjusted_hits_at_5": -0.001151348255631193,
        "adjusted_inverse_harmonic_mean_rank": -0.001141836024053751,
        "arithmetic_mean_rank": 2472.637931034483,
        "count": 232.0,
        "geometric_mean_rank": 2033.4161932588297,
        "harmonic_mean_rank": 1269.976670428148,
        "hits_at_1": 0.0,
        "hits_at_10": 0.0,
        "hits_at_3": 0.0,
        "hits_at_5": 0.0,
        "inverse_arithmetic_mean_rank": 0.00040442637696722056,
        "inverse_geometric_mean_rank": 0.000491783238136489,
        "inverse_harmonic_mean_rank": 0.000787416039432338,
        "inverse_median_rank": 0.0003876720294630742,
        "median_absolute_deviation": 1453.6914752447426,
        "median_rank": 2579.5,
        "standard_deviation": 1191.1585304937935,
        "variance": 1418858.6447681333,
        "z_arithmetic_mean_rank": -2472.637931034483,
        "z_hits_at_1": 0.0,
        "z_hits_at_10": 0.0,
        "z_hits_at_3": 0.0,
        "z_hits_at_5": 0.0,
        "z_inverse_harmonic_mean_rank": 0.000787416039432338
      },
      "realistic": {
        "adjusted_arithmetic_mean_rank": 1.137017455839489,
        "adjusted_arithmetic_mean_rank_index": -0.13708049091168228,
        "adjusted_hits_at_1": -0.00023005774985504658,
        "adjusted_hits_at_10": -0.0023053507728533285,
        "adjusted_hits_at_3": -0.0006904909551560167,
        "adjusted_hits_at_5": -0.001151348255631193,
        "adjusted_inverse_harmonic_mean_rank": -0.0011418359757367942,
        "arithmetic_mean_rank": 2472.637939453125,
        "count": 232.0,
        "geometric_mean_rank": 2033.41650390625,
        "harmonic_mean_rank": 1269.9765926507669,
        "hits_at_1": 0.0,
        "hits_at_10": 0.0,
        "hits_at_3": 0.0,
        "hits_at_5": 0.0,
        "inverse_arithmetic_mean_rank": 0.00040442636236548424,
        "inverse_geometric_mean_rank": 0.000491783139295876,
        "inverse_harmonic_mean_rank": 0.0007874160876561855,
        "inverse_median_rank": 0.0003876720438711345,
        "median_absolute_deviation": 1453.6914752447426,
        "median_rank": 2579.5,
        "standard_deviation": 1191.1585693359375,
        "variance": 1418858.625,
        "z_arithmetic_mean_rank": -2472.637939453125,
        "z_hits_at_1": 0.0,
        "z_hits_at_10": 0.0,
        "z_hits_at_3": 0.0,
        "z_hits_at_5": 0.0,
        "z_inverse_harmonic_mean_rank": 0.0007874160876561855
      }
    },
    "head": {
      "optimistic": {
        "adjusted_arithmetic_mean_rank": 1.1379017936925382,
        "adjusted_arithmetic_mean_rank_index": -0.13796593535088197,
        "adjusted_hits_at_1": -0.00023257217403122084,
        "adjusted_hits_at_10": -0.0023306000347641494,
        "adjusted_hits_at_3": -0.0006980412120181476,
        "adjusted_hits_at_5": -0.0011639436737987652,
        "adjusted_inverse_harmonic_mean_rank": -0.0011123099424179058,
        "arithmetic_mean_rank": 2447.5775862068967,
        "count": 116.0,
        "geometric_mean_rank": 1999.1969289119202,
        "harmonic_mean_rank": 1196.730009434045,
        "hits_at_1": 0.0,
        "hits_at_10": 0.0,
        "hits_at_3": 0.0,
        "hits_at_5": 0.0,
        "inverse_arithmetic_mean_rank": 0.00040856723220355096,
        "inverse_geometric_mean_rank": 0.0005002008484197995,
        "inverse_harmonic_mean_rank": 0.0008356103650086604,
        "inverse_median_rank": 0.0003912363067292645,
        "median_absolute_deviation": 1422.5568286561252,
        "median_rank": 2556.0,
        "standard_deviation": 1187.4404678425085,
        "variance": 1410014.8646700357,
        "z_arithmetic_mean_rank": -2447.5775862068967,
        "z_hits_at_1": 0.0,
        "z_hits_at_10": 0.0,
        "z_hits_at_3": 0.0,
        "z_hits_at_5": 0.0,
        "z_inverse_harmonic_mean_rank": 0.0008356103650086604
      },
      "pessimistic": {
        "adjusted_arithmetic_mean_rank": 1.1379017936925382,
        "adjusted_arithmetic_mean_rank_index": -0.13796593535088197,
        "adjusted_hits_at_1": -0.00023257217403122084,
        "adjusted_hits_at_10": -0.0023306000347641494,
        "adjusted_hits_at_3": -0.0006980412120181476,
        "adjusted_hits_at_5": -0.0011639436737987652,
        "adjusted_inverse_harmonic_mean_rank": -0.0011123099424179058,
        "arithmetic_mean_rank": 2447.5775862068967,
        "count": 116.0,
        "geometric_mean_rank": 1999.1969289119202,
        "harmonic_mean_rank": 1196.730009434045,
        "hits_at_1": 0.0,
        "hits_at_10": 0.0,
        "hits_at_3": 0.0,
        "hits_at_5": 0.0,
        "inverse_arithmetic_mean_rank": 0.00040856723220355096,
        "inverse_geometric_mean_rank": 0.0005002008484197995,
        "inverse_harmonic_mean_rank": 0.0008356103650086604,
        "inverse_median_rank": 0.0003912363067292645,
        "median_absolute_deviation": 1422.5568286561252,
        "median_rank": 2556.0,
        "standard_deviation": 1187.4404678425085,
        "variance": 1410014.8646700357,
        "z_arithmetic_mean_rank": -2447.5775862068967,
        "z_hits_at_1": 0.0,
        "z_hits_at_10": 0.0,
        "z_hits_at_3": 0.0,
        "z_hits_at_5": 0.0,
        "z_inverse_harmonic_mean_rank": 0.0008356103650086604
      },
      "realistic": {
        "adjusted_arithmetic_mean_rank": 1.137901817175973,
        "adjusted_arithmetic_mean_rank_index": -0.13796595884523932,
        "adjusted_hits_at_1": -0.00023257217403122084,
        "adjusted_hits_at_10": -0.0023306000347641494,