{
  "losses": [
    0.003933762460619233,
    0.003907880308818646,
    0.003831443580164368,
    0.003653534384030007,
    0.003385160070412573,
    0.0031496396494518873,
    0.0029920206436450684,
    0.0029080206493911453,
    0.0028184026243305072,
    0.002779240465491591,
    0.002703709643202284,
    0.002638515190524774,
    0.002583741843720276,
    0.0025482502081228746,
    0.00253448532578246,
    0.0025071235555274097,
    0.0024789683135872913,
    0.002436348576759006,
    0.002416453896486857,
    0.0023972883112279107,
    0.0024180004425219206,
    0.002369838991559956,
    0.0023501807709915084,
    0.002351948785174728,
    0.002317768177599297,
    0.002349104939139006,
    0.002306853947691278,
    0.0022852433680629787,
    0.0022782576488626855,
    0.002262354083843497
  ],
  "metrics": {
    "both": {
      "optimistic": {
        "adjusted_arithmetic_mean_rank": 1.3569269523263654,
        "adjusted_arithmetic_mean_rank_index": -0.35709118767266324,
        "adjusted_hits_at_1": -0.00023010141548593596,
        "adjusted_hits_at_10": -0.0023057892431773658,
        "adjusted_hits_at_3": -0.0006906220726907919,
        "adjusted_hits_at_5": -0.0011515669862038893,
        "adjusted_inverse_harmonic_mean_rank": -0.0004647604164139188,
        "arithmetic_mean_rank": 2950.3189655172414,
        "count": 232.0,
        "geometric_mean_rank": 2365.9053342807783,
        "harmonic_mean_rank": 683.291927598069,
        "hits_at_1": 0.0,
        "hits_at_10": 0.0,
        "hits_at_3": 0.0,
        "hits_at_5": 0.0,
        "inverse_arithmetic_mean_rank": 0.0003389464026391068,
        "inverse_geometric_mean_rank": 0.0004226711802499039,
        "inverse_harmonic_mean_rank": 0.0014635033133132919,
        "inverse_median_rank": 0.0003058571647040832,
        "median_absolute_deviation": 1002.9804008190397,
        "median_rank": 3269.5,
        "standard_deviation": 1167.157906752759,
        "variance": 1362257.5792954816,
        "z_arithmetic_mean_rank": -2950.3189655172414,
        "z_hits_at_1": 0.0,
        "z_hits_at_10": 0.0,
        "z_hits_at_3": 0.0,
        "z_hits_at_5": 0.0,
        "z_inverse_harmonic_mean_rank": 0.0014635033133132919
      },
      "pessimistic": {
        "adjusted_arithmetic_mean_rank": 1.3569289347639046,
        "adjusted_arithmetic_mean_rank_index": -0.3570931710223957,
        "adjusted_hits_at_1": -0.00023010141548593596,
        "adjusted_hits_at_10": -0.0023057892431773658,
        "adjusted_hits_at_3": -0.0006906220726907919,
        "adjusted_hits_at_5": -0.0011515669862038893,
        "adjusted_inverse_harmonic_mean_rank": -0.0004647607861849044,
        "arithmetic_mean_rank": 2950.323275862069,
        "count": 232.0,
        "geometric_mean_rank": 2365.9083182966756,
        "harmonic_mean_rank": 683.2920999069522,
        "hits_at_1": 0.0,
        "hits_at_10": 0.0,
        "hits_at_3": 0.0,
        "hits_at_5": 0.0,
        "inverse_arithmetic_mean_rank": 0.00033894590744731364,
        "inverse_geometric_mean_rank": 0.0004226706471533712,
        "inverse_harmonic_mean_rank": 0.001463502944254991,
        "inverse_median_rank": 0.0003058571647040832,
        "median_absolute_deviation": 1002.9804008190397,
        "median_rank": 3269.5,
        "standard_deviation": 1167.1596320553645,
        "variance": 1362261.6066996136,
        "z_arithmetic_mean_rank": -2950.323275862069,
        "z_hits_at_1": 0.0,
        "z_hits_at_10": 0.0,
        "z_hits_at_3": 0.0,
        "z_hits_at_5": 0.0,
        "z_inverse_harmonic_mean_rank": 0.001463502944254991
      },
      "realistic": {
        "adjusted_arithmetic_mean_rank": 1.3569279086976,
        "adjusted_arithmetic_mean_rank_index": -0.3570921444839601,
        "adjusted_hits_at_1": -0.00023010141548593596,
        "adjusted_hits_at_10": -0.0023057892431773658,
        "adjusted_hits_at_3": -0.0006906220726907919,
        "adjusted_hits_at_5": -0.0011515669862038893,
        "adjusted_inverse_harmonic_mean_rank": -0.0004647605706988762,
        "arithmetic_mean_rank": 2950.321044921875,
        "count": 232.0,
        "geometric_mean_rank": 2365.90673828125,
        "harmonic_mean_rank": 683.2919994930144,
        "hits_at_1": 0.0,
        "hits_at_10": 0.0,
        "hits_at_3": 0.0,
        "hits_at_5": 0.0,
        "inverse_arithmetic_mean_rank": 0.0003389461780898273,
        "inverse_geometric_mean_rank": 0.000422670942498371,
        "inverse_harmonic_mean_rank": 0.0014635031593256984,
        "inverse_median_rank": 0.00030585716012865305,
        "median_absolute_deviation": 1002.9804008190397,
        "median_rank": 3269.5,
        "standard_deviation": 1167.1588134765625,
        "variance": 1362259.625,
        "z_arithmetic_mean_rank": -2950.321044921875,
        "z_hits_at_1": 0.0,
        "z_hits_at_10": 0.0,
        "z_hits_at_3": 0.0,
        "z_hits_at_5": 0.0,
        "z_inverse_harmonic_mean_rank": 0.0014635031593256984
      }
    },
    "head": {
      "optimistic": {
        "adjusted_arithmetic_mean_rank": 1.0732511104015108,
        "adjusted_arithmetic_mean_rank_index": -0.07328519435166436,
        "adjusted_hits_at_1": -0.00023266039854272065,
        "adjusted_hits_at_10": -0.0023314859855545693,
        "adjusted_hits_at_3": -0.0006983061319941112,
        "adjusted_hits_at_5": -0.0011643856184017421,
        "adjusted_inverse_harmonic_mean_rank": 0.0006856823898132981,
        "arithmetic_mean_rank": 2307.637931034483,
        "count": 116.0,
        "geometric_mean_rank": 1596.2733783087733,
        "harmonic_mean_rank": 380.1187918236825,
        "hits_at_1": 0.0,
        "hits_at_10": 0.0,
        "hits_at_3": 0.0,
        "hits_at_5": 0.0,
        "inverse_arithmetic_mean_rank": 0.00043334354430190594,
        "inverse_geometric_mean_rank": 0.0006264591100676529,
        "inverse_harmonic_mean_rank": 0.0026307565464004957,
        "inverse_median_rank": 0.0003861749372465727,
        "median_absolute_deviation": 1195.718689224768,
        "median_rank": 2589.5,
        "standard_deviation": 1207.9783153208398,
        "variance": 1459211.6102853743,
        "z_arithmetic_mean_rank": -2307.637931034483,
        "z_hits_at_1": 0.0,
        "z_hits_at_10": 0.0,
        "z_hits_at_3": 0.0,
        "z_hits_at_5": 0.0,
        "z_inverse_harmonic_mean_rank": 0.0026307565464004957
      },
      "pessimistic": {
        "adjusted_arithmetic_mean_rank": 1.0732511104015108,
        "adjusted_arithmetic_mean_rank_index": -0.07328519435166436,
        "adjusted_hits_at_1": -0.00023266039854272065,
        "adjusted_hits_at_10": -0.0023314859855545693,
        "adjusted_hits_at_3": -0.0006983061319941112,
        "adjusted_hits_at_5": -0.0011643856184017421,
        "adjusted_inverse_harmonic_mean_rank": 0.0006856823898132981,
        "arithmetic_mean_rank": 2307.637931034483,
        "count": 116.0,
        "geometric_mean_rank": 1596.2733783087733,
        "harmonic_mean_rank": 380.1187918236825,
        "hits_at_1": 0.0,
        "hits_at_10": 0.0,
        "hits_at_3": 0.0,
        "hits_at_5": 0.0,
        "inverse_arithmetic_mean_rank": 0.00043334354430190594,
        "inverse_geometric_mean_rank": 0.0006264591100676529,
        "inverse_harmonic_mean_rank": 0.0026307565464004957,
        "inverse_median_rank": 0.0003861749372465727,
        "median_absolute_deviation": 1195.718689224768,
        "median_rank": 2589.5,
        "standard_deviation": 1207.9783153208398,
        "variance": 1459211.6102853743,
        "z_arithmetic_mean_rank": -2307.637931034483,
        "z_hits_at_1": 0.0,
        "z_hits_at_10": 0.0,
        "z_hits_at_3": 0.0,
        "z_hits_at_5": 0.0,
        "z_inverse_harmonic_mean_rank": 0.0026307565464004957
      },
      "realistic": {
        "adjusted_arithmetic_mean_rank": 1.0732511143169072,
        "adjusted_arithmetic_mean_rank_index": -0.07328519826888247,
        "adjusted_hits_at_1": -0.00023266039854272065,
        "adjusted_hits_at_10": -0.0023314859855545693,