{
  "losses": [
    0.06468696815475973,
    0.04061080821235453,
    0.030862691823454445,
    0.024638559760892242,
    0.020783287852170127,
    0.017703427210560434,
    0.015671712145408974,
    0.013864967729415777,
    0.012539706653884614,
    0.011054719355048977,
    0.009957744347144028,
    0.009339900400136186,
    0.00847146317335965,
    0.007678163551456189,
    0.007115232706880515,
    0.006468353760368815,
    0.005991049396475985,
    0.00541554339829544,
    0.005101303928383636,
    0.004701677071842366,
    0.004344236706902239,
    0.004023602978959575,
    0.0036690590834746353,
    0.003395064696734146,
    0.003146398088135931,
    0.0029616395669510806,
    0.00272202699965266,
    0.0024648415876240676,
    0.0023032506917541914,
    0.002138029965994541
  ],
  "metrics": {
    "both": {
      "optimistic": {
        "adjusted_arithmetic_mean_rank": 1.284072004913599,
        "adjusted_arithmetic_mean_rank_index": -0.28420262152886666,
        "adjusted_hits_at_1": -0.0002299303187033594,
        "adjusted_hits_at_10": 0.0020162049994353645,
        "adjusted_hits_at_3": -0.0006901083097572828,
        "adjusted_hits_at_5": -0.0011507099259168018,
        "adjusted_inverse_harmonic_mean_rank": -0.0005063748015063235,
        "arithmetic_mean_rank": 2793.9525862068967,
        "count": 232.0,
        "geometric_mean_rank": 2192.5276806844554,
        "harmonic_mean_rank": 703.8640993749358,
        "hits_at_1": 0.0,
        "hits_at_10": 0.004310344827586207,
        "hits_at_3": 0.0,
        "hits_at_5": 0.0,
        "inverse_arithmetic_mean_rank": 0.00035791588051163457,
        "inverse_geometric_mean_rank": 0.00045609458380376004,
        "inverse_harmonic_mean_rank": 0.0014207288038813838,
        "inverse_median_rank": 0.0002957704821058858,
        "median_absolute_deviation": 874.7353089183051,
        "median_rank": 3381.0,
        "standard_deviation": 1247.5678381086004,
        "variance": 1556425.5106829668,
        "z_arithmetic_mean_rank": -2793.9525862068967,
        "z_hits_at_1": 0.0,
        "z_hits_at_10": 0.004310344827586207,
        "z_hits_at_3": 0.0,
        "z_hits_at_5": 0.0,
        "z_inverse_harmonic_mean_rank": 0.0014207288038813838
      },
      "pessimistic": {
        "adjusted_arithmetic_mean_rank": 1.2840739859039536,
        "adjusted_arithmetic_mean_rank_index": -0.2842046034300827,
        "adjusted_hits_at_1": -0.0002299303187033594,
        "adjusted_hits_at_10": 0.0020162049994353645,
        "adjusted_hits_at_3": -0.0006901083097572828,
        "adjusted_hits_at_5": -0.0011507099259168018,
        "adjusted_inverse_harmonic_mean_rank": -0.0005063751730141335,
        "arithmetic_mean_rank": 2793.956896551724,
        "count": 232.0,
        "geometric_mean_rank": 2192.5304525150436,
        "harmonic_mean_rank": 703.8642830746062,
        "hits_at_1": 0.0,
        "hits_at_10": 0.004310344827586207,
        "hits_at_3": 0.0,
        "hits_at_5": 0.0,
        "inverse_arithmetic_mean_rank": 0.0003579153283410316,
        "inverse_geometric_mean_rank": 0.0004560940072019997,
        "inverse_harmonic_mean_rank": 0.0014207284330891455,
        "inverse_median_rank": 0.0002957704821058858,
        "median_absolute_deviation": 874.7353089183051,
        "median_rank": 3381.0,
        "standard_deviation": 1247.5699648146433,
        "variance": 1556430.8171076102,
        "z_arithmetic_mean_rank": -2793.956896551724,
        "z_hits_at_1": 0.0,
        "z_hits_at_10": 0.004310344827586207,
        "z_hits_at_3": 0.0,
        "z_hits_at_5": 0.0,
        "z_inverse_harmonic_mean_rank": 0.0014207284330891455
      },
      "realistic": {
        "adjusted_arithmetic_mean_rank": 1.2840730379691159,
        "adjusted_arithmetic_mean_rank_index": -0.2842036550593834,
        "adjusted_hits_at_1": -0.0002299303187033594,
        "adjusted_hits_at_10": 0.0020162049994353645,
        "adjusted_hits_at_3": -0.0006901083097572828,
        "adjusted_hits_at_5": -0.0011507099259168018,
        "adjusted_inverse_harmonic_mean_rank": -0.0005063748716955729,
        "arithmetic_mean_rank": 2793.954833984375,
        "count": 232.0,
        "geometric_mean_rank": 2192.529052734375,
        "harmonic_mean_rank": 703.8641340814451,
        "hits_at_1": 0.0,
        "hits_at_10": 0.004310344827586207,
        "hits_at_3": 0.0,
        "hits_at_5": 0.0,
        "inverse_arithmetic_mean_rank": 0.000357915589120239,
        "inverse_geometric_mean_rank": 0.0004560943052638322,
        "inverse_harmonic_mean_rank": 0.001420728733827328,
        "inverse_median_rank": 0.0002957704709842801,
        "median_absolute_deviation": 874.7353089183051,
        "median_rank": 3381.0,
        "standard_deviation": 1247.56884765625,
        "variance": 1556428.125,
        "z_arithmetic_mean_rank": -2793.954833984375,
        "z_hits_at_1": 0.0,
        "z_hits_at_10": 0.004310344827586207,
        "z_hits_at_3": 0.0,
        "z_hits_at_5": 0.0,
        "z_inverse_harmonic_mean_rank": 0.001420728733827328
      }
    },
    "head": {
      "optimistic": {
        "adjusted_arithmetic_mean_rank": 0.9115355845484793,
        "adjusted_arithmetic_mean_rank_index": 0.08850551752464608,
        "adjusted_hits_at_1": -0.00023231864968828038,
        "adjusted_hits_at_10": 0.0063127049370513885,
        "adjusted_hits_at_3": -0.0006972799313290434,
        "adjusted_hits_at_5": -0.0011626736915696162,
        "adjusted_inverse_harmonic_mean_rank": 0.0006187651202386154,
        "arithmetic_mean_rank": 1962.8189655172414,
        "count": 116.0,
        "geometric_mean_rank": 1335.362885360811,
        "harmonic_mean_rank": 390.4046667841506,
        "hits_at_1": 0.0,
        "hits_at_10": 0.008620689655172414,
        "hits_at_3": 0.0,
        "hits_at_5": 0.0,
        "inverse_arithmetic_mean_rank": 0.0005094713356493784,
        "inverse_geometric_mean_rank": 0.0007488601120809216,
        "inverse_harmonic_mean_rank": 0.0025614447907019674,
        "inverse_median_rank": 0.0005056890012642225,
        "median_absolute_deviation": 1661.255785835527,
        "median_rank": 1977.5,
        "standard_deviation": 1252.9553725102814,
        "variance": 1569897.1655023783,
        "z_arithmetic_mean_rank": -1962.8189655172414,
        "z_hits_at_1": 0.0,
        "z_hits_at_10": 0.008620689655172414,
        "z_hits_at_3": 0.0,
        "z_hits_at_5": 0.0,
        "z_inverse_harmonic_mean_rank": 0.0025614447907019674
      },
      "pessimistic": {
        "adjusted_arithmetic_mean_rank": 0.9115355845484793,
        "adjusted_arithmetic_mean_rank_index": 0.08850551752464608,
        "adjusted_hits_at_1": -0.00023231864968828038,
        "adjusted_hits_at_10": 0.0063127049370513885,
        "adjusted_hits_at_3": -0.0006972799313290434,
        "adjusted_hits_at_5": -0.0011626736915696162,
        "adjusted_inverse_harmonic_mean_rank": 0.0006187651202386154,
        "arithmetic_mean_rank": 1962.8189655172414,
        "count": 116.0,
        "geometric_mean_rank": 1335.362885360811,
        "harmonic_mean_rank": 390.4046667841506,
        "hits_at_1": 0.0,
        "hits_at_10": 0.008620689655172414,
        "hits_at_3": 0.0,
        "hits_at_5": 0.0,
        "inverse_arithmetic_mean_rank": 0.0005094713356493784,
        "inverse_geometric_mean_rank": 0.0007488601120809216,
        "inverse_harmonic_mean_rank": 0.0025614447907019674,
        "inverse_median_rank": 0.0005056890012642225,
        "median_absolute_deviation": 1661.255785835527,
        "median_rank": 1977.5,
        "standard_deviation": 1252.9553725102814,
        "variance": 1569897.1655023783,
        "z_arithmetic_mean_rank": -1962.8189655172414,
        "z_hits_at_1": 0.0,
        "z_hits_at_10": 0.008620689655172414,
        "z_hits_at_3": 0.0,
        "z_hits_at_5": 0.0,
        "z_inverse_harmonic_mean_rank": 0.0025614447907019674
      },
      "realistic": {
        "adjusted_arithmetic_mean_rank": 0.9115355865032932,