{
  "losses": [
    0.003942983801003639,
    0.003902549068495938,
    0.0038135265693705236,
    0.0036408055282403577,
    0.003402430747685516,
    0.0031319365216274197,
    0.002980983926410572,
    0.002913415245227548,
    0.002825738151791366,
    0.002802303318786316,
    0.0027241690239424104,
    0.0027156645206997897,
    0.002666231251010878,
    0.0026381066239489675,
    0.00262074389542574,
    0.00259677091603851,
    0.0025616740951553345,
    0.002548571046483762,
    0.002509361032279092,
    0.002494911580600386,
    0.0024479672190555134,
    0.0024578577955121496,
    0.0024310019674098344,
    0.002417188884019772,
    0.002390040078883759,
    0.002394593133106922,
    0.0023704490878726473,
    0.0023520805940462123,
    0.0023614405218851295,
    0.002316000711742254
  ],
  "metrics": {
    "both": {
      "optimistic": {
        "adjusted_arithmetic_mean_rank": 1.2645513103040946,
        "adjusted_arithmetic_mean_rank_index": -0.2646730401868569,
        "adjusted_hits_at_1": -0.00023010141548593596,
        "adjusted_hits_at_10": -0.0023057892431773658,
        "adjusted_hits_at_3": -0.0006906220726907919,
        "adjusted_hits_at_5": -0.0011515669862038893,
        "adjusted_inverse_harmonic_mean_rank": -0.0005645748173032435,
        "arithmetic_mean_rank": 2749.469827586207,
        "count": 232.0,
        "geometric_mean_rank": 1787.4063539323145,
        "harmonic_mean_rank": 733.2016402235411,
        "hits_at_1": 0.0,
        "hits_at_10": 0.0,
        "hits_at_3": 0.0,
        "hits_at_5": 0.0,
        "inverse_arithmetic_mean_rank": 0.0003637064825977422,
        "inverse_geometric_mean_rank": 0.0005594698697361059,
        "inverse_harmonic_mean_rank": 0.0013638812915027258,
        "inverse_median_rank": 0.00026374785704866147,
        "median_absolute_deviation": 733.1467970510201,
        "median_rank": 3791.5,
        "standard_deviation": 1675.7076397502076,
        "variance": 2807996.0939172115,
        "z_arithmetic_mean_rank": -2749.469827586207,
        "z_hits_at_1": 0.0,
        "z_hits_at_10": 0.0,
        "z_hits_at_3": 0.0,
        "z_hits_at_5": 0.0,
        "z_inverse_harmonic_mean_rank": 0.0013638812915027258
      },
      "pessimistic": {
        "adjusted_arithmetic_mean_rank": 1.2645513103040946,
        "adjusted_arithmetic_mean_rank_index": -0.2646730401868569,
        "adjusted_hits_at_1": -0.00023010141548593596,
        "adjusted_hits_at_10": -0.0023057892431773658,
        "adjusted_hits_at_3": -0.0006906220726907919,
        "adjusted_hits_at_5": -0.0011515669862038893,
        "adjusted_inverse_harmonic_mean_rank": -0.0005645748173032435,
        "arithmetic_mean_rank": 2749.469827586207,
        "count": 232.0,
        "geometric_mean_rank": 1787.4063539323145,
        "harmonic_mean_rank": 733.2016402235411,
        "hits_at_1": 0.0,
        "hits_at_10": 0.0,
        "hits_at_3": 0.0,
        "hits_at_5": 0.0,
        "inverse_arithmetic_mean_rank": 0.0003637064825977422,
        "inverse_geometric_mean_rank": 0.0005594698697361059,
        "inverse_harmonic_mean_rank": 0.0013638812915027258,
        "inverse_median_rank": 0.00026374785704866147,
        "median_absolute_deviation": 733.1467970510201,
        "median_rank": 3791.5,
        "standard_deviation": 1675.7076397502076,
        "variance": 2807996.0939172115,
        "z_arithmetic_mean_rank": -2749.469827586207,
        "z_hits_at_1": 0.0,
        "z_hits_at_10": 0.0,
        "z_hits_at_3": 0.0,
        "z_hits_at_5": 0.0,
        "z_inverse_harmonic_mean_rank": 0.0013638812915027258
      },
      "realistic": {
        "adjusted_arithmetic_mean_rank": 1.2645512638407148,
        "adjusted_arithmetic_mean_rank_index": -0.2646729937020975,
        "adjusted_hits_at_1": -0.00023010141548593596,
        "adjusted_hits_at_10": -0.0023057892431773658,
        "adjusted_hits_at_3": -0.0006906220726907919,
        "adjusted_hits_at_5": -0.0011515669862038893,
        "adjusted_inverse_harmonic_mean_rank": -0.0005645749197557755,
        "arithmetic_mean_rank": 2749.4697265625,
        "count": 232.0,
        "geometric_mean_rank": 1787.40673828125,
        "harmonic_mean_rank": 733.2016951942998,
        "hits_at_1": 0.0,
        "hits_at_10": 0.0,
        "hits_at_3": 0.0,
        "hits_at_5": 0.0,
        "inverse_arithmetic_mean_rank": 0.00036370649468153715,
        "inverse_geometric_mean_rank": 0.0005594697431661189,
        "inverse_harmonic_mean_rank": 0.0013638811892476574,
        "inverse_median_rank": 0.00026374784647487104,
        "median_absolute_deviation": 733.1467970510201,
        "median_rank": 3791.5,
        "standard_deviation": 1675.7076416015625,
        "variance": 2807996.25,
        "z_arithmetic_mean_rank": -2749.4697265625,
        "z_hits_at_1": 0.0,
        "z_hits_at_10": 0.0,
        "z_hits_at_3": 0.0,
        "z_hits_at_5": 0.0,
        "z_inverse_harmonic_mean_rank": 0.0013638811892476574
      }
    },
    "head": {
      "optimistic": {
        "adjusted_arithmetic_mean_rank": 1.684871854069576,
        "adjusted_arithmetic_mean_rank_index": -0.6851905268925236,
        "adjusted_hits_at_1": -0.00023266039854272065,
        "adjusted_hits_at_10": -0.0023314859855545693,
        "adjusted_hits_at_3": -0.0006983061319941112,
        "adjusted_hits_at_5": -0.0011643856184017421,
        "adjusted_inverse_harmonic_mean_rank": -0.001045784905139134,
        "arithmetic_mean_rank": 3622.706896551724,
        "count": 116.0,
        "geometric_mean_rank": 3036.994358542273,
        "harmonic_mean_rank": 1107.837580819266,
        "hits_at_1": 0.0,
        "hits_at_10": 0.0,
        "hits_at_3": 0.0,
        "hits_at_5": 0.0,
        "inverse_arithmetic_mean_rank": 0.00027603668432349594,
        "inverse_geometric_mean_rank": 0.0003292729198482904,
        "inverse_harmonic_mean_rank": 0.0009026593945842512,
        "inverse_median_rank": 0.00023784040908550363,
        "median_absolute_deviation": 120.83208080820656,
        "median_rank": 4204.5,
        "standard_deviation": 1166.7622162475018,
        "variance": 1361334.0692627823,
        "z_arithmetic_mean_rank": -3622.706896551724,
        "z_hits_at_1": 0.0,
        "z_hits_at_10": 0.0,
        "z_hits_at_3": 0.0,
        "z_hits_at_5": 0.0,
        "z_inverse_harmonic_mean_rank": 0.0009026593945842512
      },
      "pessimistic": {
        "adjusted_arithmetic_mean_rank": 1.684871854069576,
        "adjusted_arithmetic_mean_rank_index": -0.6851905268925236,
        "adjusted_hits_at_1": -0.00023266039854272065,
        "adjusted_hits_at_10": -0.0023314859855545693,
        "adjusted_hits_at_3": -0.0006983061319941112,
        "adjusted_hits_at_5": -0.0011643856184017421,
        "adjusted_inverse_harmonic_mean_rank": -0.001045784905139134,
        "arithmetic_mean_rank": 3622.706896551724,
        "count": 116.0,
        "geometric_mean_rank": 3036.994358542273,
        "harmonic_mean_rank": 1107.837580819266,
        "hits_at_1": 0.0,
        "hits_at_10": 0.0,
        "hits_at_3": 0.0,
        "hits_at_5": 0.0,
        "inverse_arithmetic_mean_rank": 0.00027603668432349594,
        "inverse_geometric_mean_rank": 0.0003292729198482904,
        "inverse_harmonic_mean_rank": 0.0009026593945842512,
        "inverse_median_rank": 0.00023784040908550363,
        "median_absolute_deviation": 120.83208080820656,
        "median_rank": 4204.5,
        "standard_deviation": 1166.7622162475018,
        "variance": 1361334.0692627823,
        "z_arithmetic_mean_rank": -3622.706896551724,
        "z_hits_at_1": 0.0,
        "z_hits_at_10": 0.0,
        "z_hits_at_3": 0.0,
        "z_hits_at_5": 0.0,
        "z_inverse_harmonic_mean_rank": 0.0009026593945842512
      },
      "realistic": {
        "adjusted_arithmetic_mean_rank": 1.6848718031694232,
        "adjusted_arithmetic_mean_rank_index": -0.6851904759686871,
        "adjusted_hits_at_1": -0.00023266039854272065,
        "adjusted_hits_at_10": -0.0023314859855545693,