{
  "losses": [
    0.004121633076781243,
    0.003932084213444343,
    0.003852105680685949,
    0.0037876812997090373,
    0.0036836637731675866,
    0.003605592323350559,
    0.0034796514824767923,
    0.0033582634117565817,
    0.003259563897002297,
    0.0031289086917187605,
    0.0030441398319297004,
    0.002975008960344958,
    0.0029292986749288627,
    0.0028541683683940555,
    0.0028501318223605235,
    0.002840798613206643,
    0.0028119715507702184,
    0.002791359373463413,
    0.0027848281463106945,
    0.0027799808248741985,
    0.0027441790603555893,
    0.0027637644694746347,
    0.002754918936971914,
    0.002728544350209261,
    0.002704996454752351,
    0.00272882616266444,
    0.002699663040042103,
    0.002716647645851394,
    0.00268733885609797,
    0.0027046708857881743
  ],
  "metrics": {
    "both": {
      "optimistic": {
        "adjusted_arithmetic_mean_rank": 0.7352672663205647,
        "adjusted_arithmetic_mean_rank_index": 0.2648442625419831,
        "adjusted_hits_at_1": -0.00021066886899837758,
        "adjusted_hits_at_10": -0.002110690601199618,
        "adjusted_hits_at_3": -0.0006322730074738982,
        "adjusted_hits_at_5": -0.0010542327210519083,
        "adjusted_inverse_harmonic_mean_rank": 0.0010947326674182242,
        "arithmetic_mean_rank": 1746.0172413793102,
        "count": 232.0,
        "geometric_mean_rank": 1086.6568559338525,
        "harmonic_mean_rank": 347.7051290374493,
        "hits_at_1": 0.0,
        "hits_at_10": 0.0,
        "hits_at_3": 0.0,
        "hits_at_5": 0.0,
        "inverse_arithmetic_mean_rank": 0.000572732030532542,
        "inverse_geometric_mean_rank": 0.0009202537070827375,
        "inverse_harmonic_mean_rank": 0.0028760001406027457,
        "inverse_median_rank": 0.0006287331027978623,
        "median_absolute_deviation": 1473.7066051945683,
        "median_rank": 1590.5,
        "standard_deviation": 1271.8614174586696,
        "variance": 1617631.4652199761,
        "z_arithmetic_mean_rank": -1746.0172413793102,
        "z_hits_at_1": 0.0,
        "z_hits_at_10": 0.0,
        "z_hits_at_3": 0.0,
        "z_hits_at_5": 0.0,
        "z_inverse_harmonic_mean_rank": 0.0028760001406027457
      },
      "pessimistic": {
        "adjusted_arithmetic_mean_rank": 0.7352672663205647,
        "adjusted_arithmetic_mean_rank_index": 0.2648442625419831,
        "adjusted_hits_at_1": -0.00021066886899837758,
        "adjusted_hits_at_10": -0.002110690601199618,
        "adjusted_hits_at_3": -0.0006322730074738982,
        "adjusted_hits_at_5": -0.0010542327210519083,
        "adjusted_inverse_harmonic_mean_rank": 0.0010947326674182242,
        "arithmetic_mean_rank": 1746.0172413793102,
        "count": 232.0,
        "geometric_mean_rank": 1086.6568559338525,
        "harmonic_mean_rank": 347.7051290374493,
        "hits_at_1": 0.0,
        "hits_at_10": 0.0,
        "hits_at_3": 0.0,
        "hits_at_5": 0.0,
        "inverse_arithmetic_mean_rank": 0.000572732030532542,
        "inverse_geometric_mean_rank": 0.0009202537070827375,
        "inverse_harmonic_mean_rank": 0.0028760001406027457,
        "inverse_median_rank": 0.0006287331027978623,
        "median_absolute_deviation": 1473.7066051945683,
        "median_rank": 1590.5,
        "standard_deviation": 1271.8614174586696,
        "variance": 1617631.4652199761,
        "z_arithmetic_mean_rank": -1746.0172413793102,
        "z_hits_at_1": 0.0,
        "z_hits_at_10": 0.0,
        "z_hits_at_3": 0.0,
        "z_hits_at_5": 0.0,
        "z_inverse_harmonic_mean_rank": 0.0028760001406027457
      },
      "realistic": {
        "adjusted_arithmetic_mean_rank": 0.7352672539124214,
        "adjusted_arithmetic_mean_rank_index": 0.2648442749553538,
        "adjusted_hits_at_1": -0.00021066886899837758,
        "adjusted_hits_at_10": -0.002110690601199618,
        "adjusted_hits_at_3": -0.0006322730074738982,
        "adjusted_hits_at_5": -0.0010542327210519083,
        "adjusted_inverse_harmonic_mean_rank": 0.0010947326845640538,
        "arithmetic_mean_rank": 1746.0172119140625,
        "count": 232.0,
        "geometric_mean_rank": 1086.6566162109375,
        "harmonic_mean_rank": 347.70512696823454,
        "hits_at_1": 0.0,
        "hits_at_10": 0.0,
        "hits_at_3": 0.0,
        "hits_at_5": 0.0,
        "inverse_arithmetic_mean_rank": 0.0005727320676669478,
        "inverse_geometric_mean_rank": 0.0009202539222314954,
        "inverse_harmonic_mean_rank": 0.0028760001577180006,
        "inverse_median_rank": 0.0006287330761551857,
        "median_absolute_deviation": 1473.7066051945683,
        "median_rank": 1590.5,
        "standard_deviation": 1271.8614501953125,
        "variance": 1617631.5,
        "z_arithmetic_mean_rank": -1746.0172119140625,
        "z_hits_at_1": 0.0,
        "z_hits_at_10": 0.0,
        "z_hits_at_3": 0.0,
        "z_hits_at_5": 0.0,
        "z_inverse_harmonic_mean_rank": 0.0028760001577180006
      }
    },
    "head": {
      "optimistic": {
        "adjusted_arithmetic_mean_rank": 0.5780771855145943,
        "adjusted_arithmetic_mean_rank_index": 0.4221023594101464,
        "adjusted_hits_at_1": -0.00021277704780802407,
        "adjusted_hits_at_10": -0.00213185296249773,
        "adjusted_hits_at_3": -0.0006386029035051311,
        "adjusted_hits_at_5": -0.0010647914918007462,
        "adjusted_inverse_harmonic_mean_rank": 0.0028270186704989035,
        "arithmetic_mean_rank": 1359.0344827586207,
        "count": 116.0,
        "geometric_mean_rank": 690.9278069190858,
        "harmonic_mean_rank": 216.40286719474364,
        "hits_at_1": 0.0,
        "hits_at_10": 0.0,
        "hits_at_3": 0.0,
        "hits_at_5": 0.0,
        "inverse_arithmetic_mean_rank": 0.0007358165025880442,
        "inverse_geometric_mean_rank": 0.0014473292144067803,
        "inverse_harmonic_mean_rank": 0.004621010862578302,
        "inverse_median_rank": 0.0011001100110011,
        "median_absolute_deviation": 1007.4282074745565,
        "median_rank": 909.0,
        "standard_deviation": 1362.9443655698224,
        "variance": 1857617.3436385258,
        "z_arithmetic_mean_rank": -1359.0344827586207,
        "z_hits_at_1": 0.0,
        "z_hits_at_10": 0.0,
        "z_hits_at_3": 0.0,
        "z_hits_at_5": 0.0,
        "z_inverse_harmonic_mean_rank": 0.004621010862578302
      },
      "pessimistic": {
        "adjusted_arithmetic_mean_rank": 0.5780771855145943,
        "adjusted_arithmetic_mean_rank_index": 0.4221023594101464,
        "adjusted_hits_at_1": -0.00021277704780802407,
        "adjusted_hits_at_10": -0.00213185296249773,
        "adjusted_hits_at_3": -0.0006386029035051311,
        "adjusted_hits_at_5": -0.0010647914918007462,
        "adjusted_inverse_harmonic_mean_rank": 0.0028270186704989035,
        "arithmetic_mean_rank": 1359.0344827586207,
        "count": 116.0,
        "geometric_mean_rank": 690.9278069190858,
        "harmonic_mean_rank": 216.40286719474364,
        "hits_at_1": 0.0,
        "hits_at_10": 0.0,
        "hits_at_3": 0.0,
        "hits_at_5": 0.0,
        "inverse_arithmetic_mean_rank": 0.0007358165025880442,
        "inverse_geometric_mean_rank": 0.0014473292144067803,
        "inverse_harmonic_mean_rank": 0.004621010862578302,
        "inverse_median_rank": 0.0011001100110011,
        "median_absolute_deviation": 1007.4282074745565,
        "median_rank": 909.0,
        "standard_deviation": 1362.9443655698224,
        "variance": 1857617.3436385258,
        "z_arithmetic_mean_rank": -1359.0344827586207,
        "z_hits_at_1": 0.0,
        "z_hits_at_10": 0.0,
        "z_hits_at_3": 0.0,
        "z_hits_at_5": 0.0,
        "z_inverse_harmonic_mean_rank": 0.004621010862578302
      },
      "realistic": {
        "adjusted_arithmetic_mean_rank": 0.5780771604479933,
        "adjusted_arithmetic_mean_rank_index": 0.4221023844874142,
        "adjusted_hits_at_1": -0.00021277704780802407,
        "adjusted_hits_at_10": -0.00213185296249773,