{
  "losses": [
    0.0036508386684149102,
    0.0027428171403594322,
    0.002372572769724341,
    0.0021230562265634064,
    0.0019165385929865045,
    0.0017387140289816998,
    0.0015754600934440577,
    0.0014376250004726723,
    0.0013476678222268828,
    0.0012045777240407573,
    0.0010964539038704846,
    0.0010197789588180495,
    0.000937550943139504,
    0.0008692885935575831,
    0.000788818994786867,
    0.0007527278761254485,
    0.0006876300490122948,
    0.00066017442209578,
    0.000615632125706021,
    0.0005779120289958404,
    0.0005605447857640291,
    0.000522642775685175,
    0.0005086963874777715,
    0.0004735967889046656,
    0.0004470401105985003,
    0.00043261013433636115,
    0.0004084869356631055,
    0.00040066664900796097,
    0.00039421561668956216,
    0.00036730671455311375
  ],
  "metrics": {
    "both": {
      "optimistic": {
        "adjusted_arithmetic_mean_rank": 1.1487650955030597,
        "adjusted_arithmetic_mean_rank_index": -0.14882780160382003,
        "adjusted_hits_at_1": -0.00021078182213830787,
        "adjusted_hits_at_10": -0.002111824429194074,
        "adjusted_hits_at_3": -0.0006326121526994293,
        "adjusted_hits_at_5": -0.0010547984400402608,
        "adjusted_inverse_harmonic_mean_rank": -0.001050439698007003,
        "arithmetic_mean_rank": 2726.5,
        "count": 232.0,
        "geometric_mean_rank": 2158.8635825194497,
        "harmonic_mean_rank": 1359.6492150902695,
        "hits_at_1": 0.0,
        "hits_at_10": 0.0,
        "hits_at_3": 0.0,
        "hits_at_5": 0.0,
        "inverse_arithmetic_mean_rank": 0.00036677058499908307,
        "inverse_geometric_mean_rank": 0.0004632066648847604,
        "inverse_harmonic_mean_rank": 0.0007354838210483637,
        "inverse_median_rank": 0.00035267148651031563,
        "median_absolute_deviation": 2031.9063404619274,
        "median_rank": 2835.5,
        "standard_deviation": 1451.3879445266318,
        "variance": 2106526.9655172415,
        "z_arithmetic_mean_rank": -2726.5,
        "z_hits_at_1": 0.0,
        "z_hits_at_10": 0.0,
        "z_hits_at_3": 0.0,
        "z_hits_at_5": 0.0,
        "z_inverse_harmonic_mean_rank": 0.0007354838210483637
      },
      "pessimistic": {
        "adjusted_arithmetic_mean_rank": 1.1487650955030597,
        "adjusted_arithmetic_mean_rank_index": -0.14882780160382003,
        "adjusted_hits_at_1": -0.00021078182213830787,
        "adjusted_hits_at_10": -0.002111824429194074,
        "adjusted_hits_at_3": -0.0006326121526994293,
        "adjusted_hits_at_5": -0.0010547984400402608,
        "adjusted_inverse_harmonic_mean_rank": -0.001050439698007003,
        "arithmetic_mean_rank": 2726.5,
        "count": 232.0,
        "geometric_mean_rank": 2158.8635825194497,
        "harmonic_mean_rank": 1359.6492150902695,
        "hits_at_1": 0.0,
        "hits_at_10": 0.0,
        "hits_at_3": 0.0,
        "hits_at_5": 0.0,
        "inverse_arithmetic_mean_rank": 0.00036677058499908307,
        "inverse_geometric_mean_rank": 0.0004632066648847604,
        "inverse_harmonic_mean_rank": 0.0007354838210483637,
        "inverse_median_rank": 0.00035267148651031563,
        "median_absolute_deviation": 2031.9063404619274,
        "median_rank": 2835.5,
        "standard_deviation": 1451.3879445266318,
        "variance": 2106526.9655172415,
        "z_arithmetic_mean_rank": -2726.5,
        "z_hits_at_1": 0.0,
        "z_hits_at_10": 0.0,
        "z_hits_at_3": 0.0,
        "z_hits_at_5": 0.0,
        "z_inverse_harmonic_mean_rank": 0.0007354838210483637
      },
      "realistic": {
        "adjusted_arithmetic_mean_rank": 1.1487650955030597,
        "adjusted_arithmetic_mean_rank_index": -0.14882780160382003,
        "adjusted_hits_at_1": -0.00021078182213830787,
        "adjusted_hits_at_10": -0.002111824429194074,
        "adjusted_hits_at_3": -0.0006326121526994293,
        "adjusted_hits_at_5": -0.0010547984400402608,
        "adjusted_inverse_harmonic_mean_rank": -0.0010504397123722313,
        "arithmetic_mean_rank": 2726.5,
        "count": 232.0,
        "geometric_mean_rank": 2158.864501953125,
        "harmonic_mean_rank": 1359.6492415991147,
        "hits_at_1": 0.0,
        "hits_at_10": 0.0,
        "hits_at_3": 0.0,
        "hits_at_5": 0.0,
        "inverse_arithmetic_mean_rank": 0.00036677057505585253,
        "inverse_geometric_mean_rank": 0.00046320646652020514,
        "inverse_harmonic_mean_rank": 0.0007354838067087634,
        "inverse_median_rank": 0.000352671486325562,
        "median_absolute_deviation": 2031.9063404619274,
        "median_rank": 2835.5,
        "standard_deviation": 1451.387939453125,
        "variance": 2106527.0,
        "z_arithmetic_mean_rank": -2726.5,
        "z_hits_at_1": 0.0,
        "z_hits_at_10": 0.0,
        "z_hits_at_3": 0.0,
        "z_hits_at_5": 0.0,
        "z_inverse_harmonic_mean_rank": 0.0007354838067087634
      }
    },
    "head": {
      "optimistic": {
        "adjusted_arithmetic_mean_rank": 0.8360913415534168,
        "adjusted_arithmetic_mean_rank_index": 0.16397848263077652,
        "adjusted_hits_at_1": -0.00021300333008983274,
        "adjusted_hits_at_10": -0.0021341244814907815,
        "adjusted_hits_at_3": -0.0006392823287993019,
        "adjusted_hits_at_5": -0.001065924832605045,
        "adjusted_inverse_harmonic_mean_rank": -0.0007071146898684807,
        "arithmetic_mean_rank": 1963.5172413793102,
        "count": 116.0,
        "geometric_mean_rank": 1477.1364374339043,
        "harmonic_mean_rank": 913.298741259959,
        "hits_at_1": 0.0,
        "hits_at_10": 0.0,
        "hits_at_3": 0.0,
        "hits_at_5": 0.0,
        "inverse_arithmetic_mean_rank": 0.0005092901548944541,
        "inverse_geometric_mean_rank": 0.000676985534076466,
        "inverse_harmonic_mean_rank": 0.001094931980986233,
        "inverse_median_rank": 0.0005961251862891207,
        "median_absolute_deviation": 1494.4630362536468,
        "median_rank": 1677.5,
        "standard_deviation": 1237.1589149083547,
        "variance": 1530562.1807372177,
        "z_arithmetic_mean_rank": -1963.5172413793102,
        "z_hits_at_1": 0.0,
        "z_hits_at_10": 0.0,
        "z_hits_at_3": 0.0,
        "z_hits_at_5": 0.0,
        "z_inverse_harmonic_mean_rank": 0.001094931980986233
      },
      "pessimistic": {
        "adjusted_arithmetic_mean_rank": 0.8360913415534168,
        "adjusted_arithmetic_mean_rank_index": 0.16397848263077652,
        "adjusted_hits_at_1": -0.00021300333008983274,
        "adjusted_hits_at_10": -0.0021341244814907815,
        "adjusted_hits_at_3": -0.0006392823287993019,
        "adjusted_hits_at_5": -0.001065924832605045,
        "adjusted_inverse_harmonic_mean_rank": -0.0007071146898684807,
        "arithmetic_mean_rank": 1963.5172413793102,
        "count": 116.0,
        "geometric_mean_rank": 1477.1364374339043,
        "harmonic_mean_rank": 913.298741259959,
        "hits_at_1": 0.0,
        "hits_at_10": 0.0,
        "hits_at_3": 0.0,
        "hits_at_5": 0.0,
        "inverse_arithmetic_mean_rank": 0.0005092901548944541,
        "inverse_geometric_mean_rank": 0.000676985534076466,
        "inverse_harmonic_mean_rank": 0.001094931980986233,
        "inverse_median_rank": 0.0005961251862891207,
        "median_absolute_deviation": 1494.4630362536468,
        "median_rank": 1677.5,
        "standard_deviation": 1237.1589149083547,
        "variance": 1530562.1807372177,
        "z_arithmetic_mean_rank": -1963.5172413793102,
        "z_hits_at_1": 0.0,
        "z_hits_at_10": 0.0,
        "z_hits_at_3": 0.0,
        "z_hits_at_5": 0.0,
        "z_inverse_harmonic_mean_rank": 0.001094931980986233
      },
      "realistic": {
        "adjusted_arithmetic_mean_rank": 0.8360913290067286,
        "adjusted_arithmetic_mean_rank_index": 0.1639784951828095,
        "adjusted_hits_at_1": -0.00021300333008983274,
        "adjusted_hits_at_10": -0.0021341244814907815,
        "adjusted_hits_at_3": -0.0006392823287993019,