{
  "losses": [
    0.19249539603853882,
    0.166037132609535,
    0.15078748524105554,
    0.14095906433793085,
    0.13326232022153928,
    0.12799447543239142,
    0.12422146901123747,
    0.12138222742141083,
    0.11910798926169408,
    0.11720650584353946,
    0.11533049235112841,
    0.11340619919975713,
    0.11153842566704864,
    0.10966352904353903,
    0.10774542813173621,
    0.10589378219105054,
    0.10401740174922583,
    0.10213029674669638,
    0.10028447253601876,
    0.09833746068946966,
    0.09648644820061313,
    0.09461304900026522,
    0.0928071869285049,
    0.09093803396607056,
    0.08906687206367232,
    0.08728083339772791,
    0.08550910156302893,
    0.08376357291716034,
    0.08209049707253403,
    0.08038821454668321
  ],
  "metrics": {
    "both": {
      "optimistic": {
        "adjusted_arithmetic_mean_rank": 0.6481093843155439,
        "adjusted_arithmetic_mean_rank_index": 0.3520524442365107,
        "adjusted_hits_at_1": -0.00022997208989089375,
        "adjusted_hits_at_10": -0.002304490615616002,
        "adjusted_hits_at_3": -0.0006902337386634684,
        "adjusted_hits_at_5": -0.0011509191665986212,
        "adjusted_inverse_harmonic_mean_rank": 0.0029198012962078483,
        "arithmetic_mean_rank": 1409.9396551724137,
        "count": 232.0,
        "geometric_mean_rank": 891.5753565409093,
        "harmonic_mean_rank": 206.5856451274951,
        "hits_at_1": 0.0,
        "hits_at_10": 0.0,
        "hits_at_3": 0.0,
        "hits_at_5": 0.0,
        "inverse_arithmetic_mean_rank": 0.0007092502124693525,
        "inverse_geometric_mean_rank": 0.0011216101843368029,
        "inverse_harmonic_mean_rank": 0.004840607387714893,
        "inverse_median_rank": 0.0007178750897343862,
        "median_absolute_deviation": 648.6384705962008,
        "median_rank": 1393.0,
        "standard_deviation": 923.758353877518,
        "variance": 853329.4963585017,
        "z_arithmetic_mean_rank": -1409.9396551724137,
        "z_hits_at_1": 0.0,
        "z_hits_at_10": 0.0,
        "z_hits_at_3": 0.0,
        "z_hits_at_5": 0.0,
        "z_inverse_harmonic_mean_rank": 0.004840607387714893
      },
      "pessimistic": {
        "adjusted_arithmetic_mean_rank": 0.6481113656591582,
        "adjusted_arithmetic_mean_rank_index": 0.35205046198170986,
        "adjusted_hits_at_1": -0.00022997208989089375,
        "adjusted_hits_at_10": -0.002304490615616002,
        "adjusted_hits_at_3": -0.0006902337386634684,
        "adjusted_hits_at_5": -0.0011509191665986212,
        "adjusted_inverse_harmonic_mean_rank": 0.0029196822919522365,
        "arithmetic_mean_rank": 1409.9439655172414,
        "count": 232.0,
        "geometric_mean_rank": 891.5955300292471,
        "harmonic_mean_rank": 206.59071428732688,
        "hits_at_1": 0.0,
        "hits_at_10": 0.0,
        "hits_at_3": 0.0,
        "hits_at_5": 0.0,
        "inverse_arithmetic_mean_rank": 0.000709248044217947,
        "inverse_geometric_mean_rank": 0.0011215848064729495,
        "inverse_harmonic_mean_rank": 0.004840488612712755,
        "inverse_median_rank": 0.0007178750897343862,
        "median_absolute_deviation": 648.6384705962008,
        "median_rank": 1393.0,
        "standard_deviation": 923.7526638278789,
        "variance": 853318.9839291023,
        "z_arithmetic_mean_rank": -1409.9439655172414,
        "z_hits_at_1": 0.0,
        "z_hits_at_10": 0.0,
        "z_hits_at_3": 0.0,
        "z_hits_at_5": 0.0,
        "z_inverse_harmonic_mean_rank": 0.004840488612712755
      },
      "realistic": {
        "adjusted_arithmetic_mean_rank": 0.6481103575731981,
        "adjusted_arithmetic_mean_rank_index": 0.3520514705312716,
        "adjusted_hits_at_1": -0.00022997208989089375,
        "adjusted_hits_at_10": -0.002304490615616002,
        "adjusted_hits_at_3": -0.0006902337386634684,
        "adjusted_hits_at_5": -0.0011509191665986212,
        "adjusted_inverse_harmonic_mean_rank": 0.0029197414617488067,
        "arithmetic_mean_rank": 1409.9417724609375,
        "count": 232.0,
        "geometric_mean_rank": 891.5853271484375,
        "harmonic_mean_rank": 206.5881938324495,
        "hits_at_1": 0.0,
        "hits_at_10": 0.0,
        "hits_at_3": 0.0,
        "hits_at_5": 0.0,
        "inverse_arithmetic_mean_rank": 0.000709249172359705,
        "inverse_geometric_mean_rank": 0.0011215975973755121,
        "inverse_harmonic_mean_rank": 0.004840547668522802,
        "inverse_median_rank": 0.0007178750820457935,
        "median_absolute_deviation": 648.6384705962008,
        "median_rank": 1393.0,
        "standard_deviation": 923.7554931640625,
        "variance": 853324.1875,
        "z_arithmetic_mean_rank": -1409.9417724609375,
        "z_hits_at_1": 0.0,
        "z_hits_at_10": 0.0,
        "z_hits_at_3": 0.0,
        "z_hits_at_5": 0.0,
        "z_inverse_harmonic_mean_rank": 0.004840547668522802
      }
    },
    "head": {
      "optimistic": {
        "adjusted_arithmetic_mean_rank": 0.7002582795410492,
        "adjusted_arithmetic_mean_rank_index": 0.29988103521622034,
        "adjusted_hits_at_1": -0.0002324012996594279,
        "adjusted_hits_at_10": -0.002328884117855992,
        "adjusted_hits_at_3": -0.0006975281118577733,
        "adjusted_hits_at_5": -0.0011630877106794588,
        "adjusted_inverse_harmonic_mean_rank": 0.003020409256671126,
        "arithmetic_mean_rank": 1507.3362068965516,
        "count": 116.0,
        "geometric_mean_rank": 856.4381833793647,
        "harmonic_mean_rank": 201.65238797936502,
        "hits_at_1": 0.0,
        "hits_at_10": 0.0,
        "hits_at_3": 0.0,
        "hits_at_5": 0.0,
        "inverse_arithmetic_mean_rank": 0.0006634219993022631,
        "inverse_geometric_mean_rank": 0.0011676265951316696,
        "inverse_harmonic_mean_rank": 0.004959028802090504,
        "inverse_median_rank": 0.0007730962504831851,
        "median_absolute_deviation": 1390.6808809582546,
        "median_rank": 1293.5,
        "standard_deviation": 1179.1316350717557,
        "variance": 1390351.4128269919,
        "z_arithmetic_mean_rank": -1507.3362068965516,
        "z_hits_at_1": 0.0,
        "z_hits_at_10": 0.0,
        "z_hits_at_3": 0.0,
        "z_hits_at_5": 0.0,
        "z_inverse_harmonic_mean_rank": 0.004959028802090504
      },
      "pessimistic": {
        "adjusted_arithmetic_mean_rank": 0.7002622844268066,
        "adjusted_arithmetic_mean_rank_index": 0.2998770284690615,
        "adjusted_hits_at_1": -0.0002324012996594279,
        "adjusted_hits_at_10": -0.002328884117855992,
        "adjusted_hits_at_3": -0.0006975281118577733,
        "adjusted_hits_at_5": -0.0011630877106794588,
        "adjusted_inverse_harmonic_mean_rank": 0.0030201712438526593,
        "arithmetic_mean_rank": 1507.344827586207,
        "count": 116.0,
        "geometric_mean_rank": 856.4769407116391,
        "harmonic_mean_rank": 201.66204810079213,
        "hits_at_1": 0.0,
        "hits_at_10": 0.0,
        "hits_at_3": 0.0,
        "hits_at_5": 0.0,
        "inverse_arithmetic_mean_rank": 0.0006634182051106078,
        "inverse_geometric_mean_rank": 0.0011675737576415178,
        "inverse_harmonic_mean_rank": 0.0049587912520862275,
        "inverse_median_rank": 0.0007730962504831851,
        "median_absolute_deviation": 1390.6808809582546,
        "median_rank": 1293.5,
        "standard_deviation": 1179.1220075463532,
        "variance": 1390328.7086801424,
        "z_arithmetic_mean_rank": -1507.344827586207,
        "z_hits_at_1": 0.0,
        "z_hits_at_10": 0.0,
        "z_hits_at_3": 0.0,
        "z_hits_at_5": 0.0,
        "z_inverse_harmonic_mean_rank": 0.0049587912520862275
      },
      "realistic": {
        "adjusted_arithmetic_mean_rank": 0.7002603093610766,
        "adjusted_arithmetic_mean_rank_index": 0.2998790044527677,
        "adjusted_hits_at_1": -0.0002324012996594279,
        "adjusted_hits_at_10": -0.002328884117855992,
        "adjusted_hits_at_3": -0.0006975281118577733,