{
  "losses": [
    0.005060928211564881,
    0.004687574389296679,
    0.004308760988375529,
    0.004047564843082836,
    0.0037679228392877274,
    0.0036907531354708973,
    0.0035162374353015302,
    0.0033626618079985204,
    0.0032120828498997506,
    0.0031401153343512734,
    0.0030806003819818305,
    0.002992282595363599,
    0.0029022822853427546,
    0.002872185074172173,
    0.00281080428207289,
    0.0027689808327407335,
    0.002719169624971558,
    0.0026956929491841718,
    0.002643910278563657,
    0.0026120625844268035,
    0.002610103397238406,
    0.002563080807908688,
    0.0025215985315275883,
    0.0024870232956702865,
    0.0024541365864061315,
    0.002472185799891845,
    0.002430229005767067,
    0.0023826111491118116,
    0.002333412852016431,
    0.00230725235152292
  ],
  "metrics": {
    "both": {
      "optimistic": {
        "adjusted_arithmetic_mean_rank": 1.0013532214789316,
        "adjusted_arithmetic_mean_rank_index": -0.0013537915756107743,
        "adjusted_hits_at_1": -0.00021066886899837758,
        "adjusted_hits_at_10": -0.002110690601199618,
        "adjusted_hits_at_3": -0.0006322730074738982,
        "adjusted_hits_at_5": -0.0010542327210519083,
        "adjusted_inverse_harmonic_mean_rank": -0.0007168268489014778,
        "arithmetic_mean_rank": 2377.8836206896553,
        "count": 232.0,
        "geometric_mean_rank": 1839.7709338373086,
        "harmonic_mean_rank": 936.6180867677699,
        "hits_at_1": 0.0,
        "hits_at_10": 0.0,
        "hits_at_3": 0.0,
        "hits_at_5": 0.0,
        "inverse_arithmetic_mean_rank": 0.0004205420279189151,
        "inverse_geometric_mean_rank": 0.0005435459282500168,
        "inverse_harmonic_mean_rank": 0.0010676710327588894,
        "inverse_median_rank": 0.0004286326618088298,
        "median_absolute_deviation": 1665.7035924910438,
        "median_rank": 2333.0,
        "standard_deviation": 1324.8353994341287,
        "variance": 1755188.8355937873,
        "z_arithmetic_mean_rank": -2377.8836206896553,
        "z_hits_at_1": 0.0,
        "z_hits_at_10": 0.0,
        "z_hits_at_3": 0.0,
        "z_hits_at_5": 0.0,
        "z_inverse_harmonic_mean_rank": 0.0010676710327588894
      },
      "pessimistic": {
        "adjusted_arithmetic_mean_rank": 1.0013532214789316,
        "adjusted_arithmetic_mean_rank_index": -0.0013537915756107743,
        "adjusted_hits_at_1": -0.00021066886899837758,
        "adjusted_hits_at_10": -0.002110690601199618,
        "adjusted_hits_at_3": -0.0006322730074738982,
        "adjusted_hits_at_5": -0.0010542327210519083,
        "adjusted_inverse_harmonic_mean_rank": -0.0007168268489014778,
        "arithmetic_mean_rank": 2377.8836206896553,
        "count": 232.0,
        "geometric_mean_rank": 1839.7709338373086,
        "harmonic_mean_rank": 936.6180867677699,
        "hits_at_1": 0.0,
        "hits_at_10": 0.0,
        "hits_at_3": 0.0,
        "hits_at_5": 0.0,
        "inverse_arithmetic_mean_rank": 0.0004205420279189151,
        "inverse_geometric_mean_rank": 0.0005435459282500168,
        "inverse_harmonic_mean_rank": 0.0010676710327588894,
        "inverse_median_rank": 0.0004286326618088298,
        "median_absolute_deviation": 1665.7035924910438,
        "median_rank": 2333.0,
        "standard_deviation": 1324.8353994341287,
        "variance": 1755188.8355937873,
        "z_arithmetic_mean_rank": -2377.8836206896553,
        "z_hits_at_1": 0.0,
        "z_hits_at_10": 0.0,
        "z_hits_at_3": 0.0,
        "z_hits_at_5": 0.0,
        "z_inverse_harmonic_mean_rank": 0.0010676710327588894
      },
      "realistic": {
        "adjusted_arithmetic_mean_rank": 1.0013531895722771,
        "adjusted_arithmetic_mean_rank_index": -0.0013537596555144304,
        "adjusted_hits_at_1": -0.00021066886899837758,
        "adjusted_hits_at_10": -0.002110690601199618,
        "adjusted_hits_at_3": -0.0006322730074738982,
        "adjusted_hits_at_5": -0.0010542327210519083,
        "adjusted_inverse_harmonic_mean_rank": -0.0007168268560516375,
        "arithmetic_mean_rank": 2377.883544921875,
        "count": 232.0,
        "geometric_mean_rank": 1839.771240234375,
        "harmonic_mean_rank": 936.6180930290869,
        "hits_at_1": 0.0,
        "hits_at_10": 0.0,
        "hits_at_3": 0.0,
        "hits_at_5": 0.0,
        "inverse_arithmetic_mean_rank": 0.00042054205550812185,
        "inverse_geometric_mean_rank": 0.0005435458151623607,
        "inverse_harmonic_mean_rank": 0.00106767102562148,
        "inverse_median_rank": 0.0004286326584406197,
        "median_absolute_deviation": 1665.7035924910438,
        "median_rank": 2333.0,
        "standard_deviation": 1324.83544921875,
        "variance": 1755188.875,
        "z_arithmetic_mean_rank": -2377.883544921875,
        "z_hits_at_1": 0.0,
        "z_hits_at_10": 0.0,
        "z_hits_at_3": 0.0,
        "z_hits_at_5": 0.0,
        "z_inverse_harmonic_mean_rank": 0.00106767102562148
      }
    },
    "head": {
      "optimistic": {
        "adjusted_arithmetic_mean_rank": 1.2048176102010408,
        "adjusted_arithmetic_mean_rank_index": -0.20490476823361603,
        "adjusted_hits_at_1": -0.00021277704780802407,
        "adjusted_hits_at_10": -0.00213185296249773,
        "adjusted_hits_at_3": -0.0006386029035051311,
        "adjusted_hits_at_5": -0.0010647914918007462,
        "adjusted_inverse_harmonic_mean_rank": -0.0011162368858565184,
        "arithmetic_mean_rank": 2832.4741379310344,
        "count": 116.0,
        "geometric_mean_rank": 2395.3070054826535,
        "harmonic_mean_rank": 1460.1747597636736,
        "hits_at_1": 0.0,
        "hits_at_10": 0.0,
        "hits_at_3": 0.0,
        "hits_at_5": 0.0,
        "inverse_arithmetic_mean_rank": 0.00035304823673710384,
        "inverse_geometric_mean_rank": 0.0004174830189662892,
        "inverse_harmonic_mean_rank": 0.0006848495314094103,
        "inverse_median_rank": 0.00034825004353125546,
        "median_absolute_deviation": 1577.4887604899604,
        "median_rank": 2871.5,
        "standard_deviation": 1265.2040278507552,
        "variance": 1600741.2320897745,
        "z_arithmetic_mean_rank": -2832.4741379310344,
        "z_hits_at_1": 0.0,
        "z_hits_at_10": 0.0,
        "z_hits_at_3": 0.0,
        "z_hits_at_5": 0.0,
        "z_inverse_harmonic_mean_rank": 0.0006848495314094103
      },
      "pessimistic": {
        "adjusted_arithmetic_mean_rank": 1.2048176102010408,
        "adjusted_arithmetic_mean_rank_index": -0.20490476823361603,
        "adjusted_hits_at_1": -0.00021277704780802407,
        "adjusted_hits_at_10": -0.00213185296249773,
        "adjusted_hits_at_3": -0.0006386029035051311,
        "adjusted_hits_at_5": -0.0010647914918007462,
        "adjusted_inverse_harmonic_mean_rank": -0.0011162368858565184,
        "arithmetic_mean_rank": 2832.4741379310344,
        "count": 116.0,
        "geometric_mean_rank": 2395.3070054826535,
        "harmonic_mean_rank": 1460.1747597636736,
        "hits_at_1": 0.0,
        "hits_at_10": 0.0,
        "hits_at_3": 0.0,
        "hits_at_5": 0.0,
        "inverse_arithmetic_mean_rank": 0.00035304823673710384,
        "inverse_geometric_mean_rank": 0.0004174830189662892,
        "inverse_harmonic_mean_rank": 0.0006848495314094103,
        "inverse_median_rank": 0.00034825004353125546,
        "median_absolute_deviation": 1577.4887604899604,
        "median_rank": 2871.5,
        "standard_deviation": 1265.2040278507552,
        "variance": 1600741.2320897745,
        "z_arithmetic_mean_rank": -2832.4741379310344,
        "z_hits_at_1": 0.0,
        "z_hits_at_10": 0.0,
        "z_hits_at_3": 0.0,
        "z_hits_at_5": 0.0,
        "z_inverse_harmonic_mean_rank": 0.0006848495314094103
      },
      "realistic": {
        "adjusted_arithmetic_mean_rank": 1.2048176030391549,
        "adjusted_arithmetic_mean_rank_index": -0.2049047610686825,
        "adjusted_hits_at_1": -0.00021277704780802407,