{
  "losses": [
    0.005035660527688759,
    0.004642622716092609,
    0.004374600634496376,
    0.004079694108528802,
    0.003883211149882336,
    0.003677456384976302,
    0.003559612892491127,
    0.0034278783311240553,
    0.003296539609602758,
    0.0032045469269117717,
    0.0031154023735580918,
    0.003026763313365423,
    0.002982886165279157,
    0.0028868925888517224,
    0.0028430770599129247,
    0.0028212326589039777,
    0.0027509463102799578,
    0.002758250646722785,
    0.002715155542886191,
    0.0026468740019128527,
    0.0025978125212121174,
    0.002572132439527835,
    0.0025616437663603495,
    0.0025147162042580542,
    0.002457604711194506,
    0.0024250864299183946,
    0.0024617421023885883,
    0.002401432989597416,
    0.002369070838240097,
    0.0023379677590128025
  ],
  "metrics": {
    "both": {
      "optimistic": {
        "adjusted_arithmetic_mean_rank": 0.7060266076179611,
        "adjusted_arithmetic_mean_rank_index": 0.2941086352523594,
        "adjusted_hits_at_1": -0.00023005774985504658,
        "adjusted_hits_at_10": 0.0020149309115124183,
        "adjusted_hits_at_3": -0.0006904909551560167,
        "adjusted_hits_at_5": -0.001151348255631193,
        "adjusted_inverse_harmonic_mean_rank": 0.0007378637895587221,
        "arithmetic_mean_rank": 1535.375,
        "count": 232.0,
        "geometric_mean_rank": 967.4177887880201,
        "harmonic_mean_rank": 375.44674769655774,
        "hits_at_1": 0.0,
        "hits_at_10": 0.004310344827586207,
        "hits_at_3": 0.0,
        "hits_at_5": 0.0,
        "inverse_arithmetic_mean_rank": 0.0006513066840348449,
        "inverse_geometric_mean_rank": 0.0010336795659430648,
        "inverse_harmonic_mean_rank": 0.002663493574348969,
        "inverse_median_rank": 0.0008385744234800838,
        "median_absolute_deviation": 1249.0923690909697,
        "median_rank": 1192.5,
        "standard_deviation": 1189.6721628518737,
        "variance": 1415319.8550646552,
        "z_arithmetic_mean_rank": -1535.375,
        "z_hits_at_1": 0.0,
        "z_hits_at_10": 0.004310344827586207,
        "z_hits_at_3": 0.0,
        "z_hits_at_5": 0.0,
        "z_inverse_harmonic_mean_rank": 0.002663493574348969
      },
      "pessimistic": {
        "adjusted_arithmetic_mean_rank": 0.7060266076179611,
        "adjusted_arithmetic_mean_rank_index": 0.2941086352523594,
        "adjusted_hits_at_1": -0.00023005774985504658,
        "adjusted_hits_at_10": 0.0020149309115124183,
        "adjusted_hits_at_3": -0.0006904909551560167,
        "adjusted_hits_at_5": -0.001151348255631193,
        "adjusted_inverse_harmonic_mean_rank": 0.0007378637895587221,
        "arithmetic_mean_rank": 1535.375,
        "count": 232.0,
        "geometric_mean_rank": 967.4177887880201,
        "harmonic_mean_rank": 375.44674769655774,
        "hits_at_1": 0.0,
        "hits_at_10": 0.004310344827586207,
        "hits_at_3": 0.0,
        "hits_at_5": 0.0,
        "inverse_arithmetic_mean_rank": 0.0006513066840348449,
        "inverse_geometric_mean_rank": 0.0010336795659430648,
        "inverse_harmonic_mean_rank": 0.002663493574348969,
        "inverse_median_rank": 0.0008385744234800838,
        "median_absolute_deviation": 1249.0923690909697,
        "median_rank": 1192.5,
        "standard_deviation": 1189.6721628518737,
        "variance": 1415319.8550646552,
        "z_arithmetic_mean_rank": -1535.375,
        "z_hits_at_1": 0.0,
        "z_hits_at_10": 0.004310344827586207,
        "z_hits_at_3": 0.0,
        "z_hits_at_5": 0.0,
        "z_inverse_harmonic_mean_rank": 0.002663493574348969
      },
      "realistic": {
        "adjusted_arithmetic_mean_rank": 0.7060266076179611,
        "adjusted_arithmetic_mean_rank_index": 0.2941086352523594,
        "adjusted_hits_at_1": -0.00023005774985504658,
        "adjusted_hits_at_10": 0.0020149309115124183,
        "adjusted_hits_at_3": -0.0006904909551560167,
        "adjusted_hits_at_5": -0.001151348255631193,
        "adjusted_inverse_harmonic_mean_rank": 0.000737863885661198,
        "arithmetic_mean_rank": 1535.375,
        "count": 232.0,
        "geometric_mean_rank": 967.4177856445312,
        "harmonic_mean_rank": 375.44673417603326,
        "hits_at_1": 0.0,
        "hits_at_10": 0.004310344827586207,
        "hits_at_3": 0.0,
        "hits_at_5": 0.0,
        "inverse_arithmetic_mean_rank": 0.0006513067055493593,
        "inverse_geometric_mean_rank": 0.0010336795821785927,
        "inverse_harmonic_mean_rank": 0.0026634936702662503,
        "inverse_median_rank": 0.0008385744295082986,
        "median_absolute_deviation": 1249.0923690909697,
        "median_rank": 1192.5,
        "standard_deviation": 1189.672119140625,
        "variance": 1415319.875,
        "z_arithmetic_mean_rank": -1535.375,
        "z_hits_at_1": 0.0,
        "z_hits_at_10": 0.004310344827586207,
        "z_hits_at_3": 0.0,
        "z_hits_at_5": 0.0,
        "z_inverse_harmonic_mean_rank": 0.0026634936702662503
      }
    },
    "head": {
      "optimistic": {
        "adjusted_arithmetic_mean_rank": 0.9282957937125225,
        "adjusted_arithmetic_mean_rank_index": 0.07173755775143131,
        "adjusted_hits_at_1": -0.00023257217403122084,
        "adjusted_hits_at_10": 0.006310181000018299,
        "adjusted_hits_at_3": -0.0006980412120181476,
        "adjusted_hits_at_5": -0.0011639436737987652,
        "adjusted_inverse_harmonic_mean_rank": 7.2814765455634e-05,
        "arithmetic_mean_rank": 1996.7241379310344,
        "count": 116.0,
        "geometric_mean_rank": 1442.3759192396176,
        "harmonic_mean_rank": 495.4347890501168,
        "hits_at_1": 0.0,
        "hits_at_10": 0.008620689655172414,
        "hits_at_3": 0.0,
        "hits_at_5": 0.0,
        "inverse_arithmetic_mean_rank": 0.0005008203091270184,
        "inverse_geometric_mean_rank": 0.0006933005374404569,
        "inverse_harmonic_mean_rank": 0.002018429109343072,
        "inverse_median_rank": 0.0005275652862041678,
        "median_absolute_deviation": 1650.8775703059878,
        "median_rank": 1895.5,
        "standard_deviation": 1234.3549522070423,
        "variance": 1523632.1480380497,
        "z_arithmetic_mean_rank": -1996.7241379310344,
        "z_hits_at_1": 0.0,
        "z_hits_at_10": 0.008620689655172414,
        "z_hits_at_3": 0.0,
        "z_hits_at_5": 0.0,
        "z_inverse_harmonic_mean_rank": 0.002018429109343072
      },
      "pessimistic": {
        "adjusted_arithmetic_mean_rank": 0.9282957937125225,
        "adjusted_arithmetic_mean_rank_index": 0.07173755775143131,
        "adjusted_hits_at_1": -0.00023257217403122084,
        "adjusted_hits_at_10": 0.006310181000018299,
        "adjusted_hits_at_3": -0.0006980412120181476,
        "adjusted_hits_at_5": -0.0011639436737987652,
        "adjusted_inverse_harmonic_mean_rank": 7.2814765455634e-05,
        "arithmetic_mean_rank": 1996.7241379310344,
        "count": 116.0,
        "geometric_mean_rank": 1442.3759192396176,
        "harmonic_mean_rank": 495.4347890501168,
        "hits_at_1": 0.0,
        "hits_at_10": 0.008620689655172414,
        "hits_at_3": 0.0,
        "hits_at_5": 0.0,
        "inverse_arithmetic_mean_rank": 0.0005008203091270184,
        "inverse_geometric_mean_rank": 0.0006933005374404569,
        "inverse_harmonic_mean_rank": 0.002018429109343072,
        "inverse_median_rank": 0.0005275652862041678,
        "median_absolute_deviation": 1650.8775703059878,
        "median_rank": 1895.5,
        "standard_deviation": 1234.3549522070423,
        "variance": 1523632.1480380497,
        "z_arithmetic_mean_rank": -1996.7241379310344,
        "z_hits_at_1": 0.0,
        "z_hits_at_10": 0.008620689655172414,
        "z_hits_at_3": 0.0,
        "z_hits_at_5": 0.0,
        "z_inverse_harmonic_mean_rank": 0.002018429109343072
      },
      "realistic": {
        "adjusted_arithmetic_mean_rank": 0.9282957858847108,
        "adjusted_arithmetic_mean_rank_index": 0.0717375655828838,