{
  "losses": [
    0.003927887380063538,
    0.003629670819555328,
    0.002216737978888006,
    0.001297925305075665,
    0.00098699692463638,
    0.0008157294395804191,
    0.0007226107879588067,
    0.0005995841811962203,
    0.0005247394108119054,
    0.0004623521889943169,
    0.0004033107894371767,
    0.0003912118511568363,
    0.0003534854667801498,
    0.00034374881327911165,
    0.00031710756299066734,
    0.00029297148909785575,
    0.00028370902648521066,
    0.00026475372754345815,
    0.0002405075416585762,
    0.00023919242105717008,
    0.00022614329187133043,
    0.00022346996310813994,
    0.00021908330005269457,
    0.00021295080469390661,
    0.00019637114182685775,
    0.00020369794374942366,
    0.00020170355528944706,
    0.0001850931675312845,
    0.00018672799470166224,
    0.00018435731951367592
  ],
  "metrics": {
    "both": {
      "optimistic": {
        "adjusted_arithmetic_mean_rank": 1.162706467998239,
        "adjusted_arithmetic_mean_rank_index": -0.16278136447398794,
        "adjusted_hits_at_1": 0.012703818461663172,
        "adjusted_hits_at_10": 0.02361501975762545,
        "adjusted_hits_at_3": 0.012249072454178894,
        "adjusted_hits_at_5": 0.011793907344042707,
        "adjusted_inverse_harmonic_mean_rank": 0.01572451723530464,
        "arithmetic_mean_rank": 2527.0474137931033,
        "count": 232.0,
        "geometric_mean_rank": 1438.2115389466153,
        "harmonic_mean_rank": 56.746508509922,
        "hits_at_1": 0.01293103448275862,
        "hits_at_10": 0.02586206896551724,
        "hits_at_3": 0.01293103448275862,
        "hits_at_5": 0.01293103448275862,
        "inverse_arithmetic_mean_rank": 0.0003957187326766449,
        "inverse_geometric_mean_rank": 0.000695308007841758,
        "inverse_harmonic_mean_rank": 0.017622229565456917,
        "inverse_median_rank": 0.0003541703559412077,
        "median_absolute_deviation": 1877.715709737345,
        "median_rank": 2823.5,
        "standard_deviation": 1476.4017455053495,
        "variance": 2179762.1141312425,
        "z_arithmetic_mean_rank": -2527.0474137931033,
        "z_hits_at_1": 0.01293103448275862,
        "z_hits_at_10": 0.02586206896551724,
        "z_hits_at_3": 0.01293103448275862,
        "z_hits_at_5": 0.01293103448275862,
        "z_inverse_harmonic_mean_rank": 0.017622229565456917
      },
      "pessimistic": {
        "adjusted_arithmetic_mean_rank": 1.162706467998239,
        "adjusted_arithmetic_mean_rank_index": -0.16278136447398794,
        "adjusted_hits_at_1": 0.012703818461663172,
        "adjusted_hits_at_10": 0.02361501975762545,
        "adjusted_hits_at_3": 0.012249072454178894,
        "adjusted_hits_at_5": 0.011793907344042707,
        "adjusted_inverse_harmonic_mean_rank": 0.01572451723530464,
        "arithmetic_mean_rank": 2527.0474137931033,
        "count": 232.0,
        "geometric_mean_rank": 1438.2115389466153,
        "harmonic_mean_rank": 56.746508509922,
        "hits_at_1": 0.01293103448275862,
        "hits_at_10": 0.02586206896551724,
        "hits_at_3": 0.01293103448275862,
        "hits_at_5": 0.01293103448275862,
        "inverse_arithmetic_mean_rank": 0.0003957187326766449,
        "inverse_geometric_mean_rank": 0.000695308007841758,
        "inverse_harmonic_mean_rank": 0.017622229565456917,
        "inverse_median_rank": 0.0003541703559412077,
        "median_absolute_deviation": 1877.715709737345,
        "median_rank": 2823.5,
        "standard_deviation": 1476.4017455053495,
        "variance": 2179762.1141312425,
        "z_arithmetic_mean_rank": -2527.0474137931033,
        "z_hits_at_1": 0.01293103448275862,
        "z_hits_at_10": 0.02586206896551724,
        "z_hits_at_3": 0.01293103448275862,
        "z_hits_at_5": 0.01293103448275862,
        "z_inverse_harmonic_mean_rank": 0.017622229565456917
      },
      "realistic": {
        "adjusted_arithmetic_mean_rank": 1.1627064447574964,
        "adjusted_arithmetic_mean_rank_index": -0.16278134122254717,
        "adjusted_hits_at_1": 0.012703818461663172,
        "adjusted_hits_at_10": 0.02361501975762545,
        "adjusted_hits_at_3": 0.012249072454178894,
        "adjusted_hits_at_5": 0.011793907344042707,
        "adjusted_inverse_harmonic_mean_rank": 0.01572452011252888,
        "arithmetic_mean_rank": 2527.04736328125,
        "count": 232.0,
        "geometric_mean_rank": 1438.2117919921875,
        "harmonic_mean_rank": 56.74649926264662,
        "hits_at_1": 0.01293103448275862,
        "hits_at_10": 0.02586206896551724,
        "hits_at_3": 0.01293103448275862,
        "hits_at_5": 0.01293103448275862,
        "inverse_arithmetic_mean_rank": 0.00039571872912347317,
        "inverse_geometric_mean_rank": 0.0006953079137019813,
        "inverse_harmonic_mean_rank": 0.01762223243713379,
        "inverse_median_rank": 0.00035417036269791424,
        "median_absolute_deviation": 1877.715709737345,
        "median_rank": 2823.5,
        "standard_deviation": 1476.4017333984375,
        "variance": 2179762.25,
        "z_arithmetic_mean_rank": -2527.04736328125,
        "z_hits_at_1": 0.01293103448275862,
        "z_hits_at_10": 0.02586206896551724,
        "z_hits_at_3": 0.01293103448275862,
        "z_hits_at_5": 0.01293103448275862,
        "z_inverse_harmonic_mean_rank": 0.01762223243713379
      }
    },
    "head": {
      "optimistic": {
        "adjusted_arithmetic_mean_rank": 1.1328585363342776,
        "adjusted_arithmetic_mean_rank_index": -0.13292040443136344,
        "adjusted_hits_at_1": 0.025635248329803004,
        "adjusted_hits_at_10": 0.040870708274662576,
        "adjusted_hits_at_3": 0.025181290029941437,
        "adjusted_hits_at_5": 0.02472690853292584,
        "adjusted_inverse_harmonic_mean_rank": 0.029313827150399145,
        "arithmetic_mean_rank": 2433.887931034483,
        "count": 116.0,
        "geometric_mean_rank": 1234.4413379987589,
        "harmonic_mean_rank": 32.04667212711362,
        "hits_at_1": 0.02586206896551724,
        "hits_at_10": 0.04310344827586207,
        "hits_at_3": 0.02586206896551724,
        "hits_at_5": 0.02586206896551724,
        "inverse_arithmetic_mean_rank": 0.00041086526098798925,
        "inverse_geometric_mean_rank": 0.0008100830466526433,
        "inverse_harmonic_mean_rank": 0.03120448813010863,
        "inverse_median_rank": 0.0003699593044765076,
        "median_absolute_deviation": 2037.095448226697,
        "median_rank": 2703.0,
        "standard_deviation": 1510.0391281271588,
        "variance": 2280218.16847503,
        "z_arithmetic_mean_rank": -2433.887931034483,
        "z_hits_at_1": 0.02586206896551724,
        "z_hits_at_10": 0.04310344827586207,
        "z_hits_at_3": 0.02586206896551724,
        "z_hits_at_5": 0.02586206896551724,
        "z_inverse_harmonic_mean_rank": 0.03120448813010863
      },
      "pessimistic": {
        "adjusted_arithmetic_mean_rank": 1.1328585363342776,
        "adjusted_arithmetic_mean_rank_index": -0.13292040443136344,
        "adjusted_hits_at_1": 0.025635248329803004,
        "adjusted_hits_at_10": 0.040870708274662576,
        "adjusted_hits_at_3": 0.025181290029941437,
        "adjusted_hits_at_5": 0.02472690853292584,
        "adjusted_inverse_harmonic_mean_rank": 0.029313827150399145,
        "arithmetic_mean_rank": 2433.887931034483,
        "count": 116.0,
        "geometric_mean_rank": 1234.4413379987589,
        "harmonic_mean_rank": 32.04667212711362,
        "hits_at_1": 0.02586206896551724,
        "hits_at_10": 0.04310344827586207,
        "hits_at_3": 0.02586206896551724,
        "hits_at_5": 0.02586206896551724,
        "inverse_arithmetic_mean_rank": 0.00041086526098798925,
        "inverse_geometric_mean_rank": 0.0008100830466526433,
        "inverse_harmonic_mean_rank": 0.03120448813010863,
        "inverse_median_rank": 0.0003699593044765076,
        "median_absolute_deviation": 2037.095448226697,
        "median_rank": 2703.0,
        "standard_deviation": 1510.0391281271588,