{
  "losses": [
    0.023917479641745877,
    0.022188047566806528,
    0.020553090717266728,
    0.0191490554671698,
    0.017991026469967638,
    0.0168539150157152,
    0.01570538833668258,
    0.014762476793032627,
    0.013786208004156126,
    0.012759545058932953,
    0.012247301858488706,
    0.011654058153906053,
    0.010765736723914145,
    0.010215713707670146,
    0.00953523563079163,
    0.008950952808294416,
    0.008467680868933871,
    0.008058301246810352,
    0.007324200086971053,
    0.006919882439840315,
    0.006712800838467471,
    0.006219810545067494,
    0.005949647223674406,
    0.005622328121212188,
    0.0054389822017025585,
    0.005030333773212744,
    0.004757908243535836,
    0.0046543131663952814,
    0.0042353576906086,
    0.003985663277795103
  ],
  "metrics": {
    "both": {
      "optimistic": {
        "adjusted_arithmetic_mean_rank": 1.074851632681406,
        "adjusted_arithmetic_mean_rank_index": -0.07488317219695495,
        "adjusted_hits_at_1": -0.00021070542960217688,
        "adjusted_hits_at_10": -0.0021110575977041214,
        "adjusted_hits_at_3": -0.0006323827817779457,
        "adjusted_hits_at_5": -0.0010544158325748122,
        "adjusted_inverse_harmonic_mean_rank": -0.0005086802389277236,
        "arithmetic_mean_rank": 2551.9827586206898,
        "count": 232.0,
        "geometric_mean_rank": 1856.250922038588,
        "harmonic_mean_rank": 783.8741451216233,
        "hits_at_1": 0.0,
        "hits_at_10": 0.0,
        "hits_at_3": 0.0,
        "hits_at_5": 0.0,
        "inverse_arithmetic_mean_rank": 0.00039185217714420836,
        "inverse_geometric_mean_rank": 0.0005387202711267996,
        "inverse_harmonic_mean_rank": 0.0012757149935655084,
        "inverse_median_rank": 0.0003803727653100038,
        "median_absolute_deviation": 1881.422215283609,
        "median_rank": 2629.0,
        "standard_deviation": 1443.4141786341318,
        "variance": 2083444.491082045,
        "z_arithmetic_mean_rank": -2551.9827586206898,
        "z_hits_at_1": 0.0,
        "z_hits_at_10": 0.0,
        "z_hits_at_3": 0.0,
        "z_hits_at_5": 0.0,
        "z_inverse_harmonic_mean_rank": 0.0012757149935655084
      },
      "pessimistic": {
        "adjusted_arithmetic_mean_rank": 1.074851632681406,
        "adjusted_arithmetic_mean_rank_index": -0.07488317219695495,
        "adjusted_hits_at_1": -0.00021070542960217688,
        "adjusted_hits_at_10": -0.0021110575977041214,
        "adjusted_hits_at_3": -0.0006323827817779457,
        "adjusted_hits_at_5": -0.0010544158325748122,
        "adjusted_inverse_harmonic_mean_rank": -0.0005086802389277236,
        "arithmetic_mean_rank": 2551.9827586206898,
        "count": 232.0,
        "geometric_mean_rank": 1856.250922038588,
        "harmonic_mean_rank": 783.8741451216233,
        "hits_at_1": 0.0,
        "hits_at_10": 0.0,
        "hits_at_3": 0.0,
        "hits_at_5": 0.0,
        "inverse_arithmetic_mean_rank": 0.00039185217714420836,
        "inverse_geometric_mean_rank": 0.0005387202711267996,
        "inverse_harmonic_mean_rank": 0.0012757149935655084,
        "inverse_median_rank": 0.0003803727653100038,
        "median_absolute_deviation": 1881.422215283609,
        "median_rank": 2629.0,
        "standard_deviation": 1443.4141786341318,
        "variance": 2083444.491082045,
        "z_arithmetic_mean_rank": -2551.9827586206898,
        "z_hits_at_1": 0.0,
        "z_hits_at_10": 0.0,
        "z_hits_at_3": 0.0,
        "z_hits_at_5": 0.0,
        "z_inverse_harmonic_mean_rank": 0.0012757149935655084
      },
      "realistic": {
        "adjusted_arithmetic_mean_rank": 1.0748515936777312,
        "adjusted_arithmetic_mean_rank_index": -0.07488313317684558,
        "adjusted_hits_at_1": -0.00021070542960217688,
        "adjusted_hits_at_10": -0.0021110575977041214,
        "adjusted_hits_at_3": -0.0006323827817779457,
        "adjusted_hits_at_5": -0.0010544158325748122,
        "adjusted_inverse_harmonic_mean_rank": -0.0005086802318100059,
        "arithmetic_mean_rank": 2551.982666015625,
        "count": 232.0,
        "geometric_mean_rank": 1856.2510986328125,
        "harmonic_mean_rank": 783.87414075588,
        "hits_at_1": 0.0,
        "hits_at_10": 0.0,
        "hits_at_3": 0.0,
        "hits_at_5": 0.0,
        "inverse_arithmetic_mean_rank": 0.0003918521979358047,
        "inverse_geometric_mean_rank": 0.0005387202254496515,
        "inverse_harmonic_mean_rank": 0.0012757150006705317,
        "inverse_median_rank": 0.00038037277408875525,
        "median_absolute_deviation": 1881.422215283609,
        "median_rank": 2629.0,
        "standard_deviation": 1443.4141845703125,
        "variance": 2083444.5,
        "z_arithmetic_mean_rank": -2551.982666015625,
        "z_hits_at_1": 0.0,
        "z_hits_at_10": 0.0,
        "z_hits_at_3": 0.0,
        "z_hits_at_5": 0.0,
        "z_inverse_harmonic_mean_rank": 0.0012757150006705317
      }
    },
    "head": {
      "optimistic": {
        "adjusted_arithmetic_mean_rank": 1.07453707394521,
        "adjusted_arithmetic_mean_rank_index": -0.07456880348850059,
        "adjusted_hits_at_1": -0.00021285091937457584,
        "adjusted_hits_at_10": -0.0021325945160763585,
        "adjusted_hits_at_3": -0.0006388247069761256,
        "adjusted_hits_at_5": -0.001065161479273462,
        "adjusted_inverse_harmonic_mean_rank": -0.000459234811730554,
        "arithmetic_mean_rank": 2525.310344827586,
        "count": 116.0,
        "geometric_mean_rank": 1821.299748869833,
        "harmonic_mean_rank": 745.5882742856846,
        "hits_at_1": 0.0,
        "hits_at_10": 0.0,
        "hits_at_3": 0.0,
        "hits_at_5": 0.0,
        "inverse_arithmetic_mean_rank": 0.00039599093317311634,
        "inverse_geometric_mean_rank": 0.0005490584406111777,
        "inverse_harmonic_mean_rank": 0.001341222809543318,
        "inverse_median_rank": 0.0003876720294630742,
        "median_absolute_deviation": 1909.5916574352152,
        "median_rank": 2579.5,
        "standard_deviation": 1433.6740264198538,
        "variance": 2055421.2140309159,
        "z_arithmetic_mean_rank": -2525.310344827586,
        "z_hits_at_1": 0.0,
        "z_hits_at_10": 0.0,
        "z_hits_at_3": 0.0,
        "z_hits_at_5": 0.0,
        "z_inverse_harmonic_mean_rank": 0.001341222809543318
      },
      "pessimistic": {
        "adjusted_arithmetic_mean_rank": 1.07453707394521,
        "adjusted_arithmetic_mean_rank_index": -0.07456880348850059,
        "adjusted_hits_at_1": -0.00021285091937457584,
        "adjusted_hits_at_10": -0.0021325945160763585,
        "adjusted_hits_at_3": -0.0006388247069761256,
        "adjusted_hits_at_5": -0.001065161479273462,
        "adjusted_inverse_harmonic_mean_rank": -0.000459234811730554,
        "arithmetic_mean_rank": 2525.310344827586,
        "count": 116.0,
        "geometric_mean_rank": 1821.299748869833,
        "harmonic_mean_rank": 745.5882742856846,
        "hits_at_1": 0.0,
        "hits_at_10": 0.0,
        "hits_at_3": 0.0,
        "hits_at_5": 0.0,
        "inverse_arithmetic_mean_rank": 0.00039599093317311634,
        "inverse_geometric_mean_rank": 0.0005490584406111777,
        "inverse_harmonic_mean_rank": 0.001341222809543318,
        "inverse_median_rank": 0.0003876720294630742,
        "median_absolute_deviation": 1909.5916574352152,
        "median_rank": 2579.5,
        "standard_deviation": 1433.6740264198538,
        "variance": 2055421.2140309159,
        "z_arithmetic_mean_rank": -2525.310344827586,
        "z_hits_at_1": 0.0,
        "z_hits_at_10": 0.0,
        "z_hits_at_3": 0.0,
        "z_hits_at_5": 0.0,
        "z_inverse_harmonic_mean_rank": 0.001341222809543318
      },
      "realistic": {
        "adjusted_arithmetic_mean_rank": 1.0745370560342566,
        "adjusted_arithmetic_mean_rank_index": -0.07456878556992264,
        "adjusted_hits_at_1": -0.00021285091937457584,
        "adjusted_hits_at_10": -0.0021325945160763585,