{
  "losses": [
    0.06218669176276513,
    0.05768828680972864,
    0.05175247762006296,
    0.04813740051759814,
    0.04482114643233989,
    0.04279942522366185,
    0.04013043401654693,
    0.03806592769507098,
    0.03590330620796138,
    0.03450472934525312,
    0.03278984809571859,
    0.031105495486193662,
    0.030321869387021742,
    0.028900947326676432,
    0.02673995126907718,
    0.025603542947092103,
    0.02519937540942705,
    0.02422695955859209,
    0.02285425836710475,
    0.02190738763422038,
    0.02044973008815912,
    0.019791153619849008,
    0.018625181950328272,
    0.018471458070906437,
    0.01738837518482858,
    0.016860615101729017,
    0.015814465146471314,
    0.01538199420357043,
    0.014443130002372401,
    0.014334875586414152
  ],
  "metrics": {
    "both": {
      "optimistic": {
        "adjusted_arithmetic_mean_rank": 0.9524774463211351,
        "adjusted_arithmetic_mean_rank_index": 0.04754440849882602,
        "adjusted_hits_at_1": -0.00022997208989089375,
        "adjusted_hits_at_10": -0.002304490615616002,
        "adjusted_hits_at_3": -0.0006902337386634684,
        "adjusted_hits_at_5": -0.0011509191665986212,
        "adjusted_inverse_harmonic_mean_rank": -0.000480926069208721,
        "arithmetic_mean_rank": 2072.081896551724,
        "count": 232.0,
        "geometric_mean_rank": 1526.6274823574013,
        "harmonic_mean_rank": 691.3567259833061,
        "hits_at_1": 0.0,
        "hits_at_10": 0.0,
        "hits_at_3": 0.0,
        "hits_at_5": 0.0,
        "inverse_arithmetic_mean_rank": 0.00048260640743213865,
        "inverse_geometric_mean_rank": 0.0006550386466617324,
        "inverse_harmonic_mean_rank": 0.001446431288533015,
        "inverse_median_rank": 0.0005189413596263622,
        "median_absolute_deviation": 1626.4146337006453,
        "median_rank": 1927.0,
        "standard_deviation": 1246.430844873303,
        "variance": 1553589.8510515757,
        "z_arithmetic_mean_rank": -2072.081896551724,
        "z_hits_at_1": 0.0,
        "z_hits_at_10": 0.0,
        "z_hits_at_3": 0.0,
        "z_hits_at_5": 0.0,
        "z_inverse_harmonic_mean_rank": 0.001446431288533015
      },
      "pessimistic": {
        "adjusted_arithmetic_mean_rank": 0.9524774463211351,
        "adjusted_arithmetic_mean_rank_index": 0.04754440849882602,
        "adjusted_hits_at_1": -0.00022997208989089375,
        "adjusted_hits_at_10": -0.002304490615616002,
        "adjusted_hits_at_3": -0.0006902337386634684,
        "adjusted_hits_at_5": -0.0011509191665986212,
        "adjusted_inverse_harmonic_mean_rank": -0.000480926069208721,
        "arithmetic_mean_rank": 2072.081896551724,
        "count": 232.0,
        "geometric_mean_rank": 1526.6274823574013,
        "harmonic_mean_rank": 691.3567259833061,
        "hits_at_1": 0.0,
        "hits_at_10": 0.0,
        "hits_at_3": 0.0,
        "hits_at_5": 0.0,
        "inverse_arithmetic_mean_rank": 0.00048260640743213865,
        "inverse_geometric_mean_rank": 0.0006550386466617324,
        "inverse_harmonic_mean_rank": 0.001446431288533015,
        "inverse_median_rank": 0.0005189413596263622,
        "median_absolute_deviation": 1626.4146337006453,
        "median_rank": 1927.0,
        "standard_deviation": 1246.430844873303,
        "variance": 1553589.8510515757,
        "z_arithmetic_mean_rank": -2072.081896551724,
        "z_hits_at_1": 0.0,
        "z_hits_at_10": 0.0,
        "z_hits_at_3": 0.0,
        "z_hits_at_5": 0.0,
        "z_inverse_harmonic_mean_rank": 0.001446431288533015
      },
      "realistic": {
        "adjusted_arithmetic_mean_rank": 0.9524773960135823,
        "adjusted_arithmetic_mean_rank_index": 0.04754445882951441,
        "adjusted_hits_at_1": -0.00022997208989089375,
        "adjusted_hits_at_10": -0.002304490615616002,
        "adjusted_hits_at_3": -0.0006902337386634684,
        "adjusted_hits_at_5": -0.0011509191665986212,
        "adjusted_inverse_harmonic_mean_rank": -0.00048092604768785465,
        "arithmetic_mean_rank": 2072.081787109375,
        "count": 232.0,
        "geometric_mean_rank": 1526.6273193359375,
        "harmonic_mean_rank": 691.3567157167051,
        "hits_at_1": 0.0,
        "hits_at_10": 0.0,
        "hits_at_3": 0.0,
        "hits_at_5": 0.0,
        "inverse_arithmetic_mean_rank": 0.0004826064396183938,
        "inverse_geometric_mean_rank": 0.0006550386897288263,
        "inverse_harmonic_mean_rank": 0.0014464313100124228,
        "inverse_median_rank": 0.0005189413786865771,
        "median_absolute_deviation": 1626.4146337006453,
        "median_rank": 1927.0,
        "standard_deviation": 1246.4307861328125,
        "variance": 1553589.75,
        "z_arithmetic_mean_rank": -2072.081787109375,
        "z_hits_at_1": 0.0,
        "z_hits_at_10": 0.0,
        "z_hits_at_3": 0.0,
        "z_hits_at_5": 0.0,
        "z_inverse_harmonic_mean_rank": 0.0014464313100124228
      }
    },
    "head": {
      "optimistic": {
        "adjusted_arithmetic_mean_rank": 1.1003784057764563,
        "adjusted_arithmetic_mean_rank_index": -0.10042505991994499,
        "adjusted_hits_at_1": -0.0002324012996594279,
        "adjusted_hits_at_10": -0.002328884117855992,
        "adjusted_hits_at_3": -0.0006975281118577733,
        "adjusted_hits_at_5": -0.0011630877106794588,
        "adjusted_inverse_harmonic_mean_rank": -0.001054825284152931,
        "arithmetic_mean_rank": 2368.612068965517,
        "count": 116.0,
        "geometric_mean_rank": 1911.171670595792,
        "harmonic_mean_rank": 1121.430105835423,
        "hits_at_1": 0.0,
        "hits_at_10": 0.0,
        "hits_at_3": 0.0,
        "hits_at_5": 0.0,
        "inverse_arithmetic_mean_rank": 0.0004221881721799832,
        "inverse_geometric_mean_rank": 0.0005232392334950518,
        "inverse_harmonic_mean_rank": 0.0008917185251193499,
        "inverse_median_rank": 0.0003758691975192633,
        "median_absolute_deviation": 1459.6218841187651,
        "median_rank": 2660.5,
        "standard_deviation": 1199.336869730819,
        "variance": 1438408.9270957194,
        "z_arithmetic_mean_rank": -2368.612068965517,
        "z_hits_at_1": 0.0,
        "z_hits_at_10": 0.0,
        "z_hits_at_3": 0.0,
        "z_hits_at_5": 0.0,
        "z_inverse_harmonic_mean_rank": 0.0008917185251193499
      },
      "pessimistic": {
        "adjusted_arithmetic_mean_rank": 1.1003784057764563,
        "adjusted_arithmetic_mean_rank_index": -0.10042505991994499,
        "adjusted_hits_at_1": -0.0002324012996594279,
        "adjusted_hits_at_10": -0.002328884117855992,
        "adjusted_hits_at_3": -0.0006975281118577733,
        "adjusted_hits_at_5": -0.0011630877106794588,
        "adjusted_inverse_harmonic_mean_rank": -0.001054825284152931,
        "arithmetic_mean_rank": 2368.612068965517,
        "count": 116.0,
        "geometric_mean_rank": 1911.171670595792,
        "harmonic_mean_rank": 1121.430105835423,
        "hits_at_1": 0.0,
        "hits_at_10": 0.0,
        "hits_at_3": 0.0,
        "hits_at_5": 0.0,
        "inverse_arithmetic_mean_rank": 0.0004221881721799832,
        "inverse_geometric_mean_rank": 0.0005232392334950518,
        "inverse_harmonic_mean_rank": 0.0008917185251193499,
        "inverse_median_rank": 0.0003758691975192633,
        "median_absolute_deviation": 1459.6218841187651,
        "median_rank": 2660.5,
        "standard_deviation": 1199.336869730819,
        "variance": 1438408.9270957194,
        "z_arithmetic_mean_rank": -2368.612068965517,
        "z_hits_at_1": 0.0,
        "z_hits_at_10": 0.0,
        "z_hits_at_3": 0.0,
        "z_hits_at_5": 0.0,
        "z_inverse_harmonic_mean_rank": 0.0008917185251193499
      },
      "realistic": {
        "adjusted_arithmetic_mean_rank": 1.100378401865435,
        "adjusted_arithmetic_mean_rank_index": -0.10042505600710605,
        "adjusted_hits_at_1": -0.0002324012996594279,
        "adjusted_hits_at_10": -0.002328884117855992,
        "adjusted_hits_at_3": -0.0006975281118577733,