{
  "losses": [
    0.003099180672075119,
    0.0026009543110041547,
    0.002436728546932676,
    0.002341671269239247,
    0.002291445858946928,
    0.002266483186570877,
    0.0022283484280788855,
    0.002196077497535829,
    0.0021754563566001523,
    0.002122416729752552,
    0.002048221405534202,
    0.001934689187215222,
    0.0017557634638830882,
    0.0015155486794807347,
    0.0013044780810255502,
    0.0011873753772053065,
    0.001070486379539114,
    0.0009994680055355472,
    0.000972143096309067,
    0.0008866961328484728,
    0.0008695543916946522,
    0.0008366180941562845,
    0.0008450664634998937,
    0.000799496190467363,
    0.0007958373131970391,
    0.0007708773238445455,
    0.0007479980992250511,
    0.000727937888021541,
    0.0007315259130070522,
    0.0007183008726879196
  ],
  "metrics": {
    "both": {
      "optimistic": {
        "adjusted_arithmetic_mean_rank": 0.12041813950573053,
        "adjusted_arithmetic_mean_rank_index": 0.8799863653391071,
        "adjusted_hits_at_1": -0.00022997208989089375,
        "adjusted_hits_at_10": 0.05385912308267283,
        "adjusted_hits_at_3": 0.012249726180370972,
        "adjusted_hits_at_5": 0.04200213769403063,
        "adjusted_inverse_harmonic_mean_rank": 0.020358216789052953,
        "arithmetic_mean_rank": 261.9655172413793,
        "count": 232.0,
        "geometric_mean_rank": 155.74063106400365,
        "harmonic_mean_rank": 44.953055343363786,
        "hits_at_1": 0.0,
        "hits_at_10": 0.05603448275862069,
        "hits_at_3": 0.01293103448275862,
        "hits_at_5": 0.04310344827586207,
        "inverse_arithmetic_mean_rank": 0.003817296301171515,
        "inverse_geometric_mean_rank": 0.006420931989090483,
        "inverse_harmonic_mean_rank": 0.02224542897833585,
        "inverse_median_rank": 0.0035149384885764497,
        "median_absolute_deviation": 249.07717270894113,
        "median_rank": 284.5,
        "standard_deviation": 188.11929592839363,
        "variance": 35388.869500594534,
        "z_arithmetic_mean_rank": -261.9655172413793,
        "z_hits_at_1": 0.0,
        "z_hits_at_10": 0.05603448275862069,
        "z_hits_at_3": 0.01293103448275862,
        "z_hits_at_5": 0.04310344827586207,
        "z_inverse_harmonic_mean_rank": 0.02224542897833585
      },
      "pessimistic": {
        "adjusted_arithmetic_mean_rank": 0.12041813950573053,
        "adjusted_arithmetic_mean_rank_index": 0.8799863653391071,
        "adjusted_hits_at_1": -0.00022997208989089375,
        "adjusted_hits_at_10": 0.05385912308267283,
        "adjusted_hits_at_3": 0.012249726180370972,
        "adjusted_hits_at_5": 0.04200213769403063,
        "adjusted_inverse_harmonic_mean_rank": 0.020358216789052953,
        "arithmetic_mean_rank": 261.9655172413793,
        "count": 232.0,
        "geometric_mean_rank": 155.74063106400365,
        "harmonic_mean_rank": 44.953055343363786,
        "hits_at_1": 0.0,
        "hits_at_10": 0.05603448275862069,
        "hits_at_3": 0.01293103448275862,
        "hits_at_5": 0.04310344827586207,
        "inverse_arithmetic_mean_rank": 0.003817296301171515,
        "inverse_geometric_mean_rank": 0.006420931989090483,
        "inverse_harmonic_mean_rank": 0.02224542897833585,
        "inverse_median_rank": 0.0035149384885764497,
        "median_absolute_deviation": 249.07717270894113,
        "median_rank": 284.5,
        "standard_deviation": 188.11929592839363,
        "variance": 35388.869500594534,
        "z_arithmetic_mean_rank": -261.9655172413793,
        "z_hits_at_1": 0.0,
        "z_hits_at_10": 0.05603448275862069,
        "z_hits_at_3": 0.01293103448275862,
        "z_hits_at_5": 0.04310344827586207,
        "z_inverse_harmonic_mean_rank": 0.02224542897833585
      },
      "realistic": {
        "adjusted_arithmetic_mean_rank": 0.1204181385382776,
        "adjusted_arithmetic_mean_rank_index": 0.879986366307005,
        "adjusted_hits_at_1": -0.00022997208989089375,
        "adjusted_hits_at_10": 0.05385912308267283,
        "adjusted_hits_at_3": 0.012249726180370972,
        "adjusted_hits_at_5": 0.04200213769403063,
        "adjusted_inverse_harmonic_mean_rank": 0.020358215465986276,
        "arithmetic_mean_rank": 261.96551513671875,
        "count": 232.0,
        "geometric_mean_rank": 155.74063110351562,
        "harmonic_mean_rank": 44.95305801183635,
        "hits_at_1": 0.0,
        "hits_at_10": 0.05603448275862069,
        "hits_at_3": 0.01293103448275862,
        "hits_at_5": 0.04310344827586207,
        "inverse_arithmetic_mean_rank": 0.003817296354100108,
        "inverse_geometric_mean_rank": 0.006420931778848171,
        "inverse_harmonic_mean_rank": 0.022245427657817972,
        "inverse_median_rank": 0.003514938522130251,
        "median_absolute_deviation": 249.07717270894113,
        "median_rank": 284.5,
        "standard_deviation": 188.11929321289062,
        "variance": 35388.8671875,
        "z_arithmetic_mean_rank": -261.96551513671875,
        "z_hits_at_1": 0.0,
        "z_hits_at_10": 0.05603448275862069,
        "z_hits_at_3": 0.01293103448275862,
        "z_hits_at_5": 0.04310344827586207,
        "z_inverse_harmonic_mean_rank": 0.022245427657817972
      }
    },
    "head": {
      "optimistic": {
        "adjusted_arithmetic_mean_rank": 0.0697250610337354,
        "adjusted_arithmetic_mean_rank_index": 0.9307073146366173,
        "adjusted_hits_at_1": -0.0002324012996594279,
        "adjusted_hits_at_10": 0.11000107703328303,
        "adjusted_hits_at_3": 0.02518258037379372,
        "adjusted_hits_at_5": 0.08514407502299981,
        "adjusted_inverse_harmonic_mean_rank": 0.03940278044921679,
        "arithmetic_mean_rank": 150.08620689655172,
        "count": 116.0,
        "geometric_mean_rank": 69.62971926558897,
        "harmonic_mean_rank": 24.230291627827725,
        "hits_at_1": 0.0,
        "hits_at_10": 0.11206896551724138,
        "hits_at_3": 0.02586206896551724,
        "hits_at_5": 0.08620689655172414,
        "inverse_arithmetic_mean_rank": 0.006662837449741528,
        "inverse_geometric_mean_rank": 0.01436168363950593,
        "inverse_harmonic_mean_rank": 0.04127065473910894,
        "inverse_median_rank": 0.012345679012345678,
        "median_absolute_deviation": 97.85174642136973,
        "median_rank": 81.0,
        "standard_deviation": 179.81463486935255,
        "variance": 32333.30291319857,
        "z_arithmetic_mean_rank": -150.08620689655172,
        "z_hits_at_1": 0.0,
        "z_hits_at_10": 0.11206896551724138,
        "z_hits_at_3": 0.02586206896551724,
        "z_hits_at_5": 0.08620689655172414,
        "z_inverse_harmonic_mean_rank": 0.04127065473910894
      },
      "pessimistic": {
        "adjusted_arithmetic_mean_rank": 0.0697250610337354,
        "adjusted_arithmetic_mean_rank_index": 0.9307073146366173,
        "adjusted_hits_at_1": -0.0002324012996594279,
        "adjusted_hits_at_10": 0.11000107703328303,
        "adjusted_hits_at_3": 0.02518258037379372,
        "adjusted_hits_at_5": 0.08514407502299981,
        "adjusted_inverse_harmonic_mean_rank": 0.03940278044921679,
        "arithmetic_mean_rank": 150.08620689655172,
        "count": 116.0,
        "geometric_mean_rank": 69.62971926558897,
        "harmonic_mean_rank": 24.230291627827725,
        "hits_at_1": 0.0,
        "hits_at_10": 0.11206896551724138,
        "hits_at_3": 0.02586206896551724,
        "hits_at_5": 0.08620689655172414,
        "inverse_arithmetic_mean_rank": 0.006662837449741528,
        "inverse_geometric_mean_rank": 0.01436168363950593,
        "inverse_harmonic_mean_rank": 0.04127065473910894,
        "inverse_median_rank": 0.012345679012345678,
        "median_absolute_deviation": 97.85174642136973,
        "median_rank": 81.0,
        "standard_deviation": 179.81463486935255,
        "variance": 32333.30291319857,
        "z_arithmetic_mean_rank": -150.08620689655172,
        "z_hits_at_1": 0.0,
        "z_hits_at_10": 0.11206896551724138,