{
  "losses": [
    0.005024652911475417,
    0.004643159034720867,
    0.004399236325669007,
    0.004067733803396821,
    0.003892643210427156,
    0.0036813454281194283,
    0.0035258514325973646,
    0.0034195606203589724,
    0.0033121826243268657,
    0.0032046756524418555,
    0.003119974416555162,
    0.0030160274682668963,
    0.0029728421012001605,
    0.002887971349083879,
    0.0028376733968277137,
    0.0028325997347132727,
    0.0027395242270243404,
    0.0027305182596260957,
    0.0027045471955439177,
    0.0026470375342350326,
    0.0025990476736060205,
    0.0025651666229784104,
    0.0025357420536194094,
    0.0025152117361601856,
    0.002459739054944402,
    0.0024111577530128462,
    0.002461166435397074,
    0.0023963814433054418,
    0.0023699724017028118,
    0.002337046324686244
  ],
  "metrics": {
    "both": {
      "optimistic": {
        "adjusted_arithmetic_mean_rank": 0.714399197620849,
        "adjusted_arithmetic_mean_rank_index": 0.2857321453654501,
        "adjusted_hits_at_1": -0.00022997208989089375,
        "adjusted_hits_at_10": -0.002304490615616002,
        "adjusted_hits_at_3": -0.0006902337386634684,
        "adjusted_hits_at_5": -0.0011509191665986212,
        "adjusted_inverse_harmonic_mean_rank": 0.0006226123555561397,
        "arithmetic_mean_rank": 1554.1508620689656,
        "count": 232.0,
        "geometric_mean_rank": 973.3731919712711,
        "harmonic_mean_rank": 392.48873539837314,
        "hits_at_1": 0.0,
        "hits_at_10": 0.0,
        "hits_at_3": 0.0,
        "hits_at_5": 0.0,
        "inverse_arithmetic_mean_rank": 0.000643438178626204,
        "inverse_geometric_mean_rank": 0.0010273551894056218,
        "inverse_harmonic_mean_rank": 0.002547843822791519,
        "inverse_median_rank": 0.0008274720728175424,
        "median_absolute_deviation": 1291.3465323183793,
        "median_rank": 1208.5,
        "standard_deviation": 1213.9106755040525,
        "variance": 1473579.1281027049,
        "z_arithmetic_mean_rank": -1554.1508620689656,
        "z_hits_at_1": 0.0,
        "z_hits_at_10": 0.0,
        "z_hits_at_3": 0.0,
        "z_hits_at_5": 0.0,
        "z_inverse_harmonic_mean_rank": 0.002547843822791519
      },
      "pessimistic": {
        "adjusted_arithmetic_mean_rank": 0.714399197620849,
        "adjusted_arithmetic_mean_rank_index": 0.2857321453654501,
        "adjusted_hits_at_1": -0.00022997208989089375,
        "adjusted_hits_at_10": -0.002304490615616002,
        "adjusted_hits_at_3": -0.0006902337386634684,
        "adjusted_hits_at_5": -0.0011509191665986212,
        "adjusted_inverse_harmonic_mean_rank": 0.0006226123555561397,
        "arithmetic_mean_rank": 1554.1508620689656,
        "count": 232.0,
        "geometric_mean_rank": 973.3731919712711,
        "harmonic_mean_rank": 392.48873539837314,
        "hits_at_1": 0.0,
        "hits_at_10": 0.0,
        "hits_at_3": 0.0,
        "hits_at_5": 0.0,
        "inverse_arithmetic_mean_rank": 0.000643438178626204,
        "inverse_geometric_mean_rank": 0.0010273551894056218,
        "inverse_harmonic_mean_rank": 0.002547843822791519,
        "inverse_median_rank": 0.0008274720728175424,
        "median_absolute_deviation": 1291.3465323183793,
        "median_rank": 1208.5,
        "standard_deviation": 1213.9106755040525,
        "variance": 1473579.1281027049,
        "z_arithmetic_mean_rank": -1554.1508620689656,
        "z_hits_at_1": 0.0,
        "z_hits_at_10": 0.0,
        "z_hits_at_3": 0.0,
        "z_hits_at_5": 0.0,
        "z_inverse_harmonic_mean_rank": 0.002547843822791519
      },
      "realistic": {
        "adjusted_arithmetic_mean_rank": 0.7143992053604725,
        "adjusted_arithmetic_mean_rank_index": 0.28573213762226735,
        "adjusted_hits_at_1": -0.00022997208989089375,
        "adjusted_hits_at_10": -0.002304490615616002,
        "adjusted_hits_at_3": -0.0006902337386634684,
        "adjusted_hits_at_5": -0.0011509191665986212,
        "adjusted_inverse_harmonic_mean_rank": 0.0006226124928539075,
        "arithmetic_mean_rank": 1554.15087890625,
        "count": 232.0,
        "geometric_mean_rank": 973.3734741210938,
        "harmonic_mean_rank": 392.4887142887538,
        "hits_at_1": 0.0,
        "hits_at_10": 0.0,
        "hits_at_3": 0.0,
        "hits_at_5": 0.0,
        "inverse_arithmetic_mean_rank": 0.0006434381939470768,
        "inverse_geometric_mean_rank": 0.0010273548541590571,
        "inverse_harmonic_mean_rank": 0.0025478439598247923,
        "inverse_median_rank": 0.0008274720748886466,
        "median_absolute_deviation": 1291.3465323183793,
        "median_rank": 1208.5,
        "standard_deviation": 1213.91064453125,
        "variance": 1473579.125,
        "z_arithmetic_mean_rank": -1554.15087890625,
        "z_hits_at_1": 0.0,
        "z_hits_at_10": 0.0,
        "z_hits_at_3": 0.0,
        "z_hits_at_5": 0.0,
        "z_inverse_harmonic_mean_rank": 0.0025478439598247923
      }
    },
    "head": {
      "optimistic": {
        "adjusted_arithmetic_mean_rank": 0.9311679776468553,
        "adjusted_arithmetic_mean_rank_index": 0.068864014284304,
        "adjusted_hits_at_1": -0.0002324012996594279,
        "adjusted_hits_at_10": -0.002328884117855992,
        "adjusted_hits_at_3": -0.0006975281118577733,
        "adjusted_hits_at_5": -0.0011630877106794588,
        "adjusted_inverse_harmonic_mean_rank": -4.098369260301724e-05,
        "arithmetic_mean_rank": 2004.3793103448277,
        "count": 116.0,
        "geometric_mean_rank": 1431.4223496873938,
        "harmonic_mean_rank": 525.3235613485193,
        "hits_at_1": 0.0,
        "hits_at_10": 0.0,
        "hits_at_3": 0.0,
        "hits_at_5": 0.0,
        "inverse_arithmetic_mean_rank": 0.0004989075644708999,
        "inverse_geometric_mean_rank": 0.0006986058309194267,
        "inverse_harmonic_mean_rank": 0.0019035887090862133,
        "inverse_median_rank": 0.0005402485143165856,
        "median_absolute_deviation": 1601.951697095303,
        "median_rank": 1851.0,
        "standard_deviation": 1265.9079790000837,
        "variance": 1602523.0112960762,
        "z_arithmetic_mean_rank": -2004.3793103448277,
        "z_hits_at_1": 0.0,
        "z_hits_at_10": 0.0,
        "z_hits_at_3": 0.0,
        "z_hits_at_5": 0.0,
        "z_inverse_harmonic_mean_rank": 0.0019035887090862133
      },
      "pessimistic": {
        "adjusted_arithmetic_mean_rank": 0.9311679776468553,
        "adjusted_arithmetic_mean_rank_index": 0.068864014284304,
        "adjusted_hits_at_1": -0.0002324012996594279,
        "adjusted_hits_at_10": -0.002328884117855992,
        "adjusted_hits_at_3": -0.0006975281118577733,
        "adjusted_hits_at_5": -0.0011630877106794588,
        "adjusted_inverse_harmonic_mean_rank": -4.098369260301724e-05,
        "arithmetic_mean_rank": 2004.3793103448277,
        "count": 116.0,
        "geometric_mean_rank": 1431.4223496873938,
        "harmonic_mean_rank": 525.3235613485193,
        "hits_at_1": 0.0,
        "hits_at_10": 0.0,
        "hits_at_3": 0.0,
        "hits_at_5": 0.0,
        "inverse_arithmetic_mean_rank": 0.0004989075644708999,
        "inverse_geometric_mean_rank": 0.0006986058309194267,
        "inverse_harmonic_mean_rank": 0.0019035887090862133,
        "inverse_median_rank": 0.0005402485143165856,
        "median_absolute_deviation": 1601.951697095303,
        "median_rank": 1851.0,
        "standard_deviation": 1265.9079790000837,
        "variance": 1602523.0112960762,
        "z_arithmetic_mean_rank": -2004.3793103448277,
        "z_hits_at_1": 0.0,
        "z_hits_at_10": 0.0,
        "z_hits_at_3": 0.0,
        "z_hits_at_5": 0.0,
        "z_inverse_harmonic_mean_rank": 0.0019035887090862133
      },
      "realistic": {
        "adjusted_arithmetic_mean_rank": 0.9311679600472597,
        "adjusted_arithmetic_mean_rank_index": 0.06886403189207968,
        "adjusted_hits_at_1": -0.0002324012996594279,
        "adjusted_hits_at_10": -0.002328884117855992,