{
  "losses": [
    0.06537738104023406,
    0.053831104485143146,
    0.04664590945984037,
    0.04298518420802449,
    0.039295367092750465,
    0.03630073153393131,
    0.03397390171889979,
    0.03166919696417912,
    0.030001110373099993,
    0.027768063779322758,
    0.025591285348936677,
    0.024026321938264643,
    0.022530337685770632,
    0.02125231494861054,
    0.020127500584955483,
    0.018425363265249458,
    0.01750392405701419,
    0.0165990940684777,
    0.0159525454213092,
    0.01497772006943717,
    0.01401479498003414,
    0.013637086898618042,
    0.012959846595160739,
    0.011897542477946606,
    0.0117081156926488,
    0.010735528310101676,
    0.010429349191777211,
    0.009917793902393767,
    0.008909279025826753,
    0.009068883935282528
  ],
  "metrics": {
    "both": {
      "optimistic": {
        "adjusted_arithmetic_mean_rank": 0.79780721413932,
        "adjusted_arithmetic_mean_rank_index": 0.20227801231222298,
        "adjusted_hits_at_1": -0.00021078182213830787,
        "adjusted_hits_at_10": -0.002111824429194074,
        "adjusted_hits_at_3": -0.0006326121526994293,
        "adjusted_hits_at_5": -0.0010547984400402608,
        "adjusted_inverse_harmonic_mean_rank": -0.00014302223134416523,
        "arithmetic_mean_rank": 1893.530172413793,
        "count": 232.0,
        "geometric_mean_rank": 1379.5638392650462,
        "harmonic_mean_rank": 609.2796668490425,
        "hits_at_1": 0.0,
        "hits_at_10": 0.0,
        "hits_at_3": 0.0,
        "hits_at_5": 0.0,
        "inverse_arithmetic_mean_rank": 0.0005281141090692216,
        "inverse_geometric_mean_rank": 0.0007248667814696735,
        "inverse_harmonic_mean_rank": 0.0016412824100492489,
        "inverse_median_rank": 0.0005954153021732659,
        "median_absolute_deviation": 1329.1528888902722,
        "median_rank": 1679.5,
        "standard_deviation": 1241.0414247941696,
        "variance": 1540183.8180551426,
        "z_arithmetic_mean_rank": -1893.530172413793,
        "z_hits_at_1": 0.0,
        "z_hits_at_10": 0.0,
        "z_hits_at_3": 0.0,
        "z_hits_at_5": 0.0,
        "z_inverse_harmonic_mean_rank": 0.0016412824100492489
      },
      "pessimistic": {
        "adjusted_arithmetic_mean_rank": 0.79780721413932,
        "adjusted_arithmetic_mean_rank_index": 0.20227801231222298,
        "adjusted_hits_at_1": -0.00021078182213830787,
        "adjusted_hits_at_10": -0.002111824429194074,
        "adjusted_hits_at_3": -0.0006326121526994293,
        "adjusted_hits_at_5": -0.0010547984400402608,
        "adjusted_inverse_harmonic_mean_rank": -0.00014302223134416523,
        "arithmetic_mean_rank": 1893.530172413793,
        "count": 232.0,
        "geometric_mean_rank": 1379.5638392650462,
        "harmonic_mean_rank": 609.2796668490425,
        "hits_at_1": 0.0,
        "hits_at_10": 0.0,
        "hits_at_3": 0.0,
        "hits_at_5": 0.0,
        "inverse_arithmetic_mean_rank": 0.0005281141090692216,
        "inverse_geometric_mean_rank": 0.0007248667814696735,
        "inverse_harmonic_mean_rank": 0.0016412824100492489,
        "inverse_median_rank": 0.0005954153021732659,
        "median_absolute_deviation": 1329.1528888902722,
        "median_rank": 1679.5,
        "standard_deviation": 1241.0414247941696,
        "variance": 1540183.8180551426,
        "z_arithmetic_mean_rank": -1893.530172413793,
        "z_hits_at_1": 0.0,
        "z_hits_at_10": 0.0,
        "z_hits_at_3": 0.0,
        "z_hits_at_5": 0.0,
        "z_inverse_harmonic_mean_rank": 0.0016412824100492489
      },
      "realistic": {
        "adjusted_arithmetic_mean_rank": 0.7978072052716854,
        "adjusted_arithmetic_mean_rank_index": 0.2022780211835955,
        "adjusted_hits_at_1": -0.00021078182213830787,
        "adjusted_hits_at_10": -0.002111824429194074,
        "adjusted_hits_at_3": -0.0006326121526994293,
        "adjusted_hits_at_5": -0.0010547984400402608,
        "adjusted_inverse_harmonic_mean_rank": -0.0001430221506342367,
        "arithmetic_mean_rank": 1893.5301513671875,
        "count": 232.0,
        "geometric_mean_rank": 1379.56396484375,
        "harmonic_mean_rank": 609.2796369412185,
        "hits_at_1": 0.0,
        "hits_at_10": 0.0,
        "hits_at_3": 0.0,
        "hits_at_5": 0.0,
        "inverse_arithmetic_mean_rank": 0.0005281140911392868,
        "inverse_geometric_mean_rank": 0.0007248666952364147,
        "inverse_harmonic_mean_rank": 0.001641282490615187,
        "inverse_median_rank": 0.0005954153020866215,
        "median_absolute_deviation": 1329.1528888902722,
        "median_rank": 1679.5,
        "standard_deviation": 1241.0413818359375,
        "variance": 1540183.75,
        "z_arithmetic_mean_rank": -1893.5301513671875,
        "z_hits_at_1": 0.0,
        "z_hits_at_10": 0.0,
        "z_hits_at_3": 0.0,
        "z_hits_at_5": 0.0,
        "z_inverse_harmonic_mean_rank": 0.001641282490615187
      }
    },
    "head": {
      "optimistic": {
        "adjusted_arithmetic_mean_rank": 0.8841274629381944,
        "adjusted_arithmetic_mean_rank_index": 0.11592189812331033,
        "adjusted_hits_at_1": -0.00021300333008983274,
        "adjusted_hits_at_10": -0.0021341244814907815,
        "adjusted_hits_at_3": -0.0006392823287993019,
        "adjusted_hits_at_5": -0.001065924832605045,
        "adjusted_inverse_harmonic_mean_rank": -0.0008357003767467771,
        "arithmetic_mean_rank": 2076.3275862068967,
        "count": 116.0,
        "geometric_mean_rank": 1554.6532658376009,
        "harmonic_mean_rank": 1034.5778172909781,
        "hits_at_1": 0.0,
        "hits_at_10": 0.0,
        "hits_at_3": 0.0,
        "hits_at_5": 0.0,
        "inverse_arithmetic_mean_rank": 0.00048161957036212805,
        "inverse_geometric_mean_rank": 0.0006432302443086753,
        "inverse_harmonic_mean_rank": 0.0009665778477818908,
        "inverse_median_rank": 0.0005555555555555556,
        "median_absolute_deviation": 1631.603741465415,
        "median_rank": 1800.0,
        "standard_deviation": 1351.6439018894228,
        "variance": 1826941.2375148633,
        "z_arithmetic_mean_rank": -2076.3275862068967,
        "z_hits_at_1": 0.0,
        "z_hits_at_10": 0.0,
        "z_hits_at_3": 0.0,
        "z_hits_at_5": 0.0,
        "z_inverse_harmonic_mean_rank": 0.0009665778477818908
      },
      "pessimistic": {
        "adjusted_arithmetic_mean_rank": 0.8841274629381944,
        "adjusted_arithmetic_mean_rank_index": 0.11592189812331033,
        "adjusted_hits_at_1": -0.00021300333008983274,
        "adjusted_hits_at_10": -0.0021341244814907815,
        "adjusted_hits_at_3": -0.0006392823287993019,
        "adjusted_hits_at_5": -0.001065924832605045,
        "adjusted_inverse_harmonic_mean_rank": -0.0008357003767467771,
        "arithmetic_mean_rank": 2076.3275862068967,
        "count": 116.0,
        "geometric_mean_rank": 1554.6532658376009,
        "harmonic_mean_rank": 1034.5778172909781,
        "hits_at_1": 0.0,
        "hits_at_10": 0.0,
        "hits_at_3": 0.0,
        "hits_at_5": 0.0,
        "inverse_arithmetic_mean_rank": 0.00048161957036212805,
        "inverse_geometric_mean_rank": 0.0006432302443086753,
        "inverse_harmonic_mean_rank": 0.0009665778477818908,
        "inverse_median_rank": 0.0005555555555555556,
        "median_absolute_deviation": 1631.603741465415,
        "median_rank": 1800.0,
        "standard_deviation": 1351.6439018894228,
        "variance": 1826941.2375148633,
        "z_arithmetic_mean_rank": -2076.3275862068967,
        "z_hits_at_1": 0.0,
        "z_hits_at_10": 0.0,
        "z_hits_at_3": 0.0,
        "z_hits_at_5": 0.0,
        "z_inverse_harmonic_mean_rank": 0.0009665778477818908
      },
      "realistic": {
        "adjusted_arithmetic_mean_rank": 0.8841274844468027,
        "adjusted_arithmetic_mean_rank_index": 0.11592187660553954,
        "adjusted_hits_at_1": -0.00021300333008983274,
        "adjusted_hits_at_10": -0.0021341244814907815,