{
  "losses": [
    0.004032120268532899,
    0.004000416335070358,
    0.003977220731213541,
    0.00395986178137288,
    0.0039458942607230926,
    0.003937827254222175,
    0.003934888937148911,
    0.0039335738523079075,
    0.0039326534351661405,
    0.003931833437208923,
    0.003930334281654376,
    0.003928883227815025,
    0.003926018207647444,
    0.003922003454768207,
    0.0039164867331827335,
    0.003909359434574225,
    0.0039007842250684366,
    0.0038918882884563474,
    0.0038791853947191587,
    0.0038668259995181227,
    0.0038516837218214484,
    0.003835765804960588,
    0.0038220840655567726,
    0.003806535764246271,
    0.0037842384060814607,
    0.003766249667866279,
    0.0037508047180933586,
    0.00372683413067974,
    0.0037000350384432177,
    0.003667677126680324
  ],
  "metrics": {
    "both": {
      "optimistic": {
        "adjusted_arithmetic_mean_rank": 0.9208393514871955,
        "adjusted_arithmetic_mean_rank_index": 0.07919705315833214,
        "adjusted_hits_at_1": -0.00022997208989089375,
        "adjusted_hits_at_10": -0.002304490615616002,
        "adjusted_hits_at_3": -0.0006902337386634684,
        "adjusted_hits_at_5": -0.0011509191665986212,
        "adjusted_inverse_harmonic_mean_rank": 0.0005983316025158808,
        "arithmetic_mean_rank": 2003.2543103448277,
        "count": 232.0,
        "geometric_mean_rank": 1263.7442243371204,
        "harmonic_mean_rank": 396.2577662325771,
        "hits_at_1": 0.0,
        "hits_at_10": 0.0,
        "hits_at_3": 0.0,
        "hits_at_5": 0.0,
        "inverse_arithmetic_mean_rank": 0.0004991877440802143,
        "inverse_geometric_mean_rank": 0.000791299363227188,
        "inverse_harmonic_mean_rank": 0.0025236098449438744,
        "inverse_median_rank": 0.000531632110579479,
        "median_absolute_deviation": 1947.3980140071083,
        "median_rank": 1881.0,
        "standard_deviation": 1394.3749681149468,
        "variance": 1944281.5517055588,
        "z_arithmetic_mean_rank": -2003.2543103448277,
        "z_hits_at_1": 0.0,
        "z_hits_at_10": 0.0,
        "z_hits_at_3": 0.0,
        "z_hits_at_5": 0.0,
        "z_inverse_harmonic_mean_rank": 0.0025236098449438744
      },
      "pessimistic": {
        "adjusted_arithmetic_mean_rank": 0.9208393514871955,
        "adjusted_arithmetic_mean_rank_index": 0.07919705315833214,
        "adjusted_hits_at_1": -0.00022997208989089375,
        "adjusted_hits_at_10": -0.002304490615616002,
        "adjusted_hits_at_3": -0.0006902337386634684,
        "adjusted_hits_at_5": -0.0011509191665986212,
        "adjusted_inverse_harmonic_mean_rank": 0.0005983316025158808,
        "arithmetic_mean_rank": 2003.2543103448277,
        "count": 232.0,
        "geometric_mean_rank": 1263.7442243371204,
        "harmonic_mean_rank": 396.2577662325771,
        "hits_at_1": 0.0,
        "hits_at_10": 0.0,
        "hits_at_3": 0.0,
        "hits_at_5": 0.0,
        "inverse_arithmetic_mean_rank": 0.0004991877440802143,
        "inverse_geometric_mean_rank": 0.000791299363227188,
        "inverse_harmonic_mean_rank": 0.0025236098449438744,
        "inverse_median_rank": 0.000531632110579479,
        "median_absolute_deviation": 1947.3980140071083,
        "median_rank": 1881.0,
        "standard_deviation": 1394.3749681149468,
        "variance": 1944281.5517055588,
        "z_arithmetic_mean_rank": -2003.2543103448277,
        "z_hits_at_1": 0.0,
        "z_hits_at_10": 0.0,
        "z_hits_at_3": 0.0,
        "z_hits_at_5": 0.0,
        "z_inverse_harmonic_mean_rank": 0.0025236098449438744
      },
      "realistic": {
        "adjusted_arithmetic_mean_rank": 0.9208393340730426,
        "adjusted_arithmetic_mean_rank_index": 0.07919707058049352,
        "adjusted_hits_at_1": -0.00022997208989089375,
        "adjusted_hits_at_10": -0.002304490615616002,
        "adjusted_hits_at_3": -0.0006902337386634684,
        "adjusted_hits_at_5": -0.0011509191665986212,
        "adjusted_inverse_harmonic_mean_rank": 0.0005983315477752746,
        "arithmetic_mean_rank": 2003.2542724609375,
        "count": 232.0,
        "geometric_mean_rank": 1263.744384765625,
        "harmonic_mean_rank": 396.2577748114008,
        "hits_at_1": 0.0,
        "hits_at_10": 0.0,
        "hits_at_3": 0.0,
        "hits_at_5": 0.0,
        "inverse_arithmetic_mean_rank": 0.0004991877358406782,
        "inverse_geometric_mean_rank": 0.0007912992732599378,
        "inverse_harmonic_mean_rank": 0.002523609790308722,
        "inverse_median_rank": 0.0005316321039572358,
        "median_absolute_deviation": 1947.3980140071083,
        "median_rank": 1881.0,
        "standard_deviation": 1394.3748779296875,
        "variance": 1944281.375,
        "z_arithmetic_mean_rank": -2003.2542724609375,
        "z_hits_at_1": 0.0,
        "z_hits_at_10": 0.0,
        "z_hits_at_3": 0.0,
        "z_hits_at_5": 0.0,
        "z_inverse_harmonic_mean_rank": 0.002523609790308722
      }
    },
    "head": {
      "optimistic": {
        "adjusted_arithmetic_mean_rank": 0.9032338994900314,
        "adjusted_arithmetic_mean_rank_index": 0.09681107571656922,
        "adjusted_hits_at_1": -0.0002324012996594279,
        "adjusted_hits_at_10": -0.002328884117855992,
        "adjusted_hits_at_3": -0.0006975281118577733,
        "adjusted_hits_at_5": -0.0011630877106794588,
        "adjusted_inverse_harmonic_mean_rank": -0.00028189927817491133,
        "arithmetic_mean_rank": 1944.25,
        "count": 116.0,
        "geometric_mean_rank": 1350.2812909281463,
        "harmonic_mean_rank": 601.2717201916834,
        "hits_at_1": 0.0,
        "hits_at_10": 0.0,
        "hits_at_3": 0.0,
        "hits_at_5": 0.0,
        "inverse_arithmetic_mean_rank": 0.0005143371480005143,
        "inverse_geometric_mean_rank": 0.0007405864294488057,
        "inverse_harmonic_mean_rank": 0.0016631415821139958,
        "inverse_median_rank": 0.0005350454788657035,
        "median_absolute_deviation": 1653.101473633746,
        "median_rank": 1869.0,
        "standard_deviation": 1270.4115398576355,
        "variance": 1613945.4806034483,
        "z_arithmetic_mean_rank": -1944.25,
        "z_hits_at_1": 0.0,
        "z_hits_at_10": 0.0,
        "z_hits_at_3": 0.0,
        "z_hits_at_5": 0.0,
        "z_inverse_harmonic_mean_rank": 0.0016631415821139958
      },
      "pessimistic": {
        "adjusted_arithmetic_mean_rank": 0.9032338994900314,
        "adjusted_arithmetic_mean_rank_index": 0.09681107571656922,
        "adjusted_hits_at_1": -0.0002324012996594279,
        "adjusted_hits_at_10": -0.002328884117855992,
        "adjusted_hits_at_3": -0.0006975281118577733,
        "adjusted_hits_at_5": -0.0011630877106794588,
        "adjusted_inverse_harmonic_mean_rank": -0.00028189927817491133,
        "arithmetic_mean_rank": 1944.25,
        "count": 116.0,
        "geometric_mean_rank": 1350.2812909281463,
        "harmonic_mean_rank": 601.2717201916834,
        "hits_at_1": 0.0,
        "hits_at_10": 0.0,
        "hits_at_3": 0.0,
        "hits_at_5": 0.0,
        "inverse_arithmetic_mean_rank": 0.0005143371480005143,
        "inverse_geometric_mean_rank": 0.0007405864294488057,
        "inverse_harmonic_mean_rank": 0.0016631415821139958,
        "inverse_median_rank": 0.0005350454788657035,
        "median_absolute_deviation": 1653.101473633746,
        "median_rank": 1869.0,
        "standard_deviation": 1270.4115398576355,
        "variance": 1613945.4806034483,
        "z_arithmetic_mean_rank": -1944.25,
        "z_hits_at_1": 0.0,
        "z_hits_at_10": 0.0,
        "z_hits_at_3": 0.0,
        "z_hits_at_5": 0.0,
        "z_inverse_harmonic_mean_rank": 0.0016631415821139958
      },
      "realistic": {
        "adjusted_arithmetic_mean_rank": 0.9032338994900314,
        "adjusted_arithmetic_mean_rank_index": 0.09681107571656922,
        "adjusted_hits_at_1": -0.0002324012996594279,
        "adjusted_hits_at_10": -0.002328884117855992,
        "adjusted_hits_at_3": -0.0006975281118577733,