{
  "losses": [
    0.18976232366571655,
    0.16327063332594385,
    0.14846625373159703,
    0.13801723769986265,
    0.13095758283118886,
    0.12587619340532508,
    0.12225242471358883,
    0.11946743478631981,
    0.1172671615915854,
    0.11513139230574077,
    0.1130887121114736,
    0.11104634959800697,
    0.1089903100356518,
    0.10696343460482838,
    0.10496686431386587,
    0.10297132105678257,
    0.1009288431901428,
    0.09889661199421375,
    0.09688519228008108,
    0.0948504852419926,
    0.09282390910899393,
    0.09085371919255911,
    0.08890286632836795,
    0.0869249721067755,
    0.085019678231083,
    0.08310438895698025,
    0.08124521130374035,
    0.07941065500403131,
    0.07762389903714531,
    0.07584208751628144
  ],
  "metrics": {
    "both": {
      "optimistic": {
        "adjusted_arithmetic_mean_rank": 0.9589022184716796,
        "adjusted_arithmetic_mean_rank_index": 0.04111508692474086,
        "adjusted_hits_at_1": -0.00021056216689364367,
        "adjusted_hits_at_10": -0.002109619523460065,
        "adjusted_hits_at_3": -0.0006319526313117773,
        "adjusted_hits_at_5": -0.0010536983104662341,
        "adjusted_inverse_harmonic_mean_rank": -0.0004978359235825556,
        "arithmetic_mean_rank": 2278.2112068965516,
        "count": 232.0,
        "geometric_mean_rank": 1805.9645910638055,
        "harmonic_mean_rank": 777.9150399903853,
        "hits_at_1": 0.0,
        "hits_at_10": 0.0,
        "hits_at_3": 0.0,
        "hits_at_5": 0.0,
        "inverse_arithmetic_mean_rank": 0.00043894086596221705,
        "inverse_geometric_mean_rank": 0.0005537207124370854,
        "inverse_harmonic_mean_rank": 0.0012854874229097815,
        "inverse_median_rank": 0.0004231013327691982,
        "median_absolute_deviation": 1074.1453073073087,
        "median_rank": 2363.5,
        "standard_deviation": 1100.22472361814,
        "variance": 1210494.4424606124,
        "z_arithmetic_mean_rank": -2278.2112068965516,
        "z_hits_at_1": 0.0,
        "z_hits_at_10": 0.0,
        "z_hits_at_3": 0.0,
        "z_hits_at_5": 0.0,
        "z_inverse_harmonic_mean_rank": 0.0012854874229097815
      },
      "pessimistic": {
        "adjusted_arithmetic_mean_rank": 0.9589022184716796,
        "adjusted_arithmetic_mean_rank_index": 0.04111508692474086,
        "adjusted_hits_at_1": -0.00021056216689364367,
        "adjusted_hits_at_10": -0.002109619523460065,
        "adjusted_hits_at_3": -0.0006319526313117773,
        "adjusted_hits_at_5": -0.0010536983104662341,
        "adjusted_inverse_harmonic_mean_rank": -0.0004978359235825556,
        "arithmetic_mean_rank": 2278.2112068965516,
        "count": 232.0,
        "geometric_mean_rank": 1805.9645910638055,
        "harmonic_mean_rank": 777.9150399903853,
        "hits_at_1": 0.0,
        "hits_at_10": 0.0,
        "hits_at_3": 0.0,
        "hits_at_5": 0.0,
        "inverse_arithmetic_mean_rank": 0.00043894086596221705,
        "inverse_geometric_mean_rank": 0.0005537207124370854,
        "inverse_harmonic_mean_rank": 0.0012854874229097815,
        "inverse_median_rank": 0.0004231013327691982,
        "median_absolute_deviation": 1074.1453073073087,
        "median_rank": 2363.5,
        "standard_deviation": 1100.22472361814,
        "variance": 1210494.4424606124,
        "z_arithmetic_mean_rank": -2278.2112068965516,
        "z_hits_at_1": 0.0,
        "z_hits_at_10": 0.0,
        "z_hits_at_3": 0.0,
        "z_hits_at_5": 0.0,
        "z_inverse_harmonic_mean_rank": 0.0012854874229097815
      },
      "realistic": {
        "adjusted_arithmetic_mean_rank": 0.9589022078414254,
        "adjusted_arithmetic_mean_rank_index": 0.04111509755947118,
        "adjusted_hits_at_1": -0.00021056216689364367,
        "adjusted_hits_at_10": -0.002109619523460065,
        "adjusted_hits_at_3": -0.0006319526313117773,
        "adjusted_hits_at_5": -0.0010536983104662341,
        "adjusted_inverse_harmonic_mean_rank": -0.0004978360103155328,
        "arithmetic_mean_rank": 2278.211181640625,
        "count": 232.0,
        "geometric_mean_rank": 1805.9649658203125,
        "harmonic_mean_rank": 777.9150923834528,
        "hits_at_1": 0.0,
        "hits_at_10": 0.0,
        "hits_at_3": 0.0,
        "hits_at_5": 0.0,
        "inverse_arithmetic_mean_rank": 0.00043894085683859885,
        "inverse_geometric_mean_rank": 0.0005537205724976957,
        "inverse_harmonic_mean_rank": 0.0012854873363314003,
        "inverse_median_rank": 0.0004231013299431652,
        "median_absolute_deviation": 1074.1453073073087,
        "median_rank": 2363.5,
        "standard_deviation": 1100.2247314453125,
        "variance": 1210494.5,
        "z_arithmetic_mean_rank": -2278.211181640625,
        "z_hits_at_1": 0.0,
        "z_hits_at_10": 0.0,
        "z_hits_at_3": 0.0,
        "z_hits_at_5": 0.0,
        "z_inverse_harmonic_mean_rank": 0.0012854873363314003
      }
    },
    "head": {
      "optimistic": {
        "adjusted_arithmetic_mean_rank": 0.8179966737762081,
        "adjusted_arithmetic_mean_rank_index": 0.1820806983825638,
        "adjusted_hits_at_1": -0.0002125647677931381,
        "adjusted_hits_at_10": -0.0021297220127172553,
        "adjusted_hits_at_3": -0.0006379655213652322,
        "adjusted_hits_at_5": -0.0010637282835880741,
        "adjusted_inverse_harmonic_mean_rank": 0.0003592221060049303,
        "arithmetic_mean_rank": 1925.0,
        "count": 116.0,
        "geometric_mean_rank": 1290.9929228761052,
        "harmonic_mean_rank": 463.80740284871536,
        "hits_at_1": 0.0,
        "hits_at_10": 0.0,
        "hits_at_3": 0.0,
        "hits_at_5": 0.0,
        "inverse_arithmetic_mean_rank": 0.0005194805194805195,
        "inverse_geometric_mean_rank": 0.0007745975847583857,
        "inverse_harmonic_mean_rank": 0.002156067354375928,
        "inverse_median_rank": 0.0005827505827505828,
        "median_absolute_deviation": 1489.2739284888771,
        "median_rank": 1716.0,
        "standard_deviation": 1288.8735124264456,
        "variance": 1661194.9310344828,
        "z_arithmetic_mean_rank": -1925.0,
        "z_hits_at_1": 0.0,
        "z_hits_at_10": 0.0,
        "z_hits_at_3": 0.0,
        "z_hits_at_5": 0.0,
        "z_inverse_harmonic_mean_rank": 0.002156067354375928
      },
      "pessimistic": {
        "adjusted_arithmetic_mean_rank": 0.8179966737762081,
        "adjusted_arithmetic_mean_rank_index": 0.1820806983825638,
        "adjusted_hits_at_1": -0.0002125647677931381,
        "adjusted_hits_at_10": -0.0021297220127172553,
        "adjusted_hits_at_3": -0.0006379655213652322,
        "adjusted_hits_at_5": -0.0010637282835880741,
        "adjusted_inverse_harmonic_mean_rank": 0.0003592221060049303,
        "arithmetic_mean_rank": 1925.0,
        "count": 116.0,
        "geometric_mean_rank": 1290.9929228761052,
        "harmonic_mean_rank": 463.80740284871536,
        "hits_at_1": 0.0,
        "hits_at_10": 0.0,
        "hits_at_3": 0.0,
        "hits_at_5": 0.0,
        "inverse_arithmetic_mean_rank": 0.0005194805194805195,
        "inverse_geometric_mean_rank": 0.0007745975847583857,
        "inverse_harmonic_mean_rank": 0.002156067354375928,
        "inverse_median_rank": 0.0005827505827505828,
        "median_absolute_deviation": 1489.2739284888771,
        "median_rank": 1716.0,
        "standard_deviation": 1288.8735124264456,
        "variance": 1661194.9310344828,
        "z_arithmetic_mean_rank": -1925.0,
        "z_hits_at_1": 0.0,
        "z_hits_at_10": 0.0,
        "z_hits_at_3": 0.0,
        "z_hits_at_5": 0.0,
        "z_inverse_harmonic_mean_rank": 0.002156067354375928
      },
      "realistic": {
        "adjusted_arithmetic_mean_rank": 0.8179966737762081,
        "adjusted_arithmetic_mean_rank_index": 0.1820806983825638,
        "adjusted_hits_at_1": -0.0002125647677931381,
        "adjusted_hits_at_10": -0.0021297220127172553,
        "adjusted_hits_at_3": -0.0006379655213652322,
        "adjusted_hits_at_5": -0.0010637282835880741,