{
  "losses": [
    0.0039212679828508,
    0.003860424264469288,
    0.003793878480904246,
    0.003730293426389587,
    0.0036627451710424955,
    0.0035948551431433796,
    0.0035476808906728893,
    0.0034925407167299923,
    0.003434242710177636,
    0.0033834044793005285,
    0.003323833412179372,
    0.003249726523965836,
    0.0032083428837392613,
    0.003148193557135607,
    0.003091085740553529,
    0.0030361664172404,
    0.002971040381055935,
    0.0029324633293457475,
    0.0028506701024610817,
    0.0028130347869043055,
    0.0027899393352584143,
    0.002694264193427368,
    0.002677270213018504,
    0.0026142255174604555,
    0.0025977004214185065,
    0.002561218005678365,
    0.002526765214083504,
    0.002460108945961566,
    0.0024594543253210004,
    0.002467435089610196
  ],
  "metrics": {
    "both": {
      "optimistic": {
        "adjusted_arithmetic_mean_rank": 1.1579835763531667,
        "adjusted_arithmetic_mean_rank_index": -0.158050168143558,
        "adjusted_hits_at_1": 0.004100471547784703,
        "adjusted_hits_at_10": 0.0022076230898972794,
        "adjusted_hits_at_3": 0.003680459451407034,
        "adjusted_hits_at_5": 0.0032600929325461198,
        "adjusted_inverse_harmonic_mean_rank": 0.003907868219699642,
        "arithmetic_mean_rank": 2748.3793103448274,
        "count": 232.0,
        "geometric_mean_rank": 2057.3829179541412,
        "harmonic_mean_rank": 175.90316996882783,
        "hits_at_1": 0.004310344827586207,
        "hits_at_10": 0.004310344827586207,
        "hits_at_3": 0.004310344827586207,
        "hits_at_5": 0.004310344827586207,
        "inverse_arithmetic_mean_rank": 0.00036385079608044867,
        "inverse_geometric_mean_rank": 0.0004860543903972911,
        "inverse_harmonic_mean_rank": 0.005684945872079577,
        "inverse_median_rank": 0.0003515556336790297,
        "median_absolute_deviation": 1462.5870885557763,
        "median_rank": 2844.5,
        "standard_deviation": 1322.830466208939,
        "variance": 1749880.4423305588,
        "z_arithmetic_mean_rank": -2748.3793103448274,
        "z_hits_at_1": 0.004310344827586207,
        "z_hits_at_10": 0.004310344827586207,
        "z_hits_at_3": 0.004310344827586207,
        "z_hits_at_5": 0.004310344827586207,
        "z_inverse_harmonic_mean_rank": 0.005684945872079577
      },
      "pessimistic": {
        "adjusted_arithmetic_mean_rank": 1.1579853924447447,
        "adjusted_arithmetic_mean_rank_index": -0.15805198500063833,
        "adjusted_hits_at_1": 0.004100471547784703,
        "adjusted_hits_at_10": 0.0022076230898972794,
        "adjusted_hits_at_3": 0.003680459451407034,
        "adjusted_hits_at_5": 0.0032600929325461198,
        "adjusted_inverse_harmonic_mean_rank": 0.003907867423976296,
        "arithmetic_mean_rank": 2748.3836206896553,
        "count": 232.0,
        "geometric_mean_rank": 2057.386724796022,
        "harmonic_mean_rank": 175.90319454611807,
        "hits_at_1": 0.004310344827586207,
        "hits_at_10": 0.004310344827586207,
        "hits_at_3": 0.004310344827586207,
        "hits_at_5": 0.004310344827586207,
        "inverse_arithmetic_mean_rank": 0.00036385022544599096,
        "inverse_geometric_mean_rank": 0.00048605349103686093,
        "inverse_harmonic_mean_rank": 0.005684945077775841,
        "inverse_median_rank": 0.0003515556336790297,
        "median_absolute_deviation": 1462.5870885557763,
        "median_rank": 2844.5,
        "standard_deviation": 1322.8291013140897,
        "variance": 1749876.8312834424,
        "z_arithmetic_mean_rank": -2748.3836206896553,
        "z_hits_at_1": 0.004310344827586207,
        "z_hits_at_10": 0.004310344827586207,
        "z_hits_at_3": 0.004310344827586207,
        "z_hits_at_5": 0.004310344827586207,
        "z_inverse_harmonic_mean_rank": 0.005684945077775841
      },
      "realistic": {
        "adjusted_arithmetic_mean_rank": 1.1579844347402017,
        "adjusted_arithmetic_mean_rank_index": -0.15805102689241224,
        "adjusted_hits_at_1": 0.004100471547784703,
        "adjusted_hits_at_10": 0.0022076230898972794,
        "adjusted_hits_at_3": 0.003680459451407034,
        "adjusted_hits_at_5": 0.0032600929325461198,
        "adjusted_inverse_harmonic_mean_rank": 0.00390786795103759,
        "arithmetic_mean_rank": 2748.38134765625,
        "count": 232.0,
        "geometric_mean_rank": 2057.3857421875,
        "harmonic_mean_rank": 175.90317826691867,
        "hits_at_1": 0.004310344827586207,
        "hits_at_10": 0.004310344827586207,
        "hits_at_3": 0.004310344827586207,
        "hits_at_5": 0.004310344827586207,
        "inverse_arithmetic_mean_rank": 0.0003638505295384675,
        "inverse_geometric_mean_rank": 0.00048605373012833297,
        "inverse_harmonic_mean_rank": 0.005684945603896831,
        "inverse_median_rank": 0.00035155564546585083,
        "median_absolute_deviation": 1462.5870885557763,
        "median_rank": 2844.5,
        "standard_deviation": 1322.829833984375,
        "variance": 1749878.625,
        "z_arithmetic_mean_rank": -2748.38134765625,
        "z_hits_at_1": 0.004310344827586207,
        "z_hits_at_10": 0.004310344827586207,
        "z_hits_at_3": 0.004310344827586207,
        "z_hits_at_5": 0.004310344827586207,
        "z_inverse_harmonic_mean_rank": 0.005684945603896831
      }
    },
    "head": {
      "optimistic": {
        "adjusted_arithmetic_mean_rank": 1.2447067207331899,
        "adjusted_arithmetic_mean_rank_index": -0.24481096444614403,
        "adjusted_hits_at_1": 0.008409522560686803,
        "adjusted_hits_at_10": 0.00650496279852207,
        "adjusted_hits_at_3": 0.007986918380931726,
        "adjusted_hits_at_5": 0.007563953829744999,
        "adjusted_inverse_harmonic_mean_rank": 0.008753342087261098,
        "arithmetic_mean_rank": 2923.1293103448274,
        "count": 116.0,
        "geometric_mean_rank": 2014.008022710781,
        "harmonic_mean_rank": 94.89149168382629,
        "hits_at_1": 0.008620689655172414,
        "hits_at_10": 0.008620689655172414,
        "hits_at_3": 0.008620689655172414,
        "hits_at_5": 0.008620689655172414,
        "inverse_arithmetic_mean_rank": 0.0003420991320709089,
        "inverse_geometric_mean_rank": 0.0004965223518097195,
        "inverse_harmonic_mean_rank": 0.010538352619979355,
        "inverse_median_rank": 0.00030759766225776686,
        "median_absolute_deviation": 1503.3586495646803,
        "median_rank": 3251.0,
        "standard_deviation": 1426.9471423538919,
        "variance": 2036178.147071938,
        "z_arithmetic_mean_rank": -2923.1293103448274,
        "z_hits_at_1": 0.008620689655172414,
        "z_hits_at_10": 0.008620689655172414,
        "z_hits_at_3": 0.008620689655172414,
        "z_hits_at_5": 0.008620689655172414,
        "z_inverse_harmonic_mean_rank": 0.010538352619979355
      },
      "pessimistic": {
        "adjusted_arithmetic_mean_rank": 1.2447067207331899,
        "adjusted_arithmetic_mean_rank_index": -0.24481096444614403,
        "adjusted_hits_at_1": 0.008409522560686803,
        "adjusted_hits_at_10": 0.00650496279852207,
        "adjusted_hits_at_3": 0.007986918380931726,
        "adjusted_hits_at_5": 0.007563953829744999,
        "adjusted_inverse_harmonic_mean_rank": 0.008753342087261098,
        "arithmetic_mean_rank": 2923.1293103448274,
        "count": 116.0,
        "geometric_mean_rank": 2014.008022710781,
        "harmonic_mean_rank": 94.89149168382629,
        "hits_at_1": 0.008620689655172414,
        "hits_at_10": 0.008620689655172414,
        "hits_at_3": 0.008620689655172414,
        "hits_at_5": 0.008620689655172414,
        "inverse_arithmetic_mean_rank": 0.0003420991320709089,
        "inverse_geometric_mean_rank": 0.0004965223518097195,
        "inverse_harmonic_mean_rank": 0.010538352619979355,
        "inverse_median_rank": 0.00030759766225776686,
        "median_absolute_deviation": 1503.3586495646803,
        "median_rank": 3251.0,