{
  "losses": [
    0.05689277347584787,
    0.050340064596584674,
    0.04615556356962677,
    0.041961166733273284,
    0.03934586568638751,
    0.03639595620306831,
    0.0336437238374477,
    0.031988085782430176,
    0.029668783666324507,
    0.027714611029562953,
    0.026160074404005796,
    0.024480533428203582,
    0.022355392403415376,
    0.021739379603595274,
    0.020459053874150902,
    0.01922934688366967,
    0.018438780532662975,
    0.01713465201156186,
    0.01651229873338339,
    0.015459768184542092,
    0.014652396558038506,
    0.013724507764850995,
    0.012874471720882467,
    0.012837188735452304,
    0.011973186331060391,
    0.011060729049681091,
    0.010521803400642227,
    0.010029904620344341,
    0.009472616377945511,
    0.00911538168300224
  ],
  "metrics": {
    "both": {
      "optimistic": {
        "adjusted_arithmetic_mean_rank": 0.9405333965037378,
        "adjusted_arithmetic_mean_rank_index": 0.059493976956465855,
        "adjusted_hits_at_1": -0.00023019265019276925,
        "adjusted_hits_at_10": -0.002306705381552634,
        "adjusted_hits_at_3": -0.000690896028954133,
        "adjusted_hits_at_5": -0.0011520240007951612,
        "adjusted_inverse_harmonic_mean_rank": -0.0007307356561437441,
        "arithmetic_mean_rank": 2044.1724137931035,
        "count": 232.0,
        "geometric_mean_rank": 1560.7871761810877,
        "harmonic_mean_rank": 834.2350790651632,
        "hits_at_1": 0.0,
        "hits_at_10": 0.0,
        "hits_at_3": 0.0,
        "hits_at_5": 0.0,
        "inverse_arithmetic_mean_rank": 0.0004891955263912552,
        "inverse_geometric_mean_rank": 0.0006407023425492168,
        "inverse_harmonic_mean_rank": 0.001198702889742531,
        "inverse_median_rank": 0.0005220569042025581,
        "median_absolute_deviation": 1475.189207413074,
        "median_rank": 1915.5,
        "standard_deviation": 1186.9727597305885,
        "variance": 1408904.3323424493,
        "z_arithmetic_mean_rank": -2044.1724137931035,
        "z_hits_at_1": 0.0,
        "z_hits_at_10": 0.0,
        "z_hits_at_3": 0.0,
        "z_hits_at_5": 0.0,
        "z_inverse_harmonic_mean_rank": 0.001198702889742531
      },
      "pessimistic": {
        "adjusted_arithmetic_mean_rank": 0.9405333965037378,
        "adjusted_arithmetic_mean_rank_index": 0.059493976956465855,
        "adjusted_hits_at_1": -0.00023019265019276925,
        "adjusted_hits_at_10": -0.002306705381552634,
        "adjusted_hits_at_3": -0.000690896028954133,
        "adjusted_hits_at_5": -0.0011520240007951612,
        "adjusted_inverse_harmonic_mean_rank": -0.0007307356561437441,
        "arithmetic_mean_rank": 2044.1724137931035,
        "count": 232.0,
        "geometric_mean_rank": 1560.7871761810877,
        "harmonic_mean_rank": 834.2350790651632,
        "hits_at_1": 0.0,
        "hits_at_10": 0.0,
        "hits_at_3": 0.0,
        "hits_at_5": 0.0,
        "inverse_arithmetic_mean_rank": 0.0004891955263912552,
        "inverse_geometric_mean_rank": 0.0006407023425492168,
        "inverse_harmonic_mean_rank": 0.001198702889742531,
        "inverse_median_rank": 0.0005220569042025581,
        "median_absolute_deviation": 1475.189207413074,
        "median_rank": 1915.5,
        "standard_deviation": 1186.9727597305885,
        "variance": 1408904.3323424493,
        "z_arithmetic_mean_rank": -2044.1724137931035,
        "z_hits_at_1": 0.0,
        "z_hits_at_10": 0.0,
        "z_hits_at_3": 0.0,
        "z_hits_at_5": 0.0,
        "z_inverse_harmonic_mean_rank": 0.001198702889742531
      },
      "realistic": {
        "adjusted_arithmetic_mean_rank": 0.9405333732629951,
        "adjusted_arithmetic_mean_rank_index": 0.05949400020790663,
        "adjusted_hits_at_1": -0.00023019265019276925,
        "adjusted_hits_at_10": -0.002306705381552634,
        "adjusted_hits_at_3": -0.000690896028954133,
        "adjusted_hits_at_5": -0.0011520240007951612,
        "adjusted_inverse_harmonic_mean_rank": -0.0007307357008924063,
        "arithmetic_mean_rank": 2044.17236328125,
        "count": 232.0,
        "geometric_mean_rank": 1560.78662109375,
        "harmonic_mean_rank": 834.2351101478697,
        "hits_at_1": 0.0,
        "hits_at_10": 0.0,
        "hits_at_3": 0.0,
        "hits_at_5": 0.0,
        "inverse_arithmetic_mean_rank": 0.0004891955177299678,
        "inverse_geometric_mean_rank": 0.0006407025502994657,
        "inverse_harmonic_mean_rank": 0.0011987028450801455,
        "inverse_median_rank": 0.0005220568855293095,
        "median_absolute_deviation": 1475.189207413074,
        "median_rank": 1915.5,
        "standard_deviation": 1186.9727783203125,
        "variance": 1408904.25,
        "z_arithmetic_mean_rank": -2044.17236328125,
        "z_hits_at_1": 0.0,
        "z_hits_at_10": 0.0,
        "z_hits_at_3": 0.0,
        "z_hits_at_5": 0.0,
        "z_inverse_harmonic_mean_rank": 0.0011987028450801455
      }
    },
    "head": {
      "optimistic": {
        "adjusted_arithmetic_mean_rank": 0.9456223565277158,
        "adjusted_arithmetic_mean_rank_index": 0.054402965453230756,
        "adjusted_hits_at_1": -0.0002328424225031101,
        "adjusted_hits_at_10": -0.002333313875127404,
        "adjusted_hits_at_3": -0.000698852712626492,
        "adjusted_hits_at_5": -0.0011652974352265699,
        "adjusted_inverse_harmonic_mean_rank": -0.0006223921366251402,
        "arithmetic_mean_rank": 2031.6206896551723,
        "count": 116.0,
        "geometric_mean_rank": 1434.5483515854587,
        "harmonic_mean_rank": 753.8196060162455,
        "hits_at_1": 0.0,
        "hits_at_10": 0.0,
        "hits_at_3": 0.0,
        "hits_at_5": 0.0,
        "inverse_arithmetic_mean_rank": 0.000492217865811226,
        "inverse_geometric_mean_rank": 0.0006970835098690141,
        "inverse_harmonic_mean_rank": 0.0013265773296674498,
        "inverse_median_rank": 0.0005366246310705661,
        "median_absolute_deviation": 1722.0424767942566,
        "median_rank": 1863.5,
        "standard_deviation": 1300.3091254163003,
        "variance": 1690803.8216409038,
        "z_arithmetic_mean_rank": -2031.6206896551723,
        "z_hits_at_1": 0.0,
        "z_hits_at_10": 0.0,
        "z_hits_at_3": 0.0,
        "z_hits_at_5": 0.0,
        "z_inverse_harmonic_mean_rank": 0.0013265773296674498
      },
      "pessimistic": {
        "adjusted_arithmetic_mean_rank": 0.9456223565277158,
        "adjusted_arithmetic_mean_rank_index": 0.054402965453230756,
        "adjusted_hits_at_1": -0.0002328424225031101,
        "adjusted_hits_at_10": -0.002333313875127404,
        "adjusted_hits_at_3": -0.000698852712626492,
        "adjusted_hits_at_5": -0.0011652974352265699,
        "adjusted_inverse_harmonic_mean_rank": -0.0006223921366251402,
        "arithmetic_mean_rank": 2031.6206896551723,
        "count": 116.0,
        "geometric_mean_rank": 1434.5483515854587,
        "harmonic_mean_rank": 753.8196060162455,
        "hits_at_1": 0.0,
        "hits_at_10": 0.0,
        "hits_at_3": 0.0,
        "hits_at_5": 0.0,
        "inverse_arithmetic_mean_rank": 0.000492217865811226,
        "inverse_geometric_mean_rank": 0.0006970835098690141,
        "inverse_harmonic_mean_rank": 0.0013265773296674498,
        "inverse_median_rank": 0.0005366246310705661,
        "median_absolute_deviation": 1722.0424767942566,
        "median_rank": 1863.5,
        "standard_deviation": 1300.3091254163003,
        "variance": 1690803.8216409038,
        "z_arithmetic_mean_rank": -2031.6206896551723,
        "z_hits_at_1": 0.0,
        "z_hits_at_10": 0.0,
        "z_hits_at_3": 0.0,
        "z_hits_at_5": 0.0,
        "z_inverse_harmonic_mean_rank": 0.0013265773296674498
      },
      "realistic": {
        "adjusted_arithmetic_mean_rank": 0.9456223741608565,
        "adjusted_arithmetic_mean_rank_index": 0.05440294781187882,
        "adjusted_hits_at_1": -0.0002328424225031101,
        "adjusted_hits_at_10": -0.002333313875127404,