{
  "losses": [
    0.06488149435101816,
    0.054142926631293505,
    0.04690789604795948,
    0.04278121118940192,
    0.039397244165908944,
    0.03629493940293764,
    0.03399141696079489,
    0.03174335905876686,
    0.029815557929207263,
    0.027814769176149733,
    0.025665205535052246,
    0.024083059987751277,
    0.022418547908869588,
    0.02129894058055658,
    0.02021607162937918,
    0.018565713292927236,
    0.01777448091770639,
    0.016568598119072665,
    0.015803384433330653,
    0.014934786801797483,
    0.014105688555471424,
    0.013689637449834513,
    0.013128845011367187,
    0.01194731152694589,
    0.011671362120834763,
    0.01060004949813851,
    0.01035312421134736,
    0.009855062694019902,
    0.009130531187179857,
    0.00922267729672644
  ],
  "metrics": {
    "both": {
      "optimistic": {
        "adjusted_arithmetic_mean_rank": 0.7891842952342722,
        "adjusted_arithmetic_mean_rank_index": 0.21090453416009425,
        "adjusted_hits_at_1": -0.00021070542960217688,
        "adjusted_hits_at_10": -0.0021110575977041214,
        "adjusted_hits_at_3": -0.0006323827817779457,
        "adjusted_hits_at_5": -0.0010544158325748122,
        "adjusted_inverse_harmonic_mean_rank": -0.00029773086692326246,
        "arithmetic_mean_rank": 1873.7327586206898,
        "count": 232.0,
        "geometric_mean_rank": 1359.0619079453404,
        "harmonic_mean_rank": 672.8170488333155,
        "hits_at_1": 0.0,
        "hits_at_10": 0.0,
        "hits_at_3": 0.0,
        "hits_at_5": 0.0,
        "inverse_arithmetic_mean_rank": 0.0005336940368892999,
        "inverse_geometric_mean_rank": 0.0007358016541805825,
        "inverse_harmonic_mean_rank": 0.0014862881398948337,
        "inverse_median_rank": 0.0006184291898577613,
        "median_absolute_deviation": 1300.242145629413,
        "median_rank": 1617.0,
        "standard_deviation": 1242.3288847533047,
        "variance": 1543381.05789239,
        "z_arithmetic_mean_rank": -1873.7327586206898,
        "z_hits_at_1": 0.0,
        "z_hits_at_10": 0.0,
        "z_hits_at_3": 0.0,
        "z_hits_at_5": 0.0,
        "z_inverse_harmonic_mean_rank": 0.0014862881398948337
      },
      "pessimistic": {
        "adjusted_arithmetic_mean_rank": 0.7891842952342722,
        "adjusted_arithmetic_mean_rank_index": 0.21090453416009425,
        "adjusted_hits_at_1": -0.00021070542960217688,
        "adjusted_hits_at_10": -0.0021110575977041214,
        "adjusted_hits_at_3": -0.0006323827817779457,
        "adjusted_hits_at_5": -0.0010544158325748122,
        "adjusted_inverse_harmonic_mean_rank": -0.00029773086692326246,
        "arithmetic_mean_rank": 1873.7327586206898,
        "count": 232.0,
        "geometric_mean_rank": 1359.0619079453404,
        "harmonic_mean_rank": 672.8170488333155,
        "hits_at_1": 0.0,
        "hits_at_10": 0.0,
        "hits_at_3": 0.0,
        "hits_at_5": 0.0,
        "inverse_arithmetic_mean_rank": 0.0005336940368892999,
        "inverse_geometric_mean_rank": 0.0007358016541805825,
        "inverse_harmonic_mean_rank": 0.0014862881398948337,
        "inverse_median_rank": 0.0006184291898577613,
        "median_absolute_deviation": 1300.242145629413,
        "median_rank": 1617.0,
        "standard_deviation": 1242.3288847533047,
        "variance": 1543381.05789239,
        "z_arithmetic_mean_rank": -1873.7327586206898,
        "z_hits_at_1": 0.0,
        "z_hits_at_10": 0.0,
        "z_hits_at_3": 0.0,
        "z_hits_at_5": 0.0,
        "z_inverse_harmonic_mean_rank": 0.0014862881398948337
      },
      "realistic": {
        "adjusted_arithmetic_mean_rank": 0.7891843076445323,
        "adjusted_arithmetic_mean_rank_index": 0.21090452174460494,
        "adjusted_hits_at_1": -0.00021070542960217688,
        "adjusted_hits_at_10": -0.0021110575977041214,
        "adjusted_hits_at_3": -0.0006323827817779457,
        "adjusted_hits_at_5": -0.0010544158325748122,
        "adjusted_inverse_harmonic_mean_rank": -0.00029773094449907114,
        "arithmetic_mean_rank": 1873.7327880859375,
        "count": 232.0,
        "geometric_mean_rank": 1359.06201171875,
        "harmonic_mean_rank": 672.817083887919,
        "hits_at_1": 0.0,
        "hits_at_10": 0.0,
        "hits_at_3": 0.0,
        "hits_at_5": 0.0,
        "inverse_arithmetic_mean_rank": 0.0005336940521374345,
        "inverse_geometric_mean_rank": 0.0007358015864156187,
        "inverse_harmonic_mean_rank": 0.0014862880624573805,
        "inverse_median_rank": 0.0006184292142279446,
        "median_absolute_deviation": 1300.242145629413,
        "median_rank": 1617.0,
        "standard_deviation": 1242.328857421875,
        "variance": 1543381.0,
        "z_arithmetic_mean_rank": -1873.7327880859375,
        "z_hits_at_1": 0.0,
        "z_hits_at_10": 0.0,
        "z_hits_at_3": 0.0,
        "z_hits_at_5": 0.0,
        "z_inverse_harmonic_mean_rank": 0.0014862880624573805
      }
    },
    "head": {
      "optimistic": {
        "adjusted_arithmetic_mean_rank": 0.8880329809430858,
        "adjusted_arithmetic_mean_rank_index": 0.11201468208136944,
        "adjusted_hits_at_1": -0.00021285091937457584,
        "adjusted_hits_at_10": -0.0021325945160763585,
        "adjusted_hits_at_3": -0.0006388247069761256,
        "adjusted_hits_at_5": -0.001065161479273462,
        "adjusted_inverse_harmonic_mean_rank": -0.0008134607196356011,
        "arithmetic_mean_rank": 2087.0,
        "count": 116.0,
        "geometric_mean_rank": 1558.0746540084465,
        "harmonic_mean_rank": 1012.5204454781313,
        "hits_at_1": 0.0,
        "hits_at_10": 0.0,
        "hits_at_3": 0.0,
        "hits_at_5": 0.0,
        "inverse_arithmetic_mean_rank": 0.0004791566842357451,
        "inverse_geometric_mean_rank": 0.0006418177700454261,
        "inverse_harmonic_mean_rank": 0.0009876343776226476,
        "inverse_median_rank": 0.0005707762557077625,
        "median_absolute_deviation": 1588.6082771287524,
        "median_rank": 1752.0,
        "standard_deviation": 1349.6368860319176,
        "variance": 1821519.7241379311,
        "z_arithmetic_mean_rank": -2087.0,
        "z_hits_at_1": 0.0,
        "z_hits_at_10": 0.0,
        "z_hits_at_3": 0.0,
        "z_hits_at_5": 0.0,
        "z_inverse_harmonic_mean_rank": 0.0009876343776226476
      },
      "pessimistic": {
        "adjusted_arithmetic_mean_rank": 0.8880329809430858,
        "adjusted_arithmetic_mean_rank_index": 0.11201468208136944,
        "adjusted_hits_at_1": -0.00021285091937457584,
        "adjusted_hits_at_10": -0.0021325945160763585,
        "adjusted_hits_at_3": -0.0006388247069761256,
        "adjusted_hits_at_5": -0.001065161479273462,
        "adjusted_inverse_harmonic_mean_rank": -0.0008134607196356011,
        "arithmetic_mean_rank": 2087.0,
        "count": 116.0,
        "geometric_mean_rank": 1558.0746540084465,
        "harmonic_mean_rank": 1012.5204454781313,
        "hits_at_1": 0.0,
        "hits_at_10": 0.0,
        "hits_at_3": 0.0,
        "hits_at_5": 0.0,
        "inverse_arithmetic_mean_rank": 0.0004791566842357451,
        "inverse_geometric_mean_rank": 0.0006418177700454261,
        "inverse_harmonic_mean_rank": 0.0009876343776226476,
        "inverse_median_rank": 0.0005707762557077625,
        "median_absolute_deviation": 1588.6082771287524,
        "median_rank": 1752.0,
        "standard_deviation": 1349.6368860319176,
        "variance": 1821519.7241379311,
        "z_arithmetic_mean_rank": -2087.0,
        "z_hits_at_1": 0.0,
        "z_hits_at_10": 0.0,
        "z_hits_at_3": 0.0,
        "z_hits_at_5": 0.0,
        "z_inverse_harmonic_mean_rank": 0.0009876343776226476
      },
      "realistic": {
        "adjusted_arithmetic_mean_rank": 0.8880329809430858,
        "adjusted_arithmetic_mean_rank_index": 0.11201468208136944,
        "adjusted_hits_at_1": -0.00021285091937457584,
        "adjusted_hits_at_10": -0.0021325945160763585,
        "adjusted_hits_at_3": -0.0006388247069761256,