{
  "losses": [
    0.06243732825699397,
    0.05737270198578152,
    0.051865453537635255,
    0.048067674661634696,
    0.0454446602388983,
    0.04254414534443228,
    0.040128273674984165,
    0.03825882283634094,
    0.03602387919266076,
    0.03506467205851438,
    0.032710783879412515,
    0.03134174278899595,
    0.030796498968143335,
    0.029176890234193533,
    0.027025468428447545,
    0.02575909281625691,
    0.02482750952843785,
    0.024412719561778564,
    0.02283351666593097,
    0.021666515001447412,
    0.020427855735826107,
    0.019792754779965963,
    0.018720510649479244,
    0.01835427089704131,
    0.017435236792827907,
    0.016646658752006053,
    0.015616475768935148,
    0.015469900028489922,
    0.014583608943790955,
    0.014305694414277004
  ],
  "metrics": {
    "both": {
      "optimistic": {
        "adjusted_arithmetic_mean_rank": 0.9212228803144088,
        "adjusted_arithmetic_mean_rank_index": 0.07881338209547994,
        "adjusted_hits_at_1": -0.00023019265019276925,
        "adjusted_hits_at_10": -0.002306705381552634,
        "adjusted_hits_at_3": -0.000690896028954133,
        "adjusted_hits_at_5": -0.0011520240007951612,
        "adjusted_inverse_harmonic_mean_rank": -0.0004092052283550781,
        "arithmetic_mean_rank": 2002.2025862068965,
        "count": 232.0,
        "geometric_mean_rank": 1458.4938082850235,
        "harmonic_mean_rank": 658.0621109016147,
        "hits_at_1": 0.0,
        "hits_at_10": 0.0,
        "hits_at_3": 0.0,
        "hits_at_5": 0.0,
        "inverse_arithmetic_mean_rank": 0.0004994499592044107,
        "inverse_geometric_mean_rank": 0.0006856388380392608,
        "inverse_harmonic_mean_rank": 0.0015196133973279426,
        "inverse_median_rank": 0.0005534034311012728,
        "median_absolute_deviation": 1596.0212882212804,
        "median_rank": 1807.0,
        "standard_deviation": 1241.6839641057823,
        "variance": 1541779.0667174493,
        "z_arithmetic_mean_rank": -2002.2025862068965,
        "z_hits_at_1": 0.0,
        "z_hits_at_10": 0.0,
        "z_hits_at_3": 0.0,
        "z_hits_at_5": 0.0,
        "z_inverse_harmonic_mean_rank": 0.0015196133973279426
      },
      "pessimistic": {
        "adjusted_arithmetic_mean_rank": 0.9212228803144088,
        "adjusted_arithmetic_mean_rank_index": 0.07881338209547994,
        "adjusted_hits_at_1": -0.00023019265019276925,
        "adjusted_hits_at_10": -0.002306705381552634,
        "adjusted_hits_at_3": -0.000690896028954133,
        "adjusted_hits_at_5": -0.0011520240007951612,
        "adjusted_inverse_harmonic_mean_rank": -0.0004092052283550781,
        "arithmetic_mean_rank": 2002.2025862068965,
        "count": 232.0,
        "geometric_mean_rank": 1458.4938082850235,
        "harmonic_mean_rank": 658.0621109016147,
        "hits_at_1": 0.0,
        "hits_at_10": 0.0,
        "hits_at_3": 0.0,
        "hits_at_5": 0.0,
        "inverse_arithmetic_mean_rank": 0.0004994499592044107,
        "inverse_geometric_mean_rank": 0.0006856388380392608,
        "inverse_harmonic_mean_rank": 0.0015196133973279426,
        "inverse_median_rank": 0.0005534034311012728,
        "median_absolute_deviation": 1596.0212882212804,
        "median_rank": 1807.0,
        "standard_deviation": 1241.6839641057823,
        "variance": 1541779.0667174493,
        "z_arithmetic_mean_rank": -2002.2025862068965,
        "z_hits_at_1": 0.0,
        "z_hits_at_10": 0.0,
        "z_hits_at_3": 0.0,
        "z_hits_at_5": 0.0,
        "z_inverse_harmonic_mean_rank": 0.0015196133973279426
      },
      "realistic": {
        "adjusted_arithmetic_mean_rank": 0.9212229035551515,
        "adjusted_arithmetic_mean_rank_index": 0.07881335884403917,
        "adjusted_hits_at_1": -0.00023019265019276925,
        "adjusted_hits_at_10": -0.002306705381552634,
        "adjusted_hits_at_3": -0.000690896028954133,
        "adjusted_hits_at_5": -0.0011520240007951612,
        "adjusted_inverse_harmonic_mean_rank": -0.0004092052724251436,
        "arithmetic_mean_rank": 2002.20263671875,
        "count": 232.0,
        "geometric_mean_rank": 1458.494384765625,
        "harmonic_mean_rank": 658.0621299491742,
        "hits_at_1": 0.0,
        "hits_at_10": 0.0,
        "hits_at_3": 0.0,
        "hits_at_5": 0.0,
        "inverse_arithmetic_mean_rank": 0.0004994499613530934,
        "inverse_geometric_mean_rank": 0.0006856385734863579,
        "inverse_harmonic_mean_rank": 0.0015196133533428456,
        "inverse_median_rank": 0.0005534034571610391,
        "median_absolute_deviation": 1596.0212882212804,
        "median_rank": 1807.0,
        "standard_deviation": 1241.6839599609375,
        "variance": 1541779.125,
        "z_arithmetic_mean_rank": -2002.20263671875,
        "z_hits_at_1": 0.0,
        "z_hits_at_10": 0.0,
        "z_hits_at_3": 0.0,
        "z_hits_at_5": 0.0,
        "z_inverse_harmonic_mean_rank": 0.0015196133533428456
      }
    },
    "head": {
      "optimistic": {
        "adjusted_arithmetic_mean_rank": 1.0911684626529845,
        "adjusted_arithmetic_mean_rank_index": -0.09121091697661488,
        "adjusted_hits_at_1": -0.0002328424225031101,
        "adjusted_hits_at_10": -0.002333313875127404,
        "adjusted_hits_at_3": -0.000698852712626492,
        "adjusted_hits_at_5": -0.0011652974352265699,
        "adjusted_inverse_harmonic_mean_rank": -0.00103271713655831,
        "arithmetic_mean_rank": 2344.3189655172414,
        "count": 116.0,
        "geometric_mean_rank": 1867.1693693462705,
        "harmonic_mean_rank": 1090.4512482512894,
        "hits_at_1": 0.0,
        "hits_at_10": 0.0,
        "hits_at_3": 0.0,
        "hits_at_5": 0.0,
        "inverse_arithmetic_mean_rank": 0.0004265631147932824,
        "inverse_geometric_mean_rank": 0.0005355700540171768,
        "inverse_harmonic_mean_rank": 0.0009170515432062257,
        "inverse_median_rank": 0.000392156862745098,
        "median_absolute_deviation": 1560.4388349771461,
        "median_rank": 2550.0,
        "standard_deviation": 1221.4920257417375,
        "variance": 1492042.7689506537,
        "z_arithmetic_mean_rank": -2344.3189655172414,
        "z_hits_at_1": 0.0,
        "z_hits_at_10": 0.0,
        "z_hits_at_3": 0.0,
        "z_hits_at_5": 0.0,
        "z_inverse_harmonic_mean_rank": 0.0009170515432062257
      },
      "pessimistic": {
        "adjusted_arithmetic_mean_rank": 1.0911684626529845,
        "adjusted_arithmetic_mean_rank_index": -0.09121091697661488,
        "adjusted_hits_at_1": -0.0002328424225031101,
        "adjusted_hits_at_10": -0.002333313875127404,
        "adjusted_hits_at_3": -0.000698852712626492,
        "adjusted_hits_at_5": -0.0011652974352265699,
        "adjusted_inverse_harmonic_mean_rank": -0.00103271713655831,
        "arithmetic_mean_rank": 2344.3189655172414,
        "count": 116.0,
        "geometric_mean_rank": 1867.1693693462705,
        "harmonic_mean_rank": 1090.4512482512894,
        "hits_at_1": 0.0,
        "hits_at_10": 0.0,
        "hits_at_3": 0.0,
        "hits_at_5": 0.0,
        "inverse_arithmetic_mean_rank": 0.0004265631147932824,
        "inverse_geometric_mean_rank": 0.0005355700540171768,
        "inverse_harmonic_mean_rank": 0.0009170515432062257,
        "inverse_median_rank": 0.000392156862745098,
        "median_absolute_deviation": 1560.4388349771461,
        "median_rank": 2550.0,
        "standard_deviation": 1221.4920257417375,
        "variance": 1492042.7689506537,
        "z_arithmetic_mean_rank": -2344.3189655172414,
        "z_hits_at_1": 0.0,
        "z_hits_at_10": 0.0,
        "z_hits_at_3": 0.0,
        "z_hits_at_5": 0.0,
        "z_inverse_harmonic_mean_rank": 0.0009170515432062257
      },
      "realistic": {
        "adjusted_arithmetic_mean_rank": 1.0911684077943247,
        "adjusted_arithmetic_mean_rank_index": -0.0912108620924088,
        "adjusted_hits_at_1": -0.0002328424225031101,
        "adjusted_hits_at_10": -0.002333313875127404,