{
  "losses": [
    0.003912845093631922,
    0.003854436649198195,
    0.003762640846643769,
    0.003621561560571341,
    0.0033647080306783944,
    0.0031618906872709516,
    0.0030627830417305152,
    0.0029938778893917875,
    0.002942313125252573,
    0.002874122747534205,
    0.0028227620703306163,
    0.0027991914762071036,
    0.0027880822884793037,
    0.002768703353928483,
    0.0027471897860735514,
    0.002723424623230984,
    0.0026982812578150626,
    0.002695268341937874,
    0.0026632728515479315,
    0.0026722895611510865,
    0.0026481524374634235,
    0.002658046000650522,
    0.0026478779063900653,
    0.002663788081120241,
    0.0026438998806929703,
    0.002596367106338013,
    0.002634612865946636,
    0.002590618275869367,
    0.0026026571143801603,
    0.002588580102922256
  ],
  "metrics": {
    "both": {
      "optimistic": {
        "adjusted_arithmetic_mean_rank": 1.4777502409625398,
        "adjusted_arithmetic_mean_rank_index": -0.47795144423360725,
        "adjusted_hits_at_1": -0.00021059714390775285,
        "adjusted_hits_at_10": -0.0021099706231602297,
        "adjusted_hits_at_3": -0.0006320576507953436,
        "adjusted_hits_at_5": -0.0010538734905273447,
        "adjusted_inverse_harmonic_mean_rank": -0.0007818985920277089,
        "arithmetic_mean_rank": 3510.344827586207,
        "count": 232.0,
        "geometric_mean_rank": 2680.023980552215,
        "harmonic_mean_rank": 997.816678103108,
        "hits_at_1": 0.0,
        "hits_at_10": 0.0,
        "hits_at_3": 0.0,
        "hits_at_5": 0.0,
        "inverse_arithmetic_mean_rank": 0.0002848722986247544,
        "inverse_geometric_mean_rank": 0.00037313098959433616,
        "inverse_harmonic_mean_rank": 0.0010021880992218356,
        "inverse_median_rank": 0.00023443910444262102,
        "median_absolute_deviation": 663.4644927812569,
        "median_rank": 4265.5,
        "standard_deviation": 1564.3712772749636,
        "variance": 2447257.493162901,
        "z_arithmetic_mean_rank": -3510.344827586207,
        "z_hits_at_1": 0.0,
        "z_hits_at_10": 0.0,
        "z_hits_at_3": 0.0,
        "z_hits_at_5": 0.0,
        "z_inverse_harmonic_mean_rank": 0.0010021880992218356
      },
      "pessimistic": {
        "adjusted_arithmetic_mean_rank": 1.4777502409625398,
        "adjusted_arithmetic_mean_rank_index": -0.47795144423360725,
        "adjusted_hits_at_1": -0.00021059714390775285,
        "adjusted_hits_at_10": -0.0021099706231602297,
        "adjusted_hits_at_3": -0.0006320576507953436,
        "adjusted_hits_at_5": -0.0010538734905273447,
        "adjusted_inverse_harmonic_mean_rank": -0.0007818985920277089,
        "arithmetic_mean_rank": 3510.344827586207,
        "count": 232.0,
        "geometric_mean_rank": 2680.023980552215,
        "harmonic_mean_rank": 997.816678103108,
        "hits_at_1": 0.0,
        "hits_at_10": 0.0,
        "hits_at_3": 0.0,
        "hits_at_5": 0.0,
        "inverse_arithmetic_mean_rank": 0.0002848722986247544,
        "inverse_geometric_mean_rank": 0.00037313098959433616,
        "inverse_harmonic_mean_rank": 0.0010021880992218356,
        "inverse_median_rank": 0.00023443910444262102,
        "median_absolute_deviation": 663.4644927812569,
        "median_rank": 4265.5,
        "standard_deviation": 1564.3712772749636,
        "variance": 2447257.493162901,
        "z_arithmetic_mean_rank": -3510.344827586207,
        "z_hits_at_1": 0.0,
        "z_hits_at_10": 0.0,
        "z_hits_at_3": 0.0,
        "z_hits_at_5": 0.0,
        "z_inverse_harmonic_mean_rank": 0.0010021880992218356
      },
      "realistic": {
        "adjusted_arithmetic_mean_rank": 1.477750198434579,
        "adjusted_arithmetic_mean_rank_index": -0.47795140168773576,
        "adjusted_hits_at_1": -0.00021059714390775285,
        "adjusted_hits_at_10": -0.0021099706231602297,
        "adjusted_hits_at_3": -0.0006320576507953436,
        "adjusted_hits_at_5": -0.0010538734905273447,
        "adjusted_inverse_harmonic_mean_rank": -0.0007818986258673245,
        "arithmetic_mean_rank": 3510.3447265625,
        "count": 232.0,
        "geometric_mean_rank": 2680.023681640625,
        "harmonic_mean_rank": 997.816711735058,
        "hits_at_1": 0.0,
        "hits_at_10": 0.0,
        "hits_at_3": 0.0,
        "hits_at_5": 0.0,
        "inverse_arithmetic_mean_rank": 0.0002848723088391125,
        "inverse_geometric_mean_rank": 0.00037313104257918894,
        "inverse_harmonic_mean_rank": 0.0010021880654425457,
        "inverse_median_rank": 0.0002344391104998067,
        "median_absolute_deviation": 663.4644927812569,
        "median_rank": 4265.5,
        "standard_deviation": 1564.371337890625,
        "variance": 2447257.5,
        "z_arithmetic_mean_rank": -3510.3447265625,
        "z_hits_at_1": 0.0,
        "z_hits_at_10": 0.0,
        "z_hits_at_3": 0.0,
        "z_hits_at_5": 0.0,
        "z_inverse_harmonic_mean_rank": 0.0010021880654425457
      }
    },
    "head": {
      "optimistic": {
        "adjusted_arithmetic_mean_rank": 1.025617863938367,
        "adjusted_arithmetic_mean_rank_index": -0.025628758003080954,
        "adjusted_hits_at_1": -0.0002126339720562082,
        "adjusted_hits_at_10": -0.0021304167112691503,
        "adjusted_hits_at_3": -0.0006381733108205046,
        "adjusted_hits_at_5": -0.0010640748941662885,
        "adjusted_inverse_harmonic_mean_rank": -1.1030500202073273e-05,
        "arithmetic_mean_rank": 2412.810344827586,
        "count": 116.0,
        "geometric_mean_rank": 1560.011488857872,
        "harmonic_mean_rank": 559.5979357382386,
        "hits_at_1": 0.0,
        "hits_at_10": 0.0,
        "hits_at_3": 0.0,
        "hits_at_5": 0.0,
        "inverse_arithmetic_mean_rank": 0.0004144544564572719,
        "inverse_geometric_mean_rank": 0.0006410209201293305,
        "inverse_harmonic_mean_rank": 0.0017869972995535977,
        "inverse_median_rank": 0.00035925992455541585,
        "median_absolute_deviation": 2091.9517303114044,
        "median_rank": 2783.5,
        "standard_deviation": 1566.0230704349037,
        "variance": 2452428.2571343635,
        "z_arithmetic_mean_rank": -2412.810344827586,
        "z_hits_at_1": 0.0,
        "z_hits_at_10": 0.0,
        "z_hits_at_3": 0.0,
        "z_hits_at_5": 0.0,
        "z_inverse_harmonic_mean_rank": 0.0017869972995535977
      },
      "pessimistic": {
        "adjusted_arithmetic_mean_rank": 1.025617863938367,
        "adjusted_arithmetic_mean_rank_index": -0.025628758003080954,
        "adjusted_hits_at_1": -0.0002126339720562082,
        "adjusted_hits_at_10": -0.0021304167112691503,
        "adjusted_hits_at_3": -0.0006381733108205046,
        "adjusted_hits_at_5": -0.0010640748941662885,
        "adjusted_inverse_harmonic_mean_rank": -1.1030500202073273e-05,
        "arithmetic_mean_rank": 2412.810344827586,
        "count": 116.0,
        "geometric_mean_rank": 1560.011488857872,
        "harmonic_mean_rank": 559.5979357382386,
        "hits_at_1": 0.0,
        "hits_at_10": 0.0,
        "hits_at_3": 0.0,
        "hits_at_5": 0.0,
        "inverse_arithmetic_mean_rank": 0.0004144544564572719,
        "inverse_geometric_mean_rank": 0.0006410209201293305,
        "inverse_harmonic_mean_rank": 0.0017869972995535977,
        "inverse_median_rank": 0.00035925992455541585,
        "median_absolute_deviation": 2091.9517303114044,
        "median_rank": 2783.5,
        "standard_deviation": 1566.0230704349037,
        "variance": 2452428.2571343635,
        "z_arithmetic_mean_rank": -2412.810344827586,
        "z_hits_at_1": 0.0,
        "z_hits_at_10": 0.0,
        "z_hits_at_3": 0.0,
        "z_hits_at_5": 0.0,
        "z_inverse_harmonic_mean_rank": 0.0017869972995535977
      },
      "realistic": {
        "adjusted_arithmetic_mean_rank": 1.0256178460457261,
        "adjusted_arithmetic_mean_rank_index": -0.025628740102831005,
        "adjusted_hits_at_1": -0.0002126339720562082,
        "adjusted_hits_at_10": -0.0021304167112691503,