{
  "losses": [
    0.004031938995077534,
    0.004000271036580248,
    0.0039773427139210005,
    0.003959840317184421,
    0.0039459656702741834,
    0.003937830568019505,
    0.003934877100455571,
    0.003933575298617533,
    0.003932696864188699,
    0.003931873723289409,
    0.003930435284925504,
    0.0039286280654206385,
    0.003925639147377358,
    0.0039213449786038536,
    0.003915163308221113,
    0.003907648577434875,
    0.003899310662042188,
    0.0038895581723944234,
    0.003875958483248232,
    0.003863606828187722,
    0.003847571227814498,
    0.003832429450763463,
    0.003817558554790551,
    0.0038027754188195823,
    0.0037793048015714254,
    0.0037611278563561053,
    0.0037424194916877165,
    0.0037190860831318724,
    0.003693912257497195,
    0.0036612793919436337
  ],
  "metrics": {
    "both": {
      "optimistic": {
        "adjusted_arithmetic_mean_rank": 0.9641573945367342,
        "adjusted_arithmetic_mean_rank_index": 0.03585910440681661,
        "adjusted_hits_at_1": -0.00023019265019276925,
        "adjusted_hits_at_10": 0.00633386966484006,
        "adjusted_hits_at_3": 0.0036224267987568764,
        "adjusted_hits_at_5": 0.003163286447484128,
        "adjusted_inverse_harmonic_mean_rank": 0.0028257110490951653,
        "arithmetic_mean_rank": 2095.5172413793102,
        "count": 232.0,
        "geometric_mean_rank": 1361.7421088270262,
        "harmonic_mean_rank": 210.60201456745085,
        "hits_at_1": 0.0,
        "hits_at_10": 0.008620689655172414,
        "hits_at_3": 0.004310344827586207,
        "hits_at_5": 0.004310344827586207,
        "inverse_arithmetic_mean_rank": 0.0004772091492512753,
        "inverse_geometric_mean_rank": 0.0007343534385239635,
        "inverse_harmonic_mean_rank": 0.004748292660228678,
        "inverse_median_rank": 0.000450755014649538,
        "median_absolute_deviation": 1537.4585005903093,
        "median_rank": 2218.5,
        "standard_deviation": 1248.475849978123,
        "variance": 1558691.9479785967,
        "z_arithmetic_mean_rank": -2095.5172413793102,
        "z_hits_at_1": 0.0,
        "z_hits_at_10": 0.008620689655172414,
        "z_hits_at_3": 0.004310344827586207,
        "z_hits_at_5": 0.004310344827586207,
        "z_inverse_harmonic_mean_rank": 0.004748292660228678
      },
      "pessimistic": {
        "adjusted_arithmetic_mean_rank": 0.9641573945367342,
        "adjusted_arithmetic_mean_rank_index": 0.03585910440681661,
        "adjusted_hits_at_1": -0.00023019265019276925,
        "adjusted_hits_at_10": 0.00633386966484006,
        "adjusted_hits_at_3": 0.0036224267987568764,
        "adjusted_hits_at_5": 0.003163286447484128,
        "adjusted_inverse_harmonic_mean_rank": 0.0028257110490951653,
        "arithmetic_mean_rank": 2095.5172413793102,
        "count": 232.0,
        "geometric_mean_rank": 1361.7421088270262,
        "harmonic_mean_rank": 210.60201456745085,
        "hits_at_1": 0.0,
        "hits_at_10": 0.008620689655172414,
        "hits_at_3": 0.004310344827586207,
        "hits_at_5": 0.004310344827586207,
        "inverse_arithmetic_mean_rank": 0.0004772091492512753,
        "inverse_geometric_mean_rank": 0.0007343534385239635,
        "inverse_harmonic_mean_rank": 0.004748292660228678,
        "inverse_median_rank": 0.000450755014649538,
        "median_absolute_deviation": 1537.4585005903093,
        "median_rank": 2218.5,
        "standard_deviation": 1248.475849978123,
        "variance": 1558691.9479785967,
        "z_arithmetic_mean_rank": -2095.5172413793102,
        "z_hits_at_1": 0.0,
        "z_hits_at_10": 0.008620689655172414,
        "z_hits_at_3": 0.004310344827586207,
        "z_hits_at_5": 0.004310344827586207,
        "z_inverse_harmonic_mean_rank": 0.004748292660228678
      },
      "realistic": {
        "adjusted_arithmetic_mean_rank": 0.9641574371447625,
        "adjusted_arithmetic_mean_rank_index": 0.03585906177917508,
        "adjusted_hits_at_1": -0.00023019265019276925,
        "adjusted_hits_at_10": 0.00633386966484006,
        "adjusted_hits_at_3": 0.0036224267987568764,
        "adjusted_hits_at_5": 0.003163286447484128,
        "adjusted_inverse_harmonic_mean_rank": 0.0028257114276686456,
        "arithmetic_mean_rank": 2095.517333984375,
        "count": 232.0,
        "geometric_mean_rank": 1361.7423095703125,
        "harmonic_mean_rank": 210.60199780887712,
        "hits_at_1": 0.0,
        "hits_at_10": 0.008620689655172414,
        "hits_at_3": 0.004310344827586207,
        "hits_at_5": 0.004310344827586207,
        "inverse_arithmetic_mean_rank": 0.0004772091342601925,
        "inverse_geometric_mean_rank": 0.0007343533216044307,
        "inverse_harmonic_mean_rank": 0.004748293038072257,
        "inverse_median_rank": 0.0004507550038397312,
        "median_absolute_deviation": 1537.4585005903093,
        "median_rank": 2218.5,
        "standard_deviation": 1248.475830078125,
        "variance": 1558692.0,
        "z_arithmetic_mean_rank": -2095.517333984375,
        "z_hits_at_1": 0.0,
        "z_hits_at_10": 0.008620689655172414,
        "z_hits_at_3": 0.004310344827586207,
        "z_hits_at_5": 0.004310344827586207,
        "z_inverse_harmonic_mean_rank": 0.004748293038072257
      }
    },
    "head": {
      "optimistic": {
        "adjusted_arithmetic_mean_rank": 0.9886606366341208,
        "adjusted_arithmetic_mean_rank_index": 0.011344643755479722,
        "adjusted_hits_at_1": -0.0002328424225031101,
        "adjusted_hits_at_10": 0.006307490554830591,
        "adjusted_hits_at_3": 0.00792786153489615,
        "adjusted_hits_at_5": 0.0074654378874909,
        "adjusted_inverse_harmonic_mean_rank": 0.003128866298967451,
        "arithmetic_mean_rank": 2124.0862068965516,
        "count": 116.0,
        "geometric_mean_rank": 1382.4874124231021,
        "harmonic_mean_rank": 197.21807245288875,
        "hits_at_1": 0.0,
        "hits_at_10": 0.008620689655172414,
        "hits_at_3": 0.008620689655172414,
        "hits_at_5": 0.008620689655172414,
        "inverse_arithmetic_mean_rank": 0.00047079068483810486,
        "inverse_geometric_mean_rank": 0.0007233338915160813,
        "inverse_harmonic_mean_rank": 0.005070529224642325,
        "inverse_median_rank": 0.000450755014649538,
        "median_absolute_deviation": 1678.3057113483414,
        "median_rank": 2218.5,
        "standard_deviation": 1290.8065479739823,
        "variance": 1666181.5442925086,
        "z_arithmetic_mean_rank": -2124.0862068965516,
        "z_hits_at_1": 0.0,
        "z_hits_at_10": 0.008620689655172414,
        "z_hits_at_3": 0.008620689655172414,
        "z_hits_at_5": 0.008620689655172414,
        "z_inverse_harmonic_mean_rank": 0.005070529224642325
      },
      "pessimistic": {
        "adjusted_arithmetic_mean_rank": 0.9886606366341208,
        "adjusted_arithmetic_mean_rank_index": 0.011344643755479722,
        "adjusted_hits_at_1": -0.0002328424225031101,
        "adjusted_hits_at_10": 0.006307490554830591,
        "adjusted_hits_at_3": 0.00792786153489615,
        "adjusted_hits_at_5": 0.0074654378874909,
        "adjusted_inverse_harmonic_mean_rank": 0.003128866298967451,
        "arithmetic_mean_rank": 2124.0862068965516,
        "count": 116.0,
        "geometric_mean_rank": 1382.4874124231021,
        "harmonic_mean_rank": 197.21807245288875,
        "hits_at_1": 0.0,
        "hits_at_10": 0.008620689655172414,
        "hits_at_3": 0.008620689655172414,
        "hits_at_5": 0.008620689655172414,
        "inverse_arithmetic_mean_rank": 0.00047079068483810486,
        "inverse_geometric_mean_rank": 0.0007233338915160813,
        "inverse_harmonic_mean_rank": 0.005070529224642325,
        "inverse_median_rank": 0.000450755014649538,
        "median_absolute_deviation": 1678.3057113483414,
        "median_rank": 2218.5,
        "standard_deviation": 1290.8065479739823,
        "variance": 1666181.5442925086,
        "z_arithmetic_mean_rank": -2124.0862068965516,
        "z_hits_at_1": 0.0,