{
  "losses": [
    12.38869293479393,
    10.196980504034107,
    8.346578766493693,
    6.78399047485376,
    5.465255636603393,
    4.354224964917703,
    3.420495843896865,
    2.6381950635257128,
    1.9851032697266797,
    1.4420973172101026,
    0.9927766900500904,
    0.6241272768094758,
    0.3318943203977645,
    0.12891030119272973,
    0.029861367421900063,
    0.005930814089182893,
    0.003979542892572522,
    0.003931646012964268,
    0.003929732231432323,
    0.003928008115130276,
    0.003925850992003772,
    0.003928189909098172,
    0.003924385109517378,
    0.003921718543692038,
    0.003921962366065346,
    0.003922721177973308,
    0.003920076791544483,
    0.003923009116763584,
    0.003920323844274182,
    0.003917496904962246
  ],
  "metrics": {
    "both": {
      "optimistic": {
        "adjusted_arithmetic_mean_rank": 0.9172734663639001,
        "adjusted_arithmetic_mean_rank_index": 0.08276459209360176,
        "adjusted_hits_at_1": -0.00023005774985504658,
        "adjusted_hits_at_10": -0.0023053507728533285,
        "adjusted_hits_at_3": -0.0006904909551560167,
        "adjusted_hits_at_5": -0.001151348255631193,
        "adjusted_inverse_harmonic_mean_rank": -0.001037691522835938,
        "arithmetic_mean_rank": 1994.7672413793102,
        "count": 232.0,
        "geometric_mean_rank": 1696.2120006616792,
        "harmonic_mean_rank": 1121.8813606324925,
        "hits_at_1": 0.0,
        "hits_at_10": 0.0,
        "hits_at_3": 0.0,
        "hits_at_5": 0.0,
        "inverse_arithmetic_mean_rank": 0.0005013116213541465,
        "inverse_geometric_mean_rank": 0.0005895489476609691,
        "inverse_harmonic_mean_rank": 0.0008913598488134445,
        "inverse_median_rank": 0.000564334085778781,
        "median_absolute_deviation": 788.7443802449802,
        "median_rank": 1772.0,
        "standard_deviation": 982.5899349709335,
        "variance": 965482.9803061833,
        "z_arithmetic_mean_rank": -1994.7672413793102,
        "z_hits_at_1": 0.0,
        "z_hits_at_10": 0.0,
        "z_hits_at_3": 0.0,
        "z_hits_at_5": 0.0,
        "z_inverse_harmonic_mean_rank": 0.0008913598488134445
      },
      "pessimistic": {
        "adjusted_arithmetic_mean_rank": 0.9172754484322132,
        "adjusted_arithmetic_mean_rank_index": 0.08276260911343525,
        "adjusted_hits_at_1": -0.00023005774985504658,
        "adjusted_hits_at_10": -0.0023053507728533285,
        "adjusted_hits_at_3": -0.0006904909551560167,
        "adjusted_hits_at_5": -0.001151348255631193,
        "adjusted_inverse_harmonic_mean_rank": -0.0010376931354028774,
        "arithmetic_mean_rank": 1994.771551724138,
        "count": 232.0,
        "geometric_mean_rank": 1696.2164682867817,
        "harmonic_mean_rank": 1121.8833863304287,
        "hits_at_1": 0.0,
        "hits_at_10": 0.0,
        "hits_at_3": 0.0,
        "hits_at_5": 0.0,
        "inverse_arithmetic_mean_rank": 0.0005013105381093246,
        "inverse_geometric_mean_rank": 0.0005895473948617085,
        "inverse_harmonic_mean_rank": 0.000891358239354005,
        "inverse_median_rank": 0.000564334085778781,
        "median_absolute_deviation": 788.7443802449802,
        "median_rank": 1772.0,
        "standard_deviation": 982.588363342912,
        "variance": 965479.8917769024,
        "z_arithmetic_mean_rank": -1994.771551724138,
        "z_hits_at_1": 0.0,
        "z_hits_at_10": 0.0,
        "z_hits_at_3": 0.0,
        "z_hits_at_5": 0.0,
        "z_inverse_harmonic_mean_rank": 0.000891358239354005
      },
      "realistic": {
        "adjusted_arithmetic_mean_rank": 0.9172744632048974,
        "adjusted_arithmetic_mean_rank_index": 0.0827635947940063,
        "adjusted_hits_at_1": -0.00023005774985504658,
        "adjusted_hits_at_10": -0.0023053507728533285,
        "adjusted_hits_at_3": -0.0006904909551560167,
        "adjusted_hits_at_5": -0.001151348255631193,
        "adjusted_inverse_harmonic_mean_rank": -0.0010376923641650837,
        "arithmetic_mean_rank": 1994.7694091796875,
        "count": 232.0,
        "geometric_mean_rank": 1696.2138671875,
        "harmonic_mean_rank": 1121.882417504738,
        "hits_at_1": 0.0,
        "hits_at_10": 0.0,
        "hits_at_3": 0.0,
        "hits_at_5": 0.0,
        "inverse_arithmetic_mean_rank": 0.0005013110931031406,
        "inverse_geometric_mean_rank": 0.0005895483191125095,
        "inverse_harmonic_mean_rank": 0.0008913590091055837,
        "inverse_median_rank": 0.0005643340991809964,
        "median_absolute_deviation": 788.7443802449802,
        "median_rank": 1772.0,
        "standard_deviation": 982.589111328125,
        "variance": 965481.375,
        "z_arithmetic_mean_rank": -1994.7694091796875,
        "z_hits_at_1": 0.0,
        "z_hits_at_10": 0.0,
        "z_hits_at_3": 0.0,
        "z_hits_at_5": 0.0,
        "z_inverse_harmonic_mean_rank": 0.0008913590091055837
      }
    },
    "head": {
      "optimistic": {
        "adjusted_arithmetic_mean_rank": 1.1142755796180397,
        "adjusted_arithmetic_mean_rank_index": -0.1143287321187334,
        "adjusted_hits_at_1": -0.00023257217403122084,
        "adjusted_hits_at_10": -0.0023306000347641494,
        "adjusted_hits_at_3": -0.0006980412120181476,
        "adjusted_hits_at_5": -0.0011639436737987652,
        "adjusted_inverse_harmonic_mean_rank": -0.0008377937131277295,
        "arithmetic_mean_rank": 2396.7586206896553,
        "count": 116.0,
        "geometric_mean_rank": 1868.0455072123675,
        "harmonic_mean_rank": 901.2317969302965,
        "hits_at_1": 0.0,
        "hits_at_10": 0.0,
        "hits_at_3": 0.0,
        "hits_at_5": 0.0,
        "inverse_arithmetic_mean_rank": 0.0004172301671798118,
        "inverse_geometric_mean_rank": 0.0005353188646310187,
        "inverse_harmonic_mean_rank": 0.0011095924526921042,
        "inverse_median_rank": 0.00038550501156515033,
        "median_absolute_deviation": 1490.7565307073828,
        "median_rank": 2594.0,
        "standard_deviation": 1201.4403182379692,
        "variance": 1443458.8382877526,
        "z_arithmetic_mean_rank": -2396.7586206896553,
        "z_hits_at_1": 0.0,
        "z_hits_at_10": 0.0,
        "z_hits_at_3": 0.0,
        "z_hits_at_5": 0.0,
        "z_inverse_harmonic_mean_rank": 0.0011095924526921042
      },
      "pessimistic": {
        "adjusted_arithmetic_mean_rank": 1.1142755796180397,
        "adjusted_arithmetic_mean_rank_index": -0.1143287321187334,
        "adjusted_hits_at_1": -0.00023257217403122084,
        "adjusted_hits_at_10": -0.0023306000347641494,
        "adjusted_hits_at_3": -0.0006980412120181476,
        "adjusted_hits_at_5": -0.0011639436737987652,
        "adjusted_inverse_harmonic_mean_rank": -0.0008377937131277295,
        "arithmetic_mean_rank": 2396.7586206896553,
        "count": 116.0,
        "geometric_mean_rank": 1868.0455072123675,
        "harmonic_mean_rank": 901.2317969302965,
        "hits_at_1": 0.0,
        "hits_at_10": 0.0,
        "hits_at_3": 0.0,
        "hits_at_5": 0.0,
        "inverse_arithmetic_mean_rank": 0.0004172301671798118,
        "inverse_geometric_mean_rank": 0.0005353188646310187,
        "inverse_harmonic_mean_rank": 0.0011095924526921042,
        "inverse_median_rank": 0.00038550501156515033,
        "median_absolute_deviation": 1490.7565307073828,
        "median_rank": 2594.0,
        "standard_deviation": 1201.4403182379692,
        "variance": 1443458.8382877526,
        "z_arithmetic_mean_rank": -2396.7586206896553,
        "z_hits_at_1": 0.0,
        "z_hits_at_10": 0.0,
        "z_hits_at_3": 0.0,
        "z_hits_at_5": 0.0,
        "z_inverse_harmonic_mean_rank": 0.0011095924526921042
      },
      "realistic": {
        "adjusted_arithmetic_mean_rank": 1.1142755443928876,
        "adjusted_arithmetic_mean_rank_index": -0.11432869687719704,
        "adjusted_hits_at_1": -0.00023257217403122084,
        "adjusted_hits_at_10": -0.0023306000347641494,
        "adjusted_hits_at_3": -0.0006980412120181476,