{
  "losses": [
    0.0039337010083536446,
    0.00390908991239141,
    0.0038334785576749106,
    0.0036552952977865747,
    0.003391423727478888,
    0.003151832536954608,
    0.002986904557772727,
    0.002904325117707912,
    0.002808904494454754,
    0.002772734615136986,
    0.0026949005050346396,
    0.0026297781413558738,
    0.0025842049727240577,
    0.0025450622278105042,
    0.0025344487428903563,
    0.0025053921917837212,
    0.00247218402478943,
    0.0024321256387345785,
    0.002424675002510361,
    0.002400136269709959,
    0.0024146913655654057,
    0.0023667189123058197,
    0.0023497629265778544,
    0.0023564620420429105,
    0.0023091411234561496,
    0.002352025685934343,
    0.0023083772057573377,
    0.002285662062779545,
    0.002282736798253316,
    0.0022680283697372548
  ],
  "metrics": {
    "both": {
      "optimistic": {
        "adjusted_arithmetic_mean_rank": 1.1093101190189052,
        "adjusted_arithmetic_mean_rank_index": -0.10936040729204244,
        "adjusted_hits_at_1": -0.00023005774985504658,
        "adjusted_hits_at_10": 0.006335212595878165,
        "adjusted_hits_at_3": -0.0006904909551560167,
        "adjusted_hits_at_5": -0.001151348255631193,
        "adjusted_inverse_harmonic_mean_rank": 0.0002936796197856232,
        "arithmetic_mean_rank": 2412.3836206896553,
        "count": 232.0,
        "geometric_mean_rank": 1757.846253042448,
        "harmonic_mean_rank": 450.4168983622263,
        "hits_at_1": 0.0,
        "hits_at_10": 0.008620689655172414,
        "hits_at_3": 0.0,
        "hits_at_5": 0.0,
        "inverse_arithmetic_mean_rank": 0.00041452776889362177,
        "inverse_geometric_mean_rank": 0.0005688779654473298,
        "inverse_harmonic_mean_rank": 0.0022201653704293257,
        "inverse_median_rank": 0.00038022813688212925,
        "median_absolute_deviation": 1406.9895053618163,
        "median_rank": 2630.0,
        "standard_deviation": 1256.0495214158395,
        "variance": 1577660.4002489597,
        "z_arithmetic_mean_rank": -2412.3836206896553,
        "z_hits_at_1": 0.0,
        "z_hits_at_10": 0.008620689655172414,
        "z_hits_at_3": 0.0,
        "z_hits_at_5": 0.0,
        "z_inverse_harmonic_mean_rank": 0.0022201653704293257
      },
      "pessimistic": {
        "adjusted_arithmetic_mean_rank": 1.1093101190189052,
        "adjusted_arithmetic_mean_rank_index": -0.10936040729204244,
        "adjusted_hits_at_1": -0.00023005774985504658,
        "adjusted_hits_at_10": 0.006335212595878165,
        "adjusted_hits_at_3": -0.0006904909551560167,
        "adjusted_hits_at_5": -0.001151348255631193,
        "adjusted_inverse_harmonic_mean_rank": 0.0002936796197856232,
        "arithmetic_mean_rank": 2412.3836206896553,
        "count": 232.0,
        "geometric_mean_rank": 1757.846253042448,
        "harmonic_mean_rank": 450.4168983622263,
        "hits_at_1": 0.0,
        "hits_at_10": 0.008620689655172414,
        "hits_at_3": 0.0,
        "hits_at_5": 0.0,
        "inverse_arithmetic_mean_rank": 0.00041452776889362177,
        "inverse_geometric_mean_rank": 0.0005688779654473298,
        "inverse_harmonic_mean_rank": 0.0022201653704293257,
        "inverse_median_rank": 0.00038022813688212925,
        "median_absolute_deviation": 1406.9895053618163,
        "median_rank": 2630.0,
        "standard_deviation": 1256.0495214158395,
        "variance": 1577660.4002489597,
        "z_arithmetic_mean_rank": -2412.3836206896553,
        "z_hits_at_1": 0.0,
        "z_hits_at_10": 0.008620689655172414,
        "z_hits_at_3": 0.0,
        "z_hits_at_5": 0.0,
        "z_inverse_harmonic_mean_rank": 0.0022201653704293257
      },
      "realistic": {
        "adjusted_arithmetic_mean_rank": 1.1093100841778605,
        "adjusted_arithmetic_mean_rank_index": -0.10936037243496921,
        "adjusted_hits_at_1": -0.00023005774985504658,
        "adjusted_hits_at_10": 0.006335212595878165,
        "adjusted_hits_at_3": -0.0006904909551560167,
        "adjusted_hits_at_5": -0.001151348255631193,
        "adjusted_inverse_harmonic_mean_rank": 0.00029367961919466275,
        "arithmetic_mean_rank": 2412.383544921875,
        "count": 232.0,
        "geometric_mean_rank": 1757.8463134765625,
        "harmonic_mean_rank": 450.41689848188656,
        "hits_at_1": 0.0,
        "hits_at_10": 0.008620689655172414,
        "hits_at_3": 0.0,
        "hits_at_5": 0.0,
        "inverse_arithmetic_mean_rank": 0.0004145277780480683,
        "inverse_geometric_mean_rank": 0.0005688779638148844,
        "inverse_harmonic_mean_rank": 0.002220165369839504,
        "inverse_median_rank": 0.0003802281280513853,
        "median_absolute_deviation": 1406.9895053618163,
        "median_rank": 2630.0,
        "standard_deviation": 1256.049560546875,
        "variance": 1577660.375,
        "z_arithmetic_mean_rank": -2412.383544921875,
        "z_hits_at_1": 0.0,
        "z_hits_at_10": 0.008620689655172414,
        "z_hits_at_3": 0.0,
        "z_hits_at_5": 0.0,
        "z_inverse_harmonic_mean_rank": 0.002220165369839504
      }
    },
    "head": {
      "optimistic": {
        "adjusted_arithmetic_mean_rank": 0.8265086929746029,
        "adjusted_arithmetic_mean_rank_index": 0.17357200227846714,
        "adjusted_hits_at_1": -0.00023257217403122084,
        "adjusted_hits_at_10": 0.014950962034800749,
        "adjusted_hits_at_3": -0.0006980412120181476,
        "adjusted_hits_at_5": -0.0011639436737987652,
        "adjusted_inverse_harmonic_mean_rank": 0.0019503790626587013,
        "arithmetic_mean_rank": 1777.7844827586207,
        "count": 116.0,
        "geometric_mean_rank": 1144.0099147617,
        "harmonic_mean_rank": 256.9148553345293,
        "hits_at_1": 0.0,
        "hits_at_10": 0.017241379310344827,
        "hits_at_3": 0.0,
        "hits_at_5": 0.0,
        "inverse_arithmetic_mean_rank": 0.0005624978785101565,
        "inverse_geometric_mean_rank": 0.0008741182983613411,
        "inverse_harmonic_mean_rank": 0.003892340124505055,
        "inverse_median_rank": 0.0005489980785067252,
        "median_absolute_deviation": 1495.9456384721523,
        "median_rank": 1821.5,
        "standard_deviation": 1158.5302505689497,
        "variance": 1342192.3414833532,
        "z_arithmetic_mean_rank": -1777.7844827586207,
        "z_hits_at_1": 0.0,
        "z_hits_at_10": 0.017241379310344827,
        "z_hits_at_3": 0.0,
        "z_hits_at_5": 0.0,
        "z_inverse_harmonic_mean_rank": 0.003892340124505055
      },
      "pessimistic": {
        "adjusted_arithmetic_mean_rank": 0.8265086929746029,
        "adjusted_arithmetic_mean_rank_index": 0.17357200227846714,
        "adjusted_hits_at_1": -0.00023257217403122084,
        "adjusted_hits_at_10": 0.014950962034800749,
        "adjusted_hits_at_3": -0.0006980412120181476,
        "adjusted_hits_at_5": -0.0011639436737987652,
        "adjusted_inverse_harmonic_mean_rank": 0.0019503790626587013,
        "arithmetic_mean_rank": 1777.7844827586207,
        "count": 116.0,
        "geometric_mean_rank": 1144.0099147617,
        "harmonic_mean_rank": 256.9148553345293,
        "hits_at_1": 0.0,
        "hits_at_10": 0.017241379310344827,
        "hits_at_3": 0.0,
        "hits_at_5": 0.0,
        "inverse_arithmetic_mean_rank": 0.0005624978785101565,
        "inverse_geometric_mean_rank": 0.0008741182983613411,
        "inverse_harmonic_mean_rank": 0.003892340124505055,
        "inverse_median_rank": 0.0005489980785067252,
        "median_absolute_deviation": 1495.9456384721523,
        "median_rank": 1821.5,
        "standard_deviation": 1158.5302505689497,
        "variance": 1342192.3414833532,
        "z_arithmetic_mean_rank": -1777.7844827586207,
        "z_hits_at_1": 0.0,
        "z_hits_at_10": 0.017241379310344827,
        "z_hits_at_3": 0.0,
        "z_hits_at_5": 0.0,
        "z_inverse_harmonic_mean_rank": 0.003892340124505055
      },
      "realistic": {
        "adjusted_arithmetic_mean_rank": 0.8265086655772623,