{
  "losses": [
    0.0036313700414581417,
    0.0027431695764735912,
    0.0023669227441601936,
    0.00213221413860421,
    0.0019167639549852358,
    0.00173422629219546,
    0.0015772915566501097,
    0.0014484902313908685,
    0.001339675054249437,
    0.0012028907772345927,
    0.0010972389610594535,
    0.0010235606995729588,
    0.00094057646499873,
    0.0008702209685755153,
    0.0007810767926937714,
    0.0007528834932217088,
    0.0007002402731369981,
    0.000661970435240981,
    0.0006118368530882374,
    0.0005776671382269438,
    0.0005603536207678375,
    0.000521486505357108,
    0.0005148700388229997,
    0.0004728562983143266,
    0.00044588589578872345,
    0.00043208372328311704,
    0.0004100987591102076,
    0.000401361343279121,
    0.0003944044012340047,
    0.0003665788864940055
  ],
  "metrics": {
    "both": {
      "optimistic": {
        "adjusted_arithmetic_mean_rank": 1.0161311042567867,
        "adjusted_arithmetic_mean_rank_index": -0.016137901265686816,
        "adjusted_hits_at_1": -0.00021070542960217688,
        "adjusted_hits_at_10": 0.0065278308298622936,
        "adjusted_hits_at_3": -0.0006323827817779457,
        "adjusted_hits_at_5": -0.0010544158325748122,
        "adjusted_inverse_harmonic_mean_rank": -7.556393805710482e-05,
        "arithmetic_mean_rank": 2412.564655172414,
        "count": 232.0,
        "geometric_mean_rank": 1812.3364595001844,
        "harmonic_mean_rank": 585.4599259165439,
        "hits_at_1": 0.0,
        "hits_at_10": 0.008620689655172414,
        "hits_at_3": 0.0,
        "hits_at_5": 0.0,
        "inverse_arithmetic_mean_rank": 0.0004144966634805213,
        "inverse_geometric_mean_rank": 0.0005517739240735604,
        "inverse_harmonic_mean_rank": 0.0017080588367077204,
        "inverse_median_rank": 0.0004137360364087712,
        "median_absolute_deviation": 1774.6748555512056,
        "median_rank": 2417.0,
        "standard_deviation": 1373.3214127494919,
        "variance": 1886011.7027162604,
        "z_arithmetic_mean_rank": -2412.564655172414,
        "z_hits_at_1": 0.0,
        "z_hits_at_10": 0.008620689655172414,
        "z_hits_at_3": 0.0,
        "z_hits_at_5": 0.0,
        "z_inverse_harmonic_mean_rank": 0.0017080588367077204
      },
      "pessimistic": {
        "adjusted_arithmetic_mean_rank": 1.0161311042567867,
        "adjusted_arithmetic_mean_rank_index": -0.016137901265686816,
        "adjusted_hits_at_1": -0.00021070542960217688,
        "adjusted_hits_at_10": 0.0065278308298622936,
        "adjusted_hits_at_3": -0.0006323827817779457,
        "adjusted_hits_at_5": -0.0010544158325748122,
        "adjusted_inverse_harmonic_mean_rank": -7.556393805710482e-05,
        "arithmetic_mean_rank": 2412.564655172414,
        "count": 232.0,
        "geometric_mean_rank": 1812.3364595001844,
        "harmonic_mean_rank": 585.4599259165439,
        "hits_at_1": 0.0,
        "hits_at_10": 0.008620689655172414,
        "hits_at_3": 0.0,
        "hits_at_5": 0.0,
        "inverse_arithmetic_mean_rank": 0.0004144966634805213,
        "inverse_geometric_mean_rank": 0.0005517739240735604,
        "inverse_harmonic_mean_rank": 0.0017080588367077204,
        "inverse_median_rank": 0.0004137360364087712,
        "median_absolute_deviation": 1774.6748555512056,
        "median_rank": 2417.0,
        "standard_deviation": 1373.3214127494919,
        "variance": 1886011.7027162604,
        "z_arithmetic_mean_rank": -2412.564655172414,
        "z_hits_at_1": 0.0,
        "z_hits_at_10": 0.008620689655172414,
        "z_hits_at_3": 0.0,
        "z_hits_at_5": 0.0,
        "z_inverse_harmonic_mean_rank": 0.0017080588367077204
      },
      "realistic": {
        "adjusted_arithmetic_mean_rank": 1.0161311219857296,
        "adjusted_arithmetic_mean_rank_index": -0.016137919002100043,
        "adjusted_hits_at_1": -0.00021070542960217688,
        "adjusted_hits_at_10": 0.0065278308298622936,
        "adjusted_hits_at_3": -0.0006323827817779457,
        "adjusted_hits_at_5": -0.0010544158325748122,
        "adjusted_inverse_harmonic_mean_rank": -7.556394172310188e-05,
        "arithmetic_mean_rank": 2412.564697265625,
        "count": 232.0,
        "geometric_mean_rank": 1812.336669921875,
        "harmonic_mean_rank": 585.4599271708721,
        "hits_at_1": 0.0,
        "hits_at_10": 0.008620689655172414,
        "hits_at_3": 0.0,
        "hits_at_5": 0.0,
        "inverse_arithmetic_mean_rank": 0.00041449666605331004,
        "inverse_geometric_mean_rank": 0.0005517738754861057,
        "inverse_harmonic_mean_rank": 0.0017080588330482616,
        "inverse_median_rank": 0.0004137360374443233,
        "median_absolute_deviation": 1774.6748555512056,
        "median_rank": 2417.0,
        "standard_deviation": 1373.3214111328125,
        "variance": 1886011.625,
        "z_arithmetic_mean_rank": -2412.564697265625,
        "z_hits_at_1": 0.0,
        "z_hits_at_10": 0.008620689655172414,
        "z_hits_at_3": 0.0,
        "z_hits_at_5": 0.0,
        "z_inverse_harmonic_mean_rank": 0.0017080588330482616
      }
    },
    "head": {
      "optimistic": {
        "adjusted_arithmetic_mean_rank": 0.7479678348650214,
        "adjusted_arithmetic_mean_rank_index": 0.2521394522214039,
        "adjusted_hits_at_1": -0.00021285091937457584,
        "adjusted_hits_at_10": 0.015145553665235303,
        "adjusted_hits_at_3": -0.0006388247069761256,
        "adjusted_hits_at_5": -0.001065161479273462,
        "adjusted_inverse_harmonic_mean_rank": 0.0011177770336284441,
        "arithmetic_mean_rank": 1757.8275862068965,
        "count": 116.0,
        "geometric_mean_rank": 1233.2106951048888,
        "harmonic_mean_rank": 343.00650373775665,
        "hits_at_1": 0.0,
        "hits_at_10": 0.017241379310344827,
        "hits_at_3": 0.0,
        "hits_at_5": 0.0,
        "inverse_arithmetic_mean_rank": 0.000568884006512741,
        "inverse_geometric_mean_rank": 0.0008108914429378562,
        "inverse_harmonic_mean_rank": 0.0029153966152331134,
        "inverse_median_rank": 0.0006596306068601583,
        "median_absolute_deviation": 1317.2920711422273,
        "median_rank": 1516.0,
        "standard_deviation": 1156.9853534961098,
        "variance": 1338615.1082045184,
        "z_arithmetic_mean_rank": -1757.8275862068965,
        "z_hits_at_1": 0.0,
        "z_hits_at_10": 0.017241379310344827,
        "z_hits_at_3": 0.0,
        "z_hits_at_5": 0.0,
        "z_inverse_harmonic_mean_rank": 0.0029153966152331134
      },
      "pessimistic": {
        "adjusted_arithmetic_mean_rank": 0.7479678348650214,
        "adjusted_arithmetic_mean_rank_index": 0.2521394522214039,
        "adjusted_hits_at_1": -0.00021285091937457584,
        "adjusted_hits_at_10": 0.015145553665235303,
        "adjusted_hits_at_3": -0.0006388247069761256,
        "adjusted_hits_at_5": -0.001065161479273462,
        "adjusted_inverse_harmonic_mean_rank": 0.0011177770336284441,
        "arithmetic_mean_rank": 1757.8275862068965,
        "count": 116.0,
        "geometric_mean_rank": 1233.2106951048888,
        "harmonic_mean_rank": 343.00650373775665,
        "hits_at_1": 0.0,
        "hits_at_10": 0.017241379310344827,
        "hits_at_3": 0.0,
        "hits_at_5": 0.0,
        "inverse_arithmetic_mean_rank": 0.000568884006512741,
        "inverse_geometric_mean_rank": 0.0008108914429378562,
        "inverse_harmonic_mean_rank": 0.0029153966152331134,
        "inverse_median_rank": 0.0006596306068601583,
        "median_absolute_deviation": 1317.2920711422273,
        "median_rank": 1516.0,
        "standard_deviation": 1156.9853534961098,
        "variance": 1338615.1082045184,
        "z_arithmetic_mean_rank": -1757.8275862068965,
        "z_hits_at_1": 0.0,
        "z_hits_at_10": 0.017241379310344827,
        "z_hits_at_3": 0.0,
        "z_hits_at_5": 0.0,
        "z_inverse_harmonic_mean_rank": 0.0029153966152331134
      },
      "realistic": {
        "adjusted_arithmetic_mean_rank": 0.7479678563581654,