{
  "losses": [
    0.00391614074829393,
    0.0037314121812648438,
    0.003556867226312896,
    0.0033968478956464387,
    0.0032412899229140335,
    0.0030842290485589576,
    0.002942626569351657,
    0.002798323157063292,
    0.002657286561143649,
    0.002533620638658064,
    0.00240026257941611,
    0.0022700826566367685,
    0.0021669891331398475,
    0.0020497249132265176,
    0.0019460395979354213,
    0.0018416708650003607,
    0.0017376146516299565,
    0.001658884944071878,
    0.001567341020599732,
    0.0014872628732960122,
    0.001406171994570917,
    0.0013336048942108871,
    0.0012638825378133032,
    0.0011981834410816838,
    0.0011462035286707315,
    0.0010888049110045856,
    0.001031904769090276,
    0.0009764518673380744,
    0.0009290618653340797,
    0.0008740328042724464
  ],
  "metrics": {
    "both": {
      "optimistic": {
        "adjusted_arithmetic_mean_rank": 0.8726620279378139,
        "adjusted_arithmetic_mean_rank_index": 0.12739161808844757,
        "adjusted_hits_at_1": -0.00021066886899837758,
        "adjusted_hits_at_10": 0.01084763729450555,
        "adjusted_hits_at_3": 0.00799386727707329,
        "adjusted_hits_at_5": 0.011890434081375486,
        "adjusted_inverse_harmonic_mean_rank": 0.003533490295999085,
        "arithmetic_mean_rank": 2072.2844827586205,
        "count": 232.0,
        "geometric_mean_rank": 1370.680614912245,
        "harmonic_mean_rank": 188.30941522985404,
        "hits_at_1": 0.0,
        "hits_at_10": 0.01293103448275862,
        "hits_at_3": 0.008620689655172414,
        "hits_at_5": 0.01293103448275862,
        "inverse_arithmetic_mean_rank": 0.0004825592279052354,
        "inverse_geometric_mean_rank": 0.0007295645602050212,
        "inverse_harmonic_mean_rank": 0.005310408928727122,
        "inverse_median_rank": 0.0005353319057815846,
        "median_absolute_deviation": 1755.4010267106328,
        "median_rank": 1868.0,
        "standard_deviation": 1394.3850721426948,
        "variance": 1944309.7294143878,
        "z_arithmetic_mean_rank": -2072.2844827586205,
        "z_hits_at_1": 0.0,
        "z_hits_at_10": 0.01293103448275862,
        "z_hits_at_3": 0.008620689655172414,
        "z_hits_at_5": 0.01293103448275862,
        "z_inverse_harmonic_mean_rank": 0.005310408928727122
      },
      "pessimistic": {
        "adjusted_arithmetic_mean_rank": 0.8726656582060417,
        "adjusted_arithmetic_mean_rank_index": 0.12738798629082937,
        "adjusted_hits_at_1": -0.00021066886899837758,
        "adjusted_hits_at_10": 0.01084763729450555,
        "adjusted_hits_at_3": 0.00799386727707329,
        "adjusted_hits_at_5": 0.011890434081375486,
        "adjusted_inverse_harmonic_mean_rank": 0.003533488685078073,
        "arithmetic_mean_rank": 2072.293103448276,
        "count": 232.0,
        "geometric_mean_rank": 1370.6855200228722,
        "harmonic_mean_rank": 188.30947225196797,
        "hits_at_1": 0.0,
        "hits_at_10": 0.01293103448275862,
        "hits_at_3": 0.008620689655172414,
        "hits_at_5": 0.01293103448275862,
        "inverse_arithmetic_mean_rank": 0.0004825572204704101,
        "inverse_geometric_mean_rank": 0.0007295619493983662,
        "inverse_harmonic_mean_rank": 0.005310407320678736,
        "inverse_median_rank": 0.0005353319057815846,
        "median_absolute_deviation": 1755.4010267106328,
        "median_rank": 1868.0,
        "standard_deviation": 1394.3884923286782,
        "variance": 1944319.2675386444,
        "z_arithmetic_mean_rank": -2072.293103448276,
        "z_hits_at_1": 0.0,
        "z_hits_at_10": 0.01293103448275862,
        "z_hits_at_3": 0.008620689655172414,
        "z_hits_at_5": 0.01293103448275862,
        "z_inverse_harmonic_mean_rank": 0.005310407320678736
      },
      "realistic": {
        "adjusted_arithmetic_mean_rank": 0.8726638537074793,
        "adjusted_arithmetic_mean_rank_index": 0.1273897915496064,
        "adjusted_hits_at_1": -0.00021066886899837758,
        "adjusted_hits_at_10": 0.01084763729450555,
        "adjusted_hits_at_3": 0.00799386727707329,
        "adjusted_hits_at_5": 0.011890434081375486,
        "adjusted_inverse_harmonic_mean_rank": 0.0035334898806527923,
        "arithmetic_mean_rank": 2072.288818359375,
        "count": 232.0,
        "geometric_mean_rank": 1370.68310546875,
        "harmonic_mean_rank": 188.30942993195185,
        "hits_at_1": 0.0,
        "hits_at_10": 0.01293103448275862,
        "hits_at_3": 0.008620689655172414,
        "hits_at_5": 0.01293103448275862,
        "inverse_arithmetic_mean_rank": 0.00048255821457132697,
        "inverse_geometric_mean_rank": 0.0007295632385648787,
        "inverse_harmonic_mean_rank": 0.005310408514121483,
        "inverse_median_rank": 0.0005353318993002176,
        "median_absolute_deviation": 1755.4010267106328,
        "median_rank": 1868.0,
        "standard_deviation": 1394.3868408203125,
        "variance": 1944314.5,
        "z_arithmetic_mean_rank": -2072.288818359375,
        "z_hits_at_1": 0.0,
        "z_hits_at_10": 0.01293103448275862,
        "z_hits_at_3": 0.008620689655172414,
        "z_hits_at_5": 0.01293103448275862,
        "z_inverse_harmonic_mean_rank": 0.005310408514121483
      }
    },
    "head": {
      "optimistic": {
        "adjusted_arithmetic_mean_rank": 0.8665180759144947,
        "adjusted_arithmetic_mean_rank_index": 0.13353872594876415,
        "adjusted_hits_at_1": -0.00021277704780802407,
        "adjusted_hits_at_10": 0.0151462824334074,
        "adjusted_hits_at_3": 0.007987591949111292,
        "adjusted_hits_at_5": 0.016194946292540646,
        "adjusted_inverse_harmonic_mean_rank": 0.0041233623876683065,
        "arithmetic_mean_rank": 2037.146551724138,
        "count": 116.0,
        "geometric_mean_rank": 1319.3828814987494,
        "harmonic_mean_rank": 169.06106854955544,
        "hits_at_1": 0.0,
        "hits_at_10": 0.017241379310344827,
        "hits_at_3": 0.008620689655172414,
        "hits_at_5": 0.017241379310344827,
        "inverse_arithmetic_mean_rank": 0.0004908827001933909,
        "inverse_geometric_mean_rank": 0.0007579301005209744,
        "inverse_harmonic_mean_rank": 0.0059150223560007755,
        "inverse_median_rank": 0.0005499037668408029,
        "median_absolute_deviation": 1712.4055623739703,
        "median_rank": 1818.5,
        "standard_deviation": 1391.7241803029196,
        "variance": 1936896.1940398337,
        "z_arithmetic_mean_rank": -2037.146551724138,
        "z_hits_at_1": 0.0,
        "z_hits_at_10": 0.017241379310344827,
        "z_hits_at_3": 0.008620689655172414,
        "z_hits_at_5": 0.017241379310344827,
        "z_inverse_harmonic_mean_rank": 0.0059150223560007755
      },
      "pessimistic": {
        "adjusted_arithmetic_mean_rank": 0.8665180759144947,
        "adjusted_arithmetic_mean_rank_index": 0.13353872594876415,
        "adjusted_hits_at_1": -0.00021277704780802407,
        "adjusted_hits_at_10": 0.0151462824334074,
        "adjusted_hits_at_3": 0.007987591949111292,
        "adjusted_hits_at_5": 0.016194946292540646,
        "adjusted_inverse_harmonic_mean_rank": 0.0041233623876683065,
        "arithmetic_mean_rank": 2037.146551724138,
        "count": 116.0,
        "geometric_mean_rank": 1319.3828814987494,
        "harmonic_mean_rank": 169.06106854955544,
        "hits_at_1": 0.0,
        "hits_at_10": 0.017241379310344827,
        "hits_at_3": 0.008620689655172414,
        "hits_at_5": 0.017241379310344827,
        "inverse_arithmetic_mean_rank": 0.0004908827001933909,
        "inverse_geometric_mean_rank": 0.0007579301005209744,
        "inverse_harmonic_mean_rank": 0.0059150223560007755,
        "inverse_median_rank": 0.0005499037668408029,
        "median_absolute_deviation": 1712.4055623739703,
        "median_rank": 1818.5,
        "standard_deviation": 1391.7241803029196,
        "variance": 1936896.1940398337,
        "z_arithmetic_mean_rank": -2037.146551724138,
        "z_hits_at_1": 0.0,