{
  "losses": [
    0.023598299909532806,
    0.022048460007603903,
    0.02083501217564093,
    0.01934097407778202,
    0.01815800513913493,
    0.016923736170223337,
    0.015736619501652362,
    0.014768005855782303,
    0.014018220191367125,
    0.013334570547062812,
    0.012317930489458662,
    0.011702895315478114,
    0.011063756120100823,
    0.010393894089832996,
    0.00961518711220796,
    0.009305209463798605,
    0.00861870603603996,
    0.007960195207935946,
    0.007754927491769816,
    0.007227859078435196,
    0.007087271441285526,
    0.006427097508100087,
    0.006010212283811206,
    0.005921980451165926,
    0.005452443290476751,
    0.005212511235765994,
    0.004964117272425775,
    0.0047603819054147815,
    0.004447102495037979,
    0.004321093801959071
  ],
  "metrics": {
    "both": {
      "optimistic": {
        "adjusted_arithmetic_mean_rank": 0.9992954172981784,
        "adjusted_arithmetic_mean_rank_index": 0.0007049068460790453,
        "adjusted_hits_at_1": -0.00023005774985504658,
        "adjusted_hits_at_10": 0.0020149309115124183,
        "adjusted_hits_at_3": -0.0006904909551560167,
        "adjusted_hits_at_5": -0.001151348255631193,
        "adjusted_inverse_harmonic_mean_rank": 0.0008890722306679998,
        "arithmetic_mean_rank": 2173.137931034483,
        "count": 232.0,
        "geometric_mean_rank": 1447.3853179760797,
        "harmonic_mean_rank": 355.3141782880336,
        "hits_at_1": 0.0,
        "hits_at_10": 0.004310344827586207,
        "hits_at_3": 0.0,
        "hits_at_5": 0.0,
        "inverse_arithmetic_mean_rank": 0.00046016407229336253,
        "inverse_geometric_mean_rank": 0.0006909010251660758,
        "inverse_harmonic_mean_rank": 0.0028144106289768015,
        "inverse_median_rank": 0.0004038772213247173,
        "median_absolute_deviation": 1531.5280917162868,
        "median_rank": 2476.0,
        "standard_deviation": 1303.3811791707017,
        "variance": 1698802.498216409,
        "z_arithmetic_mean_rank": -2173.137931034483,
        "z_hits_at_1": 0.0,
        "z_hits_at_10": 0.004310344827586207,
        "z_hits_at_3": 0.0,
        "z_hits_at_5": 0.0,
        "z_inverse_harmonic_mean_rank": 0.0028144106289768015
      },
      "pessimistic": {
        "adjusted_arithmetic_mean_rank": 0.9992954172981784,
        "adjusted_arithmetic_mean_rank_index": 0.0007049068460790453,
        "adjusted_hits_at_1": -0.00023005774985504658,
        "adjusted_hits_at_10": 0.0020149309115124183,
        "adjusted_hits_at_3": -0.0006904909551560167,
        "adjusted_hits_at_5": -0.001151348255631193,
        "adjusted_inverse_harmonic_mean_rank": 0.0008890722306679998,
        "arithmetic_mean_rank": 2173.137931034483,
        "count": 232.0,
        "geometric_mean_rank": 1447.3853179760797,
        "harmonic_mean_rank": 355.3141782880336,
        "hits_at_1": 0.0,
        "hits_at_10": 0.004310344827586207,
        "hits_at_3": 0.0,
        "hits_at_5": 0.0,
        "inverse_arithmetic_mean_rank": 0.00046016407229336253,
        "inverse_geometric_mean_rank": 0.0006909010251660758,
        "inverse_harmonic_mean_rank": 0.0028144106289768015,
        "inverse_median_rank": 0.0004038772213247173,
        "median_absolute_deviation": 1531.5280917162868,
        "median_rank": 2476.0,
        "standard_deviation": 1303.3811791707017,
        "variance": 1698802.498216409,
        "z_arithmetic_mean_rank": -2173.137931034483,
        "z_hits_at_1": 0.0,
        "z_hits_at_10": 0.004310344827586207,
        "z_hits_at_3": 0.0,
        "z_hits_at_5": 0.0,
        "z_inverse_harmonic_mean_rank": 0.0028144106289768015
      },
      "realistic": {
        "adjusted_arithmetic_mean_rank": 0.9992954211694055,
        "adjusted_arithmetic_mean_rank_index": 0.0007049029730709089,
        "adjusted_hits_at_1": -0.00023005774985504658,
        "adjusted_hits_at_10": 0.0020149309115124183,
        "adjusted_hits_at_3": -0.0006904909551560167,
        "adjusted_hits_at_5": -0.001151348255631193,
        "adjusted_inverse_harmonic_mean_rank": 0.0008890721770929171,
        "arithmetic_mean_rank": 2173.137939453125,
        "count": 232.0,
        "geometric_mean_rank": 1447.3861083984375,
        "harmonic_mean_rank": 355.3141850387555,
        "hits_at_1": 0.0,
        "hits_at_10": 0.004310344827586207,
        "hits_at_3": 0.0,
        "hits_at_5": 0.0,
        "inverse_arithmetic_mean_rank": 0.00046016406849958,
        "inverse_geometric_mean_rank": 0.0006909006624482572,
        "inverse_harmonic_mean_rank": 0.002814410575504961,
        "inverse_median_rank": 0.0004038772312924266,
        "median_absolute_deviation": 1531.5280917162868,
        "median_rank": 2476.0,
        "standard_deviation": 1303.3812255859375,
        "variance": 1698802.5,
        "z_arithmetic_mean_rank": -2173.137939453125,
        "z_hits_at_1": 0.0,
        "z_hits_at_10": 0.004310344827586207,
        "z_hits_at_3": 0.0,
        "z_hits_at_5": 0.0,
        "z_inverse_harmonic_mean_rank": 0.002814410575504961
      }
    },
    "head": {
      "optimistic": {
        "adjusted_arithmetic_mean_rank": 0.9989980909963607,
        "adjusted_arithmetic_mean_rank_index": 0.0010023750171933576,
        "adjusted_hits_at_1": -0.00023257217403122084,
        "adjusted_hits_at_10": -0.0023306000347641494,
        "adjusted_hits_at_3": -0.0006980412120181476,
        "adjusted_hits_at_5": -0.0011639436737987652,
        "adjusted_inverse_harmonic_mean_rank": 0.00034424068714752714,
        "arithmetic_mean_rank": 2148.801724137931,
        "count": 116.0,
        "geometric_mean_rank": 1471.331779772971,
        "harmonic_mean_rank": 436.8096137541742,
        "hits_at_1": 0.0,
        "hits_at_10": 0.0,
        "hits_at_3": 0.0,
        "hits_at_5": 0.0,
        "inverse_arithmetic_mean_rank": 0.0004653756504226493,
        "inverse_geometric_mean_rank": 0.0006796563587814991,
        "inverse_harmonic_mean_rank": 0.0022893269024128566,
        "inverse_median_rank": 0.0004109307581672488,
        "median_absolute_deviation": 1464.069690774282,
        "median_rank": 2433.5,
        "standard_deviation": 1266.6269571652567,
        "variance": 1604343.848617717,
        "z_arithmetic_mean_rank": -2148.801724137931,
        "z_hits_at_1": 0.0,
        "z_hits_at_10": 0.0,
        "z_hits_at_3": 0.0,
        "z_hits_at_5": 0.0,
        "z_inverse_harmonic_mean_rank": 0.0022893269024128566
      },
      "pessimistic": {
        "adjusted_arithmetic_mean_rank": 0.9989980909963607,
        "adjusted_arithmetic_mean_rank_index": 0.0010023750171933576,
        "adjusted_hits_at_1": -0.00023257217403122084,
        "adjusted_hits_at_10": -0.0023306000347641494,
        "adjusted_hits_at_3": -0.0006980412120181476,
        "adjusted_hits_at_5": -0.0011639436737987652,
        "adjusted_inverse_harmonic_mean_rank": 0.00034424068714752714,
        "arithmetic_mean_rank": 2148.801724137931,
        "count": 116.0,
        "geometric_mean_rank": 1471.331779772971,
        "harmonic_mean_rank": 436.8096137541742,
        "hits_at_1": 0.0,
        "hits_at_10": 0.0,
        "hits_at_3": 0.0,
        "hits_at_5": 0.0,
        "inverse_arithmetic_mean_rank": 0.0004653756504226493,
        "inverse_geometric_mean_rank": 0.0006796563587814991,
        "inverse_harmonic_mean_rank": 0.0022893269024128566,
        "inverse_median_rank": 0.0004109307581672488,
        "median_absolute_deviation": 1464.069690774282,
        "median_rank": 2433.5,
        "standard_deviation": 1266.6269571652567,
        "variance": 1604343.848617717,
        "z_arithmetic_mean_rank": -2148.801724137931,
        "z_hits_at_1": 0.0,
        "z_hits_at_10": 0.0,
        "z_hits_at_3": 0.0,
        "z_hits_at_5": 0.0,
        "z_inverse_harmonic_mean_rank": 0.0022893269024128566
      },
      "realistic": {
        "adjusted_arithmetic_mean_rank": 0.9989981066519839,
        "adjusted_arithmetic_mean_rank_index": 0.0010023593542883846,