{
  "losses": [
    0.023876569908890737,
    0.022121981823058755,
    0.020480394693722415,
    0.019157503392421928,
    0.01787511708255159,
    0.016805306966531264,
    0.015557750823461725,
    0.014747276097045995,
    0.01377209302395426,
    0.012814134368335804,
    0.012088036021585386,
    0.011718218229339895,
    0.01071220117551391,
    0.010048735752844479,
    0.009597710016068045,
    0.009031471656924321,
    0.008506212907486325,
    0.007956019346056685,
    0.007280472251106678,
    0.006903960197691845,
    0.006642705725945663,
    0.006211041657366413,
    0.005886983156247309,
    0.005620713855378506,
    0.005418306050203801,
    0.004994311642771736,
    0.004721601367262456,
    0.0046570572420226745,
    0.004266663704512457,
    0.003948169873784905
  ],
  "metrics": {
    "both": {
      "optimistic": {
        "adjusted_arithmetic_mean_rank": 1.0489436219163506,
        "adjusted_arithmetic_mean_rank_index": -0.04896425218366618,
        "adjusted_hits_at_1": -0.00021078182213830787,
        "adjusted_hits_at_10": 0.006527070608988633,
        "adjusted_hits_at_3": -0.0006326121526994293,
        "adjusted_hits_at_5": 0.0032600929325461198,
        "adjusted_inverse_harmonic_mean_rank": 0.0007863176732243077,
        "arithmetic_mean_rank": 2489.581896551724,
        "count": 232.0,
        "geometric_mean_rank": 1777.3326042356437,
        "harmonic_mean_rank": 389.26192543239307,
        "hits_at_1": 0.0,
        "hits_at_10": 0.008620689655172414,
        "hits_at_3": 0.0,
        "hits_at_5": 0.004310344827586207,
        "inverse_arithmetic_mean_rank": 0.0004016738719803041,
        "inverse_geometric_mean_rank": 0.0005626408909715907,
        "inverse_harmonic_mean_rank": 0.0025689643262417653,
        "inverse_median_rank": 0.0003694126339120798,
        "median_absolute_deviation": 1837.6854498376936,
        "median_rank": 2707.0,
        "standard_deviation": 1420.574726523664,
        "variance": 2018032.5536377826,
        "z_arithmetic_mean_rank": -2489.581896551724,
        "z_hits_at_1": 0.0,
        "z_hits_at_10": 0.008620689655172414,
        "z_hits_at_3": 0.0,
        "z_hits_at_5": 0.004310344827586207,
        "z_inverse_harmonic_mean_rank": 0.0025689643262417653
      },
      "pessimistic": {
        "adjusted_arithmetic_mean_rank": 1.0489454380079286,
        "adjusted_arithmetic_mean_rank_index": -0.04896606904074652,
        "adjusted_hits_at_1": -0.00021078182213830787,
        "adjusted_hits_at_10": 0.006527070608988633,
        "adjusted_hits_at_3": -0.0006326121526994293,
        "adjusted_hits_at_5": 0.0032600929325461198,
        "adjusted_inverse_harmonic_mean_rank": 0.0007863162478153276,
        "arithmetic_mean_rank": 2489.5862068965516,
        "count": 232.0,
        "geometric_mean_rank": 1777.3370058019143,
        "harmonic_mean_rank": 389.26214103206183,
        "hits_at_1": 0.0,
        "hits_at_10": 0.008620689655172414,
        "hits_at_3": 0.0,
        "hits_at_5": 0.004310344827586207,
        "inverse_arithmetic_mean_rank": 0.0004016731765422865,
        "inverse_geometric_mean_rank": 0.0005626394975942175,
        "inverse_harmonic_mean_rank": 0.0025689629033757854,
        "inverse_median_rank": 0.0003694126339120798,
        "median_absolute_deviation": 1837.6854498376936,
        "median_rank": 2707.0,
        "standard_deviation": 1420.5724536315095,
        "variance": 2018026.096016647,
        "z_arithmetic_mean_rank": -2489.5862068965516,
        "z_hits_at_1": 0.0,
        "z_hits_at_10": 0.008620689655172414,
        "z_hits_at_3": 0.0,
        "z_hits_at_5": 0.004310344827586207,
        "z_inverse_harmonic_mean_rank": 0.0025689629033757854
      },
      "realistic": {
        "adjusted_arithmetic_mean_rank": 1.0489445015857086,
        "adjusted_arithmetic_mean_rank_index": -0.04896513222381449,
        "adjusted_hits_at_1": -0.00021078182213830787,
        "adjusted_hits_at_10": 0.006527070608988633,
        "adjusted_hits_at_3": -0.0006326121526994293,
        "adjusted_hits_at_5": 0.0032600929325461198,
        "adjusted_inverse_harmonic_mean_rank": 0.0007863168752937705,
        "arithmetic_mean_rank": 2489.583984375,
        "count": 232.0,
        "geometric_mean_rank": 1777.3345947265625,
        "harmonic_mean_rank": 389.2620461230299,
        "hits_at_1": 0.0,
        "hits_at_10": 0.008620689655172414,
        "hits_at_3": 0.0,
        "hits_at_5": 0.004310344827586207,
        "inverse_arithmetic_mean_rank": 0.0004016735474579036,
        "inverse_geometric_mean_rank": 0.0005626402562484145,
        "inverse_harmonic_mean_rank": 0.0025689635297347756,
        "inverse_median_rank": 0.0003694126207847148,
        "median_absolute_deviation": 1837.6854498376936,
        "median_rank": 2707.0,
        "standard_deviation": 1420.5736083984375,
        "variance": 2018029.25,
        "z_arithmetic_mean_rank": -2489.583984375,
        "z_hits_at_1": 0.0,
        "z_hits_at_10": 0.008620689655172414,
        "z_hits_at_3": 0.0,
        "z_hits_at_5": 0.004310344827586207,
        "z_inverse_harmonic_mean_rank": 0.0025689635297347756
      }
    },
    "head": {
      "optimistic": {
        "adjusted_arithmetic_mean_rank": 1.0475956394250439,
        "adjusted_arithmetic_mean_rank_index": -0.047615914904847845,
        "adjusted_hits_at_1": -0.00021300333008983274,
        "adjusted_hits_at_10": 0.00650496279852207,
        "adjusted_hits_at_3": -0.0006392823287993019,
        "adjusted_hits_at_5": -0.001065924832605045,
        "adjusted_inverse_harmonic_mean_rank": 0.0004991475995280021,
        "arithmetic_mean_rank": 2460.2241379310344,
        "count": 116.0,
        "geometric_mean_rank": 1750.0298473628532,
        "harmonic_mean_rank": 434.967552088067,
        "hits_at_1": 0.0,
        "hits_at_10": 0.008620689655172414,
        "hits_at_3": 0.0,
        "hits_at_5": 0.0,
        "inverse_arithmetic_mean_rank": 0.0004064670306181803,
        "inverse_geometric_mean_rank": 0.0005714188255171278,
        "inverse_harmonic_mean_rank": 0.002299022065437957,
        "inverse_median_rank": 0.00037057624606262737,
        "median_absolute_deviation": 1793.2073832825256,
        "median_rank": 2698.5,
        "standard_deviation": 1409.786918884815,
        "variance": 1987499.1566587398,
        "z_arithmetic_mean_rank": -2460.2241379310344,
        "z_hits_at_1": 0.0,
        "z_hits_at_10": 0.008620689655172414,
        "z_hits_at_3": 0.0,
        "z_hits_at_5": 0.0,
        "z_inverse_harmonic_mean_rank": 0.002299022065437957
      },
      "pessimistic": {
        "adjusted_arithmetic_mean_rank": 1.047599310227534,
        "adjusted_arithmetic_mean_rank_index": -0.0476195872710794,
        "adjusted_hits_at_1": -0.00021300333008983274,
        "adjusted_hits_at_10": 0.00650496279852207,
        "adjusted_hits_at_3": -0.0006392823287993019,
        "adjusted_hits_at_5": -0.001065924832605045,
        "adjusted_inverse_harmonic_mean_rank": 0.0004991447486622788,
        "arithmetic_mean_rank": 2460.2327586206898,
        "count": 116.0,
        "geometric_mean_rank": 1750.0385152755089,
        "harmonic_mean_rank": 434.9680904920325,
        "hits_at_1": 0.0,
        "hits_at_10": 0.008620689655172414,
        "hits_at_3": 0.0,
        "hits_at_5": 0.0,
        "inverse_arithmetic_mean_rank": 0.0004064656063520763,
        "inverse_geometric_mean_rank": 0.0005714159952888636,
        "inverse_harmonic_mean_rank": 0.0022990192197059967,
        "inverse_median_rank": 0.00037057624606262737,
        "median_absolute_deviation": 1793.2073832825256,
        "median_rank": 2698.5,
        "standard_deviation": 1409.7825178188168,
        "variance": 1987486.7475475622,
        "z_arithmetic_mean_rank": -2460.2327586206898,
        "z_hits_at_1": 0.0,
        "z_hits_at_10": 0.008620689655172414,
        "z_hits_at_3": 0.0,
        "z_hits_at_5": 0.0,
        "z_inverse_harmonic_mean_rank": 0.0022990192197059967
      },