{
  "losses": [
    0.004509486052904294,
    0.004254294370748259,
    0.004099816344164346,
    0.0039490646230769975,
    0.0038066961059458424,
    0.00372882785657892,
    0.0036236044605782282,
    0.0035425840787160923,
    0.003427594616034692,
    0.00333060585938329,
    0.0032773071762307723,
    0.0031968383509018814,
    0.0031318537641084956,
    0.0030635991944256533,
    0.0029963750011499273,
    0.0029377522098883798,
    0.0029106215074629588,
    0.002854095638676426,
    0.002834764816516098,
    0.002784283039895831,
    0.0027474178273585166,
    0.002718603755623394,
    0.0026498798743604573,
    0.002617928033891928,
    0.0026253966218383698,
    0.0025518410691069996,
    0.0025550789908086228,
    0.00255419978157106,
    0.0025196265207990854,
    0.0024810368581959646
  ],
  "metrics": {
    "both": {
      "optimistic": {
        "adjusted_arithmetic_mean_rank": 1.2017281088055964,
        "adjusted_arithmetic_mean_rank_index": -0.20182096758739476,
        "adjusted_hits_at_1": -0.00023019265019276925,
        "adjusted_hits_at_10": -0.002306705381552634,
        "adjusted_hits_at_3": -0.000690896028954133,
        "adjusted_hits_at_5": -0.0011520240007951612,
        "adjusted_inverse_harmonic_mean_rank": -0.0005960211304216929,
        "arithmetic_mean_rank": 2611.8577586206898,
        "count": 232.0,
        "geometric_mean_rank": 2080.1862896210123,
        "harmonic_mean_rank": 750.0988169703155,
        "hits_at_1": 0.0,
        "hits_at_10": 0.0,
        "hits_at_3": 0.0,
        "hits_at_5": 0.0,
        "inverse_arithmetic_mean_rank": 0.00038286924190239805,
        "inverse_geometric_mean_rank": 0.00048072617581870004,
        "inverse_harmonic_mean_rank": 0.0013331576818625672,
        "inverse_median_rank": 0.0003658313517468447,
        "median_absolute_deviation": 1499.6521440184163,
        "median_rank": 2733.5,
        "standard_deviation": 1225.7064400504646,
        "variance": 1502356.2771811832,
        "z_arithmetic_mean_rank": -2611.8577586206898,
        "z_hits_at_1": 0.0,
        "z_hits_at_10": 0.0,
        "z_hits_at_3": 0.0,
        "z_hits_at_5": 0.0,
        "z_inverse_harmonic_mean_rank": 0.0013331576818625672
      },
      "pessimistic": {
        "adjusted_arithmetic_mean_rank": 1.2017281088055964,
        "adjusted_arithmetic_mean_rank_index": -0.20182096758739476,
        "adjusted_hits_at_1": -0.00023019265019276925,
        "adjusted_hits_at_10": -0.002306705381552634,
        "adjusted_hits_at_3": -0.000690896028954133,
        "adjusted_hits_at_5": -0.0011520240007951612,
        "adjusted_inverse_harmonic_mean_rank": -0.0005960211304216929,
        "arithmetic_mean_rank": 2611.8577586206898,
        "count": 232.0,
        "geometric_mean_rank": 2080.1862896210123,
        "harmonic_mean_rank": 750.0988169703155,
        "hits_at_1": 0.0,
        "hits_at_10": 0.0,
        "hits_at_3": 0.0,
        "hits_at_5": 0.0,
        "inverse_arithmetic_mean_rank": 0.00038286924190239805,
        "inverse_geometric_mean_rank": 0.00048072617581870004,
        "inverse_harmonic_mean_rank": 0.0013331576818625672,
        "inverse_median_rank": 0.0003658313517468447,
        "median_absolute_deviation": 1499.6521440184163,
        "median_rank": 2733.5,
        "standard_deviation": 1225.7064400504646,
        "variance": 1502356.2771811832,
        "z_arithmetic_mean_rank": -2611.8577586206898,
        "z_hits_at_1": 0.0,
        "z_hits_at_10": 0.0,
        "z_hits_at_3": 0.0,
        "z_hits_at_5": 0.0,
        "z_inverse_harmonic_mean_rank": 0.0013331576818625672
      },
      "realistic": {
        "adjusted_arithmetic_mean_rank": 1.201728066197568,
        "adjusted_arithmetic_mean_rank_index": -0.20182092495975312,
        "adjusted_hits_at_1": -0.00023019265019276925,
        "adjusted_hits_at_10": -0.002306705381552634,
        "adjusted_hits_at_3": -0.000690896028954133,
        "adjusted_hits_at_5": -0.0011520240007951612,
        "adjusted_inverse_harmonic_mean_rank": -0.000596021119773778,
        "arithmetic_mean_rank": 2611.857666015625,
        "count": 232.0,
        "geometric_mean_rank": 2080.185791015625,
        "harmonic_mean_rank": 750.0988109908359,
        "hits_at_1": 0.0,
        "hits_at_10": 0.0,
        "hits_at_3": 0.0,
        "hits_at_5": 0.0,
        "inverse_arithmetic_mean_rank": 0.00038286924245767295,
        "inverse_geometric_mean_rank": 0.0004807263030670583,
        "inverse_harmonic_mean_rank": 0.0013331576924899527,
        "inverse_median_rank": 0.0003658313653431833,
        "median_absolute_deviation": 1499.6521440184163,
        "median_rank": 2733.5,
        "standard_deviation": 1225.7064208984375,
        "variance": 1502356.375,
        "z_arithmetic_mean_rank": -2611.857666015625,
        "z_hits_at_1": 0.0,
        "z_hits_at_10": 0.0,
        "z_hits_at_3": 0.0,
        "z_hits_at_5": 0.0,
        "z_inverse_harmonic_mean_rank": 0.0013331576924899527
      }
    },
    "head": {
      "optimistic": {
        "adjusted_arithmetic_mean_rank": 1.0070780994057411,
        "adjusted_arithmetic_mean_rank_index": -0.007081395456964623,
        "adjusted_hits_at_1": -0.0002328424225031101,
        "adjusted_hits_at_10": -0.002333313875127404,
        "adjusted_hits_at_3": -0.000698852712626492,
        "adjusted_hits_at_5": -0.0011652974352265699,
        "adjusted_inverse_harmonic_mean_rank": 0.00028209307158638127,
        "arithmetic_mean_rank": 2163.655172413793,
        "count": 116.0,
        "geometric_mean_rank": 1538.9077422154237,
        "harmonic_mean_rank": 448.5711353496729,
        "hits_at_1": 0.0,
        "hits_at_10": 0.0,
        "hits_at_3": 0.0,
        "hits_at_5": 0.0,
        "inverse_arithmetic_mean_rank": 0.00046218085615019286,
        "inverse_geometric_mean_rank": 0.0006498115335753605,
        "inverse_harmonic_mean_rank": 0.002229300820304619,
        "inverse_median_rank": 0.00045485558335228563,
        "median_absolute_deviation": 1544.1302105735845,
        "median_rank": 2198.5,
        "standard_deviation": 1278.3894305986537,
        "variance": 1634279.5362663497,
        "z_arithmetic_mean_rank": -2163.655172413793,
        "z_hits_at_1": 0.0,
        "z_hits_at_10": 0.0,
        "z_hits_at_3": 0.0,
        "z_hits_at_5": 0.0,
        "z_inverse_harmonic_mean_rank": 0.002229300820304619
      },
      "pessimistic": {
        "adjusted_arithmetic_mean_rank": 1.0070780994057411,
        "adjusted_arithmetic_mean_rank_index": -0.007081395456964623,
        "adjusted_hits_at_1": -0.0002328424225031101,
        "adjusted_hits_at_10": -0.002333313875127404,
        "adjusted_hits_at_3": -0.000698852712626492,
        "adjusted_hits_at_5": -0.0011652974352265699,
        "adjusted_inverse_harmonic_mean_rank": 0.00028209307158638127,
        "arithmetic_mean_rank": 2163.655172413793,
        "count": 116.0,
        "geometric_mean_rank": 1538.9077422154237,
        "harmonic_mean_rank": 448.5711353496729,
        "hits_at_1": 0.0,
        "hits_at_10": 0.0,
        "hits_at_3": 0.0,
        "hits_at_5": 0.0,
        "inverse_arithmetic_mean_rank": 0.00046218085615019286,
        "inverse_geometric_mean_rank": 0.0006498115335753605,
        "inverse_harmonic_mean_rank": 0.002229300820304619,
        "inverse_median_rank": 0.00045485558335228563,
        "median_absolute_deviation": 1544.1302105735845,
        "median_rank": 2198.5,
        "standard_deviation": 1278.3894305986537,
        "variance": 1634279.5362663497,
        "z_arithmetic_mean_rank": -2163.655172413793,
        "z_hits_at_1": 0.0,
        "z_hits_at_10": 0.0,
        "z_hits_at_3": 0.0,
        "z_hits_at_5": 0.0,
        "z_inverse_harmonic_mean_rank": 0.002229300820304619
      },
      "realistic": {
        "adjusted_arithmetic_mean_rank": 1.0070781464274496,
        "adjusted_arithmetic_mean_rank_index": -0.007081442500569635,
        "adjusted_hits_at_1": -0.0002328424225031101,
        "adjusted_hits_at_10": -0.002333313875127404,