{
  "losses": [
    0.004398932859672278,
    0.004225969321756045,
    0.004056742838165658,
    0.003908760044547594,
    0.003760061456628481,
    0.0036678657489514883,
    0.0035583382593236137,
    0.003462100695374572,
    0.0033512131132768454,
    0.003262953039149435,
    0.0032037679427115717,
    0.003114325706804095,
    0.0030096903004407033,
    0.0029689601750038062,
    0.0029118898388678953,
    0.0028990854714894955,
    0.002814669844888936,
    0.002761652990821097,
    0.0027234816714931873,
    0.0026907837826777247,
    0.0026574108472940945,
    0.0025928214611572555,
    0.0026077990840410697,
    0.0025608318052078743,
    0.002584581881084756,
    0.0025566165744953144,
    0.002519237733764768,
    0.002513774141016714,
    0.0025114714076063605,
    0.0024813160710460873
  ],
  "metrics": {
    "both": {
      "optimistic": {
        "adjusted_arithmetic_mean_rank": 1.181686795694506,
        "adjusted_arithmetic_mean_rank_index": -0.18176333825644053,
        "adjusted_hits_at_1": -0.00021066886899837758,
        "adjusted_hits_at_10": -0.002110690601199618,
        "adjusted_hits_at_3": -0.0006322730074738982,
        "adjusted_hits_at_5": -0.0010542327210519083,
        "adjusted_inverse_harmonic_mean_rank": -0.0010977795532466105,
        "arithmetic_mean_rank": 2806.1163793103447,
        "count": 232.0,
        "geometric_mean_rank": 2298.1789126690205,
        "harmonic_mean_rank": 1454.7620273464825,
        "hits_at_1": 0.0,
        "hits_at_10": 0.0,
        "hits_at_3": 0.0,
        "hits_at_5": 0.0,
        "inverse_arithmetic_mean_rank": 0.00035636440718320053,
        "inverse_geometric_mean_rank": 0.0004351271323948564,
        "inverse_harmonic_mean_rank": 0.0006873976507511828,
        "inverse_median_rank": 0.00033630401883302503,
        "median_absolute_deviation": 1613.8125148433478,
        "median_rank": 2973.5,
        "standard_deviation": 1338.2642061991298,
        "variance": 1790951.0855937873,
        "z_arithmetic_mean_rank": -2806.1163793103447,
        "z_hits_at_1": 0.0,
        "z_hits_at_10": 0.0,
        "z_hits_at_3": 0.0,
        "z_hits_at_5": 0.0,
        "z_inverse_harmonic_mean_rank": 0.0006873976507511828
      },
      "pessimistic": {
        "adjusted_arithmetic_mean_rank": 1.181686795694506,
        "adjusted_arithmetic_mean_rank_index": -0.18176333825644053,
        "adjusted_hits_at_1": -0.00021066886899837758,
        "adjusted_hits_at_10": -0.002110690601199618,
        "adjusted_hits_at_3": -0.0006322730074738982,
        "adjusted_hits_at_5": -0.0010542327210519083,
        "adjusted_inverse_harmonic_mean_rank": -0.0010977795532466105,
        "arithmetic_mean_rank": 2806.1163793103447,
        "count": 232.0,
        "geometric_mean_rank": 2298.1789126690205,
        "harmonic_mean_rank": 1454.7620273464825,
        "hits_at_1": 0.0,
        "hits_at_10": 0.0,
        "hits_at_3": 0.0,
        "hits_at_5": 0.0,
        "inverse_arithmetic_mean_rank": 0.00035636440718320053,
        "inverse_geometric_mean_rank": 0.0004351271323948564,
        "inverse_harmonic_mean_rank": 0.0006873976507511828,
        "inverse_median_rank": 0.00033630401883302503,
        "median_absolute_deviation": 1613.8125148433478,
        "median_rank": 2973.5,
        "standard_deviation": 1338.2642061991298,
        "variance": 1790951.0855937873,
        "z_arithmetic_mean_rank": -2806.1163793103447,
        "z_hits_at_1": 0.0,
        "z_hits_at_10": 0.0,
        "z_hits_at_3": 0.0,
        "z_hits_at_5": 0.0,
        "z_inverse_harmonic_mean_rank": 0.0006873976507511828
      },
      "realistic": {
        "adjusted_arithmetic_mean_rank": 1.1816868276011605,
        "adjusted_arithmetic_mean_rank_index": -0.18176337017653688,
        "adjusted_hits_at_1": -0.00021066886899837758,
        "adjusted_hits_at_10": -0.002110690601199618,
        "adjusted_hits_at_3": -0.0006322730074738982,
        "adjusted_hits_at_5": -0.0010542327210519083,
        "adjusted_inverse_harmonic_mean_rank": -0.0010977795729550071,
        "arithmetic_mean_rank": 2806.116455078125,
        "count": 232.0,
        "geometric_mean_rank": 2298.17919921875,
        "harmonic_mean_rank": 1454.7620689816272,
        "hits_at_1": 0.0,
        "hits_at_10": 0.0,
        "hits_at_3": 0.0,
        "hits_at_5": 0.0,
        "inverse_arithmetic_mean_rank": 0.00035636438406072557,
        "inverse_geometric_mean_rank": 0.00043512709089554846,
        "inverse_harmonic_mean_rank": 0.0006873976310779309,
        "inverse_median_rank": 0.0003363040159456432,
        "median_absolute_deviation": 1613.8125148433478,
        "median_rank": 2973.5,
        "standard_deviation": 1338.26416015625,
        "variance": 1790951.125,
        "z_arithmetic_mean_rank": -2806.116455078125,
        "z_hits_at_1": 0.0,
        "z_hits_at_10": 0.0,
        "z_hits_at_3": 0.0,
        "z_hits_at_5": 0.0,
        "z_inverse_harmonic_mean_rank": 0.0006873976310779309
      }
    },
    "head": {
      "optimistic": {
        "adjusted_arithmetic_mean_rank": 0.9041183211460653,
        "adjusted_arithmetic_mean_rank_index": 0.09592248031861683,
        "adjusted_hits_at_1": -0.00021277704780802407,
        "adjusted_hits_at_10": -0.00213185296249773,
        "adjusted_hits_at_3": -0.0006386029035051311,
        "adjusted_hits_at_5": -0.0010647914918007462,
        "adjusted_inverse_harmonic_mean_rank": -0.0007608091597223118,
        "arithmetic_mean_rank": 2125.543103448276,
        "count": 116.0,
        "geometric_mean_rank": 1611.696661066536,
        "harmonic_mean_rank": 961.8734383446825,
        "hits_at_1": 0.0,
        "hits_at_10": 0.0,
        "hits_at_3": 0.0,
        "hits_at_5": 0.0,
        "inverse_arithmetic_mean_rank": 0.0004704679939812543,
        "inverse_geometric_mean_rank": 0.0006204641507033046,
        "inverse_harmonic_mean_rank": 0.0010396378152628173,
        "inverse_median_rank": 0.0004946821667078902,
        "median_absolute_deviation": 1522.632478405253,
        "median_rank": 2021.5,
        "standard_deviation": 1259.440669450622,
        "variance": 1586190.799866231,
        "z_arithmetic_mean_rank": -2125.543103448276,
        "z_hits_at_1": 0.0,
        "z_hits_at_10": 0.0,
        "z_hits_at_3": 0.0,
        "z_hits_at_5": 0.0,
        "z_inverse_harmonic_mean_rank": 0.0010396378152628173
      },
      "pessimistic": {
        "adjusted_arithmetic_mean_rank": 0.9041183211460653,
        "adjusted_arithmetic_mean_rank_index": 0.09592248031861683,
        "adjusted_hits_at_1": -0.00021277704780802407,
        "adjusted_hits_at_10": -0.00213185296249773,
        "adjusted_hits_at_3": -0.0006386029035051311,
        "adjusted_hits_at_5": -0.0010647914918007462,
        "adjusted_inverse_harmonic_mean_rank": -0.0007608091597223118,
        "arithmetic_mean_rank": 2125.543103448276,
        "count": 116.0,
        "geometric_mean_rank": 1611.696661066536,
        "harmonic_mean_rank": 961.8734383446825,
        "hits_at_1": 0.0,
        "hits_at_10": 0.0,
        "hits_at_3": 0.0,
        "hits_at_5": 0.0,
        "inverse_arithmetic_mean_rank": 0.0004704679939812543,
        "inverse_geometric_mean_rank": 0.0006204641507033046,
        "inverse_harmonic_mean_rank": 0.0010396378152628173,
        "inverse_median_rank": 0.0004946821667078902,
        "median_absolute_deviation": 1522.632478405253,
        "median_rank": 2021.5,
        "standard_deviation": 1259.440669450622,
        "variance": 1586190.799866231,
        "z_arithmetic_mean_rank": -2125.543103448276,
        "z_hits_at_1": 0.0,
        "z_hits_at_10": 0.0,
        "z_hits_at_3": 0.0,
        "z_hits_at_5": 0.0,
        "z_inverse_harmonic_mean_rank": 0.0010396378152628173
      },
      "realistic": {
        "adjusted_arithmetic_mean_rank": 0.9041183676983243,
        "adjusted_arithmetic_mean_rank_index": 0.09592243374654807,
        "adjusted_hits_at_1": -0.00021277704780802407,
        "adjusted_hits_at_10": -0.00213185296249773,