{
  "losses": [
    0.003935491146306087,
    0.003742939229409191,
    0.003531666984002468,
    0.0032949053671398,
    0.0030417378827195416,
    0.002846379878798943,
    0.002677367024561237,
    0.0025224791758140398,
    0.002442852353010247,
    0.0024253203188464704,
    0.0024014551968075787,
    0.002371160417912396,
    0.002355756823058669,
    0.0023636586681523883,
    0.0023089731846576643,
    0.002289174914431567,
    0.0023242548166708217,
    0.0023276872709905075,
    0.0023172127986763264,
    0.0022962566026329444,
    0.002310275409660469,
    0.0022830466085033063,
    0.002254057793559714,
    0.002282772554682776,
    0.002268247032680477,
    0.0022617475635710897,
    0.002297515998593283,
    0.0022766292869993055,
    0.0022761262255456874,
    0.0022867311756496916
  ],
  "metrics": {
    "both": {
      "optimistic": {
        "adjusted_arithmetic_mean_rank": 0.8285223935065181,
        "adjusted_arithmetic_mean_rank_index": 0.1715564950061801,
        "adjusted_hits_at_1": -0.00023005774985504658,
        "adjusted_hits_at_10": 0.006335212595878165,
        "adjusted_hits_at_3": -0.0006904909551560167,
        "adjusted_hits_at_5": -0.001151348255631193,
        "adjusted_inverse_harmonic_mean_rank": 0.0005976543953511661,
        "arithmetic_mean_rank": 1801.7629310344828,
        "count": 232.0,
        "geometric_mean_rank": 1203.4058775219028,
        "harmonic_mean_rank": 396.2664769718973,
        "hits_at_1": 0.0,
        "hits_at_10": 0.008620689655172414,
        "hits_at_3": 0.0,
        "hits_at_5": 0.0,
        "inverse_arithmetic_mean_rank": 0.0005550119734264095,
        "inverse_geometric_mean_rank": 0.0008309748345747126,
        "inverse_harmonic_mean_rank": 0.0025235543708909767,
        "inverse_median_rank": 0.0006119951040391676,
        "median_absolute_deviation": 1413.6612153450915,
        "median_rank": 1634.0,
        "standard_deviation": 1226.2123310696527,
        "variance": 1503596.6808672713,
        "z_arithmetic_mean_rank": -1801.7629310344828,
        "z_hits_at_1": 0.0,
        "z_hits_at_10": 0.008620689655172414,
        "z_hits_at_3": 0.0,
        "z_hits_at_5": 0.0,
        "z_inverse_harmonic_mean_rank": 0.0025235543708909767
      },
      "pessimistic": {
        "adjusted_arithmetic_mean_rank": 0.8285223935065181,
        "adjusted_arithmetic_mean_rank_index": 0.1715564950061801,
        "adjusted_hits_at_1": -0.00023005774985504658,
        "adjusted_hits_at_10": 0.006335212595878165,
        "adjusted_hits_at_3": -0.0006904909551560167,
        "adjusted_hits_at_5": -0.001151348255631193,
        "adjusted_inverse_harmonic_mean_rank": 0.0005976543953511661,
        "arithmetic_mean_rank": 1801.7629310344828,
        "count": 232.0,
        "geometric_mean_rank": 1203.4058775219028,
        "harmonic_mean_rank": 396.2664769718973,
        "hits_at_1": 0.0,
        "hits_at_10": 0.008620689655172414,
        "hits_at_3": 0.0,
        "hits_at_5": 0.0,
        "inverse_arithmetic_mean_rank": 0.0005550119734264095,
        "inverse_geometric_mean_rank": 0.0008309748345747126,
        "inverse_harmonic_mean_rank": 0.0025235543708909767,
        "inverse_median_rank": 0.0006119951040391676,
        "median_absolute_deviation": 1413.6612153450915,
        "median_rank": 1634.0,
        "standard_deviation": 1226.2123310696527,
        "variance": 1503596.6808672713,
        "z_arithmetic_mean_rank": -1801.7629310344828,
        "z_hits_at_1": 0.0,
        "z_hits_at_10": 0.008620689655172414,
        "z_hits_at_3": 0.0,
        "z_hits_at_5": 0.0,
        "z_inverse_harmonic_mean_rank": 0.0025235543708909767
      },
      "realistic": {
        "adjusted_arithmetic_mean_rank": 0.8285223973777452,
        "adjusted_arithmetic_mean_rank_index": 0.17155649113317195,
        "adjusted_hits_at_1": -0.00023005774985504658,
        "adjusted_hits_at_10": 0.006335212595878165,
        "adjusted_hits_at_3": -0.0006904909551560167,
        "adjusted_hits_at_5": -0.001151348255631193,
        "adjusted_inverse_harmonic_mean_rank": 0.0005976543206453313,
        "arithmetic_mean_rank": 1801.762939453125,
        "count": 232.0,
        "geometric_mean_rank": 1203.4061279296875,
        "harmonic_mean_rank": 396.2664886801339,
        "hits_at_1": 0.0,
        "hits_at_10": 0.008620689655172414,
        "hits_at_3": 0.0,
        "hits_at_5": 0.0,
        "inverse_arithmetic_mean_rank": 0.0005550119676627219,
        "inverse_geometric_mean_rank": 0.0008309746626764536,
        "inverse_harmonic_mean_rank": 0.002523554296329104,
        "inverse_median_rank": 0.0006119951140135527,
        "median_absolute_deviation": 1413.6612153450915,
        "median_rank": 1634.0,
        "standard_deviation": 1226.21240234375,
        "variance": 1503596.75,
        "z_arithmetic_mean_rank": -1801.762939453125,
        "z_hits_at_1": 0.0,
        "z_hits_at_10": 0.008620689655172414,
        "z_hits_at_3": 0.0,
        "z_hits_at_5": 0.0,
        "z_inverse_harmonic_mean_rank": 0.002523554296329104
      }
    },
    "head": {
      "optimistic": {
        "adjusted_arithmetic_mean_rank": 0.7921695238159426,
        "adjusted_arithmetic_mean_rank_index": 0.20792714346473484,
        "adjusted_hits_at_1": -0.00023257217403122084,
        "adjusted_hits_at_10": 0.006310181000018299,
        "adjusted_hits_at_3": -0.0006980412120181476,
        "adjusted_hits_at_5": -0.0011639436737987652,
        "adjusted_inverse_harmonic_mean_rank": 0.0007596074985097703,
        "arithmetic_mean_rank": 1703.9224137931035,
        "count": 116.0,
        "geometric_mean_rank": 1101.5791146706647,
        "harmonic_mean_rank": 369.8381443374281,
        "hits_at_1": 0.0,
        "hits_at_10": 0.008620689655172414,
        "hits_at_3": 0.0,
        "hits_at_5": 0.0,
        "inverse_arithmetic_mean_rank": 0.0005868811818572766,
        "inverse_geometric_mean_rank": 0.0009077877264393911,
        "inverse_harmonic_mean_rank": 0.002703885511299865,
        "inverse_median_rank": 0.000667334000667334,
        "median_absolute_deviation": 1418.8503231098612,
        "median_rank": 1498.5,
        "standard_deviation": 1225.8221741350048,
        "variance": 1502640.0026010703,
        "z_arithmetic_mean_rank": -1703.9224137931035,
        "z_hits_at_1": 0.0,
        "z_hits_at_10": 0.008620689655172414,
        "z_hits_at_3": 0.0,
        "z_hits_at_5": 0.0,
        "z_inverse_harmonic_mean_rank": 0.002703885511299865
      },
      "pessimistic": {
        "adjusted_arithmetic_mean_rank": 0.7921695238159426,
        "adjusted_arithmetic_mean_rank_index": 0.20792714346473484,
        "adjusted_hits_at_1": -0.00023257217403122084,
        "adjusted_hits_at_10": 0.006310181000018299,
        "adjusted_hits_at_3": -0.0006980412120181476,
        "adjusted_hits_at_5": -0.0011639436737987652,
        "adjusted_inverse_harmonic_mean_rank": 0.0007596074985097703,
        "arithmetic_mean_rank": 1703.9224137931035,
        "count": 116.0,
        "geometric_mean_rank": 1101.5791146706647,
        "harmonic_mean_rank": 369.8381443374281,
        "hits_at_1": 0.0,
        "hits_at_10": 0.008620689655172414,
        "hits_at_3": 0.0,
        "hits_at_5": 0.0,
        "inverse_arithmetic_mean_rank": 0.0005868811818572766,
        "inverse_geometric_mean_rank": 0.0009077877264393911,
        "inverse_harmonic_mean_rank": 0.002703885511299865,
        "inverse_median_rank": 0.000667334000667334,
        "median_absolute_deviation": 1418.8503231098612,
        "median_rank": 1498.5,
        "standard_deviation": 1225.8221741350048,
        "variance": 1502640.0026010703,
        "z_arithmetic_mean_rank": -1703.9224137931035,
        "z_hits_at_1": 0.0,
        "z_hits_at_10": 0.008620689655172414,
        "z_hits_at_3": 0.0,
        "z_hits_at_5": 0.0,
        "z_inverse_harmonic_mean_rank": 0.002703885511299865
      },
      "realistic": {
        "adjusted_arithmetic_mean_rank": 0.7921695003325078,