{
  "losses": [
    0.05938302410000039,
    0.05416340480675992,
    0.0496249037775302,
    0.04703910407815509,
    0.043309493335167565,
    0.041231249665705585,
    0.03907068875401675,
    0.036871970443077585,
    0.035684871713796744,
    0.03323959642185891,
    0.03178763431236332,
    0.030426770877740476,
    0.02846263217736451,
    0.02668896431477987,
    0.02614431629395759,
    0.025051720910284594,
    0.02370100533787755,
    0.02282410022415502,
    0.021119522506964795,
    0.019947659185899108,
    0.01910594286498417,
    0.018359956206503304,
    0.01754754161656632,
    0.01660404796449831,
    0.016119440451679973,
    0.015349609407629783,
    0.01446459511806933,
    0.013653817244893306,
    0.01336133067173151,
    0.012214518241096452
  ],
  "metrics": {
    "both": {
      "optimistic": {
        "adjusted_arithmetic_mean_rank": 0.9503630231549569,
        "adjusted_arithmetic_mean_rank_index": 0.0496578919025632,
        "adjusted_hits_at_1": -0.00021070542960217688,
        "adjusted_hits_at_10": -0.0021110575977041214,
        "adjusted_hits_at_3": -0.0006323827817779457,
        "adjusted_hits_at_5": -0.0010544158325748122,
        "adjusted_inverse_harmonic_mean_rank": -0.0005020539516398892,
        "arithmetic_mean_rank": 2256.4137931034484,
        "count": 232.0,
        "geometric_mean_rank": 1671.1243055670311,
        "harmonic_mean_rank": 779.8307914566219,
        "hits_at_1": 0.0,
        "hits_at_10": 0.0,
        "hits_at_3": 0.0,
        "hits_at_5": 0.0,
        "inverse_arithmetic_mean_rank": 0.0004431811235405587,
        "inverse_geometric_mean_rank": 0.0005983995305847035,
        "inverse_harmonic_mean_rank": 0.0012823294629494314,
        "inverse_median_rank": 0.0004918839153959665,
        "median_absolute_deviation": 1813.963814341604,
        "median_rank": 2033.0,
        "standard_deviation": 1366.3695483171348,
        "variance": 1866965.7425683711,
        "z_arithmetic_mean_rank": -2256.4137931034484,
        "z_hits_at_1": 0.0,
        "z_hits_at_10": 0.0,
        "z_hits_at_3": 0.0,
        "z_hits_at_5": 0.0,
        "z_inverse_harmonic_mean_rank": 0.0012823294629494314
      },
      "pessimistic": {
        "adjusted_arithmetic_mean_rank": 0.9503630231549569,
        "adjusted_arithmetic_mean_rank_index": 0.0496578919025632,
        "adjusted_hits_at_1": -0.00021070542960217688,
        "adjusted_hits_at_10": -0.0021110575977041214,
        "adjusted_hits_at_3": -0.0006323827817779457,
        "adjusted_hits_at_5": -0.0010544158325748122,
        "adjusted_inverse_harmonic_mean_rank": -0.0005020539516398892,
        "arithmetic_mean_rank": 2256.4137931034484,
        "count": 232.0,
        "geometric_mean_rank": 1671.1243055670311,
        "harmonic_mean_rank": 779.8307914566219,
        "hits_at_1": 0.0,
        "hits_at_10": 0.0,
        "hits_at_3": 0.0,
        "hits_at_5": 0.0,
        "inverse_arithmetic_mean_rank": 0.0004431811235405587,
        "inverse_geometric_mean_rank": 0.0005983995305847035,
        "inverse_harmonic_mean_rank": 0.0012823294629494314,
        "inverse_median_rank": 0.0004918839153959665,
        "median_absolute_deviation": 1813.963814341604,
        "median_rank": 2033.0,
        "standard_deviation": 1366.3695483171348,
        "variance": 1866965.7425683711,
        "z_arithmetic_mean_rank": -2256.4137931034484,
        "z_hits_at_1": 0.0,
        "z_hits_at_10": 0.0,
        "z_hits_at_3": 0.0,
        "z_hits_at_5": 0.0,
        "z_inverse_harmonic_mean_rank": 0.0012823294629494314
      },
      "realistic": {
        "adjusted_arithmetic_mean_rank": 0.9503630337923227,
        "adjusted_arithmetic_mean_rank_index": 0.04965788126071535,
        "adjusted_hits_at_1": -0.00021070542960217688,
        "adjusted_hits_at_10": -0.0021110575977041214,
        "adjusted_hits_at_3": -0.0006323827817779457,
        "adjusted_hits_at_5": -0.0010544158325748122,
        "adjusted_inverse_harmonic_mean_rank": -0.0005020539683362183,
        "arithmetic_mean_rank": 2256.413818359375,
        "count": 232.0,
        "geometric_mean_rank": 1671.1248779296875,
        "harmonic_mean_rank": 779.830801592153,
        "hits_at_1": 0.0,
        "hits_at_10": 0.0,
        "hits_at_3": 0.0,
        "hits_at_5": 0.0,
        "inverse_arithmetic_mean_rank": 0.0004431811103131622,
        "inverse_geometric_mean_rank": 0.0005983993178233504,
        "inverse_harmonic_mean_rank": 0.00128232944628288,
        "inverse_median_rank": 0.0004918838967569172,
        "median_absolute_deviation": 1813.963814341604,
        "median_rank": 2033.0,
        "standard_deviation": 1366.3695068359375,
        "variance": 1866965.75,
        "z_arithmetic_mean_rank": -2256.413818359375,
        "z_hits_at_1": 0.0,
        "z_hits_at_10": 0.0,
        "z_hits_at_3": 0.0,
        "z_hits_at_5": 0.0,
        "z_inverse_harmonic_mean_rank": 0.00128232944628288
      }
    },
    "head": {
      "optimistic": {
        "adjusted_arithmetic_mean_rank": 1.1009331767939885,
        "adjusted_arithmetic_mean_rank_index": -0.1009761428434055,
        "adjusted_hits_at_1": -0.00021285091937457584,
        "adjusted_hits_at_10": -0.0021325945160763585,
        "adjusted_hits_at_3": -0.0006388247069761256,
        "adjusted_hits_at_5": -0.001065161479273462,
        "adjusted_inverse_harmonic_mean_rank": -0.0009698110559692974,
        "arithmetic_mean_rank": 2587.344827586207,
        "count": 116.0,
        "geometric_mean_rank": 2092.605258733904,
        "harmonic_mean_rank": 1202.5512159246773,
        "hits_at_1": 0.0,
        "hits_at_10": 0.0,
        "hits_at_3": 0.0,
        "hits_at_5": 0.0,
        "inverse_arithmetic_mean_rank": 0.00038649660815907665,
        "inverse_geometric_mean_rank": 0.0004778732137015814,
        "inverse_harmonic_mean_rank": 0.0008315654142273435,
        "inverse_median_rank": 0.0003428767358134751,
        "median_absolute_deviation": 1663.4796891632855,
        "median_rank": 2916.5,
        "standard_deviation": 1339.7887320809864,
        "variance": 1795033.846611177,
        "z_arithmetic_mean_rank": -2587.344827586207,
        "z_hits_at_1": 0.0,
        "z_hits_at_10": 0.0,
        "z_hits_at_3": 0.0,
        "z_hits_at_5": 0.0,
        "z_inverse_harmonic_mean_rank": 0.0008315654142273435
      },
      "pessimistic": {
        "adjusted_arithmetic_mean_rank": 1.1009331767939885,
        "adjusted_arithmetic_mean_rank_index": -0.1009761428434055,
        "adjusted_hits_at_1": -0.00021285091937457584,
        "adjusted_hits_at_10": -0.0021325945160763585,
        "adjusted_hits_at_3": -0.0006388247069761256,
        "adjusted_hits_at_5": -0.001065161479273462,
        "adjusted_inverse_harmonic_mean_rank": -0.0009698110559692974,
        "arithmetic_mean_rank": 2587.344827586207,
        "count": 116.0,
        "geometric_mean_rank": 2092.605258733904,
        "harmonic_mean_rank": 1202.5512159246773,
        "hits_at_1": 0.0,
        "hits_at_10": 0.0,
        "hits_at_3": 0.0,
        "hits_at_5": 0.0,
        "inverse_arithmetic_mean_rank": 0.00038649660815907665,
        "inverse_geometric_mean_rank": 0.0004778732137015814,
        "inverse_harmonic_mean_rank": 0.0008315654142273435,
        "inverse_median_rank": 0.0003428767358134751,
        "median_absolute_deviation": 1663.4796891632855,
        "median_rank": 2916.5,
        "standard_deviation": 1339.7887320809864,
        "variance": 1795033.846611177,
        "z_arithmetic_mean_rank": -2587.344827586207,
        "z_hits_at_1": 0.0,
        "z_hits_at_10": 0.0,
        "z_hits_at_3": 0.0,
        "z_hits_at_5": 0.0,
        "z_inverse_harmonic_mean_rank": 0.0008315654142273435
      },
      "realistic": {
        "adjusted_arithmetic_mean_rank": 1.1009331338077002,
        "adjusted_arithmetic_mean_rank_index": -0.1009760998388185,
        "adjusted_hits_at_1": -0.00021285091937457584,
        "adjusted_hits_at_10": -0.0021325945160763585,