{
  "losses": [
    0.0036495983914513323,
    0.0027830960766314413,
    0.0024037504981306505,
    0.0021703242758942974,
    0.0019537510454523573,
    0.0017478073205910367,
    0.001628442878572474,
    0.0014639729861775745,
    0.0013384213587274774,
    0.001252482292390046,
    0.0011255320974385195,
    0.001037477286734046,
    0.0009811092524455076,
    0.0009057879990303122,
    0.0008259403865326723,
    0.000796548355166876,
    0.0007469670006564662,
    0.000689007380105489,
    0.0006220915557368502,
    0.0005949518536100482,
    0.0005677775061096353,
    0.0005249133662981682,
    0.0005103841932580738,
    0.0004764767544332023,
    0.0004735963463656116,
    0.0004394431863893756,
    0.00042873883726564886,
    0.00041042558233480946,
    0.00040475232355928877,
    0.0003744625858875618
  ],
  "metrics": {
    "both": {
      "optimistic": {
        "adjusted_arithmetic_mean_rank": 0.8961352732696299,
        "adjusted_arithmetic_mean_rank_index": 0.10391253738032413,
        "adjusted_hits_at_1": -0.00023019265019276925,
        "adjusted_hits_at_10": 0.00633386966484006,
        "adjusted_hits_at_3": -0.000690896028954133,
        "adjusted_hits_at_5": -0.0011520240007951612,
        "adjusted_inverse_harmonic_mean_rank": 0.0011499743731227831,
        "arithmetic_mean_rank": 1947.676724137931,
        "count": 232.0,
        "geometric_mean_rank": 1377.1781248480117,
        "harmonic_mean_rank": 325.1200578507476,
        "hits_at_1": 0.0,
        "hits_at_10": 0.008620689655172414,
        "hits_at_3": 0.0,
        "hits_at_5": 0.0,
        "inverse_arithmetic_mean_rank": 0.0005134322280524321,
        "inverse_geometric_mean_rank": 0.0007261224833282637,
        "inverse_harmonic_mean_rank": 0.0030757868542797455,
        "inverse_median_rank": 0.0005473453749315818,
        "median_absolute_deviation": 1418.1090220006083,
        "median_rank": 1827.0,
        "standard_deviation": 1175.455797058122,
        "variance": 1381696.3308375448,
        "z_arithmetic_mean_rank": -1947.676724137931,
        "z_hits_at_1": 0.0,
        "z_hits_at_10": 0.008620689655172414,
        "z_hits_at_3": 0.0,
        "z_hits_at_5": 0.0,
        "z_inverse_harmonic_mean_rank": 0.0030757868542797455
      },
      "pessimistic": {
        "adjusted_arithmetic_mean_rank": 0.8961352732696299,
        "adjusted_arithmetic_mean_rank_index": 0.10391253738032413,
        "adjusted_hits_at_1": -0.00023019265019276925,
        "adjusted_hits_at_10": 0.00633386966484006,
        "adjusted_hits_at_3": -0.000690896028954133,
        "adjusted_hits_at_5": -0.0011520240007951612,
        "adjusted_inverse_harmonic_mean_rank": 0.0011499743731227831,
        "arithmetic_mean_rank": 1947.676724137931,
        "count": 232.0,
        "geometric_mean_rank": 1377.1781248480117,
        "harmonic_mean_rank": 325.1200578507476,
        "hits_at_1": 0.0,
        "hits_at_10": 0.008620689655172414,
        "hits_at_3": 0.0,
        "hits_at_5": 0.0,
        "inverse_arithmetic_mean_rank": 0.0005134322280524321,
        "inverse_geometric_mean_rank": 0.0007261224833282637,
        "inverse_harmonic_mean_rank": 0.0030757868542797455,
        "inverse_median_rank": 0.0005473453749315818,
        "median_absolute_deviation": 1418.1090220006083,
        "median_rank": 1827.0,
        "standard_deviation": 1175.455797058122,
        "variance": 1381696.3308375448,
        "z_arithmetic_mean_rank": -1947.676724137931,
        "z_hits_at_1": 0.0,
        "z_hits_at_10": 0.008620689655172414,
        "z_hits_at_3": 0.0,
        "z_hits_at_5": 0.0,
        "z_inverse_harmonic_mean_rank": 0.0030757868542797455
      },
      "realistic": {
        "adjusted_arithmetic_mean_rank": 0.8961352887634584,
        "adjusted_arithmetic_mean_rank_index": 0.10391252187936362,
        "adjusted_hits_at_1": -0.00023019265019276925,
        "adjusted_hits_at_10": 0.00633386966484006,
        "adjusted_hits_at_3": -0.000690896028954133,
        "adjusted_hits_at_5": -0.0011520240007951612,
        "adjusted_inverse_harmonic_mean_rank": 0.0011499742242307653,
        "arithmetic_mean_rank": 1947.6767578125,
        "count": 232.0,
        "geometric_mean_rank": 1377.1787109375,
        "harmonic_mean_rank": 325.1200735587451,
        "hits_at_1": 0.0,
        "hits_at_10": 0.008620689655172414,
        "hits_at_3": 0.0,
        "hits_at_5": 0.0,
        "inverse_arithmetic_mean_rank": 0.0005134321982041001,
        "inverse_geometric_mean_rank": 0.0007261221762746572,
        "inverse_harmonic_mean_rank": 0.003075786705674796,
        "inverse_median_rank": 0.0005473453784361482,
        "median_absolute_deviation": 1418.1090220006083,
        "median_rank": 1827.0,
        "standard_deviation": 1175.455810546875,
        "variance": 1381696.375,
        "z_arithmetic_mean_rank": -1947.6767578125,
        "z_hits_at_1": 0.0,
        "z_hits_at_10": 0.008620689655172414,
        "z_hits_at_3": 0.0,
        "z_hits_at_5": 0.0,
        "z_inverse_harmonic_mean_rank": 0.003075786705674796
      }
    },
    "head": {
      "optimistic": {
        "adjusted_arithmetic_mean_rank": 0.7835125714653558,
        "adjusted_arithmetic_mean_rank_index": 0.2165882400113921,
        "adjusted_hits_at_1": -0.0002328424225031101,
        "adjusted_hits_at_10": 0.006307490554830591,
        "adjusted_hits_at_3": -0.000698852712626492,
        "adjusted_hits_at_5": -0.0011652974352265699,
        "adjusted_inverse_harmonic_mean_rank": 0.0011651881659019007,
        "arithmetic_mean_rank": 1683.3362068965516,
        "count": 116.0,
        "geometric_mean_rank": 1142.6224436221041,
        "harmonic_mean_rank": 321.47354628784655,
        "hits_at_1": 0.0,
        "hits_at_10": 0.008620689655172414,
        "hits_at_3": 0.0,
        "hits_at_5": 0.0,
        "inverse_arithmetic_mean_rank": 0.0005940583918429637,
        "inverse_geometric_mean_rank": 0.0008751797285112027,
        "inverse_harmonic_mean_rank": 0.003110675859794083,
        "inverse_median_rank": 0.0006127450980392157,
        "median_absolute_deviation": 1242.4206591076945,
        "median_rank": 1632.0,
        "standard_deviation": 1128.3138009953823,
        "variance": 1273092.033516647,
        "z_arithmetic_mean_rank": -1683.3362068965516,
        "z_hits_at_1": 0.0,
        "z_hits_at_10": 0.008620689655172414,
        "z_hits_at_3": 0.0,
        "z_hits_at_5": 0.0,
        "z_inverse_harmonic_mean_rank": 0.003110675859794083
      },
      "pessimistic": {
        "adjusted_arithmetic_mean_rank": 0.7835125714653558,
        "adjusted_arithmetic_mean_rank_index": 0.2165882400113921,
        "adjusted_hits_at_1": -0.0002328424225031101,
        "adjusted_hits_at_10": 0.006307490554830591,
        "adjusted_hits_at_3": -0.000698852712626492,
        "adjusted_hits_at_5": -0.0011652974352265699,
        "adjusted_inverse_harmonic_mean_rank": 0.0011651881659019007,
        "arithmetic_mean_rank": 1683.3362068965516,
        "count": 116.0,
        "geometric_mean_rank": 1142.6224436221041,
        "harmonic_mean_rank": 321.47354628784655,
        "hits_at_1": 0.0,
        "hits_at_10": 0.008620689655172414,
        "hits_at_3": 0.0,
        "hits_at_5": 0.0,
        "inverse_arithmetic_mean_rank": 0.0005940583918429637,
        "inverse_geometric_mean_rank": 0.0008751797285112027,
        "inverse_harmonic_mean_rank": 0.003110675859794083,
        "inverse_median_rank": 0.0006127450980392157,
        "median_absolute_deviation": 1242.4206591076945,
        "median_rank": 1632.0,
        "standard_deviation": 1128.3138009953823,
        "variance": 1273092.033516647,
        "z_arithmetic_mean_rank": -1683.3362068965516,
        "z_hits_at_1": 0.0,
        "z_hits_at_10": 0.008620689655172414,
        "z_hits_at_3": 0.0,
        "z_hits_at_5": 0.0,
        "z_inverse_harmonic_mean_rank": 0.003110675859794083
      },
      "realistic": {
        "adjusted_arithmetic_mean_rank": 0.7835125597099287,