{
  "losses": [
    0.0040317290020453105,
    0.004000371483578443,
    0.003977398198172694,
    0.003959795696148434,
    0.003945976223566398,
    0.003937587305892508,
    0.003934840056651609,
    0.003933582816248885,
    0.003932512384217212,
    0.003931668220174431,
    0.003930137619305655,
    0.003928179228657858,
    0.003925143396939431,
    0.003920908423552759,
    0.00391466644523732,
    0.003907373786552709,
    0.003898305810615942,
    0.0038894244046475393,
    0.0038755172117973407,
    0.003863641321082948,
    0.0038479000725322433,
    0.0038327854177600726,
    0.0038193969176329103,
    0.003803200721263917,
    0.003780803698856396,
    0.003764089362063922,
    0.0037467568709479834,
    0.0037212512682425277,
    0.003691615907202307,
    0.0036557832802703288
  ],
  "metrics": {
    "both": {
      "optimistic": {
        "adjusted_arithmetic_mean_rank": 0.8164139381815578,
        "adjusted_arithmetic_mean_rank_index": 0.18367052084294766,
        "adjusted_hits_at_1": -0.00023005774985504658,
        "adjusted_hits_at_10": 0.0020149309115124183,
        "adjusted_hits_at_3": -0.0006904909551560167,
        "adjusted_hits_at_5": -0.001151348255631193,
        "adjusted_inverse_harmonic_mean_rank": 0.0009964113709607317,
        "arithmetic_mean_rank": 1775.4310344827586,
        "count": 232.0,
        "geometric_mean_rank": 1091.9069884567994,
        "harmonic_mean_rank": 342.28489088562515,
        "hits_at_1": 0.0,
        "hits_at_10": 0.004310344827586207,
        "hits_at_3": 0.0,
        "hits_at_5": 0.0,
        "inverse_arithmetic_mean_rank": 0.0005632435057052683,
        "inverse_geometric_mean_rank": 0.000915828921851034,
        "inverse_harmonic_mean_rank": 0.0029215429211982102,
        "inverse_median_rank": 0.000662471016893011,
        "median_absolute_deviation": 1632.3450425746678,
        "median_rank": 1509.5,
        "standard_deviation": 1352.5065728958643,
        "variance": 1829274.029726516,
        "z_arithmetic_mean_rank": -1775.4310344827586,
        "z_hits_at_1": 0.0,
        "z_hits_at_10": 0.004310344827586207,
        "z_hits_at_3": 0.0,
        "z_hits_at_5": 0.0,
        "z_inverse_harmonic_mean_rank": 0.0029215429211982102
      },
      "pessimistic": {
        "adjusted_arithmetic_mean_rank": 0.8164139381815578,
        "adjusted_arithmetic_mean_rank_index": 0.18367052084294766,
        "adjusted_hits_at_1": -0.00023005774985504658,
        "adjusted_hits_at_10": 0.0020149309115124183,
        "adjusted_hits_at_3": -0.0006904909551560167,
        "adjusted_hits_at_5": -0.001151348255631193,
        "adjusted_inverse_harmonic_mean_rank": 0.0009964113709607317,
        "arithmetic_mean_rank": 1775.4310344827586,
        "count": 232.0,
        "geometric_mean_rank": 1091.9069884567994,
        "harmonic_mean_rank": 342.28489088562515,
        "hits_at_1": 0.0,
        "hits_at_10": 0.004310344827586207,
        "hits_at_3": 0.0,
        "hits_at_5": 0.0,
        "inverse_arithmetic_mean_rank": 0.0005632435057052683,
        "inverse_geometric_mean_rank": 0.000915828921851034,
        "inverse_harmonic_mean_rank": 0.0029215429211982102,
        "inverse_median_rank": 0.000662471016893011,
        "median_absolute_deviation": 1632.3450425746678,
        "median_rank": 1509.5,
        "standard_deviation": 1352.5065728958643,
        "variance": 1829274.029726516,
        "z_arithmetic_mean_rank": -1775.4310344827586,
        "z_hits_at_1": 0.0,
        "z_hits_at_10": 0.004310344827586207,
        "z_hits_at_3": 0.0,
        "z_hits_at_5": 0.0,
        "z_inverse_harmonic_mean_rank": 0.0029215429211982102
      },
      "realistic": {
        "adjusted_arithmetic_mean_rank": 0.8164139362459443,
        "adjusted_arithmetic_mean_rank_index": 0.18367052277945173,
        "adjusted_hits_at_1": -0.00023005774985504658,
        "adjusted_hits_at_10": 0.0020149309115124183,
        "adjusted_hits_at_3": -0.0006904909551560167,
        "adjusted_hits_at_5": -0.001151348255631193,
        "adjusted_inverse_harmonic_mean_rank": 0.000996411437632274,
        "arithmetic_mean_rank": 1775.4310302734375,
        "count": 232.0,
        "geometric_mean_rank": 1091.9073486328125,
        "harmonic_mean_rank": 342.28488308951023,
        "hits_at_1": 0.0,
        "hits_at_10": 0.004310344827586207,
        "hits_at_3": 0.0,
        "hits_at_5": 0.0,
        "inverse_arithmetic_mean_rank": 0.0005632435204461217,
        "inverse_geometric_mean_rank": 0.0009158286266028881,
        "inverse_harmonic_mean_rank": 0.002921542987741273,
        "inverse_median_rank": 0.0006624709931202233,
        "median_absolute_deviation": 1632.3450425746678,
        "median_rank": 1509.5,
        "standard_deviation": 1352.5064697265625,
        "variance": 1829273.875,
        "z_arithmetic_mean_rank": -1775.4310302734375,
        "z_hits_at_1": 0.0,
        "z_hits_at_10": 0.004310344827586207,
        "z_hits_at_3": 0.0,
        "z_hits_at_5": 0.0,
        "z_inverse_harmonic_mean_rank": 0.002921542987741273
      }
    },
    "head": {
      "optimistic": {
        "adjusted_arithmetic_mean_rank": 0.8026860947627592,
        "adjusted_arithmetic_mean_rank_index": 0.1974056809912561,
        "adjusted_hits_at_1": -0.00023257217403122084,
        "adjusted_hits_at_10": -0.0023306000347641494,
        "adjusted_hits_at_3": -0.0006980412120181476,
        "adjusted_hits_at_5": -0.0011639436737987652,
        "adjusted_inverse_harmonic_mean_rank": 0.0001849156698165239,
        "arithmetic_mean_rank": 1726.5431034482758,
        "count": 116.0,
        "geometric_mean_rank": 1182.6168726832243,
        "harmonic_mean_rank": 469.4148323677505,
        "hits_at_1": 0.0,
        "hits_at_10": 0.0,
        "hits_at_3": 0.0,
        "hits_at_5": 0.0,
        "inverse_arithmetic_mean_rank": 0.0005791920271221646,
        "inverse_geometric_mean_rank": 0.000845582388598188,
        "inverse_harmonic_mean_rank": 0.0021303118926940443,
        "inverse_median_rank": 0.00064,
        "median_absolute_deviation": 1483.3435196148548,
        "median_rank": 1562.5,
        "standard_deviation": 1204.346298521643,
        "variance": 1450450.0067627823,
        "z_arithmetic_mean_rank": -1726.5431034482758,
        "z_hits_at_1": 0.0,
        "z_hits_at_10": 0.0,
        "z_hits_at_3": 0.0,
        "z_hits_at_5": 0.0,
        "z_inverse_harmonic_mean_rank": 0.0021303118926940443
      },
      "pessimistic": {
        "adjusted_arithmetic_mean_rank": 0.8026860947627592,
        "adjusted_arithmetic_mean_rank_index": 0.1974056809912561,
        "adjusted_hits_at_1": -0.00023257217403122084,
        "adjusted_hits_at_10": -0.0023306000347641494,
        "adjusted_hits_at_3": -0.0006980412120181476,
        "adjusted_hits_at_5": -0.0011639436737987652,
        "adjusted_inverse_harmonic_mean_rank": 0.0001849156698165239,
        "arithmetic_mean_rank": 1726.5431034482758,
        "count": 116.0,
        "geometric_mean_rank": 1182.6168726832243,
        "harmonic_mean_rank": 469.4148323677505,
        "hits_at_1": 0.0,
        "hits_at_10": 0.0,
        "hits_at_3": 0.0,
        "hits_at_5": 0.0,
        "inverse_arithmetic_mean_rank": 0.0005791920271221646,
        "inverse_geometric_mean_rank": 0.000845582388598188,
        "inverse_harmonic_mean_rank": 0.0021303118926940443,
        "inverse_median_rank": 0.00064,
        "median_absolute_deviation": 1483.3435196148548,
        "median_rank": 1562.5,
        "standard_deviation": 1204.346298521643,
        "variance": 1450450.0067627823,
        "z_arithmetic_mean_rank": -1726.5431034482758,
        "z_hits_at_1": 0.0,
        "z_hits_at_10": 0.0,
        "z_hits_at_3": 0.0,
        "z_hits_at_5": 0.0,
        "z_inverse_harmonic_mean_rank": 0.0021303118926940443
      },
      "realistic": {
        "adjusted_arithmetic_mean_rank": 0.8026860888919005,
        "adjusted_arithmetic_mean_rank_index": 0.1974056868648455,
        "adjusted_hits_at_1": -0.00023257217403122084,