{
  "losses": [
    0.003933156695288664,
    0.0037609337767031455,
    0.003590457479633194,
    0.003431192112560233,
    0.003276520232805911,
    0.0031245907706647274,
    0.0029902227258183194,
    0.0028620128329297193,
    0.0027250018360439787,
    0.0025968772555564168,
    0.0024719029003425833,
    0.0023593021332363345,
    0.002235023719168895,
    0.0021356711601560954,
    0.002020435413593658,
    0.0019208720390593702,
    0.0018417632593312953,
    0.0017510384200024737,
    0.0016569859996953572,
    0.0015818692053900458,
    0.0015035497272867305,
    0.0014399688078255567,
    0.0013647211920332172,
    0.0012928448325911727,
    0.0012348454981261543,
    0.0011699467323262028,
    0.0011186975652746705,
    0.0010806295754281563,
    0.001006660103980688,
    0.0009732787076349807
  ],
  "metrics": {
    "both": {
      "optimistic": {
        "adjusted_arithmetic_mean_rank": 1.0208595584831937,
        "adjusted_arithmetic_mean_rank_index": -0.020869151441901268,
        "adjusted_hits_at_1": -0.00022997208989089375,
        "adjusted_hits_at_10": 0.006336065337966895,
        "adjusted_hits_at_3": -0.0006902337386634684,
        "adjusted_hits_at_5": -0.0011509191665986212,
        "adjusted_inverse_harmonic_mean_rank": 0.0014907121223648484,
        "arithmetic_mean_rank": 2220.844827586207,
        "count": 232.0,
        "geometric_mean_rank": 1521.2421127481675,
        "harmonic_mean_rank": 292.888269618127,
        "hits_at_1": 0.0,
        "hits_at_10": 0.008620689655172414,
        "hits_at_3": 0.0,
        "hits_at_5": 0.0,
        "inverse_arithmetic_mean_rank": 0.00045027909540482417,
        "inverse_geometric_mean_rank": 0.0006573575577614475,
        "inverse_harmonic_mean_rank": 0.0034142712553965303,
        "inverse_median_rank": 0.0004131377814501136,
        "median_absolute_deviation": 1768.0031455679302,
        "median_rank": 2420.5,
        "standard_deviation": 1327.754035070374,
        "variance": 1762930.7776456599,
        "z_arithmetic_mean_rank": -2220.844827586207,
        "z_hits_at_1": 0.0,
        "z_hits_at_10": 0.008620689655172414,
        "z_hits_at_3": 0.0,
        "z_hits_at_5": 0.0,
        "z_inverse_harmonic_mean_rank": 0.0034142712553965303
      },
      "pessimistic": {
        "adjusted_arithmetic_mean_rank": 1.0208595584831937,
        "adjusted_arithmetic_mean_rank_index": -0.020869151441901268,
        "adjusted_hits_at_1": -0.00022997208989089375,
        "adjusted_hits_at_10": 0.006336065337966895,
        "adjusted_hits_at_3": -0.0006902337386634684,
        "adjusted_hits_at_5": -0.0011509191665986212,
        "adjusted_inverse_harmonic_mean_rank": 0.0014907121223648484,
        "arithmetic_mean_rank": 2220.844827586207,
        "count": 232.0,
        "geometric_mean_rank": 1521.2421127481675,
        "harmonic_mean_rank": 292.888269618127,
        "hits_at_1": 0.0,
        "hits_at_10": 0.008620689655172414,
        "hits_at_3": 0.0,
        "hits_at_5": 0.0,
        "inverse_arithmetic_mean_rank": 0.00045027909540482417,
        "inverse_geometric_mean_rank": 0.0006573575577614475,
        "inverse_harmonic_mean_rank": 0.0034142712553965303,
        "inverse_median_rank": 0.0004131377814501136,
        "median_absolute_deviation": 1768.0031455679302,
        "median_rank": 2420.5,
        "standard_deviation": 1327.754035070374,
        "variance": 1762930.7776456599,
        "z_arithmetic_mean_rank": -2220.844827586207,
        "z_hits_at_1": 0.0,
        "z_hits_at_10": 0.008620689655172414,
        "z_hits_at_3": 0.0,
        "z_hits_at_5": 0.0,
        "z_inverse_harmonic_mean_rank": 0.0034142712553965303
      },
      "realistic": {
        "adjusted_arithmetic_mean_rank": 1.0208595120454527,
        "adjusted_arithmetic_mean_rank_index": -0.020869104982804254,
        "adjusted_hits_at_1": -0.00022997208989089375,
        "adjusted_hits_at_10": 0.006336065337966895,
        "adjusted_hits_at_3": -0.0006902337386634684,
        "adjusted_hits_at_5": -0.0011509191665986212,
        "adjusted_inverse_harmonic_mean_rank": 0.0014907123309781166,
        "arithmetic_mean_rank": 2220.8447265625,
        "count": 232.0,
        "geometric_mean_rank": 1521.241943359375,
        "harmonic_mean_rank": 292.8882517570184,
        "hits_at_1": 0.0,
        "hits_at_10": 0.008620689655172414,
        "hits_at_3": 0.0,
        "hits_at_5": 0.0,
        "inverse_arithmetic_mean_rank": 0.00045027912710793316,
        "inverse_geometric_mean_rank": 0.0006573576247319579,
        "inverse_harmonic_mean_rank": 0.0034142714636079194,
        "inverse_median_rank": 0.0004131377791054547,
        "median_absolute_deviation": 1768.0031455679302,
        "median_rank": 2420.5,
        "standard_deviation": 1327.7540283203125,
        "variance": 1762930.75,
        "z_arithmetic_mean_rank": -2220.8447265625,
        "z_hits_at_1": 0.0,
        "z_hits_at_10": 0.008620689655172414,
        "z_hits_at_3": 0.0,
        "z_hits_at_5": 0.0,
        "z_inverse_harmonic_mean_rank": 0.0034142714636079194
      }
    },
    "head": {
      "optimistic": {
        "adjusted_arithmetic_mean_rank": 1.014842055773095,
        "adjusted_arithmetic_mean_rank_index": -0.014848954103411582,
        "adjusted_hits_at_1": -0.0002324012996594279,
        "adjusted_hits_at_10": 0.006311882124539318,
        "adjusted_hits_at_3": -0.0006975281118577733,
        "adjusted_hits_at_5": -0.0011630877106794588,
        "adjusted_inverse_harmonic_mean_rank": 0.001737526611595723,
        "arithmetic_mean_rank": 2184.4913793103447,
        "count": 116.0,
        "geometric_mean_rank": 1498.1420877884816,
        "harmonic_mean_rank": 271.83954020721416,
        "hits_at_1": 0.0,
        "hits_at_10": 0.008620689655172414,
        "hits_at_3": 0.0,
        "hits_at_5": 0.0,
        "inverse_arithmetic_mean_rank": 0.0004577724634078003,
        "inverse_geometric_mean_rank": 0.000667493429462471,
        "inverse_harmonic_mean_rank": 0.003678640712965206,
        "inverse_median_rank": 0.0004200798151648813,
        "median_absolute_deviation": 1741.3163056348294,
        "median_rank": 2380.5,
        "standard_deviation": 1306.33865477531,
        "variance": 1706520.6809601665,
        "z_arithmetic_mean_rank": -2184.4913793103447,
        "z_hits_at_1": 0.0,
        "z_hits_at_10": 0.008620689655172414,
        "z_hits_at_3": 0.0,
        "z_hits_at_5": 0.0,
        "z_inverse_harmonic_mean_rank": 0.003678640712965206
      },
      "pessimistic": {
        "adjusted_arithmetic_mean_rank": 1.014842055773095,
        "adjusted_arithmetic_mean_rank_index": -0.014848954103411582,
        "adjusted_hits_at_1": -0.0002324012996594279,
        "adjusted_hits_at_10": 0.006311882124539318,
        "adjusted_hits_at_3": -0.0006975281118577733,
        "adjusted_hits_at_5": -0.0011630877106794588,
        "adjusted_inverse_harmonic_mean_rank": 0.001737526611595723,
        "arithmetic_mean_rank": 2184.4913793103447,
        "count": 116.0,
        "geometric_mean_rank": 1498.1420877884816,
        "harmonic_mean_rank": 271.83954020721416,
        "hits_at_1": 0.0,
        "hits_at_10": 0.008620689655172414,
        "hits_at_3": 0.0,
        "hits_at_5": 0.0,
        "inverse_arithmetic_mean_rank": 0.0004577724634078003,
        "inverse_geometric_mean_rank": 0.000667493429462471,
        "inverse_harmonic_mean_rank": 0.003678640712965206,
        "inverse_median_rank": 0.0004200798151648813,
        "median_absolute_deviation": 1741.3163056348294,
        "median_rank": 2380.5,
        "standard_deviation": 1306.33865477531,
        "variance": 1706520.6809601665,
        "z_arithmetic_mean_rank": -2184.4913793103447,
        "z_hits_at_1": 0.0,
        "z_hits_at_10": 0.008620689655172414,
        "z_hits_at_3": 0.0,
        "z_hits_at_5": 0.0,
        "z_inverse_harmonic_mean_rank": 0.003678640712965206
      },
      "realistic": {
        "adjusted_arithmetic_mean_rank": 1.0148420909722862,