{
  "losses": [
    0.18957121516845218,
    0.16307131384275136,
    0.1483564611788464,
    0.1380305019360509,
    0.1309136852041281,
    0.12583168707197814,
    0.12216676062083044,
    0.11938339126777178,
    0.1171389353949581,
    0.11496947585915264,
    0.11293777914824496,
    0.11086844122630272,
    0.10879075088441231,
    0.10675320976592353,
    0.10475064444187197,
    0.10275082185780972,
    0.10067302994997801,
    0.09865786688750454,
    0.09660150033796733,
    0.09456422175135169,
    0.09255374818600472,
    0.09057808381937676,
    0.0886130268893596,
    0.08664116297319104,
    0.08473271193629854,
    0.08282217374229121,
    0.08095712594530409,
    0.07912897438925724,
    0.0773400385461222,
    0.0755606330121097
  ],
  "metrics": {
    "both": {
      "optimistic": {
        "adjusted_arithmetic_mean_rank": 0.9886057953277064,
        "adjusted_arithmetic_mean_rank_index": 0.01139900745310618,
        "adjusted_hits_at_1": -0.00021078182213830787,
        "adjusted_hits_at_10": -0.002111824429194074,
        "adjusted_hits_at_3": -0.0006326121526994293,
        "adjusted_hits_at_5": -0.0010547984400402608,
        "adjusted_inverse_harmonic_mean_rank": -0.0005566445480363021,
        "arithmetic_mean_rank": 2346.375,
        "count": 232.0,
        "geometric_mean_rank": 1806.7364770564882,
        "harmonic_mean_rank": 814.068393911912,
        "hits_at_1": 0.0,
        "hits_at_10": 0.0,
        "hits_at_3": 0.0,
        "hits_at_5": 0.0,
        "inverse_arithmetic_mean_rank": 0.00042618933461190133,
        "inverse_geometric_mean_rank": 0.0005534841481858976,
        "inverse_harmonic_mean_rank": 0.0012283980160372214,
        "inverse_median_rank": 0.000392156862745098,
        "median_absolute_deviation": 1195.718689224768,
        "median_rank": 2550.0,
        "standard_deviation": 1175.1458463684705,
        "variance": 1380967.7602370689,
        "z_arithmetic_mean_rank": -2346.375,
        "z_hits_at_1": 0.0,
        "z_hits_at_10": 0.0,
        "z_hits_at_3": 0.0,
        "z_hits_at_5": 0.0,
        "z_inverse_harmonic_mean_rank": 0.0012283980160372214
      },
      "pessimistic": {
        "adjusted_arithmetic_mean_rank": 0.9886057953277064,
        "adjusted_arithmetic_mean_rank_index": 0.01139900745310618,
        "adjusted_hits_at_1": -0.00021078182213830787,
        "adjusted_hits_at_10": -0.002111824429194074,
        "adjusted_hits_at_3": -0.0006326121526994293,
        "adjusted_hits_at_5": -0.0010547984400402608,
        "adjusted_inverse_harmonic_mean_rank": -0.0005566445480363021,
        "arithmetic_mean_rank": 2346.375,
        "count": 232.0,
        "geometric_mean_rank": 1806.7364770564882,
        "harmonic_mean_rank": 814.068393911912,
        "hits_at_1": 0.0,
        "hits_at_10": 0.0,
        "hits_at_3": 0.0,
        "hits_at_5": 0.0,
        "inverse_arithmetic_mean_rank": 0.00042618933461190133,
        "inverse_geometric_mean_rank": 0.0005534841481858976,
        "inverse_harmonic_mean_rank": 0.0012283980160372214,
        "inverse_median_rank": 0.000392156862745098,
        "median_absolute_deviation": 1195.718689224768,
        "median_rank": 2550.0,
        "standard_deviation": 1175.1458463684705,
        "variance": 1380967.7602370689,
        "z_arithmetic_mean_rank": -2346.375,
        "z_hits_at_1": 0.0,
        "z_hits_at_10": 0.0,
        "z_hits_at_3": 0.0,
        "z_hits_at_5": 0.0,
        "z_inverse_harmonic_mean_rank": 0.0012283980160372214
      },
      "realistic": {
        "adjusted_arithmetic_mean_rank": 0.9886057953277064,
        "adjusted_arithmetic_mean_rank_index": 0.01139900745310618,
        "adjusted_hits_at_1": -0.00021078182213830787,
        "adjusted_hits_at_10": -0.002111824429194074,
        "adjusted_hits_at_3": -0.0006326121526994293,
        "adjusted_hits_at_5": -0.0010547984400402608,
        "adjusted_inverse_harmonic_mean_rank": -0.0005566445307855588,
        "arithmetic_mean_rank": 2346.375,
        "count": 232.0,
        "geometric_mean_rank": 1806.737548828125,
        "harmonic_mean_rank": 814.0683825001134,
        "hits_at_1": 0.0,
        "hits_at_10": 0.0,
        "hits_at_3": 0.0,
        "hits_at_5": 0.0,
        "inverse_arithmetic_mean_rank": 0.000426189333666116,
        "inverse_geometric_mean_rank": 0.0005534838419407606,
        "inverse_harmonic_mean_rank": 0.0012283980332571886,
        "inverse_median_rank": 0.0003921568568330258,
        "median_absolute_deviation": 1195.718689224768,
        "median_rank": 2550.0,
        "standard_deviation": 1175.1458740234375,
        "variance": 1380967.75,
        "z_arithmetic_mean_rank": -2346.375,
        "z_hits_at_1": 0.0,
        "z_hits_at_10": 0.0,
        "z_hits_at_3": 0.0,
        "z_hits_at_5": 0.0,
        "z_inverse_harmonic_mean_rank": 0.0012283980332571886
      }
    },
    "head": {
      "optimistic": {
        "adjusted_arithmetic_mean_rank": 0.8150539724829475,
        "adjusted_arithmetic_mean_rank_index": 0.1850248135044038,
        "adjusted_hits_at_1": -0.00021300333008983274,
        "adjusted_hits_at_10": -0.0021341244814907815,
        "adjusted_hits_at_3": -0.0006392823287993019,
        "adjusted_hits_at_5": -0.001065924832605045,
        "adjusted_inverse_harmonic_mean_rank": 0.00026953591133838795,
        "arithmetic_mean_rank": 1914.1120689655172,
        "count": 116.0,
        "geometric_mean_rank": 1214.991283236915,
        "harmonic_mean_rank": 483.13289905020144,
        "hits_at_1": 0.0,
        "hits_at_10": 0.0,
        "hits_at_3": 0.0,
        "hits_at_5": 0.0,
        "inverse_arithmetic_mean_rank": 0.0005224354499475313,
        "inverse_geometric_mean_rank": 0.0008230511722980047,
        "inverse_harmonic_mean_rank": 0.0020698238558498412,
        "inverse_median_rank": 0.0005711022272986865,
        "median_absolute_deviation": 1754.65972560138,
        "median_rank": 1751.0,
        "standard_deviation": 1386.4869135979893,
        "variance": 1922345.961578478,
        "z_arithmetic_mean_rank": -1914.1120689655172,
        "z_hits_at_1": 0.0,
        "z_hits_at_10": 0.0,
        "z_hits_at_3": 0.0,
        "z_hits_at_5": 0.0,
        "z_inverse_harmonic_mean_rank": 0.0020698238558498412
      },
      "pessimistic": {
        "adjusted_arithmetic_mean_rank": 0.8150539724829475,
        "adjusted_arithmetic_mean_rank_index": 0.1850248135044038,
        "adjusted_hits_at_1": -0.00021300333008983274,
        "adjusted_hits_at_10": -0.0021341244814907815,
        "adjusted_hits_at_3": -0.0006392823287993019,
        "adjusted_hits_at_5": -0.001065924832605045,
        "adjusted_inverse_harmonic_mean_rank": 0.00026953591133838795,
        "arithmetic_mean_rank": 1914.1120689655172,
        "count": 116.0,
        "geometric_mean_rank": 1214.991283236915,
        "harmonic_mean_rank": 483.13289905020144,
        "hits_at_1": 0.0,
        "hits_at_10": 0.0,
        "hits_at_3": 0.0,
        "hits_at_5": 0.0,
        "inverse_arithmetic_mean_rank": 0.0005224354499475313,
        "inverse_geometric_mean_rank": 0.0008230511722980047,
        "inverse_harmonic_mean_rank": 0.0020698238558498412,
        "inverse_median_rank": 0.0005711022272986865,
        "median_absolute_deviation": 1754.65972560138,
        "median_rank": 1751.0,
        "standard_deviation": 1386.4869135979893,
        "variance": 1922345.961578478,
        "z_arithmetic_mean_rank": -1914.1120689655172,
        "z_hits_at_1": 0.0,
        "z_hits_at_10": 0.0,
        "z_hits_at_3": 0.0,
        "z_hits_at_5": 0.0,
        "z_inverse_harmonic_mean_rank": 0.0020698238558498412
      },
      "realistic": {
        "adjusted_arithmetic_mean_rank": 0.8150539688981795,
        "adjusted_arithmetic_mean_rank_index": 0.18502481709069896,
        "adjusted_hits_at_1": -0.00021300333008983274,
        "adjusted_hits_at_10": -0.0021341244814907815,
        "adjusted_hits_at_3": -0.0006392823287993019,
        "adjusted_hits_at_5": -0.001065924832605045,