{
  "losses": [
    0.06303020089747516,
    0.05911977509960843,
    0.05466843738483434,
    0.050719199693327735,
    0.04726347259883602,
    0.042981984527752676,
    0.04048716043696452,
    0.03738500258023163,
    0.034960521045474,
    0.03253800312238299,
    0.03049940201816746,
    0.02830589091759524,
    0.026437277126674628,
    0.024494140849543544,
    0.02254976157259682,
    0.02086160739384749,
    0.019009600702217997,
    0.01831639916823233,
    0.017074833901021793,
    0.015793435661469003,
    0.01499224015851234,
    0.014346439117956508,
    0.01333364583072595,
    0.012510031066364578,
    0.011967996209234041,
    0.01131291508984545,
    0.010888769009790217,
    0.010606812791866935,
    0.009963312067037327,
    0.009797328154680434
  ],
  "metrics": {
    "both": {
      "optimistic": {
        "adjusted_arithmetic_mean_rank": 1.0434767643605474,
        "adjusted_arithmetic_mean_rank_index": -0.043496755023848754,
        "adjusted_hits_at_1": -0.0002299303187033594,
        "adjusted_hits_at_10": -0.0023040711693982485,
        "adjusted_hits_at_3": -0.0006901083097572828,
        "adjusted_hits_at_5": -0.0011507099259168018,
        "adjusted_inverse_harmonic_mean_rank": -0.0009282987049303409,
        "arithmetic_mean_rank": 2270.4525862068967,
        "count": 232.0,
        "geometric_mean_rank": 1755.3158645867043,
        "harmonic_mean_rank": 1000.3825662885896,
        "hits_at_1": 0.0,
        "hits_at_10": 0.0,
        "hits_at_3": 0.0,
        "hits_at_5": 0.0,
        "inverse_arithmetic_mean_rank": 0.00044044082051087333,
        "inverse_geometric_mean_rank": 0.0005696980356498138,
        "inverse_harmonic_mean_rank": 0.0009996175800124057,
        "inverse_median_rank": 0.0004544421722335833,
        "median_absolute_deviation": 1740.5750045255768,
        "median_rank": 2200.5,
        "standard_deviation": 1289.5891545011941,
        "variance": 1663040.1874071045,
        "z_arithmetic_mean_rank": -2270.4525862068967,
        "z_hits_at_1": 0.0,
        "z_hits_at_10": 0.0,
        "z_hits_at_3": 0.0,
        "z_hits_at_5": 0.0,
        "z_inverse_harmonic_mean_rank": 0.0009996175800124057
      },
      "pessimistic": {
        "adjusted_arithmetic_mean_rank": 1.0434767643605474,
        "adjusted_arithmetic_mean_rank_index": -0.043496755023848754,
        "adjusted_hits_at_1": -0.0002299303187033594,
        "adjusted_hits_at_10": -0.0023040711693982485,
        "adjusted_hits_at_3": -0.0006901083097572828,
        "adjusted_hits_at_5": -0.0011507099259168018,
        "adjusted_inverse_harmonic_mean_rank": -0.0009282987049303409,
        "arithmetic_mean_rank": 2270.4525862068967,
        "count": 232.0,
        "geometric_mean_rank": 1755.3158645867043,
        "harmonic_mean_rank": 1000.3825662885896,
        "hits_at_1": 0.0,
        "hits_at_10": 0.0,
        "hits_at_3": 0.0,
        "hits_at_5": 0.0,
        "inverse_arithmetic_mean_rank": 0.00044044082051087333,
        "inverse_geometric_mean_rank": 0.0005696980356498138,
        "inverse_harmonic_mean_rank": 0.0009996175800124057,
        "inverse_median_rank": 0.0004544421722335833,
        "median_absolute_deviation": 1740.5750045255768,
        "median_rank": 2200.5,
        "standard_deviation": 1289.5891545011941,
        "variance": 1663040.1874071045,
        "z_arithmetic_mean_rank": -2270.4525862068967,
        "z_hits_at_1": 0.0,
        "z_hits_at_10": 0.0,
        "z_hits_at_3": 0.0,
        "z_hits_at_5": 0.0,
        "z_inverse_harmonic_mean_rank": 0.0009996175800124057
      },
      "realistic": {
        "adjusted_arithmetic_mean_rank": 1.043476787575278,
        "adjusted_arithmetic_mean_rank_index": -0.043496778249253465,
        "adjusted_hits_at_1": -0.0002299303187033594,
        "adjusted_hits_at_10": -0.0023040711693982485,
        "adjusted_hits_at_3": -0.0006901083097572828,
        "adjusted_hits_at_5": -0.0011507099259168018,
        "adjusted_inverse_harmonic_mean_rank": -0.0009282987340914507,
        "arithmetic_mean_rank": 2270.45263671875,
        "count": 232.0,
        "geometric_mean_rank": 1755.31591796875,
        "harmonic_mean_rank": 1000.3825954158057,
        "hits_at_1": 0.0,
        "hits_at_10": 0.0,
        "hits_at_3": 0.0,
        "hits_at_5": 0.0,
        "inverse_arithmetic_mean_rank": 0.000440440810052678,
        "inverse_geometric_mean_rank": 0.0005696979933418334,
        "inverse_harmonic_mean_rank": 0.000999617550907464,
        "inverse_median_rank": 0.0004544421681202948,
        "median_absolute_deviation": 1740.5750045255768,
        "median_rank": 2200.5,
        "standard_deviation": 1289.589111328125,
        "variance": 1663040.125,
        "z_arithmetic_mean_rank": -2270.45263671875,
        "z_hits_at_1": 0.0,
        "z_hits_at_10": 0.0,
        "z_hits_at_3": 0.0,
        "z_hits_at_5": 0.0,
        "z_inverse_harmonic_mean_rank": 0.000999617550907464
      }
    },
    "head": {
      "optimistic": {
        "adjusted_arithmetic_mean_rank": 1.0458436293223679,
        "adjusted_arithmetic_mean_rank_index": -0.04586492905283168,
        "adjusted_hits_at_1": -0.00023231864968828038,
        "adjusted_hits_at_10": -0.002328054150452513,
        "adjusted_hits_at_3": -0.0006972799313290434,
        "adjusted_hits_at_5": -0.0011626736915696162,
        "adjusted_inverse_harmonic_mean_rank": -0.0009276042465656952,
        "arithmetic_mean_rank": 2252.0258620689656,
        "count": 116.0,
        "geometric_mean_rank": 1729.2462182160848,
        "harmonic_mean_rank": 982.2397457675266,
        "hits_at_1": 0.0,
        "hits_at_10": 0.0,
        "hits_at_3": 0.0,
        "hits_at_5": 0.0,
        "inverse_arithmetic_mean_rank": 0.0004440446341416732,
        "inverse_geometric_mean_rank": 0.0005782866485211194,
        "inverse_harmonic_mean_rank": 0.0010180813842129708,
        "inverse_median_rank": 0.0004544421722335833,
        "median_absolute_deviation": 1785.0530710807448,
        "median_rank": 2200.5,
        "standard_deviation": 1285.039657654559,
        "variance": 1651326.9217449462,
        "z_arithmetic_mean_rank": -2252.0258620689656,
        "z_hits_at_1": 0.0,
        "z_hits_at_10": 0.0,
        "z_hits_at_3": 0.0,
        "z_hits_at_5": 0.0,
        "z_inverse_harmonic_mean_rank": 0.0010180813842129708
      },
      "pessimistic": {
        "adjusted_arithmetic_mean_rank": 1.0458436293223679,
        "adjusted_arithmetic_mean_rank_index": -0.04586492905283168,
        "adjusted_hits_at_1": -0.00023231864968828038,
        "adjusted_hits_at_10": -0.002328054150452513,
        "adjusted_hits_at_3": -0.0006972799313290434,
        "adjusted_hits_at_5": -0.0011626736915696162,
        "adjusted_inverse_harmonic_mean_rank": -0.0009276042465656952,
        "arithmetic_mean_rank": 2252.0258620689656,
        "count": 116.0,
        "geometric_mean_rank": 1729.2462182160848,
        "harmonic_mean_rank": 982.2397457675266,
        "hits_at_1": 0.0,
        "hits_at_10": 0.0,
        "hits_at_3": 0.0,
        "hits_at_5": 0.0,
        "inverse_arithmetic_mean_rank": 0.0004440446341416732,
        "inverse_geometric_mean_rank": 0.0005782866485211194,
        "inverse_harmonic_mean_rank": 0.0010180813842129708,
        "inverse_median_rank": 0.0004544421722335833,
        "median_absolute_deviation": 1785.0530710807448,
        "median_rank": 2200.5,
        "standard_deviation": 1285.039657654559,
        "variance": 1651326.9217449462,
        "z_arithmetic_mean_rank": -2252.0258620689656,
        "z_hits_at_1": 0.0,
        "z_hits_at_10": 0.0,
        "z_hits_at_3": 0.0,
        "z_hits_at_5": 0.0,
        "z_inverse_harmonic_mean_rank": 0.0010180813842129708
      },
      "realistic": {
        "adjusted_arithmetic_mean_rank": 1.045843637141624,
        "adjusted_arithmetic_mean_rank_index": -0.04586493687572046,
        "adjusted_hits_at_1": -0.00023231864968828038,
        "adjusted_hits_at_10": -0.002328054150452513,