{
  "losses": [
    0.004012546462615164,
    0.003978789897505314,
    0.0039546156308714305,
    0.003936850739547943,
    0.003923606013728943,
    0.003917891224079351,
    0.003916323831243534,
    0.003915785938908871,
    0.003915319183663959,
    0.003914745724579633,
    0.003913551527695098,
    0.00391248609781136,
    0.003910456926059625,
    0.003907714979554233,
    0.0039041536513972474,
    0.0038987955345632687,
    0.003891816139795659,
    0.003884015715371398,
    0.0038758736871450854,
    0.0038658400327568634,
    0.0038551190669088077,
    0.0038427086337762643,
    0.003831082155572227,
    0.0038160774896076072,
    0.003800151843736275,
    0.0037746430412774114,
    0.0037489975154360376,
    0.003718374102354466,
    0.0036785273578940915,
    0.003639757855815576
  ],
  "metrics": {
    "both": {
      "optimistic": {
        "adjusted_arithmetic_mean_rank": 0.8961443727984213,
        "adjusted_arithmetic_mean_rank_index": 0.10389935858396437,
        "adjusted_hits_at_1": -0.00021056216689364367,
        "adjusted_hits_at_10": 0.002209818491727263,
        "adjusted_hits_at_3": -0.0006319526313117773,
        "adjusted_hits_at_5": -0.0010536983104662341,
        "adjusted_inverse_harmonic_mean_rank": 0.0008478504812207617,
        "arithmetic_mean_rank": 2129.1077586206898,
        "count": 232.0,
        "geometric_mean_rank": 1297.5365689576763,
        "harmonic_mean_rank": 380.4052889002042,
        "hits_at_1": 0.0,
        "hits_at_10": 0.004310344827586207,
        "hits_at_3": 0.0,
        "hits_at_5": 0.0,
        "inverse_arithmetic_mean_rank": 0.0004696803137140578,
        "inverse_geometric_mean_rank": 0.0007706911881514906,
        "inverse_harmonic_mean_rank": 0.002628775227839539,
        "inverse_median_rank": 0.0005314908317831517,
        "median_absolute_deviation": 2152.738421270134,
        "median_rank": 1881.5,
        "standard_deviation": 1567.4695211055862,
        "variance": 2456960.699594976,
        "z_arithmetic_mean_rank": -2129.1077586206898,
        "z_hits_at_1": 0.0,
        "z_hits_at_10": 0.004310344827586207,
        "z_hits_at_3": 0.0,
        "z_hits_at_5": 0.0,
        "z_inverse_harmonic_mean_rank": 0.002628775227839539
      },
      "pessimistic": {
        "adjusted_arithmetic_mean_rank": 0.8961443727984213,
        "adjusted_arithmetic_mean_rank_index": 0.10389935858396437,
        "adjusted_hits_at_1": -0.00021056216689364367,
        "adjusted_hits_at_10": 0.002209818491727263,
        "adjusted_hits_at_3": -0.0006319526313117773,
        "adjusted_hits_at_5": -0.0010536983104662341,
        "adjusted_inverse_harmonic_mean_rank": 0.0008478504812207617,
        "arithmetic_mean_rank": 2129.1077586206898,
        "count": 232.0,
        "geometric_mean_rank": 1297.5365689576763,
        "harmonic_mean_rank": 380.4052889002042,
        "hits_at_1": 0.0,
        "hits_at_10": 0.004310344827586207,
        "hits_at_3": 0.0,
        "hits_at_5": 0.0,
        "inverse_arithmetic_mean_rank": 0.0004696803137140578,
        "inverse_geometric_mean_rank": 0.0007706911881514906,
        "inverse_harmonic_mean_rank": 0.002628775227839539,
        "inverse_median_rank": 0.0005314908317831517,
        "median_absolute_deviation": 2152.738421270134,
        "median_rank": 1881.5,
        "standard_deviation": 1567.4695211055862,
        "variance": 2456960.699594976,
        "z_arithmetic_mean_rank": -2129.1077586206898,
        "z_hits_at_1": 0.0,
        "z_hits_at_10": 0.004310344827586207,
        "z_hits_at_3": 0.0,
        "z_hits_at_5": 0.0,
        "z_inverse_harmonic_mean_rank": 0.002628775227839539
      },
      "realistic": {
        "adjusted_arithmetic_mean_rank": 0.8961443338208226,
        "adjusted_arithmetic_mean_rank_index": 0.10389939757797562,
        "adjusted_hits_at_1": -0.00021056216689364367,
        "adjusted_hits_at_10": 0.002209818491727263,
        "adjusted_hits_at_3": -0.0006319526313117773,
        "adjusted_hits_at_5": -0.0010536983104662341,
        "adjusted_inverse_harmonic_mean_rank": 0.0008478505026869315,
        "arithmetic_mean_rank": 2129.107666015625,
        "count": 232.0,
        "geometric_mean_rank": 1297.5367431640625,
        "harmonic_mean_rank": 380.40528579941065,
        "hits_at_1": 0.0,
        "hits_at_10": 0.004310344827586207,
        "hits_at_3": 0.0,
        "hits_at_5": 0.0,
        "inverse_arithmetic_mean_rank": 0.000469680322567001,
        "inverse_geometric_mean_rank": 0.0007706910837441683,
        "inverse_harmonic_mean_rank": 0.002628775249267447,
        "inverse_median_rank": 0.0005314908339641988,
        "median_absolute_deviation": 2152.738421270134,
        "median_rank": 1881.5,
        "standard_deviation": 1567.469482421875,
        "variance": 2456960.5,
        "z_arithmetic_mean_rank": -2129.107666015625,
        "z_hits_at_1": 0.0,
        "z_hits_at_10": 0.004310344827586207,
        "z_hits_at_3": 0.0,
        "z_hits_at_5": 0.0,
        "z_inverse_harmonic_mean_rank": 0.002628775249267447
      }
    },
    "head": {
      "optimistic": {
        "adjusted_arithmetic_mean_rank": 0.8034243908909338,
        "adjusted_arithmetic_mean_rank_index": 0.19665917614904416,
        "adjusted_hits_at_1": -0.0002125647677931381,
        "adjusted_hits_at_10": 0.006509327314978582,
        "adjusted_hits_at_3": -0.0006379655213652322,
        "adjusted_hits_at_5": -0.0010637282835880741,
        "adjusted_inverse_harmonic_mean_rank": 0.002004670615249738,
        "arithmetic_mean_rank": 1890.7068965517242,
        "count": 116.0,
        "geometric_mean_rank": 1126.1028483954271,
        "harmonic_mean_rank": 263.25778133286605,
        "hits_at_1": 0.0,
        "hits_at_10": 0.008620689655172414,
        "hits_at_3": 0.0,
        "hits_at_5": 0.0,
        "inverse_arithmetic_mean_rank": 0.0005289027092585331,
        "inverse_geometric_mean_rank": 0.0008880183558943041,
        "inverse_harmonic_mean_rank": 0.003798558184821853,
        "inverse_median_rank": 0.0006491398896462187,
        "median_absolute_deviation": 1653.842774742999,
        "median_rank": 1540.5,
        "standard_deviation": 1435.179413374205,
        "variance": 2059739.9485731272,
        "z_arithmetic_mean_rank": -1890.7068965517242,
        "z_hits_at_1": 0.0,
        "z_hits_at_10": 0.008620689655172414,
        "z_hits_at_3": 0.0,
        "z_hits_at_5": 0.0,
        "z_inverse_harmonic_mean_rank": 0.003798558184821853
      },
      "pessimistic": {
        "adjusted_arithmetic_mean_rank": 0.8034243908909338,
        "adjusted_arithmetic_mean_rank_index": 0.19665917614904416,
        "adjusted_hits_at_1": -0.0002125647677931381,
        "adjusted_hits_at_10": 0.006509327314978582,
        "adjusted_hits_at_3": -0.0006379655213652322,
        "adjusted_hits_at_5": -0.0010637282835880741,
        "adjusted_inverse_harmonic_mean_rank": 0.002004670615249738,
        "arithmetic_mean_rank": 1890.7068965517242,
        "count": 116.0,
        "geometric_mean_rank": 1126.1028483954271,
        "harmonic_mean_rank": 263.25778133286605,
        "hits_at_1": 0.0,
        "hits_at_10": 0.008620689655172414,
        "hits_at_3": 0.0,
        "hits_at_5": 0.0,
        "inverse_arithmetic_mean_rank": 0.0005289027092585331,
        "inverse_geometric_mean_rank": 0.0008880183558943041,
        "inverse_harmonic_mean_rank": 0.003798558184821853,
        "inverse_median_rank": 0.0006491398896462187,
        "median_absolute_deviation": 1653.842774742999,
        "median_rank": 1540.5,
        "standard_deviation": 1435.179413374205,
        "variance": 2059739.9485731272,
        "z_arithmetic_mean_rank": -1890.7068965517242,
        "z_hits_at_1": 0.0,
        "z_hits_at_10": 0.008620689655172414,
        "z_hits_at_3": 0.0,
        "z_hits_at_5": 0.0,
        "z_inverse_harmonic_mean_rank": 0.003798558184821853
      },
      "realistic": {
        "adjusted_arithmetic_mean_rank": 0.8034243962569764,