{
  "losses": [
    0.18969443717438603,
    0.16300266445792516,
    0.1483625719097894,
    0.13800496361670841,
    0.13093611519205003,
    0.1258936530961652,
    0.1222313418531122,
    0.11945222080576083,
    0.11724790427549928,
    0.11504715714467002,
    0.11304484412696131,
    0.11099013560694762,
    0.10891221605232772,
    0.1068899010931194,
    0.10488038907230034,
    0.10290395147175281,
    0.10083422911582916,
    0.09881588200705359,
    0.09677120680033777,
    0.09474453036522737,
    0.09274119031363945,
    0.09076479602797866,
    0.08881553110821579,
    0.08683693844843654,
    0.08494460893663956,
    0.08302109753192961,
    0.08116013971727072,
    0.07933715297316839,
    0.07754781638116091,
    0.0757665030389412
  ],
  "metrics": {
    "both": {
      "optimistic": {
        "adjusted_arithmetic_mean_rank": 1.0532514828221966,
        "adjusted_arithmetic_mean_rank_index": -0.05327392088948146,
        "adjusted_hits_at_1": -0.00021070542960217688,
        "adjusted_hits_at_10": 0.0022083866160790863,
        "adjusted_hits_at_3": -0.0006323827817779457,
        "adjusted_hits_at_5": -0.0010544158325748122,
        "adjusted_inverse_harmonic_mean_rank": -0.00012134693228793687,
        "arithmetic_mean_rank": 2500.698275862069,
        "count": 232.0,
        "geometric_mean_rank": 1942.3839158488877,
        "harmonic_mean_rank": 601.5553227675485,
        "hits_at_1": 0.0,
        "hits_at_10": 0.004310344827586207,
        "hits_at_3": 0.0,
        "hits_at_5": 0.0,
        "inverse_arithmetic_mean_rank": 0.00039988830705906285,
        "inverse_geometric_mean_rank": 0.0005148312812109371,
        "inverse_harmonic_mean_rank": 0.0016623574958980413,
        "inverse_median_rank": 0.00036536353671903543,
        "median_absolute_deviation": 1028.184638533635,
        "median_rank": 2737.0,
        "standard_deviation": 1133.8374626555453,
        "variance": 1285587.3917211653,
        "z_arithmetic_mean_rank": -2500.698275862069,
        "z_hits_at_1": 0.0,
        "z_hits_at_10": 0.004310344827586207,
        "z_hits_at_3": 0.0,
        "z_hits_at_5": 0.0,
        "z_inverse_harmonic_mean_rank": 0.0016623574958980413
      },
      "pessimistic": {
        "adjusted_arithmetic_mean_rank": 1.0532514828221966,
        "adjusted_arithmetic_mean_rank_index": -0.05327392088948146,
        "adjusted_hits_at_1": -0.00021070542960217688,
        "adjusted_hits_at_10": 0.0022083866160790863,
        "adjusted_hits_at_3": -0.0006323827817779457,
        "adjusted_hits_at_5": -0.0010544158325748122,
        "adjusted_inverse_harmonic_mean_rank": -0.00012134693228793687,
        "arithmetic_mean_rank": 2500.698275862069,
        "count": 232.0,
        "geometric_mean_rank": 1942.3839158488877,
        "harmonic_mean_rank": 601.5553227675485,
        "hits_at_1": 0.0,
        "hits_at_10": 0.004310344827586207,
        "hits_at_3": 0.0,
        "hits_at_5": 0.0,
        "inverse_arithmetic_mean_rank": 0.00039988830705906285,
        "inverse_geometric_mean_rank": 0.0005148312812109371,
        "inverse_harmonic_mean_rank": 0.0016623574958980413,
        "inverse_median_rank": 0.00036536353671903543,
        "median_absolute_deviation": 1028.184638533635,
        "median_rank": 2737.0,
        "standard_deviation": 1133.8374626555453,
        "variance": 1285587.3917211653,
        "z_arithmetic_mean_rank": -2500.698275862069,
        "z_hits_at_1": 0.0,
        "z_hits_at_10": 0.004310344827586207,
        "z_hits_at_3": 0.0,
        "z_hits_at_5": 0.0,
        "z_inverse_harmonic_mean_rank": 0.0016623574958980413
      },
      "realistic": {
        "adjusted_arithmetic_mean_rank": 1.0532514686390424,
        "adjusted_arithmetic_mean_rank_index": -0.053273906700350704,
        "adjusted_hits_at_1": -0.00021070542960217688,
        "adjusted_hits_at_10": 0.0022083866160790863,
        "adjusted_hits_at_3": -0.0006323827817779457,
        "adjusted_hits_at_5": -0.0010544158325748122,
        "adjusted_inverse_harmonic_mean_rank": -0.00012134694270468107,
        "arithmetic_mean_rank": 2500.6982421875,
        "count": 232.0,
        "geometric_mean_rank": 1942.38427734375,
        "harmonic_mean_rank": 601.5553265303205,
        "hits_at_1": 0.0,
        "hits_at_10": 0.004310344827586207,
        "hits_at_3": 0.0,
        "hits_at_5": 0.0,
        "inverse_arithmetic_mean_rank": 0.0003998883184976876,
        "inverse_geometric_mean_rank": 0.0005148311611264944,
        "inverse_harmonic_mean_rank": 0.0016623574854998753,
        "inverse_median_rank": 0.00036536355037242174,
        "median_absolute_deviation": 1028.184638533635,
        "median_rank": 2737.0,
        "standard_deviation": 1133.8375244140625,
        "variance": 1285587.5,
        "z_arithmetic_mean_rank": -2500.6982421875,
        "z_hits_at_1": 0.0,
        "z_hits_at_10": 0.004310344827586207,
        "z_hits_at_3": 0.0,
        "z_hits_at_5": 0.0,
        "z_inverse_harmonic_mean_rank": 0.0016623574854998753
      }
    },
    "head": {
      "optimistic": {
        "adjusted_arithmetic_mean_rank": 0.8661047009500346,
        "adjusted_arithmetic_mean_rank_index": 0.13395229668165032,
        "adjusted_hits_at_1": -0.00021285091937457584,
        "adjusted_hits_at_10": 0.006506479574579472,
        "adjusted_hits_at_3": -0.0006388247069761256,
        "adjusted_hits_at_5": -0.001065161479273462,
        "adjusted_inverse_harmonic_mean_rank": 0.001171614824746276,
        "arithmetic_mean_rank": 2035.4655172413793,
        "count": 116.0,
        "geometric_mean_rank": 1304.1229959027798,
        "harmonic_mean_rank": 336.79814217955595,
        "hits_at_1": 0.0,
        "hits_at_10": 0.008620689655172414,
        "hits_at_3": 0.0,
        "hits_at_5": 0.0,
        "inverse_arithmetic_mean_rank": 0.0004912881065925782,
        "inverse_geometric_mean_rank": 0.0007667988396353286,
        "inverse_harmonic_mean_rank": 0.0029691375181840336,
        "inverse_median_rank": 0.0005239717055279015,
        "median_absolute_deviation": 1593.7973848935221,
        "median_rank": 1908.5,
        "standard_deviation": 1319.708316983108,
        "variance": 1741630.0419143876,
        "z_arithmetic_mean_rank": -2035.4655172413793,
        "z_hits_at_1": 0.0,
        "z_hits_at_10": 0.008620689655172414,
        "z_hits_at_3": 0.0,
        "z_hits_at_5": 0.0,
        "z_inverse_harmonic_mean_rank": 0.0029691375181840336
      },
      "pessimistic": {
        "adjusted_arithmetic_mean_rank": 0.8661047009500346,
        "adjusted_arithmetic_mean_rank_index": 0.13395229668165032,
        "adjusted_hits_at_1": -0.00021285091937457584,
        "adjusted_hits_at_10": 0.006506479574579472,
        "adjusted_hits_at_3": -0.0006388247069761256,
        "adjusted_hits_at_5": -0.001065161479273462,
        "adjusted_inverse_harmonic_mean_rank": 0.001171614824746276,
        "arithmetic_mean_rank": 2035.4655172413793,
        "count": 116.0,
        "geometric_mean_rank": 1304.1229959027798,
        "harmonic_mean_rank": 336.79814217955595,
        "hits_at_1": 0.0,
        "hits_at_10": 0.008620689655172414,
        "hits_at_3": 0.0,
        "hits_at_5": 0.0,
        "inverse_arithmetic_mean_rank": 0.0004912881065925782,
        "inverse_geometric_mean_rank": 0.0007667988396353286,
        "inverse_harmonic_mean_rank": 0.0029691375181840336,
        "inverse_median_rank": 0.0005239717055279015,
        "median_absolute_deviation": 1593.7973848935221,
        "median_rank": 1908.5,
        "standard_deviation": 1319.708316983108,
        "variance": 1741630.0419143876,
        "z_arithmetic_mean_rank": -2035.4655172413793,
        "z_hits_at_1": 0.0,
        "z_hits_at_10": 0.008620689655172414,
        "z_hits_at_3": 0.0,
        "z_hits_at_5": 0.0,
        "z_inverse_harmonic_mean_rank": 0.0029691375181840336
      },
      "realistic": {
        "adjusted_arithmetic_mean_rank": 0.8661047260253694,
        "adjusted_arithmetic_mean_rank_index": 0.13395227159564127,