{
  "losses": [
    0.004505271236464688,
    0.004267894306243893,
    0.0041037864362738164,
    0.003938521057691155,
    0.0038157606488839362,
    0.0037248081488972006,
    0.0036191858376560908,
    0.0035408318666575486,
    0.0034151788147582457,
    0.003318585588029127,
    0.003273069318171605,
    0.0032014752235359194,
    0.003119116925802257,
    0.0030688114201543365,
    0.0029866726237466738,
    0.0029462523900956345,
    0.0029040708374034625,
    0.00285606130855289,
    0.002833306225178504,
    0.0027873803397733586,
    0.0027445601182066277,
    0.0027196519049507216,
    0.0026538046222791285,
    0.0026170723311591646,
    0.00262278294167545,
    0.0025551029502785243,
    0.0025473624600957897,
    0.0025542611305288186,
    0.002521029353721898,
    0.002479705283835875
  ],
  "metrics": {
    "both": {
      "optimistic": {
        "adjusted_arithmetic_mean_rank": 1.2530293833252455,
        "adjusted_arithmetic_mean_rank_index": -0.2531458115415042,
        "adjusted_hits_at_1": -0.00023010141548593596,
        "adjusted_hits_at_10": 0.0020144943311466747,
        "adjusted_hits_at_3": 0.0036226995741742546,
        "adjusted_hits_at_5": 0.0031637414921849207,
        "adjusted_inverse_harmonic_mean_rank": 0.0014770331330575398,
        "arithmetic_mean_rank": 2724.418103448276,
        "count": 232.0,
        "geometric_mean_rank": 2111.8915751327604,
        "harmonic_mean_rank": 293.9832524332142,
        "hits_at_1": 0.0,
        "hits_at_10": 0.004310344827586207,
        "hits_at_3": 0.004310344827586207,
        "hits_at_5": 0.004310344827586207,
        "inverse_arithmetic_mean_rank": 0.00036705085711121485,
        "inverse_geometric_mean_rank": 0.00047350915727628525,
        "inverse_harmonic_mean_rank": 0.0034015543121021,
        "inverse_median_rank": 0.00033288948069241014,
        "median_absolute_deviation": 1328.4115877810193,
        "median_rank": 3004.0,
        "standard_deviation": 1265.2816274415868,
        "variance": 1600937.5967412307,
        "z_arithmetic_mean_rank": -2724.418103448276,
        "z_hits_at_1": 0.0,
        "z_hits_at_10": 0.004310344827586207,
        "z_hits_at_3": 0.004310344827586207,
        "z_hits_at_5": 0.004310344827586207,
        "z_inverse_harmonic_mean_rank": 0.0034015543121021
      },
      "pessimistic": {
        "adjusted_arithmetic_mean_rank": 1.2530313657627847,
        "adjusted_arithmetic_mean_rank_index": -0.2531477948912366,
        "adjusted_hits_at_1": -0.00023010141548593596,
        "adjusted_hits_at_10": 0.0020144943311466747,
        "adjusted_hits_at_3": 0.0036226995741742546,
        "adjusted_hits_at_5": 0.0031637414921849207,
        "adjusted_inverse_harmonic_mean_rank": 0.0014770325863152052,
        "arithmetic_mean_rank": 2724.4224137931033,
        "count": 232.0,
        "geometric_mean_rank": 2111.894814053949,
        "harmonic_mean_rank": 293.98329959498466,
        "hits_at_1": 0.0,
        "hits_at_10": 0.004310344827586207,
        "hits_at_3": 0.004310344827586207,
        "hits_at_5": 0.004310344827586207,
        "inverse_arithmetic_mean_rank": 0.0003670502763951866,
        "inverse_geometric_mean_rank": 0.0004735084310758929,
        "inverse_harmonic_mean_rank": 0.0034015537664135393,
        "inverse_median_rank": 0.00033288948069241014,
        "median_absolute_deviation": 1328.4115877810193,
        "median_rank": 3004.0,
        "standard_deviation": 1265.2819206832787,
        "variance": 1600938.3388079668,
        "z_arithmetic_mean_rank": -2724.4224137931033,
        "z_hits_at_1": 0.0,
        "z_hits_at_10": 0.004310344827586207,
        "z_hits_at_3": 0.004310344827586207,
        "z_hits_at_5": 0.004310344827586207,
        "z_inverse_harmonic_mean_rank": 0.0034015537664135393
      },
      "realistic": {
        "adjusted_arithmetic_mean_rank": 1.2530303319525837,
        "adjusted_arithmetic_mean_rank_index": -0.253146760605341,
        "adjusted_hits_at_1": -0.00023010141548593596,
        "adjusted_hits_at_10": 0.0020144943311466747,
        "adjusted_hits_at_3": 0.0036226995741742546,
        "adjusted_hits_at_5": 0.0031637414921849207,
        "adjusted_inverse_harmonic_mean_rank": 0.0014770331712242607,
        "arithmetic_mean_rank": 2724.420166015625,
        "count": 232.0,
        "geometric_mean_rank": 2111.8935546875,
        "harmonic_mean_rank": 293.983249140969,
        "hits_at_1": 0.0,
        "hits_at_10": 0.004310344827586207,
        "hits_at_3": 0.004310344827586207,
        "hits_at_5": 0.004310344827586207,
        "inverse_arithmetic_mean_rank": 0.00036705058300867677,
        "inverse_geometric_mean_rank": 0.0004735087277367711,
        "inverse_harmonic_mean_rank": 0.0034015543501952597,
        "inverse_median_rank": 0.0003328894672449678,
        "median_absolute_deviation": 1328.4115877810193,
        "median_rank": 3004.0,
        "standard_deviation": 1265.28173828125,
        "variance": 1600937.875,
        "z_arithmetic_mean_rank": -2724.420166015625,
        "z_hits_at_1": 0.0,
        "z_hits_at_10": 0.004310344827586207,
        "z_hits_at_3": 0.004310344827586207,
        "z_hits_at_5": 0.004310344827586207,
        "z_inverse_harmonic_mean_rank": 0.0034015543501952597
      }
    },
    "head": {
      "optimistic": {
        "adjusted_arithmetic_mean_rank": 0.995489459488735,
        "adjusted_arithmetic_mean_rank_index": 0.00451263927860257,
        "adjusted_hits_at_1": -0.00023266039854272065,
        "adjusted_hits_at_10": 0.006309302686734694,
        "adjusted_hits_at_3": 0.007928403403626529,
        "adjusted_hits_at_5": 0.007466341843825859,
        "adjusted_inverse_harmonic_mean_rank": 0.004422834003246224,
        "arithmetic_mean_rank": 2140.439655172414,
        "count": 116.0,
        "geometric_mean_rank": 1454.543512514884,
        "harmonic_mean_rank": 157.21702879833228,
        "hits_at_1": 0.0,
        "hits_at_10": 0.008620689655172414,
        "hits_at_3": 0.008620689655172414,
        "hits_at_5": 0.008620689655172414,
        "inverse_arithmetic_mean_rank": 0.0004671937363819067,
        "inverse_geometric_mean_rank": 0.0006875009179141124,
        "inverse_harmonic_mean_rank": 0.00636063413514025,
        "inverse_median_rank": 0.0004385964912280702,
        "median_absolute_deviation": 1719.8185734664983,
        "median_rank": 2280.0,
        "standard_deviation": 1281.5660966768764,
        "variance": 1642411.6601516053,
        "z_arithmetic_mean_rank": -2140.439655172414,
        "z_hits_at_1": 0.0,
        "z_hits_at_10": 0.008620689655172414,
        "z_hits_at_3": 0.008620689655172414,
        "z_hits_at_5": 0.008620689655172414,
        "z_inverse_harmonic_mean_rank": 0.00636063413514025
      },
      "pessimistic": {
        "adjusted_arithmetic_mean_rank": 0.9954934688545979,
        "adjusted_arithmetic_mean_rank_index": 0.004508628047170338,
        "adjusted_hits_at_1": -0.00023266039854272065,
        "adjusted_hits_at_10": 0.006309302686734694,
        "adjusted_hits_at_3": 0.007928403403626529,
        "adjusted_hits_at_5": 0.007466341843825859,
        "adjusted_inverse_harmonic_mean_rank": 0.004422832909740695,
        "arithmetic_mean_rank": 2140.448275862069,
        "count": 116.0,
        "geometric_mean_rank": 1454.5479740653452,
        "harmonic_mean_rank": 157.21705577411709,
        "hits_at_1": 0.0,
        "hits_at_10": 0.008620689655172414,
        "hits_at_3": 0.008620689655172414,
        "hits_at_5": 0.008620689655172414,
        "inverse_arithmetic_mean_rank": 0.0004671918547516634,
        "inverse_geometric_mean_rank": 0.0006874988091352394,
        "inverse_harmonic_mean_rank": 0.0063606330437631295,
        "inverse_median_rank": 0.0004385964912280702,
        "median_absolute_deviation": 1719.8185734664983,
        "median_rank": 2280.0,
        "standard_deviation": 1281.5706039238944,
        "variance": 1642423.2128418551,
        "z_arithmetic_mean_rank": -2140.448275862069,