{
  "losses": [
    13.280687716242621,
    10.706784785766859,
    8.571367491627951,
    6.799540965329178,
    5.331123983965575,
    4.117209695604981,
    3.1170699261633805,
    2.2964194790511727,
    1.6262682470153107,
    1.0820810816516488,
    0.6447095561333431,
    0.30927771343164334,
    0.09708622212683132,
    0.016079324604868783,
    0.0042858375611703635,
    0.003917966504519506,
    0.003911629928665616,
    0.003909680241741665,
    0.0039059702304966243,
    0.003908975175630399,
    0.0039041341769322597,
    0.003903312856451186,
    0.0039042961374118196,
    0.003897664245514473,
    0.003897425396084376,
    0.003899880955933189,
    0.003895847296601325,
    0.0038967662910030345,
    0.0038934200149395044,
    0.0038933725064364223
  ],
  "metrics": {
    "both": {
      "optimistic": {
        "adjusted_arithmetic_mean_rank": 1.2827630563559662,
        "adjusted_arithmetic_mean_rank_index": -0.28288214128151457,
        "adjusted_hits_at_1": 0.004100655429988402,
        "adjusted_hits_at_10": 0.002209468905387875,
        "adjusted_hits_at_3": 0.003681011563216705,
        "adjusted_hits_at_5": 0.0032610138952076867,
        "adjusted_inverse_harmonic_mean_rank": 0.003469822639036278,
        "arithmetic_mean_rank": 3047.1594827586205,
        "count": 232.0,
        "geometric_mean_rank": 2583.812479022019,
        "harmonic_mean_rank": 190.6094421812949,
        "hits_at_1": 0.004310344827586207,
        "hits_at_10": 0.004310344827586207,
        "hits_at_3": 0.004310344827586207,
        "hits_at_5": 0.004310344827586207,
        "inverse_arithmetic_mean_rank": 0.0003281744869798187,
        "inverse_geometric_mean_rank": 0.0003870249904429996,
        "inverse_harmonic_mean_rank": 0.005246329817433006,
        "inverse_median_rank": 0.000299356383774884,
        "median_absolute_deviation": 707.2012582271722,
        "median_rank": 3340.5,
        "standard_deviation": 1079.7130826958428,
        "variance": 1165780.34094456,
        "z_arithmetic_mean_rank": -3047.1594827586205,
        "z_hits_at_1": 0.004310344827586207,
        "z_hits_at_10": 0.004310344827586207,
        "z_hits_at_3": 0.004310344827586207,
        "z_hits_at_5": 0.004310344827586207,
        "z_inverse_harmonic_mean_rank": 0.005246329817433006
      },
      "pessimistic": {
        "adjusted_arithmetic_mean_rank": 1.2827666854086208,
        "adjusted_arithmetic_mean_rank_index": -0.2828857718625355,
        "adjusted_hits_at_1": 0.004100655429988402,
        "adjusted_hits_at_10": 0.002209468905387875,
        "adjusted_hits_at_3": 0.003681011563216705,
        "adjusted_hits_at_5": 0.0032610138952076867,
        "adjusted_inverse_harmonic_mean_rank": 0.003469820227582429,
        "arithmetic_mean_rank": 3047.168103448276,
        "count": 232.0,
        "geometric_mean_rank": 2583.8233465066014,
        "harmonic_mean_rank": 190.6095296379917,
        "hits_at_1": 0.004310344827586207,
        "hits_at_10": 0.004310344827586207,
        "hits_at_3": 0.004310344827586207,
        "hits_at_5": 0.004310344827586207,
        "inverse_arithmetic_mean_rank": 0.00032817355854715304,
        "inverse_geometric_mean_rank": 0.0003870233626273355,
        "inverse_harmonic_mean_rank": 0.005246327410278038,
        "inverse_median_rank": 0.000299356383774884,
        "median_absolute_deviation": 707.2012582271722,
        "median_rank": 3340.5,
        "standard_deviation": 1079.7085423374233,
        "variance": 1165770.5363964033,
        "z_arithmetic_mean_rank": -3047.168103448276,
        "z_hits_at_1": 0.004310344827586207,
        "z_hits_at_10": 0.004310344827586207,
        "z_hits_at_3": 0.004310344827586207,
        "z_hits_at_5": 0.004310344827586207,
        "z_inverse_harmonic_mean_rank": 0.005246327410278038
      },
      "realistic": {
        "adjusted_arithmetic_mean_rank": 1.2827648815142838,
        "adjusted_arithmetic_mean_rank_index": -0.28288396720849285,
        "adjusted_hits_at_1": 0.004100655429988402,
        "adjusted_hits_at_10": 0.002209468905387875,
        "adjusted_hits_at_3": 0.003681011563216705,
        "adjusted_hits_at_5": 0.0032610138952076867,
        "adjusted_inverse_harmonic_mean_rank": 0.00346982120169743,
        "arithmetic_mean_rank": 3047.163818359375,
        "count": 232.0,
        "geometric_mean_rank": 2583.817626953125,
        "harmonic_mean_rank": 190.60949430955128,
        "hits_at_1": 0.004310344827586207,
        "hits_at_10": 0.004310344827586207,
        "hits_at_3": 0.004310344827586207,
        "hits_at_5": 0.004310344827586207,
        "inverse_arithmetic_mean_rank": 0.0003281740064267069,
        "inverse_geometric_mean_rank": 0.0003870242217089981,
        "inverse_harmonic_mean_rank": 0.005246328382656492,
        "inverse_median_rank": 0.0002993563830386847,
        "median_absolute_deviation": 707.2012582271722,
        "median_rank": 3340.5,
        "standard_deviation": 1079.7108154296875,
        "variance": 1165775.5,
        "z_arithmetic_mean_rank": -3047.163818359375,
        "z_hits_at_1": 0.004310344827586207,
        "z_hits_at_10": 0.004310344827586207,
        "z_hits_at_3": 0.004310344827586207,
        "z_hits_at_5": 0.004310344827586207,
        "z_inverse_harmonic_mean_rank": 0.005246328382656492
      }
    },
    "head": {
      "optimistic": {
        "adjusted_arithmetic_mean_rank": 1.1415122501626827,
        "adjusted_arithmetic_mean_rank_index": -0.1415724286231026,
        "adjusted_hits_at_1": 0.00840988873459945,
        "adjusted_hits_at_10": 0.006508638605207308,
        "adjusted_hits_at_3": 0.007988017838410705,
        "adjusted_hits_at_5": 0.007565787820438593,
        "adjusted_inverse_harmonic_mean_rank": 0.008411818980958276,
        "arithmetic_mean_rank": 2685.456896551724,
        "count": 116.0,
        "geometric_mean_rank": 1973.3854794040624,
        "harmonic_mean_rank": 98.09016073224636,
        "hits_at_1": 0.008620689655172414,
        "hits_at_10": 0.008620689655172414,
        "hits_at_3": 0.008620689655172414,
        "hits_at_5": 0.008620689655172414,
        "inverse_arithmetic_mean_rank": 0.00037237611271439717,
        "inverse_geometric_mean_rank": 0.0005067433658739536,
        "inverse_harmonic_mean_rank": 0.010194702430243424,
        "inverse_median_rank": 0.0003332777870354941,
        "median_absolute_deviation": 1729.4554878867846,
        "median_rank": 3000.5,
        "standard_deviation": 1378.8392694221882,
        "variance": 1901197.7309007137,
        "z_arithmetic_mean_rank": -2685.456896551724,
        "z_hits_at_1": 0.008620689655172414,
        "z_hits_at_10": 0.008620689655172414,
        "z_hits_at_3": 0.008620689655172414,
        "z_hits_at_5": 0.008620689655172414,
        "z_inverse_harmonic_mean_rank": 0.010194702430243424
      },
      "pessimistic": {
        "adjusted_arithmetic_mean_rank": 1.141515914575565,
        "adjusted_arithmetic_mean_rank_index": -0.1415760945942861,
        "adjusted_hits_at_1": 0.00840988873459945,
        "adjusted_hits_at_10": 0.006508638605207308,
        "adjusted_hits_at_3": 0.007988017838410705,
        "adjusted_hits_at_5": 0.007565787820438593,
        "adjusted_inverse_harmonic_mean_rank": 0.00841181485916235,
        "arithmetic_mean_rank": 2685.4655172413795,
        "count": 116.0,
        "geometric_mean_rank": 1973.3972320777225,
        "harmonic_mean_rank": 98.09020031955576,
        "hits_at_1": 0.008620689655172414,
        "hits_at_10": 0.008620689655172414,
        "hits_at_3": 0.008620689655172414,
        "hits_at_5": 0.008620689655172414,
        "inverse_arithmetic_mean_rank": 0.0003723749173391886,
        "inverse_geometric_mean_rank": 0.0005067403479365045,
        "inverse_harmonic_mean_rank": 0.01019469831585852,
        "inverse_median_rank": 0.0003332777870354941,
        "median_absolute_deviation": 1729.4554878867846,
        "median_rank": 3000.5,
        "standard_deviation": 1378.8315294995157,