{
  "losses": [
    0.0039145409877770895,
    0.003874352237387067,
    0.003747732838509521,
    0.003483360675104942,
    0.0032266280671342526,
    0.003058898341949428,
    0.0029549854655243116,
    0.0028878661690185706,
    0.002818336422763225,
    0.002778469884290041,
    0.0027127055674890073,
    0.0026820402469672927,
    0.002626658609764927,
    0.0025940284076408264,
    0.0025153159125800104,
    0.0025069046958326813,
    0.0024610659557827612,
    0.002465607164767943,
    0.00241036245560231,
    0.002395971095258231,
    0.0023512071955958717,
    0.002355337142944336,
    0.002336378076278864,
    0.002339192833012037,
    0.0023382218277143447,
    0.002319419264082492,
    0.0023000257883105794,
    0.0023132224742436034,
    0.0022908515093175916,
    0.0023133713619858808
  ],
  "metrics": {
    "both": {
      "optimistic": {
        "adjusted_arithmetic_mean_rank": 1.3909396724113,
        "adjusted_arithmetic_mean_rank_index": -0.391104315637268,
        "adjusted_hits_at_1": -0.00021059714390775285,
        "adjusted_hits_at_10": -0.0021099706231602297,
        "adjusted_hits_at_3": -0.0006320576507953436,
        "adjusted_hits_at_5": -0.0010538734905273447,
        "adjusted_inverse_harmonic_mean_rank": -3.139650226021834e-05,
        "arithmetic_mean_rank": 3304.1293103448274,
        "count": 232.0,
        "geometric_mean_rank": 2376.6349115311273,
        "harmonic_mean_rank": 570.9873534108789,
        "hits_at_1": 0.0,
        "hits_at_10": 0.0,
        "hits_at_3": 0.0,
        "hits_at_5": 0.0,
        "inverse_arithmetic_mean_rank": 0.00030265159322582244,
        "inverse_geometric_mean_rank": 0.00042076298515524133,
        "inverse_harmonic_mean_rank": 0.0017513522743128188,
        "inverse_median_rank": 0.0002555583950932788,
        "median_absolute_deviation": 1237.2315513429248,
        "median_rank": 3913.0,
        "standard_deviation": 1561.1810848939206,
        "variance": 2437286.379830559,
        "z_arithmetic_mean_rank": -3304.1293103448274,
        "z_hits_at_1": 0.0,
        "z_hits_at_10": 0.0,
        "z_hits_at_3": 0.0,
        "z_hits_at_5": 0.0,
        "z_inverse_harmonic_mean_rank": 0.0017513522743128188
      },
      "pessimistic": {
        "adjusted_arithmetic_mean_rank": 1.3909396724113,
        "adjusted_arithmetic_mean_rank_index": -0.391104315637268,
        "adjusted_hits_at_1": -0.00021059714390775285,
        "adjusted_hits_at_10": -0.0021099706231602297,
        "adjusted_hits_at_3": -0.0006320576507953436,
        "adjusted_hits_at_5": -0.0010538734905273447,
        "adjusted_inverse_harmonic_mean_rank": -3.139650226021834e-05,
        "arithmetic_mean_rank": 3304.1293103448274,
        "count": 232.0,
        "geometric_mean_rank": 2376.6349115311273,
        "harmonic_mean_rank": 570.9873534108789,
        "hits_at_1": 0.0,
        "hits_at_10": 0.0,
        "hits_at_3": 0.0,
        "hits_at_5": 0.0,
        "inverse_arithmetic_mean_rank": 0.00030265159322582244,
        "inverse_geometric_mean_rank": 0.00042076298515524133,
        "inverse_harmonic_mean_rank": 0.0017513522743128188,
        "inverse_median_rank": 0.0002555583950932788,
        "median_absolute_deviation": 1237.2315513429248,
        "median_rank": 3913.0,
        "standard_deviation": 1561.1810848939206,
        "variance": 2437286.379830559,
        "z_arithmetic_mean_rank": -3304.1293103448274,
        "z_hits_at_1": 0.0,
        "z_hits_at_10": 0.0,
        "z_hits_at_3": 0.0,
        "z_hits_at_5": 0.0,
        "z_inverse_harmonic_mean_rank": 0.0017513522743128188
      },
      "realistic": {
        "adjusted_arithmetic_mean_rank": 1.3909397078512673,
        "adjusted_arithmetic_mean_rank_index": -0.3911043510921608,
        "adjusted_hits_at_1": -0.00021059714390775285,
        "adjusted_hits_at_10": -0.0021099706231602297,
        "adjusted_hits_at_3": -0.0006320576507953436,
        "adjusted_hits_at_5": -0.0010538734905273447,
        "adjusted_inverse_harmonic_mean_rank": -3.139641794174368e-05,
        "arithmetic_mean_rank": 3304.12939453125,
        "count": 232.0,
        "geometric_mean_rank": 2376.634765625,
        "harmonic_mean_rank": 570.9873259698245,
        "hits_at_1": 0.0,
        "hits_at_10": 0.0,
        "hits_at_3": 0.0,
        "hits_at_5": 0.0,
        "inverse_arithmetic_mean_rank": 0.00030265157693065703,
        "inverse_geometric_mean_rank": 0.00042076301178894937,
        "inverse_harmonic_mean_rank": 0.0017513523584809796,
        "inverse_median_rank": 0.0002555584069341421,
        "median_absolute_deviation": 1237.2315513429248,
        "median_rank": 3913.0,
        "standard_deviation": 1561.18115234375,
        "variance": 2437286.5,
        "z_arithmetic_mean_rank": -3304.12939453125,
        "z_hits_at_1": 0.0,
        "z_hits_at_10": 0.0,
        "z_hits_at_3": 0.0,
        "z_hits_at_5": 0.0,
        "z_inverse_harmonic_mean_rank": 0.0017513523584809796
      }
    },
    "head": {
      "optimistic": {
        "adjusted_arithmetic_mean_rank": 0.9415562324214419,
        "adjusted_arithmetic_mean_rank_index": 0.058468620946022454,
        "adjusted_hits_at_1": -0.0002126339720562082,
        "adjusted_hits_at_10": -0.0021304167112691503,
        "adjusted_hits_at_3": -0.0006381733108205046,
        "adjusted_hits_at_5": -0.0010640748941662885,
        "adjusted_inverse_harmonic_mean_rank": 0.0014604841588016719,
        "arithmetic_mean_rank": 2215.051724137931,
        "count": 116.0,
        "geometric_mean_rank": 1314.7815640997896,
        "harmonic_mean_rank": 307.1379319019783,
        "hits_at_1": 0.0,
        "hits_at_10": 0.0,
        "hits_at_3": 0.0,
        "hits_at_5": 0.0,
        "inverse_arithmetic_mean_rank": 0.00045145672631603524,
        "inverse_geometric_mean_rank": 0.0007605826148655229,
        "inverse_harmonic_mean_rank": 0.0032558661634771494,
        "inverse_median_rank": 0.00041485169052063887,
        "median_absolute_deviation": 1708.6990568277063,
        "median_rank": 2410.5,
        "standard_deviation": 1425.4125588200263,
        "variance": 2031800.962841855,
        "z_arithmetic_mean_rank": -2215.051724137931,
        "z_hits_at_1": 0.0,
        "z_hits_at_10": 0.0,
        "z_hits_at_3": 0.0,
        "z_hits_at_5": 0.0,
        "z_inverse_harmonic_mean_rank": 0.0032558661634771494
      },
      "pessimistic": {
        "adjusted_arithmetic_mean_rank": 0.9415562324214419,
        "adjusted_arithmetic_mean_rank_index": 0.058468620946022454,
        "adjusted_hits_at_1": -0.0002126339720562082,
        "adjusted_hits_at_10": -0.0021304167112691503,
        "adjusted_hits_at_3": -0.0006381733108205046,
        "adjusted_hits_at_5": -0.0010640748941662885,
        "adjusted_inverse_harmonic_mean_rank": 0.0014604841588016719,
        "arithmetic_mean_rank": 2215.051724137931,
        "count": 116.0,
        "geometric_mean_rank": 1314.7815640997896,
        "harmonic_mean_rank": 307.1379319019783,
        "hits_at_1": 0.0,
        "hits_at_10": 0.0,
        "hits_at_3": 0.0,
        "hits_at_5": 0.0,
        "inverse_arithmetic_mean_rank": 0.00045145672631603524,
        "inverse_geometric_mean_rank": 0.0007605826148655229,
        "inverse_harmonic_mean_rank": 0.0032558661634771494,
        "inverse_median_rank": 0.00041485169052063887,
        "median_absolute_deviation": 1708.6990568277063,
        "median_rank": 2410.5,
        "standard_deviation": 1425.4125588200263,
        "variance": 2031800.962841855,
        "z_arithmetic_mean_rank": -2215.051724137931,
        "z_hits_at_1": 0.0,
        "z_hits_at_10": 0.0,
        "z_hits_at_3": 0.0,
        "z_hits_at_5": 0.0,
        "z_inverse_harmonic_mean_rank": 0.0032558661634771494
      },
      "realistic": {
        "adjusted_arithmetic_mean_rank": 0.9415562467355547,
        "adjusted_arithmetic_mean_rank_index": 0.05846860662582265,
        "adjusted_hits_at_1": -0.0002126339720562082,
        "adjusted_hits_at_10": -0.0021304167112691503,