{
  "losses": [
    0.003914539393628407,
    0.003874906283043629,
    0.0037478250729363408,
    0.0034850863338730348,
    0.003229833749337165,
    0.0030642026957600427,
    0.0029616975136589094,
    0.0028970231529345217,
    0.0028283995976254753,
    0.0027871195303877465,
    0.0027198970055739556,
    0.0026903300139998953,
    0.0026421414772492347,
    0.0026018281067992453,
    0.0025249634418966654,
    0.0025170089272043587,
    0.0024656528170213204,
    0.002476193999520311,
    0.002415774500619201,
    0.002411810624786877,
    0.0023613445845420632,
    0.0023615120060579884,
    0.002348354416262363,
    0.002340355444928191,
    0.0023387402635361445,
    0.0023261111483905096,
    0.0023032675542843484,
    0.0023069643563559585,
    0.002297944298681527,
    0.0023140382295659878
  ],
  "metrics": {
    "both": {
      "optimistic": {
        "adjusted_arithmetic_mean_rank": 1.2475208192110407,
        "adjusted_arithmetic_mean_rank_index": -0.24762504493173565,
        "adjusted_hits_at_1": -0.00021056216689364367,
        "adjusted_hits_at_10": 0.006529256506914592,
        "adjusted_hits_at_3": -0.0006319526313117773,
        "adjusted_hits_at_5": -0.0010536983104662341,
        "adjusted_inverse_harmonic_mean_rank": 0.0005524456771063273,
        "arithmetic_mean_rank": 2963.926724137931,
        "count": 232.0,
        "geometric_mean_rank": 2087.631836019801,
        "harmonic_mean_rank": 428.4679295945669,
        "hits_at_1": 0.0,
        "hits_at_10": 0.008620689655172414,
        "hits_at_3": 0.0,
        "hits_at_5": 0.0,
        "inverse_arithmetic_mean_rank": 0.00033739025727461385,
        "inverse_geometric_mean_rank": 0.0004790116641958104,
        "inverse_harmonic_mean_rank": 0.0023338969638783446,
        "inverse_median_rank": 0.0002959893443836022,
        "median_absolute_deviation": 1568.5931471789268,
        "median_rank": 3378.5,
        "standard_deviation": 1489.224245165673,
        "variance": 2217788.8523892686,
        "z_arithmetic_mean_rank": -2963.926724137931,
        "z_hits_at_1": 0.0,
        "z_hits_at_10": 0.008620689655172414,
        "z_hits_at_3": 0.0,
        "z_hits_at_5": 0.0,
        "z_inverse_harmonic_mean_rank": 0.0023338969638783446
      },
      "pessimistic": {
        "adjusted_arithmetic_mean_rank": 1.2475208192110407,
        "adjusted_arithmetic_mean_rank_index": -0.24762504493173565,
        "adjusted_hits_at_1": -0.00021056216689364367,
        "adjusted_hits_at_10": 0.006529256506914592,
        "adjusted_hits_at_3": -0.0006319526313117773,
        "adjusted_hits_at_5": -0.0010536983104662341,
        "adjusted_inverse_harmonic_mean_rank": 0.0005524456771063273,
        "arithmetic_mean_rank": 2963.926724137931,
        "count": 232.0,
        "geometric_mean_rank": 2087.631836019801,
        "harmonic_mean_rank": 428.4679295945669,
        "hits_at_1": 0.0,
        "hits_at_10": 0.008620689655172414,
        "hits_at_3": 0.0,
        "hits_at_5": 0.0,
        "inverse_arithmetic_mean_rank": 0.00033739025727461385,
        "inverse_geometric_mean_rank": 0.0004790116641958104,
        "inverse_harmonic_mean_rank": 0.0023338969638783446,
        "inverse_median_rank": 0.0002959893443836022,
        "median_absolute_deviation": 1568.5931471789268,
        "median_rank": 3378.5,
        "standard_deviation": 1489.224245165673,
        "variance": 2217788.8523892686,
        "z_arithmetic_mean_rank": -2963.926724137931,
        "z_hits_at_1": 0.0,
        "z_hits_at_10": 0.008620689655172414,
        "z_hits_at_3": 0.0,
        "z_hits_at_5": 0.0,
        "z_inverse_harmonic_mean_rank": 0.0023338969638783446
      },
      "realistic": {
        "adjusted_arithmetic_mean_rank": 1.247520833384713,
        "adjusted_arithmetic_mean_rank_index": -0.24762505911137622,
        "adjusted_hits_at_1": -0.00021056216689364367,
        "adjusted_hits_at_10": 0.006529256506914592,
        "adjusted_hits_at_3": -0.0006319526313117773,
        "adjusted_hits_at_5": -0.0010536983104662341,
        "adjusted_inverse_harmonic_mean_rank": 0.0005524459117148423,
        "arithmetic_mean_rank": 2963.9267578125,
        "count": 232.0,
        "geometric_mean_rank": 2087.630615234375,
        "harmonic_mean_rank": 428.46788660079227,
        "hits_at_1": 0.0,
        "hits_at_10": 0.008620689655172414,
        "hits_at_3": 0.0,
        "hits_at_5": 0.0,
        "inverse_arithmetic_mean_rank": 0.00033739025820977986,
        "inverse_geometric_mean_rank": 0.0004790119419340044,
        "inverse_harmonic_mean_rank": 0.002333897198068685,
        "inverse_median_rank": 0.00029598933178931475,
        "median_absolute_deviation": 1568.5931471789268,
        "median_rank": 3378.5,
        "standard_deviation": 1489.2242431640625,
        "variance": 2217788.75,
        "z_arithmetic_mean_rank": -2963.9267578125,
        "z_hits_at_1": 0.0,
        "z_hits_at_10": 0.008620689655172414,
        "z_hits_at_3": 0.0,
        "z_hits_at_5": 0.0,
        "z_inverse_harmonic_mean_rank": 0.002333897198068685
      }
    },
    "head": {
      "optimistic": {
        "adjusted_arithmetic_mean_rank": 0.8229237025546631,
        "adjusted_arithmetic_mean_rank_index": 0.17715157505528467,
        "adjusted_hits_at_1": -0.0002125647677931381,
        "adjusted_hits_at_10": 0.01514837664267442,
        "adjusted_hits_at_3": -0.0006379655213652322,
        "adjusted_hits_at_5": -0.0010637282835880741,
        "adjusted_inverse_harmonic_mean_rank": 0.0026057634234390855,
        "arithmetic_mean_rank": 1936.594827586207,
        "count": 116.0,
        "geometric_mean_rank": 1120.637106157198,
        "harmonic_mean_rank": 227.34658731526562,
        "hits_at_1": 0.0,
        "hits_at_10": 0.017241379310344827,
        "hits_at_3": 0.0,
        "hits_at_5": 0.0,
        "inverse_arithmetic_mean_rank": 0.000516370273097554,
        "inverse_geometric_mean_rank": 0.0008923495344796519,
        "inverse_harmonic_mean_rank": 0.004398570534130261,
        "inverse_median_rank": 0.0005408328826392645,
        "median_absolute_deviation": 1584.9017715824884,
        "median_rank": 1849.0,
        "standard_deviation": 1331.440909759101,
        "variance": 1772734.8961801429,
        "z_arithmetic_mean_rank": -1936.594827586207,
        "z_hits_at_1": 0.0,
        "z_hits_at_10": 0.017241379310344827,
        "z_hits_at_3": 0.0,
        "z_hits_at_5": 0.0,
        "z_inverse_harmonic_mean_rank": 0.004398570534130261
      },
      "pessimistic": {
        "adjusted_arithmetic_mean_rank": 0.8229237025546631,
        "adjusted_arithmetic_mean_rank_index": 0.17715157505528467,
        "adjusted_hits_at_1": -0.0002125647677931381,
        "adjusted_hits_at_10": 0.01514837664267442,
        "adjusted_hits_at_3": -0.0006379655213652322,
        "adjusted_hits_at_5": -0.0010637282835880741,
        "adjusted_inverse_harmonic_mean_rank": 0.0026057634234390855,
        "arithmetic_mean_rank": 1936.594827586207,
        "count": 116.0,
        "geometric_mean_rank": 1120.637106157198,
        "harmonic_mean_rank": 227.34658731526562,
        "hits_at_1": 0.0,
        "hits_at_10": 0.017241379310344827,
        "hits_at_3": 0.0,
        "hits_at_5": 0.0,
        "inverse_arithmetic_mean_rank": 0.000516370273097554,
        "inverse_geometric_mean_rank": 0.0008923495344796519,
        "inverse_harmonic_mean_rank": 0.004398570534130261,
        "inverse_median_rank": 0.0005408328826392645,
        "median_absolute_deviation": 1584.9017715824884,
        "median_rank": 1849.0,
        "standard_deviation": 1331.440909759101,
        "variance": 1772734.8961801429,
        "z_arithmetic_mean_rank": -1936.594827586207,
        "z_hits_at_1": 0.0,
        "z_hits_at_10": 0.017241379310344827,
        "z_hits_at_3": 0.0,
        "z_hits_at_5": 0.0,
        "z_inverse_harmonic_mean_rank": 0.004398570534130261
      },
      "realistic": {
        "adjusted_arithmetic_mean_rank": 0.8229237114980674,