{
  "losses": [
    0.003653420367945624,
    0.0030425134662564347,
    0.002775882631212495,
    0.0026732024316207287,
    0.0025915324660144116,
    0.002553386498622819,
    0.0024989348245886087,
    0.0024696877500024065,
    0.002423644212871923,
    0.0023890372260666937,
    0.0023382458319052735,
    0.0022993792288224383,
    0.0022368309227802476,
    0.002203920425379183,
    0.0021236869909152865,
    0.002059551753423093,
    0.0019840170034495412,
    0.00191935853364984,
    0.0018333826023104603,
    0.0017546934073356445,
    0.0016832561637868755,
    0.00162148208238627,
    0.0015068257000436624,
    0.0014701805907991296,
    0.0013884299278704296,
    0.0013500538542067064,
    0.0012687835548092672,
    0.0012215158437285517,
    0.0011835157400401034,
    0.0011132118121980547
  ],
  "metrics": {
    "both": {
      "optimistic": {
        "adjusted_arithmetic_mean_rank": 0.7774044544113833,
        "adjusted_arithmetic_mean_rank_index": 0.22269800999637568,
        "adjusted_hits_at_1": -0.00023019265019276925,
        "adjusted_hits_at_10": 0.002013582141643713,
        "adjusted_hits_at_3": -0.000690896028954133,
        "adjusted_hits_at_5": 0.003163286447484128,
        "adjusted_inverse_harmonic_mean_rank": 0.0014876679863881886,
        "arithmetic_mean_rank": 1689.625,
        "count": 232.0,
        "geometric_mean_rank": 1060.018460545269,
        "harmonic_mean_rank": 293.0120106846343,
        "hits_at_1": 0.0,
        "hits_at_10": 0.004310344827586207,
        "hits_at_3": 0.0,
        "hits_at_5": 0.004310344827586207,
        "inverse_arithmetic_mean_rank": 0.0005918473033957239,
        "inverse_geometric_mean_rank": 0.0009433797968816546,
        "inverse_harmonic_mean_rank": 0.003412829384240803,
        "inverse_median_rank": 0.0006942034015966678,
        "median_absolute_deviation": 1445.537163042962,
        "median_rank": 1440.5,
        "standard_deviation": 1245.2515920401179,
        "variance": 1550651.5274784483,
        "z_arithmetic_mean_rank": -1689.625,
        "z_hits_at_1": 0.0,
        "z_hits_at_10": 0.004310344827586207,
        "z_hits_at_3": 0.0,
        "z_hits_at_5": 0.004310344827586207,
        "z_inverse_harmonic_mean_rank": 0.003412829384240803
      },
      "pessimistic": {
        "adjusted_arithmetic_mean_rank": 0.7774044544113833,
        "adjusted_arithmetic_mean_rank_index": 0.22269800999637568,
        "adjusted_hits_at_1": -0.00023019265019276925,
        "adjusted_hits_at_10": 0.002013582141643713,
        "adjusted_hits_at_3": -0.000690896028954133,
        "adjusted_hits_at_5": 0.003163286447484128,
        "adjusted_inverse_harmonic_mean_rank": 0.0014876679863881886,
        "arithmetic_mean_rank": 1689.625,
        "count": 232.0,
        "geometric_mean_rank": 1060.018460545269,
        "harmonic_mean_rank": 293.0120106846343,
        "hits_at_1": 0.0,
        "hits_at_10": 0.004310344827586207,
        "hits_at_3": 0.0,
        "hits_at_5": 0.004310344827586207,
        "inverse_arithmetic_mean_rank": 0.0005918473033957239,
        "inverse_geometric_mean_rank": 0.0009433797968816546,
        "inverse_harmonic_mean_rank": 0.003412829384240803,
        "inverse_median_rank": 0.0006942034015966678,
        "median_absolute_deviation": 1445.537163042962,
        "median_rank": 1440.5,
        "standard_deviation": 1245.2515920401179,
        "variance": 1550651.5274784483,
        "z_arithmetic_mean_rank": -1689.625,
        "z_hits_at_1": 0.0,
        "z_hits_at_10": 0.004310344827586207,
        "z_hits_at_3": 0.0,
        "z_hits_at_5": 0.004310344827586207,
        "z_inverse_harmonic_mean_rank": 0.003412829384240803
      },
      "realistic": {
        "adjusted_arithmetic_mean_rank": 0.7774044544113833,
        "adjusted_arithmetic_mean_rank_index": 0.22269800999637568,
        "adjusted_hits_at_1": -0.00023019265019276925,
        "adjusted_hits_at_10": 0.002013582141643713,
        "adjusted_hits_at_3": -0.000690896028954133,
        "adjusted_hits_at_5": 0.003163286447484128,
        "adjusted_inverse_harmonic_mean_rank": 0.0014876679930477825,
        "arithmetic_mean_rank": 1689.625,
        "count": 232.0,
        "geometric_mean_rank": 1060.0179443359375,
        "harmonic_mean_rank": 293.01201011397035,
        "hits_at_1": 0.0,
        "hits_at_10": 0.004310344827586207,
        "hits_at_3": 0.0,
        "hits_at_5": 0.004310344827586207,
        "inverse_arithmetic_mean_rank": 0.0005918472888879478,
        "inverse_geometric_mean_rank": 0.0009433802333660424,
        "inverse_harmonic_mean_rank": 0.0034128293908875567,
        "inverse_median_rank": 0.0006942034233361483,
        "median_absolute_deviation": 1445.537163042962,
        "median_rank": 1440.5,
        "standard_deviation": 1245.2515869140625,
        "variance": 1550651.625,
        "z_arithmetic_mean_rank": -1689.625,
        "z_hits_at_1": 0.0,
        "z_hits_at_10": 0.004310344827586207,
        "z_hits_at_3": 0.0,
        "z_hits_at_5": 0.004310344827586207,
        "z_inverse_harmonic_mean_rank": 0.0034128293908875567
      }
    },
    "head": {
      "optimistic": {
        "adjusted_arithmetic_mean_rank": 1.0282561753335433,
        "adjusted_arithmetic_mean_rank_index": -0.028269333357461512,
        "adjusted_hits_at_1": -0.0002328424225031101,
        "adjusted_hits_at_10": -0.002333313875127404,
        "adjusted_hits_at_3": -0.000698852712626492,
        "adjusted_hits_at_5": -0.0011652974352265699,
        "adjusted_inverse_harmonic_mean_rank": -0.0009088835036035839,
        "arithmetic_mean_rank": 2209.155172413793,
        "count": 116.0,
        "geometric_mean_rank": 1649.6789134707778,
        "harmonic_mean_rank": 960.9434358357292,
        "hits_at_1": 0.0,
        "hits_at_10": 0.0,
        "hits_at_3": 0.0,
        "hits_at_5": 0.0,
        "inverse_arithmetic_mean_rank": 0.0004526617290117146,
        "inverse_geometric_mean_rank": 0.0006061785671346729,
        "inverse_harmonic_mean_rank": 0.0010406439783110682,
        "inverse_median_rank": 0.000449034575662326,
        "median_absolute_deviation": 1630.1211392469093,
        "median_rank": 2227.0,
        "standard_deviation": 1281.0352265974543,
        "variance": 1641051.2517835912,
        "z_arithmetic_mean_rank": -2209.155172413793,
        "z_hits_at_1": 0.0,
        "z_hits_at_10": 0.0,
        "z_hits_at_3": 0.0,
        "z_hits_at_5": 0.0,
        "z_inverse_harmonic_mean_rank": 0.0010406439783110682
      },
      "pessimistic": {
        "adjusted_arithmetic_mean_rank": 1.0282561753335433,
        "adjusted_arithmetic_mean_rank_index": -0.028269333357461512,
        "adjusted_hits_at_1": -0.0002328424225031101,
        "adjusted_hits_at_10": -0.002333313875127404,
        "adjusted_hits_at_3": -0.000698852712626492,
        "adjusted_hits_at_5": -0.0011652974352265699,
        "adjusted_inverse_harmonic_mean_rank": -0.0009088835036035839,
        "arithmetic_mean_rank": 2209.155172413793,
        "count": 116.0,
        "geometric_mean_rank": 1649.6789134707778,
        "harmonic_mean_rank": 960.9434358357292,
        "hits_at_1": 0.0,
        "hits_at_10": 0.0,
        "hits_at_3": 0.0,
        "hits_at_5": 0.0,
        "inverse_arithmetic_mean_rank": 0.0004526617290117146,
        "inverse_geometric_mean_rank": 0.0006061785671346729,
        "inverse_harmonic_mean_rank": 0.0010406439783110682,
        "inverse_median_rank": 0.000449034575662326,
        "median_absolute_deviation": 1630.1211392469093,
        "median_rank": 2227.0,
        "standard_deviation": 1281.0352265974543,
        "variance": 1641051.2517835912,
        "z_arithmetic_mean_rank": -2209.155172413793,
        "z_hits_at_1": 0.0,
        "z_hits_at_10": 0.0,
        "z_hits_at_3": 0.0,
        "z_hits_at_5": 0.0,
        "z_inverse_harmonic_mean_rank": 0.0010406439783110682
      },
      "realistic": {
        "adjusted_arithmetic_mean_rank": 1.0282562223552518,