{
  "losses": [
    0.003914475426617304,
    0.003875197236720758,
    0.0037502559306614226,
    0.0034853036443437914,
    0.003221479150001044,
    0.0030593297279180513,
    0.0029560993840971467,
    0.0028863968270980093,
    0.0028237294277565486,
    0.0027794386994285073,
    0.002713803260931444,
    0.0026818654291759477,
    0.0026272567781538327,
    0.0025971239643293393,
    0.0025143202697862368,
    0.002502054297401994,
    0.0024574156389431195,
    0.002469087690411185,
    0.0024057368680401228,
    0.0024007465974242347,
    0.002353359177833393,
    0.0023527435420270526,
    0.0023352503632933295,
    0.002338596549596236,
    0.0023333308538911746,
    0.0023184204581243274,
    0.0022963535483361266,
    0.0023076475567792125,
    0.0022923813588748058,
    0.002313230699907189
  ],
  "metrics": {
    "both": {
      "optimistic": {
        "adjusted_arithmetic_mean_rank": 1.1718507927904613,
        "adjusted_arithmetic_mean_rank_index": -0.17192320391306692,
        "adjusted_hits_at_1": 0.0041005476110426604,
        "adjusted_hits_at_10": 0.0022083866160790863,
        "adjusted_hits_at_3": 0.003680687833660752,
        "adjusted_hits_at_5": 0.003260473890841458,
        "adjusted_inverse_harmonic_mean_rank": 0.003929619595880196,
        "arithmetic_mean_rank": 2782.2844827586205,
        "count": 232.0,
        "geometric_mean_rank": 2000.919240202793,
        "harmonic_mean_rank": 175.25107249865488,
        "hits_at_1": 0.004310344827586207,
        "hits_at_10": 0.004310344827586207,
        "hits_at_3": 0.004310344827586207,
        "hits_at_5": 0.004310344827586207,
        "inverse_arithmetic_mean_rank": 0.000359416877101117,
        "inverse_geometric_mean_rank": 0.0004997702955260953,
        "inverse_harmonic_mean_rank": 0.005706099173844859,
        "inverse_median_rank": 0.0003418803418803419,
        "median_absolute_deviation": 1693.1317335333974,
        "median_rank": 2925.0,
        "standard_deviation": 1421.9974465641903,
        "variance": 2022076.7380350772,
        "z_arithmetic_mean_rank": -2782.2844827586205,
        "z_hits_at_1": 0.004310344827586207,
        "z_hits_at_10": 0.004310344827586207,
        "z_hits_at_3": 0.004310344827586207,
        "z_hits_at_5": 0.004310344827586207,
        "z_inverse_harmonic_mean_rank": 0.005706099173844859
      },
      "pessimistic": {
        "adjusted_arithmetic_mean_rank": 1.1718526082342218,
        "adjusted_arithmetic_mean_rank_index": -0.17192502012178346,
        "adjusted_hits_at_1": 0.0041005476110426604,
        "adjusted_hits_at_10": 0.0022083866160790863,
        "adjusted_hits_at_3": 0.003680687833660752,
        "adjusted_hits_at_5": 0.003260473890841458,
        "adjusted_inverse_harmonic_mean_rank": 0.003929619195126252,
        "arithmetic_mean_rank": 2782.2887931034484,
        "count": 232.0,
        "geometric_mean_rank": 2000.9218676689418,
        "harmonic_mean_rank": 175.2510847850352,
        "hits_at_1": 0.004310344827586207,
        "hits_at_10": 0.004310344827586207,
        "hits_at_3": 0.004310344827586207,
        "hits_at_5": 0.004310344827586207,
        "inverse_arithmetic_mean_rank": 0.00035941632028951604,
        "inverse_geometric_mean_rank": 0.000499769639263822,
        "inverse_harmonic_mean_rank": 0.005706098773805654,
        "inverse_median_rank": 0.0003418803418803419,
        "median_absolute_deviation": 1693.1317335333974,
        "median_rank": 2925.0,
        "standard_deviation": 1421.9989628052592,
        "variance": 2022081.050219233,
        "z_arithmetic_mean_rank": -2782.2887931034484,
        "z_hits_at_1": 0.004310344827586207,
        "z_hits_at_10": 0.004310344827586207,
        "z_hits_at_3": 0.004310344827586207,
        "z_hits_at_5": 0.004310344827586207,
        "z_inverse_harmonic_mean_rank": 0.005706098773805654
      },
      "realistic": {
        "adjusted_arithmetic_mean_rank": 1.1718516934207643,
        "adjusted_arithmetic_mean_rank_index": -0.17192410492285992,
        "adjusted_hits_at_1": 0.0041005476110426604,
        "adjusted_hits_at_10": 0.0022083866160790863,
        "adjusted_hits_at_3": 0.003680687833660752,
        "adjusted_hits_at_5": 0.003260473890841458,
        "adjusted_inverse_harmonic_mean_rank": 0.003929619508674167,
        "arithmetic_mean_rank": 2782.28662109375,
        "count": 232.0,
        "geometric_mean_rank": 2000.920654296875,
        "harmonic_mean_rank": 175.2510751722315,
        "hits_at_1": 0.004310344827586207,
        "hits_at_10": 0.004310344827586207,
        "hits_at_3": 0.004310344827586207,
        "hits_at_5": 0.004310344827586207,
        "inverse_arithmetic_mean_rank": 0.0003594165900722146,
        "inverse_geometric_mean_rank": 0.0004997699288651347,
        "inverse_harmonic_mean_rank": 0.00570609908679436,
        "inverse_median_rank": 0.0003418803389649838,
        "median_absolute_deviation": 1693.1317335333974,
        "median_rank": 2925.0,
        "standard_deviation": 1421.9981689453125,
        "variance": 2022078.875,
        "z_arithmetic_mean_rank": -2782.28662109375,
        "z_hits_at_1": 0.004310344827586207,
        "z_hits_at_10": 0.004310344827586207,
        "z_hits_at_3": 0.004310344827586207,
        "z_hits_at_5": 0.004310344827586207,
        "z_inverse_harmonic_mean_rank": 0.00570609908679436
      }
    },
    "head": {
      "optimistic": {
        "adjusted_arithmetic_mean_rank": 0.7540203042508585,
        "adjusted_arithmetic_mean_rank_index": 0.24608440637154394,
        "adjusted_hits_at_1": 0.008409673657516584,
        "adjusted_hits_at_10": 0.006506479574579472,
        "adjusted_hits_at_3": 0.007987372057739186,
        "adjusted_hits_at_5": 0.007564710602444413,
        "adjusted_inverse_harmonic_mean_rank": 0.009337253636892646,
        "arithmetic_mean_rank": 1772.051724137931,
        "count": 116.0,
        "geometric_mean_rank": 1095.4511747991069,
        "harmonic_mean_rank": 89.9274009527791,
        "hits_at_1": 0.008620689655172414,
        "hits_at_10": 0.008620689655172414,
        "hits_at_3": 0.008620689655172414,
        "hits_at_5": 0.008620689655172414,
        "inverse_arithmetic_mean_rank": 0.0005643176135202716,
        "inverse_geometric_mean_rank": 0.0009128658793792325,
        "inverse_harmonic_mean_rank": 0.01112008119221749,
        "inverse_median_rank": 0.0005095541401273885,
        "median_absolute_deviation": 1378.078762100957,
        "median_rank": 1962.5,
        "standard_deviation": 1150.0572462875084,
        "variance": 1322631.6697384068,
        "z_arithmetic_mean_rank": -1772.051724137931,
        "z_hits_at_1": 0.008620689655172414,
        "z_hits_at_10": 0.008620689655172414,
        "z_hits_at_3": 0.008620689655172414,
        "z_hits_at_5": 0.008620689655172414,
        "z_inverse_harmonic_mean_rank": 0.01112008119221749
      },
      "pessimistic": {
        "adjusted_arithmetic_mean_rank": 0.7540239724141227,
        "adjusted_arithmetic_mean_rank_index": 0.2460807366467863,
        "adjusted_hits_at_1": 0.008409673657516584,
        "adjusted_hits_at_10": 0.006506479574579472,
        "adjusted_hits_at_3": 0.007987372057739186,
        "adjusted_hits_at_5": 0.007564710602444413,
        "adjusted_inverse_harmonic_mean_rank": 0.009337252835371792,
        "arithmetic_mean_rank": 1772.0603448275863,
        "count": 116.0,
        "geometric_mean_rank": 1095.4540517395744,
        "harmonic_mean_rank": 89.92740742296363,
        "hits_at_1": 0.008620689655172414,
        "hits_at_10": 0.008620689655172414,
        "hits_at_3": 0.008620689655172414,
        "hits_at_5": 0.008620689655172414,
        "inverse_arithmetic_mean_rank": 0.000564314868237343,
        "inverse_geometric_mean_rank": 0.0009128634819616634,
        "inverse_harmonic_mean_rank": 0.011120080392139077,
        "inverse_median_rank": 0.0005095541401273885,
        "median_absolute_deviation": 1378.078762100957,
        "median_rank": 1962.5,