{
  "losses": [
    0.0039179218073191685,
    0.003854379945616788,
    0.0037298392304511868,
    0.0035241461828468606,
    0.003237145312270029,
    0.003031664261307517,
    0.002923169223510115,
    0.0028135920962571565,
    0.002788127962275231,
    0.002743663328123785,
    0.0026940174917378817,
    0.0026626747370154,
    0.0026325963612141632,
    0.002585930656535131,
    0.0025522975661396857,
    0.0025358797735381172,
    0.0025326777033027157,
    0.002507383952937308,
    0.0024546158327394835,
    0.0024429973468214094,
    0.0024517732861171135,
    0.002408484850049873,
    0.0024094915764855014,
    0.002395545371389771,
    0.0023489965170910903,
    0.002326422854723912,
    0.002315722917994852,
    0.0023292264560067317,
    0.002302927339976756,
    0.002298234749699162
  ],
  "metrics": {
    "both": {
      "optimistic": {
        "adjusted_arithmetic_mean_rank": 1.0266752016161989,
        "adjusted_arithmetic_mean_rank_index": -0.026686441490413992,
        "adjusted_hits_at_1": -0.00021070542960217688,
        "adjusted_hits_at_10": -0.0021110575977041214,
        "adjusted_hits_at_3": -0.0006323827817779457,
        "adjusted_hits_at_5": -0.0010544158325748122,
        "adjusted_inverse_harmonic_mean_rank": 0.00016424111123576921,
        "arithmetic_mean_rank": 2437.5991379310344,
        "count": 232.0,
        "geometric_mean_rank": 1363.7539734225427,
        "harmonic_mean_rank": 513.4956419936842,
        "hits_at_1": 0.0,
        "hits_at_10": 0.0,
        "hits_at_3": 0.0,
        "hits_at_5": 0.0,
        "inverse_arithmetic_mean_rank": 0.0004102397249979223,
        "inverse_geometric_mean_rank": 0.0007332700908583619,
        "inverse_harmonic_mean_rank": 0.0019474361965710696,
        "inverse_median_rank": 0.000396589331746976,
        "median_absolute_deviation": 2940.0001992966086,
        "median_rank": 2521.5,
        "standard_deviation": 1854.3677885856637,
        "variance": 3438679.8953440846,
        "z_arithmetic_mean_rank": -2437.5991379310344,
        "z_hits_at_1": 0.0,
        "z_hits_at_10": 0.0,
        "z_hits_at_3": 0.0,
        "z_hits_at_5": 0.0,
        "z_inverse_harmonic_mean_rank": 0.0019474361965710696
      },
      "pessimistic": {
        "adjusted_arithmetic_mean_rank": 1.0266770170599588,
        "adjusted_arithmetic_mean_rank_index": -0.026688257699130302,
        "adjusted_hits_at_1": -0.00021070542960217688,
        "adjusted_hits_at_10": -0.0021110575977041214,
        "adjusted_hits_at_3": -0.0006323827817779457,
        "adjusted_hits_at_5": -0.0010544158325748122,
        "adjusted_inverse_harmonic_mean_rank": 0.00016414637985033507,
        "arithmetic_mean_rank": 2437.603448275862,
        "count": 232.0,
        "geometric_mean_rank": 1363.7815065371574,
        "harmonic_mean_rank": 513.520577216382,
        "hits_at_1": 0.0,
        "hits_at_10": 0.0,
        "hits_at_3": 0.0,
        "hits_at_5": 0.0,
        "inverse_arithmetic_mean_rank": 0.00041023899958268794,
        "inverse_geometric_mean_rank": 0.0007332552870137883,
        "inverse_harmonic_mean_rank": 0.0019473416341379253,
        "inverse_median_rank": 0.000396589331746976,
        "median_absolute_deviation": 2940.0001992966086,
        "median_rank": 2521.5,
        "standard_deviation": 1854.362618814636,
        "variance": 3438660.7220570752,
        "z_arithmetic_mean_rank": -2437.603448275862,
        "z_hits_at_1": 0.0,
        "z_hits_at_10": 0.0,
        "z_hits_at_3": 0.0,
        "z_hits_at_5": 0.0,
        "z_inverse_harmonic_mean_rank": 0.0019473416341379253
      },
      "realistic": {
        "adjusted_arithmetic_mean_rank": 1.0266761199754446,
        "adjusted_arithmetic_mean_rank_index": -0.026687360236620217,
        "adjusted_hits_at_1": -0.00021070542960217688,
        "adjusted_hits_at_10": -0.0021110575977041214,
        "adjusted_hits_at_3": -0.0006323827817779457,
        "adjusted_hits_at_5": -0.0010544158325748122,
        "adjusted_inverse_harmonic_mean_rank": 0.00016419365371486572,
        "arithmetic_mean_rank": 2437.601318359375,
        "count": 232.0,
        "geometric_mean_rank": 1363.7684326171875,
        "harmonic_mean_rank": 513.5081334733713,
        "hits_at_1": 0.0,
        "hits_at_10": 0.0,
        "hits_at_3": 0.0,
        "hits_at_5": 0.0,
        "inverse_arithmetic_mean_rank": 0.00041023935773409903,
        "inverse_geometric_mean_rank": 0.0007332623354159296,
        "inverse_harmonic_mean_rank": 0.0019473888236900855,
        "inverse_median_rank": 0.0003965893411077559,
        "median_absolute_deviation": 2940.0001992966086,
        "median_rank": 2521.5,
        "standard_deviation": 1854.365234375,
        "variance": 3438670.25,
        "z_arithmetic_mean_rank": -2437.601318359375,
        "z_hits_at_1": 0.0,
        "z_hits_at_10": 0.0,
        "z_hits_at_3": 0.0,
        "z_hits_at_5": 0.0,
        "z_inverse_harmonic_mean_rank": 0.0019473888236900855
      }
    },
    "head": {
      "optimistic": {
        "adjusted_arithmetic_mean_rank": 1.3978526522101034,
        "adjusted_arithmetic_mean_rank_index": -0.3980220133385106,
        "adjusted_hits_at_1": -0.00021285091937457584,
        "adjusted_hits_at_10": -0.0021325945160763585,
        "adjusted_hits_at_3": -0.0006388247069761256,
        "adjusted_hits_at_5": -0.001065161479273462,
        "adjusted_inverse_harmonic_mean_rank": -0.0009065316407240674,
        "arithmetic_mean_rank": 3285.146551724138,
        "count": 116.0,
        "geometric_mean_rank": 2445.7857364620554,
        "harmonic_mean_rank": 1117.6544190757274,
        "hits_at_1": 0.0,
        "hits_at_10": 0.0,
        "hits_at_3": 0.0,
        "hits_at_5": 0.0,
        "inverse_arithmetic_mean_rank": 0.0003044004230116223,
        "inverse_geometric_mean_rank": 0.00040886655976927366,
        "inverse_harmonic_mean_rank": 0.000894730949864606,
        "inverse_median_rank": 0.00024342745861733204,
        "median_absolute_deviation": 839.1528556741707,
        "median_rank": 4108.0,
        "standard_deviation": 1613.0968302290491,
        "variance": 2602081.383695006,
        "z_arithmetic_mean_rank": -3285.146551724138,
        "z_hits_at_1": 0.0,
        "z_hits_at_10": 0.0,
        "z_hits_at_3": 0.0,
        "z_hits_at_5": 0.0,
        "z_inverse_harmonic_mean_rank": 0.000894730949864606
      },
      "pessimistic": {
        "adjusted_arithmetic_mean_rank": 1.3978526522101034,
        "adjusted_arithmetic_mean_rank_index": -0.3980220133385106,
        "adjusted_hits_at_1": -0.00021285091937457584,
        "adjusted_hits_at_10": -0.0021325945160763585,
        "adjusted_hits_at_3": -0.0006388247069761256,
        "adjusted_hits_at_5": -0.001065161479273462,
        "adjusted_inverse_harmonic_mean_rank": -0.0009065316407240674,
        "arithmetic_mean_rank": 3285.146551724138,
        "count": 116.0,
        "geometric_mean_rank": 2445.7857364620554,
        "harmonic_mean_rank": 1117.6544190757274,
        "hits_at_1": 0.0,
        "hits_at_10": 0.0,
        "hits_at_3": 0.0,
        "hits_at_5": 0.0,
        "inverse_arithmetic_mean_rank": 0.0003044004230116223,
        "inverse_geometric_mean_rank": 0.00040886655976927366,
        "inverse_harmonic_mean_rank": 0.000894730949864606,
        "inverse_median_rank": 0.00024342745861733204,
        "median_absolute_deviation": 839.1528556741707,
        "median_rank": 4108.0,
        "standard_deviation": 1613.0968302290491,
        "variance": 2602081.383695006,
        "z_arithmetic_mean_rank": -3285.146551724138,
        "z_hits_at_1": 0.0,
        "z_hits_at_10": 0.0,
        "z_hits_at_3": 0.0,
        "z_hits_at_5": 0.0,
        "z_inverse_harmonic_mean_rank": 0.000894730949864606
      },
      "realistic": {
        "adjusted_arithmetic_mean_rank": 1.3978526235525779,
        "adjusted_arithmetic_mean_rank_index": -0.3980219846687858,
        "adjusted_hits_at_1": -0.00021285091937457584,
        "adjusted_hits_at_10": -0.0021325945160763585,