{
  "losses": [
    0.05714247161710622,
    0.05041080077134262,
    0.04597716792075922,
    0.04214562365916735,
    0.039277753085503936,
    0.036431015988094284,
    0.03381044624185699,
    0.03211489916404051,
    0.0296935565026154,
    0.027533571304190072,
    0.026140696334406563,
    0.02442886463666501,
    0.022407979299589664,
    0.021718313325111822,
    0.02036432704641997,
    0.019312203292027846,
    0.018381453062659796,
    0.01695487717137115,
    0.016593530729416012,
    0.015468208148204345,
    0.014554994963429846,
    0.013519128428547472,
    0.012907325534071654,
    0.01288495037716378,
    0.011970116626293721,
    0.01091440272612553,
    0.01049725390793395,
    0.009941439208694478,
    0.009546446812946743,
    0.009250973703129975
  ],
  "metrics": {
    "both": {
      "optimistic": {
        "adjusted_arithmetic_mean_rank": 0.9564797604221219,
        "adjusted_arithmetic_mean_rank_index": 0.043540253801168105,
        "adjusted_hits_at_1": -0.00022997208989089375,
        "adjusted_hits_at_10": -0.002304490615616002,
        "adjusted_hits_at_3": -0.0006902337386634684,
        "adjusted_hits_at_5": -0.0011509191665986212,
        "adjusted_inverse_harmonic_mean_rank": -0.0006626304931326465,
        "arithmetic_mean_rank": 2080.7887931034484,
        "count": 232.0,
        "geometric_mean_rank": 1567.9549630844124,
        "harmonic_mean_rank": 790.4657776572456,
        "hits_at_1": 0.0,
        "hits_at_10": 0.0,
        "hits_at_3": 0.0,
        "hits_at_5": 0.0,
        "inverse_arithmetic_mean_rank": 0.0004805869789929631,
        "inverse_geometric_mean_rank": 0.0006377734205023618,
        "inverse_harmonic_mean_rank": 0.0012650769056236242,
        "inverse_median_rank": 0.000500751126690035,
        "median_absolute_deviation": 1522.632478405253,
        "median_rank": 1997.0,
        "standard_deviation": 1198.3585696385408,
        "variance": 1436063.2614261294,
        "z_arithmetic_mean_rank": -2080.7887931034484,
        "z_hits_at_1": 0.0,
        "z_hits_at_10": 0.0,
        "z_hits_at_3": 0.0,
        "z_hits_at_5": 0.0,
        "z_inverse_harmonic_mean_rank": 0.0012650769056236242
      },
      "pessimistic": {
        "adjusted_arithmetic_mean_rank": 0.9564797604221219,
        "adjusted_arithmetic_mean_rank_index": 0.043540253801168105,
        "adjusted_hits_at_1": -0.00022997208989089375,
        "adjusted_hits_at_10": -0.002304490615616002,
        "adjusted_hits_at_3": -0.0006902337386634684,
        "adjusted_hits_at_5": -0.0011509191665986212,
        "adjusted_inverse_harmonic_mean_rank": -0.0006626304931326465,
        "arithmetic_mean_rank": 2080.7887931034484,
        "count": 232.0,
        "geometric_mean_rank": 1567.9549630844124,
        "harmonic_mean_rank": 790.4657776572456,
        "hits_at_1": 0.0,
        "hits_at_10": 0.0,
        "hits_at_3": 0.0,
        "hits_at_5": 0.0,
        "inverse_arithmetic_mean_rank": 0.0004805869789929631,
        "inverse_geometric_mean_rank": 0.0006377734205023618,
        "inverse_harmonic_mean_rank": 0.0012650769056236242,
        "inverse_median_rank": 0.000500751126690035,
        "median_absolute_deviation": 1522.632478405253,
        "median_rank": 1997.0,
        "standard_deviation": 1198.3585696385408,
        "variance": 1436063.2614261294,
        "z_arithmetic_mean_rank": -2080.7887931034484,
        "z_hits_at_1": 0.0,
        "z_hits_at_10": 0.0,
        "z_hits_at_3": 0.0,
        "z_hits_at_5": 0.0,
        "z_inverse_harmonic_mean_rank": 0.0012650769056236242
      },
      "realistic": {
        "adjusted_arithmetic_mean_rank": 0.9564797720315571,
        "adjusted_arithmetic_mean_rank_index": 0.04354024218639385,
        "adjusted_hits_at_1": -0.00022997208989089375,
        "adjusted_hits_at_10": -0.002304490615616002,
        "adjusted_hits_at_3": -0.0006902337386634684,
        "adjusted_hits_at_5": -0.0011509191665986212,
        "adjusted_inverse_harmonic_mean_rank": -0.0006626304139845253,
        "arithmetic_mean_rank": 2080.788818359375,
        "count": 232.0,
        "geometric_mean_rank": 1567.955322265625,
        "harmonic_mean_rank": 790.4657282979125,
        "hits_at_1": 0.0,
        "hits_at_10": 0.0,
        "hits_at_3": 0.0,
        "hits_at_5": 0.0,
        "inverse_arithmetic_mean_rank": 0.00048058698303066194,
        "inverse_geometric_mean_rank": 0.0006377732497639954,
        "inverse_harmonic_mean_rank": 0.0012650769846192721,
        "inverse_median_rank": 0.000500751135405153,
        "median_absolute_deviation": 1522.632478405253,
        "median_rank": 1997.0,
        "standard_deviation": 1198.3585205078125,
        "variance": 1436063.25,
        "z_arithmetic_mean_rank": -2080.788818359375,
        "z_hits_at_1": 0.0,
        "z_hits_at_10": 0.0,
        "z_hits_at_3": 0.0,
        "z_hits_at_5": 0.0,
        "z_inverse_harmonic_mean_rank": 0.0012650769846192721
      }
    },
    "head": {
      "optimistic": {
        "adjusted_arithmetic_mean_rank": 0.9401949901436985,
        "adjusted_arithmetic_mean_rank_index": 0.05983280618848674,
        "adjusted_hits_at_1": -0.0002324012996594279,
        "adjusted_hits_at_10": -0.002328884117855992,
        "adjusted_hits_at_3": -0.0006975281118577733,
        "adjusted_hits_at_5": -0.0011630877106794588,
        "adjusted_inverse_harmonic_mean_rank": -0.0003705403319361446,
        "arithmetic_mean_rank": 2023.8103448275863,
        "count": 116.0,
        "geometric_mean_rank": 1386.9344612862596,
        "harmonic_mean_rank": 635.0525281796283,
        "hits_at_1": 0.0,
        "hits_at_10": 0.0,
        "hits_at_3": 0.0,
        "hits_at_5": 0.0,
        "inverse_arithmetic_mean_rank": 0.0004941174466054983,
        "inverse_geometric_mean_rank": 0.0007210146030062503,
        "inverse_harmonic_mean_rank": 0.0015746728902355368,
        "inverse_median_rank": 0.0005302226935312832,
        "median_absolute_deviation": 1753.1771233828742,
        "median_rank": 1886.0,
        "standard_deviation": 1306.0076893803384,
        "variance": 1705656.0847205708,
        "z_arithmetic_mean_rank": -2023.8103448275863,
        "z_hits_at_1": 0.0,
        "z_hits_at_10": 0.0,
        "z_hits_at_3": 0.0,
        "z_hits_at_5": 0.0,
        "z_inverse_harmonic_mean_rank": 0.0015746728902355368
      },
      "pessimistic": {
        "adjusted_arithmetic_mean_rank": 0.9401949901436985,
        "adjusted_arithmetic_mean_rank_index": 0.05983280618848674,
        "adjusted_hits_at_1": -0.0002324012996594279,
        "adjusted_hits_at_10": -0.002328884117855992,
        "adjusted_hits_at_3": -0.0006975281118577733,
        "adjusted_hits_at_5": -0.0011630877106794588,
        "adjusted_inverse_harmonic_mean_rank": -0.0003705403319361446,
        "arithmetic_mean_rank": 2023.8103448275863,
        "count": 116.0,
        "geometric_mean_rank": 1386.9344612862596,
        "harmonic_mean_rank": 635.0525281796283,
        "hits_at_1": 0.0,
        "hits_at_10": 0.0,
        "hits_at_3": 0.0,
        "hits_at_5": 0.0,
        "inverse_arithmetic_mean_rank": 0.0004941174466054983,
        "inverse_geometric_mean_rank": 0.0007210146030062503,
        "inverse_harmonic_mean_rank": 0.0015746728902355368,
        "inverse_median_rank": 0.0005302226935312832,
        "median_absolute_deviation": 1753.1771233828742,
        "median_rank": 1886.0,
        "standard_deviation": 1306.0076893803384,
        "variance": 1705656.0847205708,
        "z_arithmetic_mean_rank": -2023.8103448275863,
        "z_hits_at_1": 0.0,
        "z_hits_at_10": 0.0,
        "z_hits_at_3": 0.0,
        "z_hits_at_5": 0.0,
        "z_inverse_harmonic_mean_rank": 0.0015746728902355368
      },
      "realistic": {
        "adjusted_arithmetic_mean_rank": 0.9401949705885922,
        "adjusted_arithmetic_mean_rank_index": 0.059832825752681784,
        "adjusted_hits_at_1": -0.0002324012996594279,
        "adjusted_hits_at_10": -0.002328884117855992,