{
  "losses": [
    0.06450313241090323,
    0.04056603739590782,
    0.03069718517738059,
    0.024633420244009285,
    0.020804005554140224,
    0.017809175537487766,
    0.01568246030797959,
    0.01392636751462663,
    0.012482691729802242,
    0.011043215519539094,
    0.009964350056436871,
    0.009317874240919746,
    0.0085087835244374,
    0.007718580777260012,
    0.007065233743379104,
    0.006478915754282255,
    0.005946935864180201,
    0.005428677256540747,
    0.005136814318325637,
    0.004701697145348493,
    0.00431772862090388,
    0.004010859004466282,
    0.0036465884582113166,
    0.00339990826449659,
    0.0031436392962316713,
    0.0029554859724579456,
    0.00271846502910065,
    0.00245505057607569,
    0.0022990386089987136,
    0.002132282472596106
  ],
  "metrics": {
    "both": {
      "optimistic": {
        "adjusted_arithmetic_mean_rank": 1.2736255642463616,
        "adjusted_arithmetic_mean_rank_index": -0.27375144606988977,
        "adjusted_hits_at_1": -0.00023005774985504658,
        "adjusted_hits_at_10": 0.0020149309115124183,
        "adjusted_hits_at_3": -0.0006904909551560167,
        "adjusted_hits_at_5": -0.001151348255631193,
        "adjusted_inverse_harmonic_mean_rank": -0.00041242387610865105,
        "arithmetic_mean_rank": 2769.7155172413795,
        "count": 232.0,
        "geometric_mean_rank": 2168.901083215189,
        "harmonic_mean_rank": 659.8819485522511,
        "hits_at_1": 0.0,
        "hits_at_10": 0.004310344827586207,
        "hits_at_3": 0.0,
        "hits_at_5": 0.0,
        "inverse_arithmetic_mean_rank": 0.00036104791043521835,
        "inverse_geometric_mean_rank": 0.00046106298149733754,
        "inverse_harmonic_mean_rank": 0.001515422572467623,
        "inverse_median_rank": 0.00030193236714975844,
        "median_absolute_deviation": 811.724714631817,
        "median_rank": 3312.0,
        "standard_deviation": 1223.4429253068379,
        "variance": 1496812.591483353,
        "z_arithmetic_mean_rank": -2769.7155172413795,
        "z_hits_at_1": 0.0,
        "z_hits_at_10": 0.004310344827586207,
        "z_hits_at_3": 0.0,
        "z_hits_at_5": 0.0,
        "z_inverse_harmonic_mean_rank": 0.001515422572467623
      },
      "pessimistic": {
        "adjusted_arithmetic_mean_rank": 1.273627546314675,
        "adjusted_arithmetic_mean_rank_index": -0.27375342905005606,
        "adjusted_hits_at_1": -0.00023005774985504658,
        "adjusted_hits_at_10": 0.0020149309115124183,
        "adjusted_hits_at_3": -0.0006904909551560167,
        "adjusted_hits_at_5": -0.001151348255631193,
        "adjusted_inverse_harmonic_mean_rank": -0.0004124256518471757,
        "arithmetic_mean_rank": 2769.719827586207,
        "count": 232.0,
        "geometric_mean_rank": 2168.907077908876,
        "harmonic_mean_rank": 659.8827202981063,
        "hits_at_1": 0.0,
        "hits_at_10": 0.004310344827586207,
        "hits_at_3": 0.0,
        "hits_at_5": 0.0,
        "inverse_arithmetic_mean_rank": 0.000361047348558534,
        "inverse_geometric_mean_rank": 0.00046106170715443334,
        "inverse_harmonic_mean_rank": 0.0015154208001510383,
        "inverse_median_rank": 0.00030193236714975844,
        "median_absolute_deviation": 811.724714631817,
        "median_rank": 3312.0,
        "standard_deviation": 1223.4386615488265,
        "variance": 1496802.158572384,
        "z_arithmetic_mean_rank": -2769.719827586207,
        "z_hits_at_1": 0.0,
        "z_hits_at_10": 0.004310344827586207,
        "z_hits_at_3": 0.0,
        "z_hits_at_5": 0.0,
        "z_inverse_harmonic_mean_rank": 0.0015154208001510383
      },
      "realistic": {
        "adjusted_arithmetic_mean_rank": 1.2736266017352442,
        "adjusted_arithmetic_mean_rank_index": -0.27375248403607055,
        "adjusted_hits_at_1": -0.00023005774985504658,
        "adjusted_hits_at_10": 0.0020149309115124183,
        "adjusted_hits_at_3": -0.0006904909551560167,
        "adjusted_hits_at_5": -0.001151348255631193,
        "adjusted_inverse_harmonic_mean_rank": -0.00041242469068035063,
        "arithmetic_mean_rank": 2769.7177734375,
        "count": 232.0,
        "geometric_mean_rank": 2168.90380859375,
        "harmonic_mean_rank": 659.8823025694255,
        "hits_at_1": 0.0,
        "hits_at_10": 0.004310344827586207,
        "hits_at_3": 0.0,
        "hits_at_5": 0.0,
        "inverse_arithmetic_mean_rank": 0.0003610476269386709,
        "inverse_geometric_mean_rank": 0.000461062416434288,
        "inverse_harmonic_mean_rank": 0.0015154217594656452,
        "inverse_median_rank": 0.0003019323630724102,
        "median_absolute_deviation": 811.724714631817,
        "median_rank": 3312.0,
        "standard_deviation": 1223.4407958984375,
        "variance": 1496807.25,
        "z_arithmetic_mean_rank": -2769.7177734375,
        "z_hits_at_1": 0.0,
        "z_hits_at_10": 0.004310344827586207,
        "z_hits_at_3": 0.0,
        "z_hits_at_5": 0.0,
        "z_inverse_harmonic_mean_rank": 0.0015154217594656452
      }
    },
    "head": {
      "optimistic": {
        "adjusted_arithmetic_mean_rank": 0.9129096977274506,
        "adjusted_arithmetic_mean_rank_index": 0.08713081020405522,
        "adjusted_hits_at_1": -0.00023257217403122084,
        "adjusted_hits_at_10": 0.006310181000018299,
        "adjusted_hits_at_3": -0.0006980412120181476,
        "adjusted_hits_at_5": -0.0011639436737987652,
        "adjusted_inverse_harmonic_mean_rank": 0.0008029011347867552,
        "arithmetic_mean_rank": 1963.6293103448277,
        "count": 116.0,
        "geometric_mean_rank": 1324.0019132360649,
        "harmonic_mean_rank": 364.0209141753874,
        "hits_at_1": 0.0,
        "hits_at_10": 0.008620689655172414,
        "hits_at_3": 0.0,
        "hits_at_5": 0.0,
        "inverse_arithmetic_mean_rank": 0.0005092610885016748,
        "inverse_geometric_mean_rank": 0.0007552859176433105,
        "inverse_harmonic_mean_rank": 0.002747094908723278,
        "inverse_median_rank": 0.0005353319057815846,
        "median_absolute_deviation": 1656.80797918001,
        "median_rank": 1868.0,
        "standard_deviation": 1247.6931163508034,
        "variance": 1556738.1125891795,
        "z_arithmetic_mean_rank": -1963.6293103448277,
        "z_hits_at_1": 0.0,
        "z_hits_at_10": 0.008620689655172414,
        "z_hits_at_3": 0.0,
        "z_hits_at_5": 0.0,
        "z_inverse_harmonic_mean_rank": 0.002747094908723278
      },
      "pessimistic": {
        "adjusted_arithmetic_mean_rank": 0.9129137055669881,
        "adjusted_arithmetic_mean_rank_index": 0.0871268005003687,
        "adjusted_hits_at_1": -0.00023257217403122084,
        "adjusted_hits_at_10": 0.006310181000018299,
        "adjusted_hits_at_3": -0.0006980412120181476,
        "adjusted_hits_at_5": -0.0011639436737987652,
        "adjusted_inverse_harmonic_mean_rank": 0.0008028975832431479,
        "arithmetic_mean_rank": 1963.6379310344828,
        "count": 116.0,
        "geometric_mean_rank": 1324.0092321469574,
        "harmonic_mean_rank": 364.02138387968034,
        "hits_at_1": 0.0,
        "hits_at_10": 0.008620689655172414,
        "hits_at_3": 0.0,
        "hits_at_5": 0.0,
        "inverse_arithmetic_mean_rank": 0.0005092588527627293,
        "inverse_geometric_mean_rank": 0.0007552817425437754,
        "inverse_harmonic_mean_rank": 0.002747091364090108,
        "inverse_median_rank": 0.0005353319057815846,
        "median_absolute_deviation": 1656.80797918001,
        "median_rank": 1868.0,
        "standard_deviation": 1247.6903240660854,
        "variance": 1556731.1447681333,
        "z_arithmetic_mean_rank": -1963.6379310344828,
        "z_hits_at_1": 0.0,
        "z_hits_at_10": 0.008620689655172414,
        "z_hits_at_3": 0.0,
        "z_hits_at_5": 0.0,
        "z_inverse_harmonic_mean_rank": 0.002747091364090108
      },
      "realistic": {
        "adjusted_arithmetic_mean_rank": 0.9129117231737012,