{
  "losses": [
    0.003916312546537882,
    0.0037263861823301704,
    0.0035133792416071805,
    0.003273953293383922,
    0.003018542737330624,
    0.0027749638917625515,
    0.0026172220466381224,
    0.0025169810403736876,
    0.0024535733133574204,
    0.0023810931677043052,
    0.0023753190355109604,
    0.002367338443562163,
    0.002329506843063201,
    0.0023123077596284474,
    0.002323141263756477,
    0.0023272821439489473,
    0.00229072779045429,
    0.002284006699834428,
    0.0023182642961810792,
    0.0022711332329324436,
    0.0022850093026669884,
    0.0022789686729761355,
    0.0022875732789879198,
    0.0022605831138657255,
    0.0022695238249437343,
    0.0022684800165991103,
    0.0022565787775345176,
    0.002289862697307306,
    0.0022542215127498585,
    0.0022783291859767804
  ],
  "metrics": {
    "both": {
      "optimistic": {
        "adjusted_arithmetic_mean_rank": 0.5823780192877426,
        "adjusted_arithmetic_mean_rank_index": 0.4177979500863702,
        "adjusted_hits_at_1": -0.00021070542960217688,
        "adjusted_hits_at_10": -0.0021110575977041214,
        "adjusted_hits_at_3": -0.0006323827817779457,
        "adjusted_hits_at_5": -0.0010544158325748122,
        "adjusted_inverse_harmonic_mean_rank": 0.0015911420036628901,
        "arithmetic_mean_rank": 1382.719827586207,
        "count": 232.0,
        "geometric_mean_rank": 796.1751696544735,
        "harmonic_mean_rank": 296.578179279977,
        "hits_at_1": 0.0,
        "hits_at_10": 0.0,
        "hits_at_3": 0.0,
        "hits_at_5": 0.0,
        "inverse_arithmetic_mean_rank": 0.000723212309572276,
        "inverse_geometric_mean_rank": 0.0012560050075839254,
        "inverse_harmonic_mean_rank": 0.0033717922283688162,
        "inverse_median_rank": 0.0009784735812133072,
        "median_absolute_deviation": 1183.1165703674703,
        "median_rank": 1022.0,
        "standard_deviation": 1210.3232590225657,
        "variance": 1464882.3913310047,
        "z_arithmetic_mean_rank": -1382.719827586207,
        "z_hits_at_1": 0.0,
        "z_hits_at_10": 0.0,
        "z_hits_at_3": 0.0,
        "z_hits_at_5": 0.0,
        "z_inverse_harmonic_mean_rank": 0.0033717922283688162
      },
      "pessimistic": {
        "adjusted_arithmetic_mean_rank": 0.5823780192877426,
        "adjusted_arithmetic_mean_rank_index": 0.4177979500863702,
        "adjusted_hits_at_1": -0.00021070542960217688,
        "adjusted_hits_at_10": -0.0021110575977041214,
        "adjusted_hits_at_3": -0.0006323827817779457,
        "adjusted_hits_at_5": -0.0010544158325748122,
        "adjusted_inverse_harmonic_mean_rank": 0.0015911420036628901,
        "arithmetic_mean_rank": 1382.719827586207,
        "count": 232.0,
        "geometric_mean_rank": 796.1751696544735,
        "harmonic_mean_rank": 296.578179279977,
        "hits_at_1": 0.0,
        "hits_at_10": 0.0,
        "hits_at_3": 0.0,
        "hits_at_5": 0.0,
        "inverse_arithmetic_mean_rank": 0.000723212309572276,
        "inverse_geometric_mean_rank": 0.0012560050075839254,
        "inverse_harmonic_mean_rank": 0.0033717922283688162,
        "inverse_median_rank": 0.0009784735812133072,
        "median_absolute_deviation": 1183.1165703674703,
        "median_rank": 1022.0,
        "standard_deviation": 1210.3232590225657,
        "variance": 1464882.3913310047,
        "z_arithmetic_mean_rank": -1382.719827586207,
        "z_hits_at_1": 0.0,
        "z_hits_at_10": 0.0,
        "z_hits_at_3": 0.0,
        "z_hits_at_5": 0.0,
        "z_inverse_harmonic_mean_rank": 0.0033717922283688162
      },
      "realistic": {
        "adjusted_arithmetic_mean_rank": 0.5823780281522141,
        "adjusted_arithmetic_mean_rank_index": 0.4177979412181637,
        "adjusted_hits_at_1": -0.00021070542960217688,
        "adjusted_hits_at_10": -0.0021110575977041214,
        "adjusted_hits_at_3": -0.0006323827817779457,
        "adjusted_hits_at_5": -0.0010544158325748122,
        "adjusted_inverse_harmonic_mean_rank": 0.0015911421392453004,
        "arithmetic_mean_rank": 1382.7198486328125,
        "count": 232.0,
        "geometric_mean_rank": 796.175048828125,
        "harmonic_mean_rank": 296.5781673756055,
        "hits_at_1": 0.0,
        "hits_at_10": 0.0,
        "hits_at_3": 0.0,
        "hits_at_5": 0.0,
        "inverse_arithmetic_mean_rank": 0.0007232123170979321,
        "inverse_geometric_mean_rank": 0.0012560051400214434,
        "inverse_harmonic_mean_rank": 0.003371792363709417,
        "inverse_median_rank": 0.000978473573923111,
        "median_absolute_deviation": 1183.1165703674703,
        "median_rank": 1022.0,
        "standard_deviation": 1210.3233642578125,
        "variance": 1464882.5,
        "z_arithmetic_mean_rank": -1382.7198486328125,
        "z_hits_at_1": 0.0,
        "z_hits_at_10": 0.0,
        "z_hits_at_3": 0.0,
        "z_hits_at_5": 0.0,
        "z_inverse_harmonic_mean_rank": 0.003371792363709417
      }
    },
    "head": {
      "optimistic": {
        "adjusted_arithmetic_mean_rank": 0.5301192867707889,
        "adjusted_arithmetic_mean_rank_index": 0.4700807358440341,
        "adjusted_hits_at_1": -0.00021285091937457584,
        "adjusted_hits_at_10": -0.0021325945160763585,
        "adjusted_hits_at_3": -0.0006388247069761256,
        "adjusted_hits_at_5": -0.001065161479273462,
        "adjusted_inverse_harmonic_mean_rank": 0.002369274353774459,
        "arithmetic_mean_rank": 1245.853448275862,
        "count": 116.0,
        "geometric_mean_rank": 676.0352719119927,
        "harmonic_mean_rank": 240.11669468923543,
        "hits_at_1": 0.0,
        "hits_at_10": 0.0,
        "hits_at_3": 0.0,
        "hits_at_5": 0.0,
        "inverse_arithmetic_mean_rank": 0.0008026626256755167,
        "inverse_geometric_mean_rank": 0.0014792127593753444,
        "inverse_harmonic_mean_rank": 0.0041646417017951335,
        "inverse_median_rank": 0.001266624445851805,
        "median_absolute_deviation": 964.432743137894,
        "median_rank": 789.5,
        "standard_deviation": 1176.5145430048462,
        "variance": 1384186.4699019024,
        "z_arithmetic_mean_rank": -1245.853448275862,
        "z_hits_at_1": 0.0,
        "z_hits_at_10": 0.0,
        "z_hits_at_3": 0.0,
        "z_hits_at_5": 0.0,
        "z_inverse_harmonic_mean_rank": 0.0041646417017951335
      },
      "pessimistic": {
        "adjusted_arithmetic_mean_rank": 0.5301192867707889,
        "adjusted_arithmetic_mean_rank_index": 0.4700807358440341,
        "adjusted_hits_at_1": -0.00021285091937457584,
        "adjusted_hits_at_10": -0.0021325945160763585,
        "adjusted_hits_at_3": -0.0006388247069761256,
        "adjusted_hits_at_5": -0.001065161479273462,
        "adjusted_inverse_harmonic_mean_rank": 0.002369274353774459,
        "arithmetic_mean_rank": 1245.853448275862,
        "count": 116.0,
        "geometric_mean_rank": 676.0352719119927,
        "harmonic_mean_rank": 240.11669468923543,
        "hits_at_1": 0.0,
        "hits_at_10": 0.0,
        "hits_at_3": 0.0,
        "hits_at_5": 0.0,
        "inverse_arithmetic_mean_rank": 0.0008026626256755167,
        "inverse_geometric_mean_rank": 0.0014792127593753444,
        "inverse_harmonic_mean_rank": 0.0041646417017951335,
        "inverse_median_rank": 0.001266624445851805,
        "median_absolute_deviation": 964.432743137894,
        "median_rank": 789.5,
        "standard_deviation": 1176.5145430048462,
        "variance": 1384186.4699019024,
        "z_arithmetic_mean_rank": -1245.853448275862,
        "z_hits_at_1": 0.0,
        "z_hits_at_10": 0.0,
        "z_hits_at_3": 0.0,
        "z_hits_at_5": 0.0,
        "z_inverse_harmonic_mean_rank": 0.0041646417017951335
      },
      "realistic": {
        "adjusted_arithmetic_mean_rank": 0.5301192634865495,
        "adjusted_arithmetic_mean_rank_index": 0.47008075913818537,
        "adjusted_hits_at_1": -0.00021285091937457584,
        "adjusted_hits_at_10": -0.0021325945160763585,