{
  "losses": [
    0.003913711333919681,
    0.0037318188866522863,
    0.003556324483314111,
    0.003395063041542016,
    0.00324324140864089,
    0.0030783482412496004,
    0.002942018290326061,
    0.002798810945017626,
    0.0026602932799473546,
    0.002531399529968771,
    0.002401985997759027,
    0.002271924217913023,
    0.0021700156674989124,
    0.0020520830145801926,
    0.0019462306013624895,
    0.001844494213620465,
    0.001740396606240687,
    0.0016553777864514888,
    0.0015665985135369742,
    0.0014897931696355978,
    0.0014072993395378931,
    0.0013322937787279266,
    0.0012606072965124114,
    0.0011967140919802728,
    0.001146362681437972,
    0.0010836613157787752,
    0.0010299569985556477,
    0.0009772916264465348,
    0.0009285324562759933,
    0.000869634442139545
  ],
  "metrics": {
    "both": {
      "optimistic": {
        "adjusted_arithmetic_mean_rank": 0.8372790313302689,
        "adjusted_arithmetic_mean_rank_index": 0.16278953284579056,
        "adjusted_hits_at_1": -0.00021070542960217688,
        "adjusted_hits_at_10": 0.023805607684995123,
        "adjusted_hits_at_3": 0.00799375844909945,
        "adjusted_hits_at_5": 0.011890253337674,
        "adjusted_inverse_harmonic_mean_rank": 0.005285919626769527,
        "arithmetic_mean_rank": 1987.9224137931035,
        "count": 232.0,
        "geometric_mean_rank": 1257.3470475074714,
        "harmonic_mean_rank": 141.64345553211476,
        "hits_at_1": 0.0,
        "hits_at_10": 0.02586206896551724,
        "hits_at_3": 0.008620689655172414,
        "hits_at_5": 0.01293103448275862,
        "inverse_arithmetic_mean_rank": 0.0005030377408401597,
        "inverse_geometric_mean_rank": 0.0007953253654051769,
        "inverse_harmonic_mean_rank": 0.007059980259894679,
        "inverse_median_rank": 0.0005868544600938967,
        "median_absolute_deviation": 1739.833703416324,
        "median_rank": 1704.0,
        "standard_deviation": 1384.3342085193633,
        "variance": 1916381.2008769321,
        "z_arithmetic_mean_rank": -1987.9224137931035,
        "z_hits_at_1": 0.0,
        "z_hits_at_10": 0.02586206896551724,
        "z_hits_at_3": 0.008620689655172414,
        "z_hits_at_5": 0.01293103448275862,
        "z_inverse_harmonic_mean_rank": 0.007059980259894679
      },
      "pessimistic": {
        "adjusted_arithmetic_mean_rank": 0.8372826622177894,
        "adjusted_arithmetic_mean_rank_index": 0.16278590042835783,
        "adjusted_hits_at_1": -0.00021070542960217688,
        "adjusted_hits_at_10": 0.023805607684995123,
        "adjusted_hits_at_3": 0.00799375844909945,
        "adjusted_hits_at_5": 0.011890253337674,
        "adjusted_inverse_harmonic_mean_rank": 0.005285916333232733,
        "arithmetic_mean_rank": 1987.9310344827586,
        "count": 232.0,
        "geometric_mean_rank": 1257.3534181067114,
        "harmonic_mean_rank": 141.6435214920921,
        "hits_at_1": 0.0,
        "hits_at_10": 0.02586206896551724,
        "hits_at_3": 0.008620689655172414,
        "hits_at_5": 0.01293103448275862,
        "inverse_arithmetic_mean_rank": 0.0005030355594102342,
        "inverse_geometric_mean_rank": 0.0007953213357512264,
        "inverse_harmonic_mean_rank": 0.007059976972231869,
        "inverse_median_rank": 0.0005868544600938967,
        "median_absolute_deviation": 1739.833703416324,
        "median_rank": 1704.0,
        "standard_deviation": 1384.3336547442423,
        "variance": 1916379.6676575507,
        "z_arithmetic_mean_rank": -1987.9310344827586,
        "z_hits_at_1": 0.0,
        "z_hits_at_10": 0.02586206896551724,
        "z_hits_at_3": 0.008620689655172414,
        "z_hits_at_5": 0.01293103448275862,
        "z_inverse_harmonic_mean_rank": 0.007059976972231869
      },
      "realistic": {
        "adjusted_arithmetic_mean_rank": 0.8372808609571835,
        "adjusted_arithmetic_mean_rank_index": 0.1627877024479436,
        "adjusted_hits_at_1": -0.00021070542960217688,
        "adjusted_hits_at_10": 0.023805607684995123,
        "adjusted_hits_at_3": 0.00799375844909945,
        "adjusted_hits_at_5": 0.011890253337674,
        "adjusted_inverse_harmonic_mean_rank": 0.005285917877637371,
        "arithmetic_mean_rank": 1987.9267578125,
        "count": 232.0,
        "geometric_mean_rank": 1257.3499755859375,
        "harmonic_mean_rank": 141.64349056214462,
        "hits_at_1": 0.0,
        "hits_at_10": 0.02586206896551724,
        "hits_at_3": 0.008620689655172414,
        "hits_at_5": 0.01293103448275862,
        "inverse_arithmetic_mean_rank": 0.0005030366592109203,
        "inverse_geometric_mean_rank": 0.0007953235181048512,
        "inverse_harmonic_mean_rank": 0.007059978513882079,
        "inverse_median_rank": 0.0005868544685654342,
        "median_absolute_deviation": 1739.833703416324,
        "median_rank": 1704.0,
        "standard_deviation": 1384.3338623046875,
        "variance": 1916380.375,
        "z_arithmetic_mean_rank": -1987.9267578125,
        "z_hits_at_1": 0.0,
        "z_hits_at_10": 0.02586206896551724,
        "z_hits_at_3": 0.008620689655172414,
        "z_hits_at_5": 0.01293103448275862,
        "z_inverse_harmonic_mean_rank": 0.007059978513882079
      }
    },
    "head": {
      "optimistic": {
        "adjusted_arithmetic_mean_rank": 0.8187120315772974,
        "adjusted_arithmetic_mean_rank_index": 0.18136514054843345,
        "adjusted_hits_at_1": -0.00021285091937457584,
        "adjusted_hits_at_10": 0.023784627755891134,
        "adjusted_hits_at_3": 0.007987372057739186,
        "adjusted_hits_at_5": 0.007564710602444413,
        "adjusted_inverse_harmonic_mean_rank": 0.004751764516074404,
        "arithmetic_mean_rank": 1924.0862068965516,
        "count": 116.0,
        "geometric_mean_rank": 1200.6134496781665,
        "harmonic_mean_rank": 152.8387288737372,
        "hits_at_1": 0.0,
        "hits_at_10": 0.02586206896551724,
        "hits_at_3": 0.008620689655172414,
        "hits_at_5": 0.008620689655172414,
        "inverse_arithmetic_mean_rank": 0.0005197272328109179,
        "inverse_geometric_mean_rank": 0.000832907544279183,
        "inverse_harmonic_mean_rank": 0.006542844260541566,
        "inverse_median_rank": 0.0006095702529716549,
        "median_absolute_deviation": 1741.3163056348294,
        "median_rank": 1640.5,
        "standard_deviation": 1378.549334782923,
        "variance": 1900398.2684304398,
        "z_arithmetic_mean_rank": -1924.0862068965516,
        "z_hits_at_1": 0.0,
        "z_hits_at_10": 0.02586206896551724,
        "z_hits_at_3": 0.008620689655172414,
        "z_hits_at_5": 0.008620689655172414,
        "z_inverse_harmonic_mean_rank": 0.006542844260541566
      },
      "pessimistic": {
        "adjusted_arithmetic_mean_rank": 0.8187120315772974,
        "adjusted_arithmetic_mean_rank_index": 0.18136514054843345,
        "adjusted_hits_at_1": -0.00021285091937457584,
        "adjusted_hits_at_10": 0.023784627755891134,
        "adjusted_hits_at_3": 0.007987372057739186,
        "adjusted_hits_at_5": 0.007564710602444413,
        "adjusted_inverse_harmonic_mean_rank": 0.004751764516074404,
        "arithmetic_mean_rank": 1924.0862068965516,
        "count": 116.0,
        "geometric_mean_rank": 1200.6134496781665,
        "harmonic_mean_rank": 152.8387288737372,
        "hits_at_1": 0.0,
        "hits_at_10": 0.02586206896551724,
        "hits_at_3": 0.008620689655172414,
        "hits_at_5": 0.008620689655172414,
        "inverse_arithmetic_mean_rank": 0.0005197272328109179,
        "inverse_geometric_mean_rank": 0.000832907544279183,
        "inverse_harmonic_mean_rank": 0.006542844260541566,
        "inverse_median_rank": 0.0006095702529716549,
        "median_absolute_deviation": 1741.3163056348294,
        "median_rank": 1640.5,
        "standard_deviation": 1378.549334782923,
        "variance": 1900398.2684304398,
        "z_arithmetic_mean_rank": -1924.0862068965516,
        "z_hits_at_1": 0.0,