{
  "losses": [
    0.19238607105148067,
    0.16594388041366903,
    0.15079670678408225,
    0.1408448487263935,
    0.13327035877865304,
    0.1279420512539968,
    0.12415534754958393,
    0.12131834872507523,
    0.11905638633287077,
    0.11712106880557735,
    0.11525703571564468,
    0.11334009299587547,
    0.11147018680810276,
    0.10959914188195559,
    0.10768282485798147,
    0.105814236941699,
    0.10394635253584819,
    0.10202934954788008,
    0.10019983500530304,
    0.09824395546888672,
    0.09639407688677688,
    0.0945058272970604,
    0.09269206894690907,
    0.09083046972588708,
    0.08894786258735908,
    0.08716840129257496,
    0.08540392084110897,
    0.08365039992003463,
    0.08197860127806259,
    0.08028102895353852
  ],
  "metrics": {
    "both": {
      "optimistic": {
        "adjusted_arithmetic_mean_rank": 0.629344787749729,
        "adjusted_arithmetic_mean_rank_index": 0.3708256399179679,
        "adjusted_hits_at_1": -0.0002299303187033594,
        "adjusted_hits_at_10": -0.0023040711693982485,
        "adjusted_hits_at_3": -0.0006901083097572828,
        "adjusted_hits_at_5": -0.0011507099259168018,
        "adjusted_inverse_harmonic_mean_rank": 0.002319498684779047,
        "arithmetic_mean_rank": 1369.3620689655172,
        "count": 232.0,
        "geometric_mean_rank": 896.0904334495062,
        "harmonic_mean_rank": 235.78458868303042,
        "hits_at_1": 0.0,
        "hits_at_10": 0.0,
        "hits_at_3": 0.0,
        "hits_at_5": 0.0,
        "inverse_arithmetic_mean_rank": 0.0007302670511061028,
        "inverse_geometric_mean_rank": 0.0011159587946391674,
        "inverse_harmonic_mean_rank": 0.00424115929537837,
        "inverse_median_rank": 0.0007742934572202865,
        "median_absolute_deviation": 666.4296972182681,
        "median_rank": 1291.5,
        "standard_deviation": 888.9442294339929,
        "variance": 790221.8430439953,
        "z_arithmetic_mean_rank": -1369.3620689655172,
        "z_hits_at_1": 0.0,
        "z_hits_at_10": 0.0,
        "z_hits_at_3": 0.0,
        "z_hits_at_5": 0.0,
        "z_inverse_harmonic_mean_rank": 0.00424115929537837
      },
      "pessimistic": {
        "adjusted_arithmetic_mean_rank": 0.6293487497304382,
        "adjusted_arithmetic_mean_rank_index": 0.3708216761155356,
        "adjusted_hits_at_1": -0.0002299303187033594,
        "adjusted_hits_at_10": -0.0023040711693982485,
        "adjusted_hits_at_3": -0.0006901083097572828,
        "adjusted_hits_at_5": -0.0011507099259168018,
        "adjusted_inverse_harmonic_mean_rank": 0.002319495633462653,
        "arithmetic_mean_rank": 1369.3706896551723,
        "count": 232.0,
        "geometric_mean_rank": 896.0950244031196,
        "harmonic_mean_rank": 235.78475799243077,
        "hits_at_1": 0.0,
        "hits_at_10": 0.0,
        "hits_at_3": 0.0,
        "hits_at_5": 0.0,
        "inverse_arithmetic_mean_rank": 0.0007302624538077522,
        "inverse_geometric_mean_rank": 0.0011159530772599598,
        "inverse_harmonic_mean_rank": 0.004241156249939202,
        "inverse_median_rank": 0.0007742934572202865,
        "median_absolute_deviation": 666.4296972182681,
        "median_rank": 1291.5,
        "standard_deviation": 888.9472709448036,
        "variance": 790227.2505202141,
        "z_arithmetic_mean_rank": -1369.3706896551723,
        "z_hits_at_1": 0.0,
        "z_hits_at_10": 0.0,
        "z_hits_at_3": 0.0,
        "z_hits_at_5": 0.0,
        "z_inverse_harmonic_mean_rank": 0.004241156249939202
      },
      "realistic": {
        "adjusted_arithmetic_mean_rank": 0.6293467474599138,
        "adjusted_arithmetic_mean_rank_index": 0.37082367930670623,
        "adjusted_hits_at_1": -0.0002299303187033594,
        "adjusted_hits_at_10": -0.0023040711693982485,
        "adjusted_hits_at_3": -0.0006901083097572828,
        "adjusted_hits_at_5": -0.0011507099259168018,
        "adjusted_inverse_harmonic_mean_rank": 0.002319497094835125,
        "arithmetic_mean_rank": 1369.3663330078125,
        "count": 232.0,
        "geometric_mean_rank": 896.0929565429688,
        "harmonic_mean_rank": 235.78467690474352,
        "hits_at_1": 0.0,
        "hits_at_10": 0.0,
        "hits_at_3": 0.0,
        "hits_at_5": 0.0,
        "inverse_arithmetic_mean_rank": 0.0007302647572942078,
        "inverse_geometric_mean_rank": 0.0011159556452184916,
        "inverse_harmonic_mean_rank": 0.004241157708496883,
        "inverse_median_rank": 0.000774293439462781,
        "median_absolute_deviation": 666.4296972182681,
        "median_rank": 1291.5,
        "standard_deviation": 888.9457397460938,
        "variance": 790224.5625,
        "z_arithmetic_mean_rank": -1369.3663330078125,
        "z_hits_at_1": 0.0,
        "z_hits_at_10": 0.0,
        "z_hits_at_3": 0.0,
        "z_hits_at_5": 0.0,
        "z_inverse_harmonic_mean_rank": 0.004241157708496883
      }
    },
    "head": {
      "optimistic": {
        "adjusted_arithmetic_mean_rank": 0.6969942166163249,
        "adjusted_arithmetic_mean_rank_index": 0.30314656502793846,
        "adjusted_hits_at_1": -0.00023231864968828038,
        "adjusted_hits_at_10": -0.002328054150452513,
        "adjusted_hits_at_3": -0.0006972799313290434,
        "adjusted_hits_at_5": -0.0011626736915696162,
        "adjusted_inverse_harmonic_mean_rank": 0.0014321931675476487,
        "arithmetic_mean_rank": 1500.844827586207,
        "count": 116.0,
        "geometric_mean_rank": 937.6795362581958,
        "harmonic_mean_rank": 296.44635265440627,
        "hits_at_1": 0.0,
        "hits_at_10": 0.0,
        "hits_at_3": 0.0,
        "hits_at_5": 0.0,
        "inverse_arithmetic_mean_rank": 0.0006662913990970603,
        "inverse_geometric_mean_rank": 0.001066462433413545,
        "inverse_harmonic_mean_rank": 0.003373291629483424,
        "inverse_median_rank": 0.0008375209380234506,
        "median_absolute_deviation": 1221.664228048616,
        "median_rank": 1194.0,
        "standard_deviation": 1120.2746092184063,
        "variance": 1255015.2000594533,
        "z_arithmetic_mean_rank": -1500.844827586207,
        "z_hits_at_1": 0.0,
        "z_hits_at_10": 0.0,
        "z_hits_at_3": 0.0,
        "z_hits_at_5": 0.0,
        "z_inverse_harmonic_mean_rank": 0.003373291629483424
      },
      "pessimistic": {
        "adjusted_arithmetic_mean_rank": 0.6969982200753916,
        "adjusted_arithmetic_mean_rank_index": 0.30314255970879644,
        "adjusted_hits_at_1": -0.00023231864968828038,
        "adjusted_hits_at_10": -0.002328054150452513,
        "adjusted_hits_at_3": -0.0006972799313290434,
        "adjusted_hits_at_5": -0.0011626736915696162,
        "adjusted_inverse_harmonic_mean_rank": 0.0014321902049978291,
        "arithmetic_mean_rank": 1500.853448275862,
        "count": 116.0,
        "geometric_mean_rank": 937.6842703518497,
        "harmonic_mean_rank": 296.4466124987256,
        "hits_at_1": 0.0,
        "hits_at_10": 0.0,
        "hits_at_3": 0.0,
        "hits_at_5": 0.0,
        "inverse_arithmetic_mean_rank": 0.0006662875720136244,
        "inverse_geometric_mean_rank": 0.0010664570491566072,
        "inverse_harmonic_mean_rank": 0.0033732886726924533,
        "inverse_median_rank": 0.0008375209380234506,
        "median_absolute_deviation": 1221.664228048616,
        "median_rank": 1194.0,
        "standard_deviation": 1120.2761994282262,
        "variance": 1255018.7630053507,
        "z_arithmetic_mean_rank": -1500.853448275862,
        "z_hits_at_1": 0.0,
        "z_hits_at_10": 0.0,
        "z_hits_at_3": 0.0,
        "z_hits_at_5": 0.0,
        "z_inverse_harmonic_mean_rank": 0.0033732886726924533
      },
      "realistic": {
        "adjusted_arithmetic_mean_rank": 0.6969962105266022,
        "adjusted_arithmetic_mean_rank_index": 0.3031445701912564,
        "adjusted_hits_at_1": -0.00023231864968828038,
        "adjusted_hits_at_10": -0.002328054150452513,
        "adjusted_hits_at_3": -0.0006972799313290434,