{
  "losses": [
    0.05692448789902858,
    0.05026582441094096,
    0.04578904162787666,
    0.04181473490858259,
    0.03942863725517664,
    0.036320551054754714,
    0.03367515653222809,
    0.03184724272064317,
    0.029551380293010576,
    0.027681741338754905,
    0.026033768247949323,
    0.024424450118242444,
    0.022376017573356437,
    0.021701147409925684,
    0.020287851676663735,
    0.01933475837938929,
    0.018356340915773258,
    0.0171324694508688,
    0.016548482809581086,
    0.015552536709039546,
    0.014274887844416533,
    0.013697462553628626,
    0.012896043524313954,
    0.012979075746705997,
    0.01218438240680907,
    0.011153611697544138,
    0.010485638841677726,
    0.009910702045802538,
    0.00952351352356488,
    0.009129488629489316
  ],
  "metrics": {
    "both": {
      "optimistic": {
        "adjusted_arithmetic_mean_rank": 0.9314145764373126,
        "adjusted_arithmetic_mean_rank_index": 0.06861698226319002,
        "adjusted_hits_at_1": -0.00023010141548593596,
        "adjusted_hits_at_10": -0.0023057892431773658,
        "adjusted_hits_at_3": -0.0006906220726907919,
        "adjusted_hits_at_5": -0.0011515669862038893,
        "adjusted_inverse_harmonic_mean_rank": -0.0006107812759930875,
        "arithmetic_mean_rank": 2025.1422413793102,
        "count": 232.0,
        "geometric_mean_rank": 1508.7091727543832,
        "harmonic_mean_rank": 758.8612860359503,
        "hits_at_1": 0.0,
        "hits_at_10": 0.0,
        "hits_at_3": 0.0,
        "hits_at_5": 0.0,
        "inverse_arithmetic_mean_rank": 0.0004937924751986344,
        "inverse_geometric_mean_rank": 0.000662818267469233,
        "inverse_harmonic_mean_rank": 0.0013177638896611546,
        "inverse_median_rank": 0.0005115089514066496,
        "median_absolute_deviation": 1468.5174974297988,
        "median_rank": 1955.0,
        "standard_deviation": 1201.4225015294091,
        "variance": 1443416.027181183,
        "z_arithmetic_mean_rank": -2025.1422413793102,
        "z_hits_at_1": 0.0,
        "z_hits_at_10": 0.0,
        "z_hits_at_3": 0.0,
        "z_hits_at_5": 0.0,
        "z_inverse_harmonic_mean_rank": 0.0013177638896611546
      },
      "pessimistic": {
        "adjusted_arithmetic_mean_rank": 0.9314145764373126,
        "adjusted_arithmetic_mean_rank_index": 0.06861698226319002,
        "adjusted_hits_at_1": -0.00023010141548593596,
        "adjusted_hits_at_10": -0.0023057892431773658,
        "adjusted_hits_at_3": -0.0006906220726907919,
        "adjusted_hits_at_5": -0.0011515669862038893,
        "adjusted_inverse_harmonic_mean_rank": -0.0006107812759930875,
        "arithmetic_mean_rank": 2025.1422413793102,
        "count": 232.0,
        "geometric_mean_rank": 1508.7091727543832,
        "harmonic_mean_rank": 758.8612860359503,
        "hits_at_1": 0.0,
        "hits_at_10": 0.0,
        "hits_at_3": 0.0,
        "hits_at_5": 0.0,
        "inverse_arithmetic_mean_rank": 0.0004937924751986344,
        "inverse_geometric_mean_rank": 0.000662818267469233,
        "inverse_harmonic_mean_rank": 0.0013177638896611546,
        "inverse_median_rank": 0.0005115089514066496,
        "median_absolute_deviation": 1468.5174974297988,
        "median_rank": 1955.0,
        "standard_deviation": 1201.4225015294091,
        "variance": 1443416.027181183,
        "z_arithmetic_mean_rank": -2025.1422413793102,
        "z_hits_at_1": 0.0,
        "z_hits_at_10": 0.0,
        "z_hits_at_3": 0.0,
        "z_hits_at_5": 0.0,
        "z_inverse_harmonic_mean_rank": 0.0013177638896611546
      },
      "realistic": {
        "adjusted_arithmetic_mean_rank": 0.9314145628854936,
        "adjusted_arithmetic_mean_rank_index": 0.06861699582124481,
        "adjusted_hits_at_1": -0.00023010141548593596,
        "adjusted_hits_at_10": -0.0023057892431773658,
        "adjusted_hits_at_3": -0.0006906220726907919,
        "adjusted_hits_at_5": -0.0011515669862038893,
        "adjusted_inverse_harmonic_mean_rank": -0.0006107812718776048,
        "arithmetic_mean_rank": 2025.1422119140625,
        "count": 232.0,
        "geometric_mean_rank": 1508.7093505859375,
        "harmonic_mean_rank": 758.8612836705333,
        "hits_at_1": 0.0,
        "hits_at_10": 0.0,
        "hits_at_3": 0.0,
        "hits_at_5": 0.0,
        "inverse_arithmetic_mean_rank": 0.0004937924677506089,
        "inverse_geometric_mean_rank": 0.0006628182018175721,
        "inverse_harmonic_mean_rank": 0.0013177638937687053,
        "inverse_median_rank": 0.0005115089588798583,
        "median_absolute_deviation": 1468.5174974297988,
        "median_rank": 1955.0,
        "standard_deviation": 1201.4224853515625,
        "variance": 1443416.0,
        "z_arithmetic_mean_rank": -2025.1422119140625,
        "z_hits_at_1": 0.0,
        "z_hits_at_10": 0.0,
        "z_hits_at_3": 0.0,
        "z_hits_at_5": 0.0,
        "z_inverse_harmonic_mean_rank": 0.0013177638937687053
      }
    },
    "head": {
      "optimistic": {
        "adjusted_arithmetic_mean_rank": 0.9289740798216584,
        "adjusted_arithmetic_mean_rank_index": 0.07105896874115114,
        "adjusted_hits_at_1": -0.00023266039854272065,
        "adjusted_hits_at_10": -0.0023314859855545693,
        "adjusted_hits_at_3": -0.0006983061319941112,
        "adjusted_hits_at_5": -0.0011643856184017421,
        "adjusted_inverse_harmonic_mean_rank": -0.0003611059273627737,
        "arithmetic_mean_rank": 1997.4224137931035,
        "count": 116.0,
        "geometric_mean_rank": 1359.8206118629157,
        "harmonic_mean_rank": 630.5147550644891,
        "hits_at_1": 0.0,
        "hits_at_10": 0.0,
        "hits_at_3": 0.0,
        "hits_at_5": 0.0,
        "inverse_arithmetic_mean_rank": 0.0005006452281172718,
        "inverse_geometric_mean_rank": 0.0007353911179725598,
        "inverse_harmonic_mean_rank": 0.0015860057071903414,
        "inverse_median_rank": 0.0005270092226613965,
        "median_absolute_deviation": 1753.1771233828742,
        "median_rank": 1897.5,
        "standard_deviation": 1307.4777914040694,
        "variance": 1709498.1750148633,
        "z_arithmetic_mean_rank": -1997.4224137931035,
        "z_hits_at_1": 0.0,
        "z_hits_at_10": 0.0,
        "z_hits_at_3": 0.0,
        "z_hits_at_5": 0.0,
        "z_inverse_harmonic_mean_rank": 0.0015860057071903414
      },
      "pessimistic": {
        "adjusted_arithmetic_mean_rank": 0.9289740798216584,
        "adjusted_arithmetic_mean_rank_index": 0.07105896874115114,
        "adjusted_hits_at_1": -0.00023266039854272065,
        "adjusted_hits_at_10": -0.0023314859855545693,
        "adjusted_hits_at_3": -0.0006983061319941112,
        "adjusted_hits_at_5": -0.0011643856184017421,
        "adjusted_inverse_harmonic_mean_rank": -0.0003611059273627737,
        "arithmetic_mean_rank": 1997.4224137931035,
        "count": 116.0,
        "geometric_mean_rank": 1359.8206118629157,
        "harmonic_mean_rank": 630.5147550644891,
        "hits_at_1": 0.0,
        "hits_at_10": 0.0,
        "hits_at_3": 0.0,
        "hits_at_5": 0.0,
        "inverse_arithmetic_mean_rank": 0.0005006452281172718,
        "inverse_geometric_mean_rank": 0.0007353911179725598,
        "inverse_harmonic_mean_rank": 0.0015860057071903414,
        "inverse_median_rank": 0.0005270092226613965,
        "median_absolute_deviation": 1753.1771233828742,
        "median_rank": 1897.5,
        "standard_deviation": 1307.4777914040694,
        "variance": 1709498.1750148633,
        "z_arithmetic_mean_rank": -1997.4224137931035,
        "z_hits_at_1": 0.0,
        "z_hits_at_10": 0.0,
        "z_hits_at_3": 0.0,
        "z_hits_at_5": 0.0,
        "z_inverse_harmonic_mean_rank": 0.0015860057071903414
      },
      "realistic": {
        "adjusted_arithmetic_mean_rank": 0.9289740563292803,
        "adjusted_arithmetic_mean_rank_index": 0.07105899224446033,
        "adjusted_hits_at_1": -0.00023266039854272065,
        "adjusted_hits_at_10": -0.0023314859855545693,