{
  "losses": [
    12.38869166534731,
    10.196978941638266,
    8.346579214055,
    6.783988049885216,
    5.4652559621025265,
    4.3542241389636525,
    3.420496059540041,
    2.6381947543015363,
    1.9851032351423967,
    1.4420976874653668,
    0.9927765181458605,
    0.6241262886144504,
    0.3318945078140624,
    0.12891039642665586,
    0.02986169805463795,
    0.005932047227074104,
    0.0039783752478724215,
    0.003931623495830615,
    0.003930706793797365,
    0.003927975032784273,
    0.00392763503479422,
    0.003928734472485974,
    0.00392388721345528,
    0.003921949512187215,
    0.003922371910092163,
    0.003923935295303586,
    0.0039203385894802855,
    0.003923328020089341,
    0.003920523156866091,
    0.003918736861170264
  ],
  "metrics": {
    "both": {
      "optimistic": {
        "adjusted_arithmetic_mean_rank": 0.9779198796730023,
        "adjusted_arithmetic_mean_rank_index": 0.022090274601486604,
        "adjusted_hits_at_1": -0.00022997208989089375,
        "adjusted_hits_at_10": -0.002304490615616002,
        "adjusted_hits_at_3": -0.0006902337386634684,
        "adjusted_hits_at_5": -0.0011509191665986212,
        "adjusted_inverse_harmonic_mean_rank": -0.0010684814499986794,
        "arithmetic_mean_rank": 2127.4310344827586,
        "count": 232.0,
        "geometric_mean_rank": 1842.8363475849635,
        "harmonic_mean_rank": 1162.780161566022,
        "hits_at_1": 0.0,
        "hits_at_10": 0.0,
        "hits_at_3": 0.0,
        "hits_at_5": 0.0,
        "inverse_arithmetic_mean_rank": 0.00047005048990607097,
        "inverse_geometric_mean_rank": 0.0005426417822236358,
        "inverse_harmonic_mean_rank": 0.0008600077925763792,
        "inverse_median_rank": 0.0005076142131979696,
        "median_absolute_deviation": 786.5204769172218,
        "median_rank": 1970.0,
        "standard_deviation": 933.1857719119649,
        "variance": 870835.6848989299,
        "z_arithmetic_mean_rank": -2127.4310344827586,
        "z_hits_at_1": 0.0,
        "z_hits_at_10": 0.0,
        "z_hits_at_3": 0.0,
        "z_hits_at_5": 0.0,
        "z_inverse_harmonic_mean_rank": 0.0008600077925763792
      },
      "pessimistic": {
        "adjusted_arithmetic_mean_rank": 0.9779258237038454,
        "adjusted_arithmetic_mean_rank_index": 0.022084327837084028,
        "adjusted_hits_at_1": -0.00022997208989089375,
        "adjusted_hits_at_10": -0.002304490615616002,
        "adjusted_hits_at_3": -0.0006902337386634684,
        "adjusted_hits_at_5": -0.0011509191665986212,
        "adjusted_inverse_harmonic_mean_rank": -0.0010684855487204147,
        "arithmetic_mean_rank": 2127.4439655172414,
        "count": 232.0,
        "geometric_mean_rank": 1842.848887392709,
        "harmonic_mean_rank": 1162.785692624913,
        "hits_at_1": 0.0,
        "hits_at_10": 0.0,
        "hits_at_3": 0.0,
        "hits_at_5": 0.0,
        "inverse_arithmetic_mean_rank": 0.00047004763284417314,
        "inverse_geometric_mean_rank": 0.0005426380897756709,
        "inverse_harmonic_mean_rank": 0.0008600037017505479,
        "inverse_median_rank": 0.0005076142131979696,
        "median_absolute_deviation": 786.5204769172218,
        "median_rank": 1970.0,
        "standard_deviation": 933.1865118108244,
        "variance": 870837.065825654,
        "z_arithmetic_mean_rank": -2127.4439655172414,
        "z_hits_at_1": 0.0,
        "z_hits_at_10": 0.0,
        "z_hits_at_3": 0.0,
        "z_hits_at_5": 0.0,
        "z_inverse_harmonic_mean_rank": 0.0008600037017505479
      },
      "realistic": {
        "adjusted_arithmetic_mean_rank": 0.9779228516884239,
        "adjusted_arithmetic_mean_rank_index": 0.02208730121928526,
        "adjusted_hits_at_1": -0.00022997208989089375,
        "adjusted_hits_at_10": -0.002304490615616002,
        "adjusted_hits_at_3": -0.0006902337386634684,
        "adjusted_hits_at_5": -0.0011509191665986212,
        "adjusted_inverse_harmonic_mean_rank": -0.0010684835652791335,
        "arithmetic_mean_rank": 2127.4375,
        "count": 232.0,
        "geometric_mean_rank": 1842.8424072265625,
        "harmonic_mean_rank": 1162.7830160447074,
        "hits_at_1": 0.0,
        "hits_at_10": 0.0,
        "hits_at_3": 0.0,
        "hits_at_5": 0.0,
        "inverse_arithmetic_mean_rank": 0.0004700490680988878,
        "inverse_geometric_mean_rank": 0.0005426399875432253,
        "inverse_harmonic_mean_rank": 0.0008600056813708667,
        "inverse_median_rank": 0.0005076142260804772,
        "median_absolute_deviation": 786.5204769172218,
        "median_rank": 1970.0,
        "standard_deviation": 933.1861572265625,
        "variance": 870836.4375,
        "z_arithmetic_mean_rank": -2127.4375,
        "z_hits_at_1": 0.0,
        "z_hits_at_10": 0.0,
        "z_hits_at_3": 0.0,
        "z_hits_at_5": 0.0,
        "z_inverse_harmonic_mean_rank": 0.0008600056813708667
      }
    },
    "head": {
      "optimistic": {
        "adjusted_arithmetic_mean_rank": 1.1070785796483367,
        "adjusted_arithmetic_mean_rank_index": -0.10712834791652992,
        "adjusted_hits_at_1": -0.0002324012996594279,
        "adjusted_hits_at_10": -0.002328884117855992,
        "adjusted_hits_at_3": -0.0006975281118577733,
        "adjusted_hits_at_5": -0.0011630877106794588,
        "adjusted_inverse_harmonic_mean_rank": -0.0007890366364782583,
        "arithmetic_mean_rank": 2383.0344827586205,
        "count": 116.0,
        "geometric_mean_rank": 1861.1277175127993,
        "harmonic_mean_rank": 864.3114448776917,
        "hits_at_1": 0.0,
        "hits_at_10": 0.0,
        "hits_at_3": 0.0,
        "hits_at_5": 0.0,
        "inverse_arithmetic_mean_rank": 0.0004196330381431962,
        "inverse_geometric_mean_rank": 0.0005373086385153591,
        "inverse_harmonic_mean_rank": 0.0011569903487064315,
        "inverse_median_rank": 0.00039880358923230307,
        "median_absolute_deviation": 1517.4433706404836,
        "median_rank": 2507.5,
        "standard_deviation": 1199.12100659863,
        "variance": 1437891.1884661117,
        "z_arithmetic_mean_rank": -2383.0344827586205,
        "z_hits_at_1": 0.0,
        "z_hits_at_10": 0.0,
        "z_hits_at_3": 0.0,
        "z_hits_at_5": 0.0,
        "z_inverse_harmonic_mean_rank": 0.0011569903487064315
      },
      "pessimistic": {
        "adjusted_arithmetic_mean_rank": 1.1070825845340941,
        "adjusted_arithmetic_mean_rank_index": -0.10713235466368864,
        "adjusted_hits_at_1": -0.0002324012996594279,
        "adjusted_hits_at_10": -0.002328884117855992,
        "adjusted_hits_at_3": -0.0006975281118577733,
        "adjusted_hits_at_5": -0.0011630877106794588,
        "adjusted_inverse_harmonic_mean_rank": -0.0007890375144827602,
        "arithmetic_mean_rank": 2383.043103448276,
        "count": 116.0,
        "geometric_mean_rank": 1861.1328328409186,
        "harmonic_mean_rank": 864.3120995022512,
        "hits_at_1": 0.0,
        "hits_at_10": 0.0,
        "hits_at_3": 0.0,
        "hits_at_5": 0.0,
        "inverse_arithmetic_mean_rank": 0.0004196315201151816,
        "inverse_geometric_mean_rank": 0.0005373071617212588,
        "inverse_harmonic_mean_rank": 0.0011569894724092029,
        "inverse_median_rank": 0.00039880358923230307,
        "median_absolute_deviation": 1517.4433706404836,
        "median_rank": 2507.5,
        "standard_deviation": 1199.126423350172,
        "variance": 1437904.1791765757,
        "z_arithmetic_mean_rank": -2383.043103448276,
        "z_hits_at_1": 0.0,
        "z_hits_at_10": 0.0,
        "z_hits_at_3": 0.0,
        "z_hits_at_5": 0.0,
        "z_inverse_harmonic_mean_rank": 0.0011569894724092029
      },
      "realistic": {
        "adjusted_arithmetic_mean_rank": 1.1070805938242791,
        "adjusted_arithmetic_mean_rank_index": -0.10713036302862644,
        "adjusted_hits_at_1": -0.0002324012996594279,
        "adjusted_hits_at_10": -0.002328884117855992,
        "adjusted_hits_at_3": -0.0006975281118577733,