{
  "losses": [
    0.06248535508195938,
    0.057770674836277194,
    0.05165930908764611,
    0.048112589854747805,
    0.04527283140789882,
    0.04247949549487635,
    0.040063317525657796,
    0.03811187189774914,
    0.0360409135731385,
    0.034945741509383586,
    0.03261789224376822,
    0.03137627503655925,
    0.030379284223662432,
    0.029305446148713377,
    0.027041380027637237,
    0.025629826366372937,
    0.025026157262937027,
    0.02425714273721677,
    0.022747526581418823,
    0.021559082359546393,
    0.020353634495249146,
    0.019921717377680396,
    0.01859001645755151,
    0.01836424410784215,
    0.017312889059069442,
    0.016523218275697922,
    0.015620447859653799,
    0.01538846974499694,
    0.014508333089200506,
    0.01441846993055179
  ],
  "metrics": {
    "both": {
      "optimistic": {
        "adjusted_arithmetic_mean_rank": 0.9534751413754811,
        "adjusted_arithmetic_mean_rank_index": 0.046546266439809636,
        "adjusted_hits_at_1": -0.00023010141548593596,
        "adjusted_hits_at_10": -0.0023057892431773658,
        "adjusted_hits_at_3": -0.0006906220726907919,
        "adjusted_hits_at_5": -0.0011515669862038893,
        "adjusted_inverse_harmonic_mean_rank": -0.0003454914005346481,
        "arithmetic_mean_rank": 2073.1077586206898,
        "count": 232.0,
        "geometric_mean_rank": 1506.8142893042468,
        "harmonic_mean_rank": 631.8945804758472,
        "hits_at_1": 0.0,
        "hits_at_10": 0.0,
        "hits_at_3": 0.0,
        "hits_at_5": 0.0,
        "inverse_arithmetic_mean_rank": 0.0004823675932144186,
        "inverse_geometric_mean_rank": 0.00066365178980466,
        "inverse_harmonic_mean_rank": 0.0015825424539120934,
        "inverse_median_rank": 0.0005264543300868649,
        "median_absolute_deviation": 1674.5992058020774,
        "median_rank": 1899.5,
        "standard_deviation": 1257.4758863562315,
        "variance": 1581245.6047673898,
        "z_arithmetic_mean_rank": -2073.1077586206898,
        "z_hits_at_1": 0.0,
        "z_hits_at_10": 0.0,
        "z_hits_at_3": 0.0,
        "z_hits_at_5": 0.0,
        "z_inverse_harmonic_mean_rank": 0.0015825424539120934
      },
      "pessimistic": {
        "adjusted_arithmetic_mean_rank": 0.9534751413754811,
        "adjusted_arithmetic_mean_rank_index": 0.046546266439809636,
        "adjusted_hits_at_1": -0.00023010141548593596,
        "adjusted_hits_at_10": -0.0023057892431773658,
        "adjusted_hits_at_3": -0.0006906220726907919,
        "adjusted_hits_at_5": -0.0011515669862038893,
        "adjusted_inverse_harmonic_mean_rank": -0.0003454914005346481,
        "arithmetic_mean_rank": 2073.1077586206898,
        "count": 232.0,
        "geometric_mean_rank": 1506.8142893042468,
        "harmonic_mean_rank": 631.8945804758472,
        "hits_at_1": 0.0,
        "hits_at_10": 0.0,
        "hits_at_3": 0.0,
        "hits_at_5": 0.0,
        "inverse_arithmetic_mean_rank": 0.0004823675932144186,
        "inverse_geometric_mean_rank": 0.00066365178980466,
        "inverse_harmonic_mean_rank": 0.0015825424539120934,
        "inverse_median_rank": 0.0005264543300868649,
        "median_absolute_deviation": 1674.5992058020774,
        "median_rank": 1899.5,
        "standard_deviation": 1257.4758863562315,
        "variance": 1581245.6047673898,
        "z_arithmetic_mean_rank": -2073.1077586206898,
        "z_hits_at_1": 0.0,
        "z_hits_at_10": 0.0,
        "z_hits_at_3": 0.0,
        "z_hits_at_5": 0.0,
        "z_inverse_harmonic_mean_rank": 0.0015825424539120934
      },
      "realistic": {
        "adjusted_arithmetic_mean_rank": 0.9534750987840495,
        "adjusted_arithmetic_mean_rank_index": 0.04654630905083912,
        "adjusted_hits_at_1": -0.00023010141548593596,
        "adjusted_hits_at_10": -0.0023057892431773658,
        "adjusted_hits_at_3": -0.0006906220726907919,
        "adjusted_hits_at_5": -0.0011515669862038893,
        "adjusted_inverse_harmonic_mean_rank": -0.00034549135579661663,
        "arithmetic_mean_rank": 2073.107666015625,
        "count": 232.0,
        "geometric_mean_rank": 1506.8148193359375,
        "harmonic_mean_rank": 631.8945626467946,
        "hits_at_1": 0.0,
        "hits_at_10": 0.0,
        "hits_at_3": 0.0,
        "hits_at_5": 0.0,
        "inverse_arithmetic_mean_rank": 0.0004823676135856658,
        "inverse_geometric_mean_rank": 0.0006636515608988702,
        "inverse_harmonic_mean_rank": 0.0015825424985638982,
        "inverse_median_rank": 0.0005264543578960001,
        "median_absolute_deviation": 1674.5992058020774,
        "median_rank": 1899.5,
        "standard_deviation": 1257.4759521484375,
        "variance": 1581245.625,
        "z_arithmetic_mean_rank": -2073.107666015625,
        "z_hits_at_1": 0.0,
        "z_hits_at_10": 0.0,
        "z_hits_at_3": 0.0,
        "z_hits_at_5": 0.0,
        "z_inverse_harmonic_mean_rank": 0.0015825424985638982
      }
    },
    "head": {
      "optimistic": {
        "adjusted_arithmetic_mean_rank": 1.1006230511481732,
        "adjusted_arithmetic_mean_rank_index": -0.10066987134026095,
        "adjusted_hits_at_1": -0.00023266039854272065,
        "adjusted_hits_at_10": -0.0023314859855545693,
        "adjusted_hits_at_3": -0.0006983061319941112,
        "adjusted_hits_at_5": -0.0011643856184017421,
        "adjusted_inverse_harmonic_mean_rank": -0.0010417797634037053,
        "arithmetic_mean_rank": 2366.4913793103447,
        "count": 116.0,
        "geometric_mean_rank": 1889.7255045682487,
        "harmonic_mean_rank": 1102.9532513635468,
        "hits_at_1": 0.0,
        "hits_at_10": 0.0,
        "hits_at_3": 0.0,
        "hits_at_5": 0.0,
        "inverse_arithmetic_mean_rank": 0.00042256650868993456,
        "inverse_geometric_mean_rank": 0.0005291773845368474,
        "inverse_harmonic_mean_rank": 0.0009066567406766616,
        "inverse_median_rank": 0.0003696857670979667,
        "median_absolute_deviation": 1439.6067541689395,
        "median_rank": 2705.0,
        "standard_deviation": 1218.3407915720634,
        "variance": 1484354.2844084422,
        "z_arithmetic_mean_rank": -2366.4913793103447,
        "z_hits_at_1": 0.0,
        "z_hits_at_10": 0.0,
        "z_hits_at_3": 0.0,
        "z_hits_at_5": 0.0,
        "z_inverse_harmonic_mean_rank": 0.0009066567406766616
      },
      "pessimistic": {
        "adjusted_arithmetic_mean_rank": 1.1006230511481732,
        "adjusted_arithmetic_mean_rank_index": -0.10066987134026095,
        "adjusted_hits_at_1": -0.00023266039854272065,
        "adjusted_hits_at_10": -0.0023314859855545693,
        "adjusted_hits_at_3": -0.0006983061319941112,
        "adjusted_hits_at_5": -0.0011643856184017421,
        "adjusted_inverse_harmonic_mean_rank": -0.0010417797634037053,
        "arithmetic_mean_rank": 2366.4913793103447,
        "count": 116.0,
        "geometric_mean_rank": 1889.7255045682487,
        "harmonic_mean_rank": 1102.9532513635468,
        "hits_at_1": 0.0,
        "hits_at_10": 0.0,
        "hits_at_3": 0.0,
        "hits_at_5": 0.0,
        "inverse_arithmetic_mean_rank": 0.00042256650868993456,
        "inverse_geometric_mean_rank": 0.0005291773845368474,
        "inverse_harmonic_mean_rank": 0.0009066567406766616,
        "inverse_median_rank": 0.0003696857670979667,
        "median_absolute_deviation": 1439.6067541689395,
        "median_rank": 2705.0,
        "standard_deviation": 1218.3407915720634,
        "variance": 1484354.2844084422,
        "z_arithmetic_mean_rank": -2366.4913793103447,
        "z_hits_at_1": 0.0,
        "z_hits_at_10": 0.0,
        "z_hits_at_3": 0.0,
        "z_hits_at_5": 0.0,
        "z_inverse_harmonic_mean_rank": 0.0009066567406766616
      },
      "realistic": {
        "adjusted_arithmetic_mean_rank": 1.1006230863867406,
        "adjusted_arithmetic_mean_rank_index": -0.10066990659522479,
        "adjusted_hits_at_1": -0.00023266039854272065,
        "adjusted_hits_at_10": -0.0023314859855545693,