{
  "losses": [
    0.004403416474650663,
    0.00422883436598122,
    0.004059987092303925,
    0.0038991180301236788,
    0.003769232777111301,
    0.0036610778315470426,
    0.003567038979216388,
    0.003463132662497675,
    0.003346769721829297,
    0.0032639982298076687,
    0.0031964079054513112,
    0.003107704370756134,
    0.0030121102145505047,
    0.0029713755974919817,
    0.0029172465374840144,
    0.0028932083156423235,
    0.002817334259757722,
    0.0027549088012022494,
    0.0027262299084231103,
    0.002687982881394476,
    0.0026397000995790174,
    0.0025961749072994328,
    0.002620917617193971,
    0.002555694837008935,
    0.0025811367283082283,
    0.002553722796099178,
    0.002518162444574087,
    0.0025033666551719912,
    0.0025170936253291858,
    0.002492420429652315
  ],
  "metrics": {
    "both": {
      "optimistic": {
        "adjusted_arithmetic_mean_rank": 1.1336193626437912,
        "adjusted_arithmetic_mean_rank_index": -0.1336756645548487,
        "adjusted_hits_at_1": -0.00021070542960217688,
        "adjusted_hits_at_10": -0.0021110575977041214,
        "adjusted_hits_at_3": -0.0006323827817779457,
        "adjusted_hits_at_5": -0.0010544158325748122,
        "adjusted_inverse_harmonic_mean_rank": -0.0010871850231987874,
        "arithmetic_mean_rank": 2691.512931034483,
        "count": 232.0,
        "geometric_mean_rank": 2242.62282846686,
        "harmonic_mean_rank": 1432.168287227279,
        "hits_at_1": 0.0,
        "hits_at_10": 0.0,
        "hits_at_3": 0.0,
        "hits_at_5": 0.0,
        "inverse_arithmetic_mean_rank": 0.0003715382484213628,
        "inverse_geometric_mean_rank": 0.00044590645707626056,
        "inverse_harmonic_mean_rank": 0.0006982419656394083,
        "inverse_median_rank": 0.0003654302941713868,
        "median_absolute_deviation": 1555.9910283216293,
        "median_rank": 2736.5,
        "standard_deviation": 1279.3354146904026,
        "variance": 1636699.1032810642,
        "z_arithmetic_mean_rank": -2691.512931034483,
        "z_hits_at_1": 0.0,
        "z_hits_at_10": 0.0,
        "z_hits_at_3": 0.0,
        "z_hits_at_5": 0.0,
        "z_inverse_harmonic_mean_rank": 0.0006982419656394083
      },
      "pessimistic": {
        "adjusted_arithmetic_mean_rank": 1.1336211780875511,
        "adjusted_arithmetic_mean_rank_index": -0.133677480763565,
        "adjusted_hits_at_1": -0.00021070542960217688,
        "adjusted_hits_at_10": -0.0021110575977041214,
        "adjusted_hits_at_3": -0.0006323827817779457,
        "adjusted_hits_at_5": -0.0010544158325748122,
        "adjusted_inverse_harmonic_mean_rank": -0.0010871867716702116,
        "arithmetic_mean_rank": 2691.5172413793102,
        "count": 232.0,
        "geometric_mean_rank": 2242.6289795908137,
        "harmonic_mean_rank": 1432.171867140338,
        "hits_at_1": 0.0,
        "hits_at_10": 0.0,
        "hits_at_3": 0.0,
        "hits_at_5": 0.0,
        "inverse_arithmetic_mean_rank": 0.0003715376534194276,
        "inverse_geometric_mean_rank": 0.00044590523403584053,
        "inverse_harmonic_mean_rank": 0.000698240220286362,
        "inverse_median_rank": 0.0003654302941713868,
        "median_absolute_deviation": 1555.9910283216293,
        "median_rank": 2736.5,
        "standard_deviation": 1279.33164112305,
        "variance": 1636689.4479785967,
        "z_arithmetic_mean_rank": -2691.5172413793102,
        "z_hits_at_1": 0.0,
        "z_hits_at_10": 0.0,
        "z_hits_at_3": 0.0,
        "z_hits_at_5": 0.0,
        "z_inverse_harmonic_mean_rank": 0.000698240220286362
      },
      "realistic": {
        "adjusted_arithmetic_mean_rank": 1.1336202916404028,
        "adjusted_arithmetic_mean_rank_index": -0.13367659394290277,
        "adjusted_hits_at_1": -0.00021070542960217688,
        "adjusted_hits_at_10": -0.0021110575977041214,
        "adjusted_hits_at_3": -0.0006323827817779457,
        "adjusted_hits_at_5": -0.0010544158325748122,
        "adjusted_inverse_harmonic_mean_rank": -0.0010871858741980493,
        "arithmetic_mean_rank": 2691.51513671875,
        "count": 232.0,
        "geometric_mean_rank": 2242.62548828125,
        "harmonic_mean_rank": 1432.1700296060333,
        "hits_at_1": 0.0,
        "hits_at_10": 0.0,
        "hits_at_3": 0.0,
        "hits_at_5": 0.0,
        "inverse_arithmetic_mean_rank": 0.00037153795710764825,
        "inverse_geometric_mean_rank": 0.00044590592733584344,
        "inverse_harmonic_mean_rank": 0.0006982411161578935,
        "inverse_median_rank": 0.00036543028545565903,
        "median_absolute_deviation": 1555.9910283216293,
        "median_rank": 2736.5,
        "standard_deviation": 1279.33349609375,
        "variance": 1636694.25,
        "z_arithmetic_mean_rank": -2691.51513671875,
        "z_hits_at_1": 0.0,
        "z_hits_at_10": 0.0,
        "z_hits_at_3": 0.0,
        "z_hits_at_5": 0.0,
        "z_inverse_harmonic_mean_rank": 0.0006982411161578935
      }
    },
    "head": {
      "optimistic": {
        "adjusted_arithmetic_mean_rank": 0.9371460188867062,
        "adjusted_arithmetic_mean_rank_index": 0.06288073730332311,
        "adjusted_hits_at_1": -0.00021285091937457584,
        "adjusted_hits_at_10": -0.0021325945160763585,
        "adjusted_hits_at_3": -0.0006388247069761256,
        "adjusted_hits_at_5": -0.001065161479273462,
        "adjusted_inverse_harmonic_mean_rank": -0.0007969403921951735,
        "arithmetic_mean_rank": 2202.4224137931033,
        "count": 116.0,
        "geometric_mean_rank": 1728.0408548049247,
        "harmonic_mean_rank": 995.8919709484497,
        "hits_at_1": 0.0,
        "hits_at_10": 0.0,
        "hits_at_3": 0.0,
        "hits_at_5": 0.0,
        "inverse_arithmetic_mean_rank": 0.0004540455063194524,
        "inverse_geometric_mean_rank": 0.0005786900218356747,
        "inverse_harmonic_mean_rank": 0.001004124974566908,
        "inverse_median_rank": 0.0004839099927413501,
        "median_absolute_deviation": 1535.2345972625508,
        "median_rank": 2066.5,
        "standard_deviation": 1226.315234483046,
        "variance": 1503849.054325208,
        "z_arithmetic_mean_rank": -2202.4224137931033,
        "z_hits_at_1": 0.0,
        "z_hits_at_10": 0.0,
        "z_hits_at_3": 0.0,
        "z_hits_at_5": 0.0,
        "z_inverse_harmonic_mean_rank": 0.001004124974566908
      },
      "pessimistic": {
        "adjusted_arithmetic_mean_rank": 0.9371460188867062,
        "adjusted_arithmetic_mean_rank_index": 0.06288073730332311,
        "adjusted_hits_at_1": -0.00021285091937457584,
        "adjusted_hits_at_10": -0.0021325945160763585,
        "adjusted_hits_at_3": -0.0006388247069761256,
        "adjusted_hits_at_5": -0.001065161479273462,
        "adjusted_inverse_harmonic_mean_rank": -0.0007969403921951735,
        "arithmetic_mean_rank": 2202.4224137931033,
        "count": 116.0,
        "geometric_mean_rank": 1728.0408548049247,
        "harmonic_mean_rank": 995.8919709484497,
        "hits_at_1": 0.0,
        "hits_at_10": 0.0,
        "hits_at_3": 0.0,
        "hits_at_5": 0.0,
        "inverse_arithmetic_mean_rank": 0.0004540455063194524,
        "inverse_geometric_mean_rank": 0.0005786900218356747,
        "inverse_harmonic_mean_rank": 0.001004124974566908,
        "inverse_median_rank": 0.0004839099927413501,
        "median_absolute_deviation": 1535.2345972625508,
        "median_rank": 2066.5,
        "standard_deviation": 1226.315234483046,
        "variance": 1503849.054325208,
        "z_arithmetic_mean_rank": -2202.4224137931033,
        "z_hits_at_1": 0.0,
        "z_hits_at_10": 0.0,
        "z_hits_at_3": 0.0,
        "z_hits_at_5": 0.0,
        "z_inverse_harmonic_mean_rank": 0.001004124974566908
      },
      "realistic": {
        "adjusted_arithmetic_mean_rank": 0.9371459973935622,
        "adjusted_arithmetic_mean_rank_index": 0.0628807588056165,
        "adjusted_hits_at_1": -0.00021285091937457584,
        "adjusted_hits_at_10": -0.0021325945160763585,