{
  "losses": [
    0.023833586806152593,
    0.022056677335572886,
    0.020555460167953704,
    0.01919357099200464,
    0.017823463505660546,
    0.016814698900675804,
    0.01566340647421072,
    0.014778105252249098,
    0.013713791401843969,
    0.012760317732746232,
    0.012101123838652746,
    0.011628166364407038,
    0.010650299721529352,
    0.010101086547177826,
    0.0095875110692859,
    0.00896195297994913,
    0.008458354452864017,
    0.007993189917006526,
    0.007295186796372759,
    0.006939796480556029,
    0.0066840516738909984,
    0.00621128596424245,
    0.005930753071892226,
    0.005614387939496325,
    0.005382665115180888,
    0.0050378987016638215,
    0.0047494673339740804,
    0.004629184054966455,
    0.004258523040647629,
    0.003980494046037466
  ],
  "metrics": {
    "both": {
      "optimistic": {
        "adjusted_arithmetic_mean_rank": 1.060423701891498,
        "adjusted_arithmetic_mean_rank_index": -0.06044914917635147,
        "adjusted_hits_at_1": -0.00021059714390775285,
        "adjusted_hits_at_10": 0.002209468905387875,
        "adjusted_hits_at_3": -0.0006320576507953436,
        "adjusted_hits_at_5": 0.0032610138952076867,
        "adjusted_inverse_harmonic_mean_rank": 0.0006770924379801769,
        "arithmetic_mean_rank": 2519.0,
        "count": 232.0,
        "geometric_mean_rank": 1765.7455163330865,
        "harmonic_mean_rank": 406.739147633253,
        "hits_at_1": 0.0,
        "hits_at_10": 0.004310344827586207,
        "hits_at_3": 0.0,
        "hits_at_5": 0.004310344827586207,
        "inverse_arithmetic_mean_rank": 0.0003969829297340214,
        "inverse_geometric_mean_rank": 0.0005663330252009894,
        "inverse_harmonic_mean_rank": 0.0024585781964161367,
        "inverse_median_rank": 0.0003817522427944264,
        "median_absolute_deviation": 1909.5916574352152,
        "median_rank": 2619.5,
        "standard_deviation": 1443.4938009732762,
        "variance": 2083674.353448276,
        "z_arithmetic_mean_rank": -2519.0,
        "z_hits_at_1": 0.0,
        "z_hits_at_10": 0.004310344827586207,
        "z_hits_at_3": 0.0,
        "z_hits_at_5": 0.004310344827586207,
        "z_inverse_harmonic_mean_rank": 0.0024585781964161367
      },
      "pessimistic": {
        "adjusted_arithmetic_mean_rank": 1.060423701891498,
        "adjusted_arithmetic_mean_rank_index": -0.06044914917635147,
        "adjusted_hits_at_1": -0.00021059714390775285,
        "adjusted_hits_at_10": 0.002209468905387875,
        "adjusted_hits_at_3": -0.0006320576507953436,
        "adjusted_hits_at_5": 0.0032610138952076867,
        "adjusted_inverse_harmonic_mean_rank": 0.0006770924379801769,
        "arithmetic_mean_rank": 2519.0,
        "count": 232.0,
        "geometric_mean_rank": 1765.7455163330865,
        "harmonic_mean_rank": 406.739147633253,
        "hits_at_1": 0.0,
        "hits_at_10": 0.004310344827586207,
        "hits_at_3": 0.0,
        "hits_at_5": 0.004310344827586207,
        "inverse_arithmetic_mean_rank": 0.0003969829297340214,
        "inverse_geometric_mean_rank": 0.0005663330252009894,
        "inverse_harmonic_mean_rank": 0.0024585781964161367,
        "inverse_median_rank": 0.0003817522427944264,
        "median_absolute_deviation": 1909.5916574352152,
        "median_rank": 2619.5,
        "standard_deviation": 1443.4938009732762,
        "variance": 2083674.353448276,
        "z_arithmetic_mean_rank": -2519.0,
        "z_hits_at_1": 0.0,
        "z_hits_at_10": 0.004310344827586207,
        "z_hits_at_3": 0.0,
        "z_hits_at_5": 0.004310344827586207,
        "z_inverse_harmonic_mean_rank": 0.0024585781964161367
      },
      "realistic": {
        "adjusted_arithmetic_mean_rank": 1.060423701891498,
        "adjusted_arithmetic_mean_rank_index": -0.06044914917635147,
        "adjusted_hits_at_1": -0.00021059714390775285,
        "adjusted_hits_at_10": 0.002209468905387875,
        "adjusted_hits_at_3": -0.0006320576507953436,
        "adjusted_hits_at_5": 0.0032610138952076867,
        "adjusted_inverse_harmonic_mean_rank": 0.0006770925385197469,
        "arithmetic_mean_rank": 2519.0,
        "count": 232.0,
        "geometric_mean_rank": 1765.7447509765625,
        "harmonic_mean_rank": 406.739131029967,
        "hits_at_1": 0.0,
        "hits_at_10": 0.004310344827586207,
        "hits_at_3": 0.0,
        "hits_at_5": 0.004310344827586207,
        "inverse_arithmetic_mean_rank": 0.00039698294131085277,
        "inverse_geometric_mean_rank": 0.0005663332995027304,
        "inverse_harmonic_mean_rank": 0.0024585782967764757,
        "inverse_median_rank": 0.0003817522374447435,
        "median_absolute_deviation": 1909.5916574352152,
        "median_rank": 2619.5,
        "standard_deviation": 1443.4937744140625,
        "variance": 2083674.25,
        "z_arithmetic_mean_rank": -2519.0,
        "z_hits_at_1": 0.0,
        "z_hits_at_10": 0.004310344827586207,
        "z_hits_at_3": 0.0,
        "z_hits_at_5": 0.004310344827586207,
        "z_inverse_harmonic_mean_rank": 0.0024585782967764757
      }
    },
    "head": {
      "optimistic": {
        "adjusted_arithmetic_mean_rank": 1.0596016290075898,
        "adjusted_arithmetic_mean_rank_index": -0.05962697475870371,
        "adjusted_hits_at_1": -0.0002126339720562082,
        "adjusted_hits_at_10": -0.0021304167112691503,
        "adjusted_hits_at_3": -0.0006381733108205046,
        "adjusted_hits_at_5": -0.0010640748941662885,
        "adjusted_inverse_harmonic_mean_rank": 0.0002351566295387952,
        "arithmetic_mean_rank": 2492.7586206896553,
        "count": 116.0,
        "geometric_mean_rank": 1737.7896003439557,
        "harmonic_mean_rank": 491.94639891064486,
        "hits_at_1": 0.0,
        "hits_at_10": 0.0,
        "hits_at_3": 0.0,
        "hits_at_5": 0.0,
        "inverse_arithmetic_mean_rank": 0.0004011619864434915,
        "inverse_geometric_mean_rank": 0.0005754436554356597,
        "inverse_harmonic_mean_rank": 0.0020327417828738615,
        "inverse_median_rank": 0.0003823360734085261,
        "median_absolute_deviation": 1909.5916574352152,
        "median_rank": 2615.5,
        "standard_deviation": 1435.9858839756776,
        "variance": 2062055.4589774078,
        "z_arithmetic_mean_rank": -2492.7586206896553,
        "z_hits_at_1": 0.0,
        "z_hits_at_10": 0.0,
        "z_hits_at_3": 0.0,
        "z_hits_at_5": 0.0,
        "z_inverse_harmonic_mean_rank": 0.0020327417828738615
      },
      "pessimistic": {
        "adjusted_arithmetic_mean_rank": 1.0596016290075898,
        "adjusted_arithmetic_mean_rank_index": -0.05962697475870371,
        "adjusted_hits_at_1": -0.0002126339720562082,
        "adjusted_hits_at_10": -0.0021304167112691503,
        "adjusted_hits_at_3": -0.0006381733108205046,
        "adjusted_hits_at_5": -0.0010640748941662885,
        "adjusted_inverse_harmonic_mean_rank": 0.0002351566295387952,
        "arithmetic_mean_rank": 2492.7586206896553,
        "count": 116.0,
        "geometric_mean_rank": 1737.7896003439557,
        "harmonic_mean_rank": 491.94639891064486,
        "hits_at_1": 0.0,
        "hits_at_10": 0.0,
        "hits_at_3": 0.0,
        "hits_at_5": 0.0,
        "inverse_arithmetic_mean_rank": 0.0004011619864434915,
        "inverse_geometric_mean_rank": 0.0005754436554356597,
        "inverse_harmonic_mean_rank": 0.0020327417828738615,
        "inverse_median_rank": 0.0003823360734085261,
        "median_absolute_deviation": 1909.5916574352152,
        "median_rank": 2615.5,
        "standard_deviation": 1435.9858839756776,
        "variance": 2062055.4589774078,
        "z_arithmetic_mean_rank": -2492.7586206896553,
        "z_hits_at_1": 0.0,
        "z_hits_at_10": 0.0,
        "z_hits_at_3": 0.0,
        "z_hits_at_5": 0.0,
        "z_inverse_harmonic_mean_rank": 0.0020327417828738615
      },
      "realistic": {
        "adjusted_arithmetic_mean_rank": 1.0596015968008359,
        "adjusted_arithmetic_mean_rank_index": -0.059626942538253846,