{
  "losses": [
    0.003637037703189697,
    0.0027425229337572888,
    0.0023770619247284403,
    0.0021167095149398516,
    0.0019195190891215085,
    0.0017379800455877992,
    0.0015891125963923515,
    0.0014450226007588734,
    0.0013426836319956662,
    0.0012058634983043441,
    0.0010938716558769276,
    0.001034182260915548,
    0.0009387933630216884,
    0.0008718035174926989,
    0.0007879479190942918,
    0.0007549073053665832,
    0.0006994675795763818,
    0.0006654967136694993,
    0.0006132362634042295,
    0.0005816182990180721,
    0.0005592739108664236,
    0.0005213155077779217,
    0.0005054144796553336,
    0.00047530382368968314,
    0.00044670235214158146,
    0.0004340221973099153,
    0.00041034248568381067,
    0.0004078093358539873,
    0.00039889310362015737,
    0.00036680292429913094
  ],
  "metrics": {
    "both": {
      "optimistic": {
        "adjusted_arithmetic_mean_rank": 1.0749077159288802,
        "adjusted_arithmetic_mean_rank_index": -0.0749392579652357,
        "adjusted_hits_at_1": -0.00021056216689364367,
        "adjusted_hits_at_10": -0.002109619523460065,
        "adjusted_hits_at_3": -0.0006319526313117773,
        "adjusted_hits_at_5": -0.0010536983104662341,
        "adjusted_inverse_harmonic_mean_rank": -0.0008405382985849797,
        "arithmetic_mean_rank": 2553.823275862069,
        "count": 232.0,
        "geometric_mean_rank": 2004.1846436993185,
        "harmonic_mean_rank": 1060.0003746781526,
        "hits_at_1": 0.0,
        "hits_at_10": 0.0,
        "hits_at_3": 0.0,
        "hits_at_5": 0.0,
        "inverse_arithmetic_mean_rank": 0.00039156977283889773,
        "inverse_geometric_mean_rank": 0.0004989560234101997,
        "inverse_harmonic_mean_rank": 0.0009433958929529902,
        "inverse_median_rank": 0.00037979491074819596,
        "median_absolute_deviation": 1817.670319887868,
        "median_rank": 2633.0,
        "standard_deviation": 1376.263513125914,
        "variance": 1894101.2575616827,
        "z_arithmetic_mean_rank": -2553.823275862069,
        "z_hits_at_1": 0.0,
        "z_hits_at_10": 0.0,
        "z_hits_at_3": 0.0,
        "z_hits_at_5": 0.0,
        "z_inverse_harmonic_mean_rank": 0.0009433958929529902
      },
      "pessimistic": {
        "adjusted_arithmetic_mean_rank": 1.0749077159288802,
        "adjusted_arithmetic_mean_rank_index": -0.0749392579652357,
        "adjusted_hits_at_1": -0.00021056216689364367,
        "adjusted_hits_at_10": -0.002109619523460065,
        "adjusted_hits_at_3": -0.0006319526313117773,
        "adjusted_hits_at_5": -0.0010536983104662341,
        "adjusted_inverse_harmonic_mean_rank": -0.0008405382985849797,
        "arithmetic_mean_rank": 2553.823275862069,
        "count": 232.0,
        "geometric_mean_rank": 2004.1846436993185,
        "harmonic_mean_rank": 1060.0003746781526,
        "hits_at_1": 0.0,
        "hits_at_10": 0.0,
        "hits_at_3": 0.0,
        "hits_at_5": 0.0,
        "inverse_arithmetic_mean_rank": 0.00039156977283889773,
        "inverse_geometric_mean_rank": 0.0004989560234101997,
        "inverse_harmonic_mean_rank": 0.0009433958929529902,
        "inverse_median_rank": 0.00037979491074819596,
        "median_absolute_deviation": 1817.670319887868,
        "median_rank": 2633.0,
        "standard_deviation": 1376.263513125914,
        "variance": 1894101.2575616827,
        "z_arithmetic_mean_rank": -2553.823275862069,
        "z_hits_at_1": 0.0,
        "z_hits_at_10": 0.0,
        "z_hits_at_3": 0.0,
        "z_hits_at_5": 0.0,
        "z_inverse_harmonic_mean_rank": 0.0009433958929529902
      },
      "realistic": {
        "adjusted_arithmetic_mean_rank": 1.074907701755208,
        "adjusted_arithmetic_mean_rank_index": -0.07493924378559536,
        "adjusted_hits_at_1": -0.00021056216689364367,
        "adjusted_hits_at_10": -0.002109619523460065,
        "adjusted_hits_at_3": -0.0006319526313117773,
        "adjusted_hits_at_5": -0.0010536983104662341,
        "adjusted_inverse_harmonic_mean_rank": -0.0008405382078199656,
        "arithmetic_mean_rank": 2553.8232421875,
        "count": 232.0,
        "geometric_mean_rank": 2004.1844482421875,
        "harmonic_mean_rank": 1060.0002728763,
        "hits_at_1": 0.0,
        "hits_at_10": 0.0,
        "hits_at_3": 0.0,
        "hits_at_5": 0.0,
        "inverse_arithmetic_mean_rank": 0.0003915697743650526,
        "inverse_geometric_mean_rank": 0.0004989560693502426,
        "inverse_harmonic_mean_rank": 0.0009433959835562214,
        "inverse_median_rank": 0.0003797949175350368,
        "median_absolute_deviation": 1817.670319887868,
        "median_rank": 2633.0,
        "standard_deviation": 1376.2635498046875,
        "variance": 1894101.25,
        "z_arithmetic_mean_rank": -2553.8232421875,
        "z_hits_at_1": 0.0,
        "z_hits_at_10": 0.0,
        "z_hits_at_3": 0.0,
        "z_hits_at_5": 0.0,
        "z_inverse_harmonic_mean_rank": 0.0009433959835562214
      }
    },
    "head": {
      "optimistic": {
        "adjusted_arithmetic_mean_rank": 0.7929439229837518,
        "adjusted_arithmetic_mean_rank_index": 0.20714409944967271,
        "adjusted_hits_at_1": -0.0002125647677931381,
        "adjusted_hits_at_10": -0.0021297220127172553,
        "adjusted_hits_at_3": -0.0006379655213652322,
        "adjusted_hits_at_5": -0.0010637282835880741,
        "adjusted_inverse_harmonic_mean_rank": -0.0003507434473503279,
        "arithmetic_mean_rank": 1866.0431034482758,
        "count": 116.0,
        "geometric_mean_rank": 1393.6921430015007,
        "harmonic_mean_rank": 690.9045385809754,
        "hits_at_1": 0.0,
        "hits_at_10": 0.0,
        "hits_at_3": 0.0,
        "hits_at_5": 0.0,
        "inverse_arithmetic_mean_rank": 0.0005358933017957046,
        "inverse_geometric_mean_rank": 0.000717518574687784,
        "inverse_harmonic_mean_rank": 0.0014473779576754046,
        "inverse_median_rank": 0.000576036866359447,
        "median_absolute_deviation": 1246.1271646539585,
        "median_rank": 1736.0,
        "standard_deviation": 1168.4733732542484,
        "variance": 1365330.0240041618,
        "z_arithmetic_mean_rank": -1866.0431034482758,
        "z_hits_at_1": 0.0,
        "z_hits_at_10": 0.0,
        "z_hits_at_3": 0.0,
        "z_hits_at_5": 0.0,
        "z_inverse_harmonic_mean_rank": 0.0014473779576754046
      },
      "pessimistic": {
        "adjusted_arithmetic_mean_rank": 0.7929439229837518,
        "adjusted_arithmetic_mean_rank_index": 0.20714409944967271,
        "adjusted_hits_at_1": -0.0002125647677931381,
        "adjusted_hits_at_10": -0.0021297220127172553,
        "adjusted_hits_at_3": -0.0006379655213652322,
        "adjusted_hits_at_5": -0.0010637282835880741,
        "adjusted_inverse_harmonic_mean_rank": -0.0003507434473503279,
        "arithmetic_mean_rank": 1866.0431034482758,
        "count": 116.0,
        "geometric_mean_rank": 1393.6921430015007,
        "harmonic_mean_rank": 690.9045385809754,
        "hits_at_1": 0.0,
        "hits_at_10": 0.0,
        "hits_at_3": 0.0,
        "hits_at_5": 0.0,
        "inverse_arithmetic_mean_rank": 0.0005358933017957046,
        "inverse_geometric_mean_rank": 0.000717518574687784,
        "inverse_harmonic_mean_rank": 0.0014473779576754046,
        "inverse_median_rank": 0.000576036866359447,
        "median_absolute_deviation": 1246.1271646539585,
        "median_rank": 1736.0,
        "standard_deviation": 1168.4733732542484,
        "variance": 1365330.0240041618,
        "z_arithmetic_mean_rank": -1866.0431034482758,
        "z_hits_at_1": 0.0,
        "z_hits_at_10": 0.0,
        "z_hits_at_3": 0.0,
        "z_hits_at_5": 0.0,
        "z_inverse_harmonic_mean_rank": 0.0014473779576754046
      },
      "realistic": {
        "adjusted_arithmetic_mean_rank": 0.7929439176177092,
        "adjusted_arithmetic_mean_rank_index": 0.2071441048179965,
        "adjusted_hits_at_1": -0.0002125647677931381,