{
  "losses": [
    0.06502335721143404,
    0.05404196227288348,
    0.04701136732724738,
    0.04280089234797382,
    0.039299756085669435,
    0.03635382251591289,
    0.034117010542947294,
    0.03183867340956486,
    0.030001770264484404,
    0.02775095890863898,
    0.025548207114298768,
    0.02408615369896136,
    0.022549589372070415,
    0.021167647672714895,
    0.020169811071843156,
    0.018556252709857442,
    0.017808048475665448,
    0.016651035022982617,
    0.01585431502788988,
    0.014869278493067434,
    0.014194409449871288,
    0.013713399183821242,
    0.013081610989092373,
    0.012031746717772062,
    0.011781918830910646,
    0.010717004201877664,
    0.010386146153967666,
    0.009838989582214576,
    0.009153886283997218,
    0.009165982921169031
  ],
  "metrics": {
    "both": {
      "optimistic": {
        "adjusted_arithmetic_mean_rank": 0.7818533227325604,
        "adjusted_arithmetic_mean_rank_index": 0.2182385341654891,
        "adjusted_hits_at_1": -0.00021056216689364367,
        "adjusted_hits_at_10": -0.002109619523460065,
        "adjusted_hits_at_3": -0.0006319526313117773,
        "adjusted_hits_at_5": -0.0010536983104662341,
        "adjusted_inverse_harmonic_mean_rank": 2.994212205582141e-05,
        "arithmetic_mean_rank": 1857.5689655172414,
        "count": 232.0,
        "geometric_mean_rank": 1314.3769813815338,
        "harmonic_mean_rank": 551.7774927697106,
        "hits_at_1": 0.0,
        "hits_at_10": 0.0,
        "hits_at_3": 0.0,
        "hits_at_5": 0.0,
        "inverse_arithmetic_mean_rank": 0.0005383380205867884,
        "inverse_geometric_mean_rank": 0.0007608167323113845,
        "inverse_harmonic_mean_rank": 0.0018123247379670832,
        "inverse_median_rank": 0.0006602839220864972,
        "median_absolute_deviation": 1357.3223310418787,
        "median_rank": 1514.5,
        "standard_deviation": 1262.5822521798805,
        "variance": 1594113.9435196195,
        "z_arithmetic_mean_rank": -1857.5689655172414,
        "z_hits_at_1": 0.0,
        "z_hits_at_10": 0.0,
        "z_hits_at_3": 0.0,
        "z_hits_at_5": 0.0,
        "z_inverse_harmonic_mean_rank": 0.0018123247379670832
      },
      "pessimistic": {
        "adjusted_arithmetic_mean_rank": 0.7818533227325604,
        "adjusted_arithmetic_mean_rank_index": 0.2182385341654891,
        "adjusted_hits_at_1": -0.00021056216689364367,
        "adjusted_hits_at_10": -0.002109619523460065,
        "adjusted_hits_at_3": -0.0006319526313117773,
        "adjusted_hits_at_5": -0.0010536983104662341,
        "adjusted_inverse_harmonic_mean_rank": 2.994212205582141e-05,
        "arithmetic_mean_rank": 1857.5689655172414,
        "count": 232.0,
        "geometric_mean_rank": 1314.3769813815338,
        "harmonic_mean_rank": 551.7774927697106,
        "hits_at_1": 0.0,
        "hits_at_10": 0.0,
        "hits_at_3": 0.0,
        "hits_at_5": 0.0,
        "inverse_arithmetic_mean_rank": 0.0005383380205867884,
        "inverse_geometric_mean_rank": 0.0007608167323113845,
        "inverse_harmonic_mean_rank": 0.0018123247379670832,
        "inverse_median_rank": 0.0006602839220864972,
        "median_absolute_deviation": 1357.3223310418787,
        "median_rank": 1514.5,
        "standard_deviation": 1262.5822521798805,
        "variance": 1594113.9435196195,
        "z_arithmetic_mean_rank": -1857.5689655172414,
        "z_hits_at_1": 0.0,
        "z_hits_at_10": 0.0,
        "z_hits_at_3": 0.0,
        "z_hits_at_5": 0.0,
        "z_inverse_harmonic_mean_rank": 0.0018123247379670832
      },
      "realistic": {
        "adjusted_arithmetic_mean_rank": 0.7818533245042695,
        "adjusted_arithmetic_mean_rank_index": 0.21823853239303415,
        "adjusted_hits_at_1": -0.00021056216689364367,
        "adjusted_hits_at_10": -0.002109619523460065,
        "adjusted_hits_at_3": -0.0006319526313117773,
        "adjusted_hits_at_5": -0.0010536983104662341,
        "adjusted_inverse_harmonic_mean_rank": 2.9942082647545633e-05,
        "arithmetic_mean_rank": 1857.5689697265625,
        "count": 232.0,
        "geometric_mean_rank": 1314.376953125,
        "harmonic_mean_rank": 551.7775047465055,
        "hits_at_1": 0.0,
        "hits_at_10": 0.0,
        "hits_at_3": 0.0,
        "hits_at_5": 0.0,
        "inverse_arithmetic_mean_rank": 0.0005383380339480937,
        "inverse_geometric_mean_rank": 0.0007608167361468077,
        "inverse_harmonic_mean_rank": 0.0018123246986290502,
        "inverse_median_rank": 0.0006602838984690607,
        "median_absolute_deviation": 1357.3223310418787,
        "median_rank": 1514.5,
        "standard_deviation": 1262.582275390625,
        "variance": 1594114.125,
        "z_arithmetic_mean_rank": -1857.5689697265625,
        "z_hits_at_1": 0.0,
        "z_hits_at_10": 0.0,
        "z_hits_at_3": 0.0,
        "z_hits_at_5": 0.0,
        "z_inverse_harmonic_mean_rank": 0.0018123246986290502
      }
    },
    "head": {
      "optimistic": {
        "adjusted_arithmetic_mean_rank": 0.8943271560488226,
        "adjusted_arithmetic_mean_rank_index": 0.10571776695467239,
        "adjusted_hits_at_1": -0.0002125647677931381,
        "adjusted_hits_at_10": -0.0021297220127172553,
        "adjusted_hits_at_3": -0.0006379655213652322,
        "adjusted_hits_at_5": -0.0010637282835880741,
        "adjusted_inverse_harmonic_mean_rank": -0.0008054887613515719,
        "arithmetic_mean_rank": 2104.6293103448274,
        "count": 116.0,
        "geometric_mean_rank": 1571.1284477729505,
        "harmonic_mean_rank": 1006.5931405193925,
        "hits_at_1": 0.0,
        "hits_at_10": 0.0,
        "hits_at_3": 0.0,
        "hits_at_5": 0.0,
        "inverse_arithmetic_mean_rank": 0.0004751430549240795,
        "inverse_geometric_mean_rank": 0.0006364851972590045,
        "inverse_harmonic_mean_rank": 0.0009934500442592023,
        "inverse_median_rank": 0.0005732301519059903,
        "median_absolute_deviation": 1705.7338523906951,
        "median_rank": 1744.5,
        "standard_deviation": 1362.5272001724843,
        "variance": 1856480.3712098692,
        "z_arithmetic_mean_rank": -2104.6293103448274,
        "z_hits_at_1": 0.0,
        "z_hits_at_10": 0.0,
        "z_hits_at_3": 0.0,
        "z_hits_at_5": 0.0,
        "z_inverse_harmonic_mean_rank": 0.0009934500442592023
      },
      "pessimistic": {
        "adjusted_arithmetic_mean_rank": 0.8943271560488226,
        "adjusted_arithmetic_mean_rank_index": 0.10571776695467239,
        "adjusted_hits_at_1": -0.0002125647677931381,
        "adjusted_hits_at_10": -0.0021297220127172553,
        "adjusted_hits_at_3": -0.0006379655213652322,
        "adjusted_hits_at_5": -0.0010637282835880741,
        "adjusted_inverse_harmonic_mean_rank": -0.0008054887613515719,
        "arithmetic_mean_rank": 2104.6293103448274,
        "count": 116.0,
        "geometric_mean_rank": 1571.1284477729505,
        "harmonic_mean_rank": 1006.5931405193925,
        "hits_at_1": 0.0,
        "hits_at_10": 0.0,
        "hits_at_3": 0.0,
        "hits_at_5": 0.0,
        "inverse_arithmetic_mean_rank": 0.0004751430549240795,
        "inverse_geometric_mean_rank": 0.0006364851972590045,
        "inverse_harmonic_mean_rank": 0.0009934500442592023,
        "inverse_median_rank": 0.0005732301519059903,
        "median_absolute_deviation": 1705.7338523906951,
        "median_rank": 1744.5,
        "standard_deviation": 1362.5272001724843,
        "variance": 1856480.3712098692,
        "z_arithmetic_mean_rank": -2104.6293103448274,
        "z_hits_at_1": 0.0,
        "z_hits_at_10": 0.0,
        "z_hits_at_3": 0.0,
        "z_hits_at_5": 0.0,
        "z_inverse_harmonic_mean_rank": 0.0009934500442592023
      },
      "realistic": {
        "adjusted_arithmetic_mean_rank": 0.8943271918224401,
        "adjusted_arithmetic_mean_rank_index": 0.10571773116584704,
        "adjusted_hits_at_1": -0.0002125647677931381,
        "adjusted_hits_at_10": -0.0021297220127172553,